id,disk,offset,jp,en
s_000000,Alshark (System disk).hdm,0x081C13,"シオン。ｿｼﾃ、ﾐﾅｻﾝ。@私ﾊ、訳ｱｯﾃｱﾙ場所ﾆ身ｦ@隠ｼﾃｲﾏｽ」!0_「ｺﾉビデオレタｰｦ受ｹ取ｯﾃｷｯﾄ、驚ｶﾚﾀｺﾄでｼｮｳが私ﾆﾊ、今日、ｱﾅﾀ達が、ｺﾉ店ﾆ立ﾁ寄ﾙｺﾄが分ｶｯﾃｲﾀﾉでｽ」!0_「ｲｴ、ﾄｲｳﾖﾘﾓ、突発的ﾆ未来ｦ予知ｽﾙｺﾄがでｷﾙﾖｳﾅﾉでｽ」!0_「ﾅぜ、私が、ｿﾝﾅ能力ｦ身ﾆﾂｹﾃｼﾏｯﾀﾉｶ、ｿｼﾃ、姿ｦ隠ｻﾅｸﾃﾊﾅﾗﾅｶｯﾀﾉｶ全ﾃｦｵ話ｼﾏｽ。@ｿｼﾃ、力ｦ貸ｼﾃｸだｻｲ」!0_「ダイナﾉ村ﾆｱﾙ@3ウェｰ・ドゥムナﾉ石碑1ﾉ前で@待ｯﾃｲﾏｽ」!#S","Sion. Everyone. I'm in hiding for a reason. I know this video letter is a shock,but I knew you'd be here today. The truth is... I've started seeing the future. I'll explain everything—why I have this power,and why I had to disappear. But I need your help. Meet me at the We-Dumnah monument in Dyna village."
s_000001,Alshark (System disk).hdm,0x053ABD,"２日ﾎど前ﾆ、１人ﾉ女がｷﾃ、チップｦ５００クレジットﾓ払ｯﾃ、ｱﾝﾀ達ﾆｺﾚｦ渡ｽﾖｳﾆﾄ頼ﾏﾚﾀﾝだ。0_6ｿｳｲｳﾄ、彼ﾊ１通ﾉビデオレ6タｰｦ取ﾘ出ｼﾃ、シオンﾆ手渡6ｼﾀ。0#G","A woman came by a couple days ago. Paid me 500 CREDIT to give you this. He pulls out a video letter and hands it to Sion."
s_000002,Alshark (System disk).hdm,0x05BC07,"最近、ジャグマ親衛隊内ﾉ諜報@機関でｱﾙゼフィアﾉ長官ﾆ@マｰズ人が着任ｼﾀﾝだ。0#P","Jagma's spy agency,Zephia,has a new Martian director."
s_000003,Alshark (System disk).hdm,0x071322,"サイコジェネレｰタﾊ、ジャグマﾉﾓﾉﾄﾊ比べﾓﾉﾆﾅﾗﾅｲが強力ﾅ特殊精神波ｦ発ｽﾙｺﾄﾉでｷﾙ機械ﾅﾝだ。0#P","The Psycho Generator is a machine that can emit special psychic waves that are incomparable to Jagma's, but are powerful."
s_000004,Alshark (System disk).hdm,0x0765FB,"サリバン！！@ﾖｰｸ見ﾃｵｹ！@ｺﾚが、カｰマだ！！！0_6シオンﾊ、ヒｰト中将ﾆゾｰクｦ6放ｯﾀ！！#X","SULLIVAN! Watch this! This is KARMA! Sion unleashed his power on the general!"
s_000005,Alshark (System disk).hdm,0x05BCE0,"ジャグマﾉ諜報機関ﾉ長官ﾄﾊ、恐ﾚ入ｯﾀぜ。0#P","I was intimidated by the head of Jagma's intelligence agency."
s_000006,Alshark (System disk).hdm,0x0569E8,"ジャグマｦ倒ｽﾀﾒﾆﾊ、ｿﾉ@リングが必要ﾅﾝだ！0#P","We need that ring to defeat Jagma!"
s_000007,Alshark (System disk).hdm,0x06FC27,"宇宙ﾉ運命ｦ、シオンﾆ託ｼﾏｼｮｳ。0#P","Let's entrust the fate of the universe to Zion."
s_000008,Alshark (System disk).hdm,0x056C4E,"ジャグマ総帥ﾊ狂ｯﾃｲﾙ。0#P","Commander Jagma is crazy."
s_000009,Alshark (System disk).hdm,0x0757B0,"勘弁ｼﾃｸﾚ。@俺が悪ｶｯﾀﾖ。0_4酔ｯぱﾗｲ5ｿｳだ、ｲｲ事ｦ教ｴﾃﾔﾛｳ。0ｺﾉ惑星ﾆ伝ﾜﾙ伝説ﾉ詩だ。0_4酔ｯぱﾗｲ5「塔ﾆ眠ﾙ月ﾉ光。@　石ﾊ呼び覚ﾏｽ。@　遠ｸ忘ﾚ去ﾗﾚｼ幻影ｦ」0_4酔ｯぱﾗｲ5どｳだ？@ｲｲ詩だﾛｳ。","Alright, alright, spare me! My bad. ...Hey, I'll tell ya somethin'. It's an old legend... 'Moonlight sleeps in the tower. A stone awakens the forgotten phantom.' Heh. Good, huh?"
s_000010,Alshark (System disk).hdm,0x078077,"配下ﾆ、３人ﾉ将軍が居ﾙﾝだ。0_4ミュントス人5最近、Ｚ１２７恒星系ﾆ配備ｻﾚﾀ要塞バルバスﾉ総司令、通称、氷ﾉララウェル。0_4ミュントス人5バイオソルジャｰ部隊「ブラックビｰスト」ｦ率ｲﾙ、通称、@ビｰスト・バイデン。0_4ミュントス人5ｿｼﾃ、帝国宙軍ﾉ智将、ノベルサリバン。0_4ミュントス人5ｺﾉ３人がｲﾙｵｶげで、ウュリア王国ﾊ、相当、窮地ﾆ立ﾀｻﾚﾃｲﾙﾗｼｲ。","Jagma has three top generals. First is Ice Lalawel Dorian, commander of the fortress Barbas. Next is Beast Bayden, who leads the Black Beast, his elite biosoldier unit. And finally, the Zolius tactical genius, Sky-Victory Flag Sullivan. With them on the offensive, the Kingdom of Ulyria is on its last legs."
s_000013,Alshark (System disk).hdm,0x07C0A5,"要塞バルバスﾊ、冷凍攻撃ｦ@ｼｶｹﾃｸﾙ敵が多ｲﾗｼｲぞ。ﾅﾝｾ、敵ﾊ「氷ﾉ$","Apparently there are many enemies in the fortress Barbas who use freezing attacks. After all, the enemy is ``Ice $"
s_000014,Alshark (System disk).hdm,0x079004,"呼び覚ﾏｽ。@　遠ｸ忘ﾚ去ﾗﾚｼ面影ｦ」0_4酔ｯぱﾗｲ5どｳだ？@ｲｲ詩だﾛｳ。","""...awakens the long-forgotten phantom."" Heh. Good, huh?"
s_000015,Alshark (System disk).hdm,0x0768CF,"カｰマｶ‥‥‥!@シオン‥‥ﾏﾀｲﾂｶ‥戦場で‥相ﾏﾐｴﾙ日がｸﾙだﾛｳ‥‥0_4$","So, this is karma... Sion... We'll meet again on the battlefield."
s_000016,Alshark (System disk).hdm,0x0176A5,"シオン。@ｲｸﾗﾜｼがメカﾉ天才でﾓ、@スクラップがﾅｸﾁｬｱ、どｳｼ@ﾖｳﾓﾅｶﾛｳが。","Sion, I'm a genius, but even I need SCRAP to work with."
s_000017,Alshark (System disk).hdm,0x0179A0,"ゾークによってカーマを@その肉体に封じることなく@葬りさってしまった。@そして、カーマはシオン達を@襲う","Zork destroyed the vessel, but didn't seal Karma's spirit! Now it's free... and it's after us!"
s_000018,Alshark (System disk).hdm,0x0533D2,"ゾリアス人5祖国ﾉ連中ﾉﾎﾄﾝどが、ジャグマ総帥ﾉ姉上でｱﾗﾚﾙララウェル様ｦ教祖ﾄｽﾙサンタナ教ﾉ教ｴﾆｶぶﾚﾃｼﾏｯﾀ。0_悲ｼｲｺﾄだ。","Most of the Zorians from their homeland have become obsessed with the teachings of the Santana religion, whose founder is Lord Larawel, the older sister of Commander Jagma. _That's sad."
s_000019,Alshark (System disk).hdm,0x0549AF,"ごﾒﾝﾅｻｲ。@宇宙船ﾊｽばﾗｼｲﾄ思ｳﾝでｽｹど、ｵじ様ﾉﾂｹﾗﾚﾀ名前がﾁｮｯﾄ・・・ﾈｪ、シオン？0_4$","I love the ship, but... that name Joe gave it is kinda... weird. Right, Sion?"
s_000020,Alshark (System disk).hdm,0x05A9A8,"幼児施設ﾉボランティアじｬﾈｪﾝでﾅ。@用事がｱﾙﾝﾅﾗ、早ｲﾄｺｽﾏｾﾃｸﾝﾅ。0_4$","This ain't a daycare. You want something, spit it out."
s_000021,Alshark (System disk).hdm,0x060555,"ウェルダｦ中心ﾄｼﾃ、坑道ｦ@6突ｷ進ﾝでｲｯﾀシオン達ﾉ見ﾀ6ﾓﾉﾊ、赤緑色ﾉ腐汁ｦﾏｷ散ﾗ6ｼﾅがﾗ数限ﾘﾅｸモンスタｰｦ6産ﾐだｽ怪物だｯﾀ。0?F","Werda led them deep into the mines. What they found was a horror: a beast birthing endless monsters from its own putrid ooze."
s_000022,Alshark (System disk).hdm,0x061439,"来ﾃｸﾚﾀﾜﾈ。@ｵ茶でﾓ飲ﾝでｲｯﾃﾁｮｳだｲ0_6シオン達ﾊ、シャイナﾄ楽ｼｲ@6一時ｦ過ごｼﾀ。?H","Shaina welcomed them. 'I'm so glad you came! Please, stay for some tea.'"
s_000023,Alshark (System disk).hdm,0x062915,"突然ﾉ声ﾆシオン達ﾊ、驚ｲﾀ。6ｲﾂﾉﾏﾆｶ、周囲ｦマモンﾄ@6無法者ﾆ変装ｼﾀゾリアス兵ﾆ@6取ﾘ囲ﾏﾚﾃｲﾀ。0?C","A voice rings out! Sion's party is ambushed--surrounded by Zolius troops in disguise!"
s_000024,Alshark (System disk).hdm,0x06C6A7,"陣頭指揮ﾆ当ﾀｯﾃｲﾙﾉﾊ、@ゾリアス総統ジャグマ・ドリアンﾉ実姉ララウェル将軍だﾄｶ。","The person in charge is General Larawell, the real sister of Xorious President Jagma Dorian."
s_000025,Alshark (System disk).hdm,0x07137B,"俺達、ゾリアス人ﾊ、ジャグマﾉ家系が使ｳｺﾄﾉでｷﾙ特殊精神波ｦ浴びﾙﾄ、逆ﾗｴﾅｸﾅｯﾁﾏｳｶﾗﾅ。","If we, the Zorias, are exposed to the special spiritual waves that the Jaguma family can use, we won't be able to resist."
s_000026,Alshark (System disk).hdm,0x074526,"実際ﾊ、全ﾃ仕組ﾏﾚﾀｺﾄで、バイオビｰストﾉ部隊ｦ創ﾘ出ｽﾀﾒﾉジャグマﾉ企ﾐだｯﾀﾄｲｳﾜｹだ。0_4$","In reality, it was all a set up, Jagma's plan to create an army of bio-beasts. $"
s_000027,Alshark (System disk).hdm,0x074B71,"ジャグマｦ倒ｽﾂﾓﾘだｯﾀﾗ、惑星サｰタリアﾍ行ｹ。ｵﾏｴﾉ持ｯﾃｲﾙ武器でﾊ、@ジャグマｦ倒ｽｺﾄﾊでｷﾝ！","If you want to defeat Jagma, go to the planet Sartaria. You can't defeat Jagma with the weapons you have!"
s_000028,Alshark (System disk).hdm,0x076702,"だ、ﾜｶﾝﾈｪﾉｶ！@ｱﾚが、カｰマだ！！@奴ﾓジャグマﾓ、自分ﾉ意志で、行動ｼﾁｬｲﾈｪﾝだﾖ！！0_4$","Don't you get it!? That's Karma! It's controlling Jagma! They're both just puppets!"
s_000029,Alshark (System disk).hdm,0x076CDD,"ジャグマﾊ、ｿﾉ強ｲ思念で、@自分ﾆ侵入ｼﾃｷﾀカｰマｦ@押ｻｴﾂｹﾃ、精神ｦ融合ｻｾ@ﾅｲでｲﾙﾉﾖ。0_4$","Jagma's will is strong. He's resisting Karma, preventing a full mental fusion."
s_000030,Alshark (System disk).hdm,0x07D2C5,"帝国軍ﾉ最終兵器ｯﾃﾉﾊ、@ｲｯﾀｲ‥‥0@シオン、事ﾊ風雲急ｦ告げﾃ@ﾔがﾙぜ。","The Empire's ultimate weapon... Sion, things are heating up fast."
s_000031,Alshark (System disk).hdm,0x0A2B0C,"が、カｰマだ！！@奴ﾓジャグマﾓ、自分ﾉ意志で、行動ｼﾁｬｲﾈｪﾝだﾖ！！0_4$","Karma's the one in control! Jagma's just its puppet"
s_000032,Alshark (System disk).hdm,0x0175F2,"任ｾﾄｶﾝｶｲ！@どﾝﾅﾓﾝでﾓ、ｺﾉスクラップ@ジョー様ﾆｶｶﾚば、ｱｯﾄｲｳ@間ﾖ！！","Trust ol' Scrap Joe! I can build or fix anything in a heartbeat!"
s_000033,Alshark (System disk).hdm,0x017633,"シオン、兵器ｦ造ｯﾃﾓ、格納庫@ﾆ空ｷがﾅｸﾁｬｱ、話ﾆﾅﾗﾝ@ぞ！！","Shion, even if you build weapons, it won't matter if you don't have space in the hangar! !"
s_000034,Alshark (System disk).hdm,0x01770F,"シオン。@タンクﾅﾝぞ、どｺｦ見ﾃﾓﾅｲ@じｬﾅｲｶ。@若ｲｳﾁﾊ歩ｶﾝﾄｲｶﾝぞ！","Sion, forget the tank. A little walk'll do you good!"
s_000035,Alshark (System disk).hdm,0x0628F9,"死ﾝでﾓﾗｯﾀﾉでｽﾖ」0#M","I asked him to die.”"
s_000036,Alshark (System disk).hdm,0x076883,"シオン達ﾊ、ラッセルガイヤｰｦ6脱出ｼﾀ。0?I","Sion's party escaped the Russelgaia."
s_000037,Alshark (System disk).hdm,0x01777B,"シオン。@ファイターﾅﾝぞ、どｺｦ見ﾃﾓ@ﾅｲじｬﾅｲｶ。","Zion. There are no fighters anywhere."
s_000038,Alshark (System disk).hdm,0x0174F0,"シオン。@格納庫ﾉ中ﾆｬｱ、何ﾓ収容ｻﾚ@ﾄﾗﾝぞ！","Zion. Nothing can be stored inside the hangar!"
s_000039,Alshark (System disk).hdm,0x00AFFD,"シオンﾉＰＰが不足ｼﾃｲﾃ@使用ｽﾙｺﾄがでｷﾏｾﾝ。","Shion's PP is insufficient and cannot be used."
s_000040,Alshark (System disk).hdm,0x0177AC,"シオン。@タンクﾅﾝぞ、どｺｦ見ﾃﾓ@ﾅｲじｬﾅｲｶ。","Zion. There are no tanks anywhere."
s_000041,Alshark (System disk).hdm,0x051EF2,"父ｻﾝ！@ﾄｵｩｻｰｰｰﾝ！！！！@畜生ｩ！！ｱｲﾂﾗ、ｱﾉゾリアス兵どﾓ・・・絶対ﾆ許ｻﾅｲ！0#P","Dad! DAD!!! Damn them! Those Zolius scum... I'll make them pay!"
s_000042,Alshark (System disk).hdm,0x052438,"娘5ｺｺﾊ、ハマックﾉ町ﾖ。0@私ﾉ名前ﾊ、ジェｰン。@ｱﾅﾀﾊ？0@43名前ｦ教ｴﾃﾔﾙｶ？0#Y","This is the town of Hamack. My name is Jane. And you are?"
s_000043,Alshark (System disk).hdm,0x052668,"ハマック・アｰミｰショップ5兄ﾁｬﾝ、武器ｦ買ｳﾅﾗ、少々無理ｦｼﾃでﾓ、ｲｲﾓﾝ選ﾝどｲﾀﾎｳがｲｲぜ。@0ﾄｺﾛで、何ﾆｽﾙﾝだ？0#G","My advice? Don't skimp on weapons. A few extra CREDIT now will save your hide later. What'll it be?"
s_000044,Alshark (System disk).hdm,0x0526DE,"ハマック・アイテムショップ5ｲﾗｯｼｬｲﾏｾ。@何ｶ、ご入ﾘﾖｳでｼｮｳｶ？0#G","Welcome. How may I help you?"
s_000045,Alshark (System disk).hdm,0x05274E,"支配人5安ｲ・綺麗・安心ﾉＰＴホテルでござｲﾏｽ。@ご宿泊ﾊ、１０クレジットﾆﾅﾘﾏｽが？0#Y","Welcome to the PT Hotel: cheap, clean, and safe! A room is 10 CREDIT. Stay the night?"
s_000046,Alshark (System disk).hdm,0x052E24,"アルバイトで在庫整理ﾔｯﾃﾝだｹど、１人じｬ大変で・・・。0@ｿｳだ、手伝ｯﾃﾐﾅｲ？0#Y","I'm trying to sort the inventory, but I'm totally swamped... Hey, wanna help?"
s_000047,Alshark (System disk).hdm,0x053642,"達ﾉ捜ｼﾃﾙ女だｯﾀﾗ、宇宙港ﾍ行ｸﾉｦ見ｶｹﾀ奴がｲﾙぜ。@0ｵｿﾗｸ、惑星マｰズ行ｷﾉ航宙船ﾆﾉｯﾀﾝじｬﾈｪｶﾅ。#S","The woman you're looking for? Word is she went to the spaceport. Probably on a ship to Mars."
s_000048,Alshark (System disk).hdm,0x05390E,"俺ﾉ考ｴじｬｱ、ｱﾉ鉱山ﾉ奥ﾆﾊ、何ｶﾄﾝでﾓﾈｪ化ｹﾓﾝが住ﾝでｲﾙﾖｳﾅ気がｽﾙぜ。#S","In my opinion, it feels like there's some kind of horrible monster living deep inside that mine."
s_000049,Alshark (System disk).hdm,0x053DEE,"ハイグレネｰドﾊ、市価じｬｱ@３２０クレジットだが、@２５％オフﾉ２４０クレジットで売ｯﾃﾔﾛｳ。0#Y","High Grenades go for 320 CREDIT on the street, but I'll sell you one for 240. 25% off."
s_000050,Alshark (System disk).hdm,0x053E56,"目ｦﾂｹﾙﾄﾊ、@ﾅｶﾅｶﾔﾙじｬﾈｪｶ。0_出血大サｰビスで、@２３２０クレジットでどｳだ？0#Y","You've got a good eye. Tell you what, I'll cut my own throat... 2320 CREDIT?"
s_000051,Alshark (System disk).hdm,0x053EA7,"三ﾂ葉ﾉ紋章ｶ。@ｺｲﾂﾊﾁｮｯﾄ高ｲぜ。@手ﾆｲﾚﾙﾉが大変だｶﾗﾅ。0_１２００クレジットでどｳだ？0#Y","The three-leaf crest... That's a rare one, and tough to get. It'll cost you. 1200 CREDIT?"
s_000052,Alshark (System disk).hdm,0x054C4F,"航行不能状態ﾉ民間航宙6艇だｯﾀ。@6ｿｼﾃ、ｿﾉ影ﾆ隠ﾚﾙﾖｳﾆ@6ｼﾃ接舷ｼﾃｲﾀﾉﾊ‥‥‥0#Z","A civilian ship, dead in the water. And using it for cover, another ship..."
s_000053,Alshark (System disk).hdm,0x0550F8,"心外だﾈ・・・ﾏｱ、ｲｲ。行ｺｳｶ。0_4シャイナ5ﾁｮｯﾄ、私ﾉ質問ﾆ答ｴﾅｻｲﾖ！！0_仮ﾆﾓ、マｰズ連邦最大ﾉ兵器メｰカｰ、パｰフェクトテクニカル社ﾉ社長令嬢ｦ前ﾆｼﾃ失礼じｬﾅｲ！！0_4ゾリアス兵5だｧｰ！ｳﾙｾｪ小娘だ！@殺ｼﾃﾔﾙ！！0#V","Hmph. Fine. Let's go. Hey! Answer me! My father runs Perfect Technical, the Federation's top arms maker! You can't just ignore me! Gah! Annoying brat! I'll shut you up for good!"
s_000054,Alshark (System disk).hdm,0x055745,"君ﾏでﾓが、私ﾉ使命ｦ妨げﾖｳﾄｲｳﾉｶ。@仕方がﾅｲ・・・・？！#V","Are you trying to hinder my mission? I can't help it····? !"
s_000055,Alshark (System disk).hdm,0x055811,"２本ﾉ後ﾛﾍ長ｸ伸びﾀ金髪ｦ@6振ﾘ乱ｼ、右肩ﾆ搭載ｻﾚﾀ小型6核融合炉ｶﾗ発ｾﾗﾚﾙタｰビン6ﾉ回転音ｦ低ｸ響ｶｾﾅがﾗ、女6ﾊ立ｯﾃｲﾀ。0#Z","The woman stood, her long blonde hair whipping as the mini-fusion reactor on her shoulder hummed."
s_000056,Alshark (System disk).hdm,0x055922,"が反応ｽﾙﾖﾘ6ﾓ早ｸゾリアス兵ﾊ、シャイナｦ6盾ﾆﾄｯﾃ、ｿﾉ喉ﾓﾄﾆ銃口ｦ6突ｷﾂｹﾃｲﾀ。0#Z","In a flash, the Zolius soldier grabbed Shaina, gun to her throat."
s_000057,Alshark (System disk).hdm,0x055B74,"方ﾍ突ｷ飛6ばｽﾄ同時ﾆ、エアロックﾍﾄ走6ﾘ込ﾝだﾉでｱﾙ。@#V","Shoving them aside, she dashed into the airlock."
s_000058,Alshark (System disk).hdm,0x055CDC,"がシャイナﾄ6並ﾝでﾐﾃ、ｿﾉ大ｷｻﾆ改ﾒﾃ6驚ｲﾀ。彼女ﾉ身長ﾊ、優ﾆ２メ6ｰトルﾊ越ｴﾙだﾛｳ。0#Z","Next to Shaina, her height was shocking. She had to be over 2 meters tall."
s_000059,Alshark (System disk).hdm,0x055F60,"達ﾊ、女戦士ﾆ6ﾅｶば連行ｻﾚﾙﾖｳﾆｼﾃ、@6コズミックホｰクﾉステｰション6ﾍ行ｸｺﾄﾆﾅﾙ。0#S","The warrior woman practically dragged them to the Cosmic Hawk's station."
s_000060,Alshark (System disk).hdm,0x05680A,"貴方が持ｯﾃｲﾙサイコリングｦ貸ｼﾃﾓﾗｴﾅｲだﾛｳｶ。0_6ベックﾊ、一瞬、困惑ﾉ表情ｦ@6見ｾﾀ。0#P","Let me borrow your Psycho Ring. Beck looked confused for a moment."
s_000061,Alshark (System disk).hdm,0x056AF6,"だが、ｿﾉリングでﾊ、サイコ@ジェネレｰタｰぐﾗｲｶﾗｼｶ@身ｦ守ﾙｺﾄﾊでｷﾇ。0#P","That ring's only good against something like a Psycho Generator."
s_000062,Alshark (System disk).hdm,0x056EC1,"作戦が成功ｼﾃ、ラッセル@ガイヤｰﾉ主動力ｦ爆破ｼﾀﾄｼﾃﾓ、本体ﾏで破壊ｽﾙｺﾄﾊ@到底ｶﾅﾜﾅｲだﾛｳ。0#P","Blowing up the Russelgaia's engine won't be enough to destroy the whole ship."
s_000063,Alshark (System disk).hdm,0x056F19,"但ｼ、帝国宙軍ﾉ動ｷﾊ止ﾒﾗﾚﾙだﾛｳｶﾗ、帝国ﾉ研究施設で新兵器ｦ奪ｲ取ﾙ時間ｸﾗｲﾊ、稼げﾙﾊずだ。0#P","However, since the movements of the Imperial Air Force will be stopped, we should be able to buy some time to seize new weapons from the Empire's research facilities."
s_000064,Alshark (System disk).hdm,0x057089,"イｰストサイドホテル5ｲﾗｯｼｬｲﾏｾ。@ご宿泊ﾊ、１０クレジットﾆﾅﾘﾏｽが？0#Y","East Side Hotel. Welcome! A room's 10 CREDIT. Wanna stay?"
s_000065,Alshark (System disk).hdm,0x057154,"セントラル・テスウィル5ﾖｳｺｿ、ｲﾗｯｼｬｲﾏｼﾀ。0_全ﾃﾉサｰビス料ｦ含ﾒﾏｼﾃ、３０クレジットﾆﾅﾘﾏｽが、ご宿泊ﾅｻｲﾏｽｶ？0#Y","Welcome to the Central Teswil. A room is 30 CREDIT, all-inclusive. Will you be staying with us?"
s_000066,Alshark (System disk).hdm,0x057303,"当店でﾊ、マｰズ連邦ﾉ最新技術ｦ駆使ｼﾃ開発ｻﾚﾀ砲塔ｦ取ﾘ揃ｴﾃｲﾏｽが‥‥0_何ﾆﾅｻｲﾏｽｶ？#G","Our store has a selection of turrets developed using Mars Federation's latest technology... What would you like?"
s_000067,Alshark (System disk).hdm,0x057695,"スクラッパｰズ商会5ヘイ！！ｯﾗｯｼｬｲ。@スクラップﾆ関ｽﾙご用命ﾊ、全ﾃ承ﾘﾔｼｮｳ。0#G","Scrappers Co. Hey, welcome! If it's about SCRAP, you've come to the right place."
s_000068,Alshark (System disk).hdm,0x05794A,"客ｻﾝ！掘ﾘ出ｼ物がｱﾙﾝでｽｹど、５００クレジットでｲｶがでｽｶ？0_中古でｽｹど、ﾏだﾏだ使ｴﾙジェットホバｰでｽﾖ！@@@43買ｲﾏｽｶ？0#Y","Hey! Got a real gem for ya, 500 CREDIT. It's a used Jet Hover, but she still runs like a dream! So, you buyin'?"
s_000069,Alshark (System disk).hdm,0x059BC5,"ラッセルガイヤｰﾉ@航路が割ﾘ出ｾﾀぞ！@急ｲで、アトライアﾆ引ｷ上げﾙﾝじｬｨ！#S","I've got the Russelgaia's flight path! Get back to the Atlia on the double!"
s_000070,Alshark (System disk).hdm,0x05B067,"ＰＴホテル　イン　ザジル5ご宿泊でｼﾀﾗ、２０クレジットﾆﾅﾘﾏｽが？0#Y","Welcome to the PT Hotel in Zajil. A room is 20 CREDIT. Staying?"
s_000071,Alshark (System disk).hdm,0x05B1B2,"スクラッパｰズ5ﾎｲ　ﾎｲ　ﾎｲ　ﾎｲ。@スクラップがﾎｼｹﾘｬ、好ｷﾅだｹ持ｯﾃｷﾅ。0#P","Scrappers. C'mon, c'mon. Need SCRAP? Help yourself to the pile."
s_000072,Alshark (System disk).hdm,0x05B519,"少々、痛ｲ目ｦ見ﾅｲﾄﾜｶﾝﾈｪﾖｳだﾅ。0_貴様ﾗ、ウジ虫どﾓﾉ腕ﾉ１本ﾔ２本、合法的ﾆﾍｼ折ｯﾃﾔﾙｺﾄﾓでｷﾙﾝだぜ。0#P","Looks like you need a painful lesson. I'm legally allowed to break an arm or two, maggots."
s_000073,Alshark (System disk).hdm,0x05BC57,"が、頭ﾉ切ﾚﾙ奴で、@着任後、ゾリアス軍ﾉ前線ﾆ@ｵｹﾙ破壊活動ﾉ総指揮ﾏで任ｻﾚﾃｲﾙﾗｼｲ。0#P","He's a sharp one. They put him in charge of all Zolius frontline sabotage."
s_000074,Alshark (System disk).hdm,0x05BD42,"で、ｿｲﾂが、惑星ポレダﾆｱﾙ帝国星軍前線基地ﾆ現在滞在中ﾗｼｲ。0#P","So, it seems that he is currently staying at the Imperial Star Force's front-line base on the planet Poreda."
s_000075,Alshark (System disk).hdm,0x05BD80,"基地ﾆﾊ、総司令官ﾉビｰスト・バイデンﾓｲﾂﾓﾅﾗｲﾙﾊず@ﾅﾝだが、ララウェルﾆ呼ばﾚﾃ今ﾊ、留守ﾆｼﾃｲﾙ。0#P","Commander Beast Bayden is usually at the base, but Lalawel summoned him away."
s_000076,Alshark (System disk).hdm,0x05C0AD,"達が、司令室ﾆ入ｯﾃｲｸ6ﾄ、正面ﾉテｰブルﾆ腰掛ｹﾃ@6ｲﾀ人物が立ﾁ上がﾘ、ジョｰﾆ6向ｶｯﾃ右手ｦ差ｼ出ｼﾀ。0#P","Upon entering the command room, a man sitting on the table ahead rose and held out his hand to Joe."
s_000077,Alshark (System disk).hdm,0x05C145,"ジョｰ・コンプスン。@皆、スクラップ・ジョｰﾄ呼ﾝどﾙ。0#P","The name's Joe Compson. Most folks call me Scrap Joe."
s_000078,Alshark (System disk).hdm,0x05C331,"君達ﾄチｰムｦ組ﾝでﾓﾗｳｺﾄﾆﾅﾙ我がチャウスノｰミュﾉ誇ﾙエｰスｦ紹介ｼﾖｳ0ミュレッツ君、入ﾘﾀﾏｴ！!#M","Let me introduce you to the proud ace of Chow Nomu, who will be forming a team with you. Muletz, come on in! !"
s_000079,Alshark (System disk).hdm,0x05C5E9,"研究費ﾓﾅｼﾆ、ウュリアﾉ科学水準ﾆ追ｲﾂｹｯﾃﾉﾓ、無理ﾅ話だﾖ、ﾏｯﾀｸ。#S","It would be impossible to catch up with Urria's scientific level without research funds, at all."
s_000080,Alshark (System disk).hdm,0x05C959,"チャウﾊ、コズミックホｰクﾉ、ｿｼﾃ、スノｰミュﾊ、マｰズ連邦宙軍ﾉ略称ﾅﾉﾖ。#A","Chow is the abbreviation for Cosmic Hawk, and Snowmyu is the abbreviation for the Mars Federation Space Force."
s_000081,Alshark (System disk).hdm,0x05CDEC,"惑星ビュｰトﾊ、@マｰズ連邦ﾉ第１開発計画ﾉ対象ﾆﾅｯﾃｲﾙＭ８６１恒星系ﾆ@ｱﾘﾏｽ。0#P","Planet Bute is in the M861 system, a Phase 1 Mars Federation colony."
s_000082,Alshark (System disk).hdm,0x05CE38,"研究室ﾆ行ｹば、恒星間移動ﾉ@でｷﾙエンジンｦ支給ｼﾃｸﾚﾙﾊずでｽ。0#G","Head to the lab. They'll give you an interstellar drive."
s_000083,Alshark (System disk).hdm,0x05D042,"ベスタｰ准将ﾊ、部屋ﾉ明ｶﾘ@6ｦ消ｼ、モニタｰﾉスイッチｦｲ6ﾚﾙﾄ、今回ﾉ任務ﾆﾂｲﾃ説明6ｦ始ﾒﾀ。0#P","Vester dimmed the lights, turned on the monitor, and started to explain the mission."
s_000084,Alshark (System disk).hdm,0x05D099,"ずﾊ、ｺﾉ写真ｦ見ﾃﾓﾗｵｳ0_6彼がｿｳｲｳﾄ、１枚ﾉ写真が@6モニタｰ上ﾆ投影ｻﾚﾀ。0#P","'First, take a look at this.' A photo appeared on the monitor."
s_000085,Alshark (System disk).hdm,0x05D0E5,"連邦ﾉ諜報部が、惑星ザジルﾉ麻薬シンジケｰトﾆ潜入ｼ手ﾆｲﾚﾀフィルムだ。0_6ｿﾉ写真ﾆﾊ、ドｰム型栽培園ﾉ6内部１面ﾆびｯｼﾘﾄｵｲ繁ｯﾀ6キドゥンが写ｯﾃｲﾀ。0_6キドゥン。ｿﾚﾊ、ゾリアス帝国6ｶﾗ持ﾁ込ﾏﾚﾀドラッグﾉｺﾄ6で、中毒性ﾊﾓﾁﾛﾝﾉｺﾄ、常6習者ﾊ激ｼｲ幻覚症状ﾆ見舞ﾜﾚ6ﾙ。0_6ｼｶｼ、ｺﾉドラッグﾉ最大ﾉ特6徴ﾊ、バイオジャンクﾆｱｯﾀ。0_6バイオジャンクﾄﾊ、キドゥンﾉ6中ﾆ含ﾏﾚﾃｲﾙ特殊成分ﾉ作用6ﾆﾖｯﾃ、生体内ﾉ遺伝子ﾉ突然6変異が起ｺﾘ、内的外的ﾆ急速ﾅ6進化ﾄ退化ﾆ見回ﾚﾙｺﾄだ。0_6ｺﾉ症状が現ﾚﾙﾄ、ﾀｲﾃｲﾉ6場合ﾊ、無惨ﾅ死ﾆｲﾀﾙﾓﾉﾅ6ﾉだが、中ﾆﾊ何万分ﾉ１ﾄｲｳ6確率で凶暴ﾅバイオビｰストが誕6生ｼﾃｼﾏｳ。0_66ｿﾉ結果、ｺﾉ２、３ヶ月ﾉ間ﾆ6マｰズ連邦ﾉ各地で大量惨殺が発6生ｼﾃｲﾀ。0#P","This film was obtained by Federation intelligence agents who infiltrated a drug syndicate on the planet Zajil. The photo showed a large number of kidneys growing thickly on one side of the dome-shaped cultivation garden. Kidun. It's a drug brought over from the Zorias Empire, and not only is it addictive, but users experience severe hallucinations. However, the biggest feature of this drug was that it was biojunk. Biojunk refers to genetic mutations within living organisms caused by the effects of special ingredients contained in Kidung, resulting in rapid evolution and degeneration both internally and externally. When this symptom appears, it usually results in a brutal death, but in some cases, there is a 1 in 10,000 chance that a ferocious bio-beast is born. As a result, mass killings have occurred in various parts of the Mars Federation over the past few months."
s_000086,Alshark (System disk).hdm,0x05D723,"今回ﾉｺﾄで連邦ﾉ上層部ﾆﾊ、前ﾆﾓ@増ｼﾃ私ﾉ株ｦ上げﾙ事がでｷﾀﾖ。ｱﾘがﾄｳ。0#V","Thanks to you, I'm in good with the Federation brass. I owe you one."
s_000087,Alshark (System disk).hdm,0x05DA2C,"達ﾊ捕ﾗｴﾗﾚ、6拘留ｻﾚﾃｼﾏｯﾀ。0_6ｿﾉ３ヶ月後、マｰズ連邦ﾊ、@6予告無ｼﾆゾリアスｶﾗﾉ攻撃ｦ6受ｹ、ｿﾉ機能ﾉﾎﾄﾝどｦ壊滅6ﾆ追ｲﾔﾗﾚﾀ。0#G","They were captured and imprisoned. Three months later... Zolius struck without warning. The Mars Federation was left in ruins."
s_000088,Alshark (System disk).hdm,0x05DBB9,"兵士ﾉ言葉が終ﾜﾙ6前ﾆ行動ｦ起ｺｼﾃｲﾀ。@6兵士ﾊ、痛ﾐｦ感じﾙ間ﾓﾅｸ@6通路ﾆ横ﾀﾜﾘ、沈黙ｼﾀ。0#V","He moved before the soldier finished speaking. The man hit the floor, silenced forever."
s_000089,Alshark (System disk).hdm,0x05ECE5,"私ﾊ、マｰズ連邦ﾆ戻ｯﾃ、@連邦軍ﾉ頭ﾉ固ｲ連中ｦ相手ﾆ、協力ｼﾃｸﾚﾙﾖｳﾆ説得ｼﾃ@ﾐﾏｼｮｳ。0#K","I'll head back to the Mars Federation. I'll try to reason with those military stiffs."
s_000090,Alshark (System disk).hdm,0x05EEF8,"ウェルダｻﾝﾊ、特殊精神波ﾆ@打ﾁ勝ﾂｺﾄがでｷﾙｶﾓ‥‥0_4$
5ﾅﾗ、私ﾓ協力ｼﾖｳ。@ﾀぶﾝ、ｺｺノｰザンﾉ砦ﾅﾗ、何ｶﾂｶﾒﾙだﾛｳ。0#W","Werda might be able to resist those special psychic waves... $ Then I'll help. We might find a lead at the fortress here."
s_000091,Alshark (System disk).hdm,0x05F4A7,"惑星ザジル行ｷﾉチケットﾊ、@１００クレジットﾆﾅﾘﾏｽ。@ご利用ﾅｻｲﾏｽｶ？0#Y","Ticket to Zajil: 100 CREDIT. Buy one?"
s_000092,Alshark (System disk).hdm,0x05F4FE,"惑星ステア行ｷﾉチケットﾊ、@１２０クレジットﾆﾅﾘﾏｽ。@ご利用ﾅｻｲﾏｽｶ？0#Y","Ticket to Stea: 120 CREDIT. Interested?"
s_000093,Alshark (System disk).hdm,0x05F555,"惑星ジュｰク行ｷﾉチケットﾊ、２４０クレジットﾆﾅﾘﾏｽ。@ご利用ﾅｻｲﾏｽｶ？0#Y","A ticket to Juke runs 240 CREDIT. Want it?"
s_000094,Alshark (System disk).hdm,0x05F9AA,"惑星ジュｰク行ｷﾉチケットﾊ、２２０クレジットﾆﾅﾘﾏｽ。@ご利用ﾅｻｲﾏｽｶ？0#Y","Heading to Juke? That'll be 220 CREDIT."
s_000095,Alshark (System disk).hdm,0x05FA01,"惑星マｰズ行ｷﾉチケットﾊ、@１２０クレジットﾆﾅﾘﾏｽ。@ご利用ﾅｻｲﾏｽｶ？0#Y","To Mars, it's 120 CREDIT. Need a ticket?"
s_000096,Alshark (System disk).hdm,0x05FA59,"だ今、私どﾓでﾊ、@惑星ジュｰクﾍﾉ往復チケットｦ３００クレジットﾆﾃ販売ｻｾﾃ頂ｲﾃｵﾘﾏｽ。@ご利用ﾅｻｲﾏｽｶ？0#Y","Special offer! Round-trip ticket to Juke, just 300 CREDIT! Interested?"
s_000097,Alshark (System disk).hdm,0x05FACF,"だ今、私どﾓでﾊ、@惑星マｰズﾍﾉ往復チケットｦ@２００クレジットﾆﾃ販売ｻｾﾃ頂ｲﾃｵﾘﾏｽ。@ご利用ﾅｻｲﾏｽｶ？0#Y","Round-trip tickets to Mars are on sale for 200 CREDIT. Care to buy one?"
s_000098,Alshark (System disk).hdm,0x060091,"ウェポン・カイナン5ｱﾉ赤ｲモンスタｰﾆﾊ、@プラズマガンがﾖｸ効ｸぜ！0#G","That red monster? Hit it with a plasma gun! Works like a charm."
s_000099,Alshark (System disk).hdm,0x0600DA,"スクラップ交換所5スクラップが必要ﾅﾗ、ｲﾂでﾓどｳぞ。0#P","Need SCRAP? You've come to the right place."
s_000100,Alshark (System disk).hdm,0x06118E,"達ﾊ・・・0_4シャイナ5私、家ｦ出ﾃ、一人暮ﾗｼｽﾙｺﾄﾆｼﾀﾉ。@ｲﾂﾏでﾓ親ﾆ頼ｯﾃﾗﾚﾅｲﾓﾉﾈ。#S","I'm living by myself now. Can't be a kid forever, right?"
s_000101,Alshark (System disk).hdm,0x06171E,"マｰズ人がｺﾝﾅ所ﾆｲﾙﾅﾝﾃ珍ｼｲじｬﾈｪｶ。@ｲｲｺﾄｦ教ｴﾃﾔﾛｳ。0_4無法者5惑星ティルスﾉザｰテ皇太子が、強ｲ無法者ｦ捜ｼﾃﾙﾗｼｲぜ。雇ｯﾃﾓﾗｴば、ｶﾅﾘﾉ金ﾆ@ﾅﾙｿｳだ。#S","A Martian, eh? You're a long way from home. Here's a tip: Prince Zate of Tirus is looking for some hired muscle. The pay's supposed to be great."
s_000102,Alshark (System disk).hdm,0x063055,"ベギｰ　プリンス　ホテル5ｲﾗｯｼｬｲﾏｾ。@ご宿泊ﾊ、１０クレジットﾆﾅﾘﾏｽが？0#Y","Welcome. A room is 10 CREDIT. Staying the night?"
s_000103,Alshark (System disk).hdm,0x0630DC,"スクラップ交換所5毎度どｳﾓｯ！@スクラップﾉご用命ﾊ、当店ｦ@ごﾋｲｷﾆ！0#P","Appreciate the business! When you think SCRAP, think of us!"
s_000104,Alshark (System disk).hdm,0x0635EB,"時、ｽﾅﾜﾁ今ｶﾗ３００年ﾓ昔ﾉｺﾄ、マｰズ人ｦ統率ｼﾃｲﾀﾉが、ｶﾉウェｰ・ドゥムナでｽ。0#P","Back in the day, 300 years ago, the We Dumna ruled the Mars people."
s_000105,Alshark (System disk).hdm,0x06363A,"本ﾆﾓ載ｯﾃｲﾙｺﾄでｽが彼が、植民ﾆ際ｼﾃ、ミュントスﾆ迫害ｦ加ｴﾀﾄ今ﾉ人々ﾊ、@思ｯﾃｲﾙﾖｳでｽ。0#P","Most people nowadays believe he persecuted the Myuntos during the colonization."
s_000106,Alshark (System disk).hdm,0x0636EF,"事実、惑星ステアﾉミュントスﾉ村ﾍ行ｹば、ウェｰ・ドゥムナﾊ今でﾓ永遠ﾉ友ﾄｼﾃ、祭ﾗﾚﾃｲﾙﾉでｽ。0#P","In fact, if you go to the village of Myntos on the planet Stair, We Dumna is still worshiped as an eternal friend."
s_000107,Alshark (System disk).hdm,0x063752,"ドゥムナﾆﾄｯﾃ唯一ﾉ友ﾄ呼べﾀﾉが、ミュントス人ﾉサｰトス老師でｱｯﾀｺﾄﾓ見逃ｾﾏｾﾝ。0#P","It cannot be overlooked that the only friend Dumna could call was Master Sartos of Myntos."
s_000108,Alshark (System disk).hdm,0x064139,"スクラップ交換所5スクラップｦ高値で買ｲ取ﾘ@ｲﾀｼﾏｼｮｳ。0#P","Selling SCRAP? I'll give you top CREDIT for it."
s_000109,Alshark (System disk).hdm,0x06532F,"偉大ﾅﾙ老師ウェｰ・ドゥムナﾓﾏﾀ、ミュントスﾉ友でｱｯﾀﾉでｽﾖ。0#P","The great master We Dumna was also a friend of Myntos."
s_000110,Alshark (System disk).hdm,0x065374,"方ﾉ持ｯﾃｲﾙ@三ﾂ葉ﾉ紋章ﾊ、サｰトス老師がドゥムナ老師ﾆ贈ﾗﾚﾀﾓﾉﾅﾉでｽ。0#P","That three-leaf crest was a gift from Master Sartos to We-Dumnah."
s_000111,Alshark (System disk).hdm,0x0657C0,"方が、試練ｦ成ｼ遂げﾀ印ﾄｼﾃ持ﾁ帰ｯﾀｿﾉ緑ﾆ彩ﾗﾚﾀ手ｦ、コルレルﾉ老師ﾆ見ｾﾙﾉでｽ。0#P","He shows the old Correll his green hand, which he brought back as a sign that he has completed his ordeal."
s_000112,Alshark (System disk).hdm,0x06593D,"クッ！@‥‥‥シオン、私ﾊｺﾚ以上、@進ﾒﾅｲﾖｳだ。0_4$","Ugh! ...Sion, I can't go on."
s_000113,Alshark (System disk).hdm,0x065BB4,"一斉ﾆ引ｸﾝだぞ！@0ｾｲﾉｫｰ！0_6鈍ｲ音ﾄ共ﾆ、ﾕｯｸﾘﾄレバｰ6が下ﾆｻがｯﾃｲｷ、ﾔがﾃ機械6が停止ｼﾀ。0#V","Everyone, pull! Heave! The lever slowly gave way with a groan, and the machine stopped."
s_000114,Alshark (System disk).hdm,0x0666C0,"我ﾗミュントスﾉ偉大ﾅﾙ老師@サｰトスﾊ、ドゥムナ老師が@ｵ亡ｸﾅﾘﾆﾅﾙ時、１ﾂﾉ品ｦ預ｶｯﾀﾉでｽ。0#P","Before he passed, Master We-Dumnah entrusted a single item to our master, Saatos."
s_000115,Alshark (System disk).hdm,0x066746,"マントﾊ、ドゥムナ老師ﾉ@思念が込ﾒﾗﾚｼ物で、身ﾆﾂｹﾙ者ﾆ不思議ﾅ能力ｦ授ｹﾙｺﾄがでｷﾙ物ﾅﾉでｽ。0#P","Imbued with Master We-Dumnah's spirit, the mantle grants its wearer wondrous powers."
s_000116,Alshark (System disk).hdm,0x06679F,"ドゥムナ老師ﾉ死後、マｰズ人ﾉ指導者ﾄﾅｯﾀカスタ・バイヤｰﾊ、ｿﾚｦ狙ｲ、サｰトス老師ﾄ我ﾗミュントスｦ追ｯﾀﾉでｽ。0#P","After Elder Dumna's death, Casta Bayer, who became the leader of the Marsians, pursued Elder Sartos and us, Myntos, with this in mind."
s_000117,Alshark (System disk).hdm,0x066836,"サｰトス老師ﾊ、湖ﾉ中ﾆ我ﾗﾉ町ｦ沈ﾒﾙｺﾄﾆﾖｯﾃｿﾉ追求ﾉ手ｶﾗ逃ﾚﾀﾉでｽ。0#P","Elder Sartos escaped his pursuit by sinking our town into a lake."
s_000118,Alshark (System disk).hdm,0x066878,"場所ﾊ、我ﾗﾉ秘密ﾄﾅﾘ、遺志ｦ継ぐ者が現ﾚﾙﾏで、守ﾘ抜ｶﾚﾃｷﾏｼﾀ。0#P","The location has become our secret, guarded until someone comes along to inherit his will."
s_000119,Alshark (System disk).hdm,0x0668F6,"サｰトスﾉ遺跡ﾊ、サｰトス老師が眠ﾙ遺跡ﾅﾉでｽ。0#P","The ruins of Sartos are the ruins where Master Sartos is buried."
s_000120,Alshark (System disk).hdm,0x067277,"今ﾏでﾉ試練ﾊ、ｺｺミカｰﾉ@試練ﾆ比べﾚば、戯ﾚ事ﾓ同じ。0#P","What you've faced was a game. This is the real test."
s_000121,Alshark (System disk).hdm,0x0674AD,"ヤｰクｰ老師ﾉ元ﾍｵ急ぎｸだｻｲ。@ｿｼﾃ、ｿﾉ印ﾀﾙ銀ﾉ粉で彩ﾗﾚｼ掌ｦ見ｾﾙﾉでｽ。0#P","Hurry to Master Yaakuu. The silver dust on your palm is the sign."
s_000122,Alshark (System disk).hdm,0x067966,"が開発ｼﾀばｶﾘﾉ物で、ﾏだ試ｼﾀｺﾄﾊﾅｲが威力ﾊ保証ｽﾙ。0@ｲざﾄｲｳ時ﾆ使ｳﾄｲｲだﾛｳ0#V","It's brand new. Untested, but powerful. Save it for when you're in a jam."
s_000123,Alshark (System disk).hdm,0x067AFA,"惑星サｰタリアﾆﾊ、２ﾂﾉ幻影が存在ｽﾙ。@１ﾂﾊ、コｰリスﾉ塔。@ｿｼﾃ、ﾓｳ１ﾂがザイザル火山0#P","Two phantoms haunt the planet Sartaria: the Tower of Koris, and Zaizaru Volcano."
s_000124,Alshark (System disk).hdm,0x067B4F,"惑星ﾉ中央、巨大ﾅ湖ﾆ浮ｶぶ@２ﾂﾉ島。@大ｷｲ方がコｰリス島。@小ｻｲ方がザイザル島ﾄｲｳ。0#P","In the planet's central lake are two islands: larger Koris, and smaller Zaizaru."
s_000125,Alshark (System disk).hdm,0x067C05,"だが、サｰタリアﾆｱﾙ伝説でﾊザイザルﾉ火口ﾉ中ﾆﾊ、@ザイザｰ鉱ﾄｲｳ神秘ﾉ鉱石が@眠ｯﾃｲﾙﾄｲｳ。0#P","But legend has it that a mystic ore, Zaizaa Ore, sleeps inside Zaizaru's crater."
s_000126,Alshark (System disk).hdm,0x067CC8,"だｯﾀ。@ｺﾉ鉱石ｦ持ｯﾃ行ｸﾄｲｲ。0_6ｿｳ言ｯﾃ、情報屋が差ｼ出ｼﾀ6ﾉﾊ、直径１ミリﾆﾓ満ﾀﾅｲ@6何ｶﾉ原石だｯﾀ。0#P","""Take this ore,"" the informant said, holding out a tiny speck of raw stone."
s_000127,Alshark (System disk).hdm,0x067D8B,"だｶﾗ、実際ﾆどﾉ程度ﾉ威力がｱﾙ物ﾅﾉｶﾓ分ｶﾗﾅｲ。@だが、ｿﾚが唯一ﾉ手がｶﾘﾄﾅﾙﾊずだ。0_3ザイザｰ鉱ﾉ破片6ｦ手ﾆｲﾚﾀ。0#P","I don't know what kind of power it holds, but it's the only clue you've got. (Got the ore fragment!)"
s_000128,Alshark (System disk).hdm,0x06808F,"が手ｦ触ﾚﾙﾄ6石ﾊ、不思議ﾅ光ｦ放ﾁ始ﾒ、@6ｿﾉ下ｶﾗ階段が現ﾚﾀ。0#Q","As you touch the stone, it glows... revealing a staircase!"
s_000129,Alshark (System disk).hdm,0x0680DC,"惑星ティルスｦ治ﾒﾙ@ウュリア王国皇太子ザｰテ・コセ様ﾉ宮殿でｽ。0#P","This is the palace of Prince Zate-Kose of the Ulyria Kingdom."
s_000130,Alshark (System disk).hdm,0x06821F,"ウィガﾉ司政官ﾊ、本当ﾆ残念ﾅｺﾄｦｼﾀが、大切ﾅマイクロ@チップｦｿﾁ達が余ﾉ元ﾆ届ｹﾃｸﾚﾀﾉが、何ﾖﾘﾉ救ｲだ。0#P","The Wiga administrator's betrayal was a blow, but you've saved us by bringing me this microchip."
s_000131,Alshark (System disk).hdm,0x0682A8,"我々ﾊ、マｰズ連邦最強ﾉ部隊、チャウスノｰミュだ！0#P","We are the Mars Federation's strongest unit, Chaus Nomu!"
s_000132,Alshark (System disk).hdm,0x068369,"申ｼ訳ﾅｲ。@初代国王が生ｷﾃｲﾀﾉﾊ、@２００年以上ﾓ昔ﾉｺﾄ故、余ﾆﾊ分ｶﾘｶﾈﾙ。0#P","I'm sorry. That was over 200 years ago. The details are lost to time."
s_000133,Alshark (System disk).hdm,0x0683B7,"だ。@惑星ウュルトリアﾉ王宮図書館でﾅﾗ、何ｶ手がｶﾘがﾂｶﾒﾙｶﾓｼﾚﾝ！0#P","Try the Royal Library on Wyrltoria. You may find a lead there!"
s_000134,Alshark (System disk).hdm,0x0684B7,"知ｯﾃﾉ通ﾘ、ウュリアﾉ現国王でｱﾙイｰル・コセﾊ、余ﾉ父でｱﾙ。0#P","As you know, Iel Kose, the current king of Urria, is my father."
s_000135,Alshark (System disk).hdm,0x0684F8,"王ﾊ、何ｦｵ考ｴﾅﾉｶゾリアスﾄ開戦ｼﾃｵｷﾅがﾗ、兵ｦ押ｼ進ﾒﾖｳﾄｾず、@防戦一方。0#P","What is the king thinking? We're at war with Zolius, yet we only defend."
s_000136,Alshark (System disk).hdm,0x068542,"結果、ゾリアスﾊ増長ｼ、@今ﾔｿﾉ兵力ﾊ、ウュリアﾄ互角0ｲﾔ、ｿﾚ以上ﾆﾅﾛｳﾄｼﾃｲﾙ。0#P","Now Zolius's forces rival our own... No, they're becoming even stronger!"
s_000137,Alshark (System disk).hdm,0x06882C,"でﾊ、ウュルトリアﾍﾉ@通行許可証ｦ持ｯﾃ行ｶﾚﾙﾄ@良ｶﾛｳ。0#P","You'll need this transit permit for Wyrltoria."
s_000138,Alshark (System disk).hdm,0x0690BF,"惑星マｰズ行ｷﾉチケットﾊ、@２５０クレジットﾆﾅﾘﾏｽ。@ご利用ﾅｻｲﾏｽｶ？0#Y","A ticket to Mars is 250 CREDIT. Want to buy one?"
s_000139,Alshark (System disk).hdm,0x069149,"惑星ステア行ｷﾉチケットﾊ、@２２０クレジットﾆﾅﾘﾏｽ。@ご利用ﾅｻｲﾏｽｶ？0#Y","A ticket to Stea is 220 CREDIT. Want to buy one?"
s_000140,Alshark (System disk).hdm,0x069575,"ぞﾔﾊ、@ｱﾘがﾄｳござｲﾏｼﾀ。0ｿｳｿｳ、ﾏだ、ｵ礼ｦ@ｼﾃﾏｾﾝでｼﾀﾜﾈ。0_4ミｰア5私が、ﾏだ、エムリア様ﾆ仕ｴﾃｲﾀ頃、皇女様ﾉ部屋ﾉ額縁ﾉ裏ﾆ、護身用ﾉレイソｰドｦ隠ｼﾃｵｷﾏｼﾀﾉ。0_4ミｰア5ﾖﾛｼｹﾚば、ｵ使ｲｸだｻｲ。#S","Thank you. I almost forgot your reward. Back when I served the princess, I hid a Raysword behind a picture frame in her room. It's yours if you want it."
s_000141,Alshark (System disk).hdm,0x069696,"ゴキブリﾖ、ゴキブリ！@ﾓｳｺﾝﾅ所、ｲﾔｧｰ‥‥！！46（エコｰｦｶｹﾃ読ﾓｳ！）0_46ﾏｯﾀｸ、休ﾝだｺﾄﾆ@46ﾅﾗﾅｶｯﾀﾉでｱｯﾀ！！#X","Roaches! So many roaches! Get me out of this dump! So much for a relaxing break..."
s_000142,Alshark (System disk).hdm,0x0698FE,"イｰル王ｦ殺ﾗｾﾙﾜｹﾆﾊ@ｲｶﾝ！！0_6騎士ﾊｿｳ叫ぶﾄ、腰ﾆ帯びﾀ@6レイソｰドｦ抜ｷ放ｯﾀ。@6ﾋﾙがｴﾙマントﾉ隙間ｶﾗ、@6彼が身ﾆﾂｹﾃｲﾙ甲冑が見ｴﾀ0#Z","""I won't let you kill King Eele-Kose!"" The knight drew his Raysword, his armor glinting from beneath a swirling cape."
s_000143,Alshark (System disk).hdm,0x06A147,"スクラップ交換所5スクラップｦクレジットﾆ@両替ｼﾏｼｮｳ。0#P","Scrap Exchange: Trade your SCRAP for CREDIT."
s_000144,Alshark (System disk).hdm,0x06A50B,"スクラップ屋5スクラップが、欲ｼｲﾝﾅﾗ、@勝手ﾆ持ｯﾃｯﾃｸﾚ。0#B","Scrap Yard: Want some SCRAP? Help yourself."
s_000145,Alshark (System disk).hdm,0x06A8D9,"実ﾊ、ﾄｱﾙ事情ｶﾗ、ｺﾉ星ﾉ極点ﾆどｳｼﾃﾓ行ｶﾅｸﾁｬｱﾅﾗﾈｪﾝだが、氷上車がﾅｸﾃｺﾏｯﾄﾙﾝじｬｲ。0#P","Actually, due to certain circumstances, I have to go to the pole of this planet, but without an ice vehicle, it will be a bit of a hassle."
s_000146,Alshark (System disk).hdm,0x06ABD6,"言ｲﾆｸｲﾝだが、どｳｼﾃﾓ@取ﾘ替ｴﾙ必要ﾉｱﾙパｰツが、結構、値段ﾉﾊﾙﾓﾉで、３００クレジットｶｶｯﾁﾏｳﾝだ。0#Y","Look, there's a part I have to replace. It's not cheap... gonna run you 300 CREDIT."
s_000147,Alshark (System disk).hdm,0x06B0E0,"武器屋5ゾリアスﾄ戦端が開ｶﾚﾃｶﾗ、ｺﾉ星ﾆﾓ、奴ﾗﾉ殺人兵器が@大量ﾆ送ﾘ込ﾏﾚﾃｷﾃｲﾙ。0#G","Weapon Shop: Since the war with Zolius broke out, their weapons are all over."
s_000148,Alshark (System disk).hdm,0x06B136,"スクラップ屋5スクラップｦクレジットﾆ@両替ｼﾏｼｮｳ。0#P","Scrap Shop: We buy SCRAP."
s_000149,Alshark (System disk).hdm,0x06B5DF,"ど、どｺﾉ‥‥ｵ方ｶ‥‥存じ@‥‥ﾏｾﾝが‥‥、ゼクドゥルスﾉ‥‥火炎ﾆ‥‥ﾔﾗﾚ‥‥‥、ｺﾉ‥‥ｱﾘｻﾏ‥‥でｽ。0#P","I... I don't know who you are... but a monster's flames... left me like this..."
s_000150,Alshark (System disk).hdm,0x06B772,"達ﾊ、何者だ！@ゾリアスﾄﾉ交戦状態ﾆｱﾙ中、怪ｼｲ者ｦ通ｽｺﾄﾊでｷﾅｲ！0#B","Who are you?! We're at war with the Zolius! I can't let anyone suspicious pass!"
s_000151,Alshark (System disk).hdm,0x06C1DC,"当店ﾊ、安ｻが自慢ﾉ武器屋でｽディスカウントｼﾏｽﾖ。#G","We are a weapon store that prides itself on low prices, so we offer discounts."
s_000152,Alshark (System disk).hdm,0x06C2E7,"ウュルトリア１ﾉ品ぞﾛｴ！@ｺｺで武器ｦ買ｯﾃ行ｹば、@恐ｲﾓﾝﾅｼｻ。0#G","Ulyria's #1 weapon shop! Buy from us and fear nothing!"
s_000153,Alshark (System disk).hdm,0x06C52E,"噂ﾆｼｶｽぎﾅｲﾉでｽが、惑星ヒュリスﾆ棲ﾑﾄｲｳ火炎獣ﾉ肝ｦ食べﾙﾄ、不老長寿ﾆﾅﾚﾙﾄｶ。0#P","It's only a rumor, but it's said that if you eat the liver of a fiery beast that lives on the planet Hyris, you can become immortal and live a long life."
s_000154,Alshark (System disk).hdm,0x06C65A,"現在、激戦ﾉ繰ﾘ広げﾗﾚﾃｲﾙＺ１２７恒星系ﾆ、ゾリアスﾊ、巨大ﾅ要塞ｦ築ｷ上げﾀ。0#P","Zorias has built a huge fortress in the Z127 star system, where a fierce battle is currently taking place."
s_000155,Alshark (System disk).hdm,0x06C6F9,"イｰル様ﾉｵ側ﾆ仕ｴﾃｲﾙ@デュｰク・ギｰデル様ﾊ、@ウュリア人ﾆﾊ珍ｼｲ赤毛ｦ@ﾅｻｯﾃﾏｽﾉ。0#P","Duke Giedel, who serves King Eele-Kose, has red hair--a rarity among Ulyrians."
s_000156,Alshark (System disk).hdm,0x06C8F5,"ザｰテ皇太子ﾊ、惑星ティルスﾆ追放ﾉ身ﾄﾅｯﾃｼﾏｯﾀﾉだが側近ﾉ女ｦ鍛ｴ上げ、親衛隊ﾄｼﾀﾗｼｲ。0#P","Crown Prince Zate was exiled to the planet Tire, but apparently he trained the women in his inner circle and made them into the Imperial Guard."
s_000157,Alshark (System disk).hdm,0x06C979,"皇女ﾉエムリア様ﾊ、ｿﾚﾊ大変ﾆｵ美ｼｲ方で、国民ﾉ憧ﾚﾉ的でｽﾜ。0#P","Princess Emria is extremely beautiful and is the object of the admiration of the people."
s_000158,Alshark (System disk).hdm,0x06D836,"彼女ﾆ伝ｴﾃｸだｻｲ。@エムリアﾊ、一緒ﾆ王宮ｦ抜ｹ@出ｼﾃ遊ﾝだｱﾉ日ｦ、一生、@忘ﾚﾏｾﾝﾄ。#S","Tell her... Emuria will never forget the day we snuck out of the palace together."
s_000159,Alshark (System disk).hdm,0x06E369,"確ｶﾆ命ﾊﾅ‥‥0_4$
5ﾔﾊﾘ、勘違ｲｼﾃｲﾙﾖｳだﾅ0ｵﾏｴ達ﾊ、ザｰテがどｳｲｳ男ｶ知ﾗﾇﾉだ。0_4$
5ﾏｱ良ｲ。@惑星ティルスﾆ戻ﾚばﾊｯｷﾘ@ｽﾙだﾛｳ。0_4$
5ｿｳだ、噂ｦ流ｼ、ｵﾏｴ達が、イｰル王ｦ暗殺ｼﾀｺﾄﾆｼﾃ@ｵｲﾃﾔﾙ。0_4$
5ｿｳｽﾚば、簡単ﾆザｰテﾉ元ﾆ行ｸｺﾄが、でｷﾙだﾛｳｶﾗﾅ0#K","I'll let you live... for now. You're fools. You have no idea who Zate really is. Fine. You'll find out on Planet Tirus. I'll even help... by framing you for King Eele-Kose's murder! That should get you to Zate in no time."
s_000160,Alshark (System disk).hdm,0x06E516,"王ﾊ、慈悲深ｲｵ方だ。0_4$
5ｺﾚでｵﾏｴ達ﾉ罪ｦ許ｽばｶﾘでﾊﾅｸ、約束通ﾘ、望ﾐｦ@ｶﾅｴﾃﾔﾛｳﾄｵｯｼｬｯﾃ@ｵﾗﾚﾙ。0#Z","The King is merciful. Not only are your crimes forgiven, but he will grant your wish as promised."
s_000161,Alshark (System disk).hdm,0x06F127,"主ﾆ秘力ﾉ奥義ﾉﾅﾝﾀﾙｶｦ伝ｴﾙ前ﾆ、ﾏずﾊ、カｰマﾆ@ﾂｲﾃ、ﾜｼが、師ドゥムナﾖﾘ聞ｲﾀｺﾄｦ話ｻﾈばﾅﾙﾏｲ。0#P","Before I teach you the ultimate power, I must tell you of Karma, as my master We-Dumnah told me."
s_000162,Alshark (System disk).hdm,0x06F485,"だｹﾊ、違ｯﾃｲ6ﾀ。ｱﾉ時、ドゥムナﾉ棺ﾆ触ﾚ6ﾀﾄｷﾆ、瞬間的ﾆ流ﾚ去ｯﾃｲ6ｯﾀｱﾉ記憶ﾉ映像が、再びﾖﾐ6がｴﾙ。ｱﾚﾊ‥‥0#P","But something was different. The vision I saw when I touched We-Dumnah's coffin... it's all coming back."
s_000163,Alshark (System disk).hdm,0x06F4EB,"知ｯﾃﾉ通ﾘ、ティリュｰトｯﾃﾉﾊ、他ﾉ生物ﾉ肉体がﾅｹﾚばｺﾉ世ﾆ存在ｽﾙｺﾄﾊでｷﾝ。0#P","As you know, Tilyut cannot exist in this world without the body of another creature."
s_000164,Alshark (System disk).hdm,0x06F562,"ラルアﾄカｰマﾉ争ｲﾊ、種族ﾉ宿命ﾄｼﾃ、カｰマﾊ、宇宙ﾉ@崩壊ｦ、ラルアﾊ、宇宙ﾉ維持ｦ目的ﾆ戦ｯﾃｷﾀ。0#P","The conflict between Larua and Karma is our destiny. Karma seeks to destroy the universe; Larua fights to protect it."
s_000165,Alshark (System disk).hdm,0x06F5C5,"時ﾆﾅｯﾃ、ラルアﾉ指導者ﾊ気がﾂｲﾀﾉじｬ。0_ｺﾉ争ｲ自体が、ｽﾅﾜﾁ、@ラルアﾄカｰマが様々ﾅ宇宙ﾉ@生命体ﾆ融合ｼ戦ｲｦ繰ﾘ広げﾙｺﾄｿﾉﾓﾉが、宇宙ｦ崩壊ｻｾﾃｼﾏｳﾉでﾊﾅｲｶﾄ。0#P","At last, the leaders of Larua saw the truth. Their endless war with Karma, fought through the bodies of others, was unraveling reality itself."
s_000166,Alshark (System disk).hdm,0x06F658,"だが、カｰマﾉ野望ｦ打ﾁ砕ｸ@ﾀﾒﾆﾊ、ラルアﾓﾏﾀ、他ﾉ@生命体ﾉ肉体ｦ借ﾘﾙ必要が@ｱｯﾀ。0#P","But to defeat Karma, Larua had to fight fire with fire... by using hosts."
s_000167,Alshark (System disk).hdm,0x06F6AC,"ラルアﾉ肉体ﾄｼﾃ、@他ﾉ生命体ﾉ代ﾜﾘｦ果ﾀｽ肉体ｦ創ﾘ出ｼﾀﾉじｬ。0#P","So they created vessels to act as hosts for Larua."
s_000168,Alshark (System disk).hdm,0x06F747,"以降、ラルアﾊ、カｰマﾆ@ﾎﾄﾝど負ｹﾅｶｯﾀｿｳじｬ。0_師ドゥムナﾊﾅｧ、ｲﾔ、正確ﾆｲｳﾄ、師ﾆ融合ｼﾀラルアﾊ、ラルアﾉ戦士でﾓｿﾉ経験ﾄ戦歴ﾆｵｲﾃ、他ﾆ追随ｦ許ｻﾅｲ@ﾎどﾉ力ｦ持ｯﾃｵｯﾀ。0#P","After that, Larua almost always won. The Larua fused with We-Dumnah was the most powerful of all, a warrior whose experience was second to none."
s_000169,Alshark (System disk).hdm,0x06F7E9,"融合ｼﾀマｰズ人。@ｽﾅﾜﾁ、師ドゥムナﾉ方が問題じｬｯﾀ。0#P","The problem wasn't Larua, but We-Dumnah himself."
s_000170,Alshark (System disk).hdm,0x06F81F,"ラルアﾆ負ｹﾇｿﾉ意思ﾉ力ﾊ、逆ﾆ融合ｼﾀラルアﾉ精神ｻｴｦﾓ支配ｼ、マｰズ人ｦ反乱ﾆ導ｲﾀ。0#P","The power of his will, which rivaled that of Larua, even controlled the spirit of the fused Larua, leading the Mars people to revolt."
s_000171,Alshark (System disk).hdm,0x06F86E,"ラルアﾉ戦士ﾄｼﾃ仕立ﾃｱげﾗﾚﾙﾊずﾉマｰズ人２０億人ｦ、２万隻ﾉ大艦隊ｦ用ｲﾃ、@惑星ラルアｶﾗ脱出ｻｾﾀﾉﾖ。0#P","He led an exodus of 2 billion Martians, saving them from being turned into Larua's army."
s_000172,Alshark (System disk).hdm,0x06F9E5,"師ドゥムナﾉ秘力ﾉ奥義ﾄﾊ、@カｰマｦ肉体ﾆ封じ込ﾒ、@ｿﾉﾏﾏ滅ｽﾙ法ﾉｺﾄﾖ。0#P","His secret art: to seal Karma within himself, and perish with it."
s_000173,Alshark (System disk).hdm,0x06FA2B,"力ﾊﾅｧ、ｺﾉ珠ﾉ力ﾅﾉﾖ0_6ｿｳ言ｯﾃ、ラミュｰが取ﾘ出ｼ6ﾀﾉﾊ、黒真珠ﾉﾖｳﾅ黒色ｦｼ6ﾀ宝石で、緑ﾉ光沢ｦ持ﾁ、ｿﾉ6台座が革紐で結ばﾚﾃｲﾀ。0#P","The power... it's the power of this orb. He held up a black pearl with a green sheen, tied to a leather strap."
s_000174,Alshark (System disk).hdm,0x06FAA3,"主が、遺志ｦ継ぐ者ﾄﾅｯﾀ時ｿﾉ潜在意識ﾉ中ﾆｺﾉ珠ﾉ使ｲ方が記憶ｻﾚﾃｲﾙﾊずじｬ。0#P","When the master becomes the inheritor of his will, he should remember how to use this bead in his subconscious mind."
s_000175,Alshark (System disk).hdm,0x06FB8B,"珠が@師ドゥムナﾉ物でｱｯﾀﾖｳﾆ、今ﾊ、遺志ｦ継ぐ者ﾉ物じｬ。0#P","The orb was We-Dumnah's. Now it's for his successor."
s_000176,Alshark (System disk).hdm,0x06FC4B,"ば、行ｸが良ｲ。@行ｯﾃ、自ﾗﾉ手でマｰズ人ﾉ@未来ｦ切ﾘ開ｸﾉじｬ！0#P","Now, go! The future of the Martians is in your hands"
s_000177,Alshark (System disk).hdm,0x06FD6E,"が、３００年ﾓ生ｷﾄﾙｺﾄｦ不思議ﾆ思ｯﾄﾙﾖｳじｬﾅ。0ｿﾉ秘密ﾊ、実ﾊ、ｺﾉ星ﾉ溶岩地帯ﾆ潜ﾑ火炎獣ﾆｱﾙﾝじｬ。0#P","Wondering how I've lived 300 years? The secret is the Fire Beast that lurks in this planet's lava zone."
s_000178,Alshark (System disk).hdm,0x06FE78,"シオンﾄｲｯﾀﾅ。@ｵ主ﾆﾊ、どｺｶ師ﾉ面影ｦ感じﾃｼﾏｳﾜｨ。","Something like Shion. I can feel some traces of my master in you."
s_000179,Alshark (System disk).hdm,0x070092,"ドックﾉ使用ﾆ関ｼﾃﾊ、@１５００クレジットﾉ使用料ｦ@頂ｷﾏｽが‥‥@使用ﾅｻｲﾏｽｶ？0#Y","The fee for using the dock is 1500 CREDIT. Will you pay?"
s_000180,Alshark (System disk).hdm,0x070395,"惑星ビュｰト機動上ﾆ@位置ｽﾙ連邦ﾉ軍事ステｰションでｽ。0#P","This is the Federation military station in Bute's orbit."
s_000181,Alshark (System disk).hdm,0x070758,"スクラップ屋5勝敗ﾉ帰趨ﾊ、メカニックﾉ@腕ｼだｲだぜ！0#P","Winning or losing... it all comes down to the mechanic!"
s_000182,Alshark (System disk).hdm,0x0708F4,"達ﾊ、ノｰザンﾉ砦でｱｯﾀ‥‥0_4$
5君がドクウェルﾄｲｳ帝国軍ﾉ@脱走兵ｶ？0#P","You're Docwell? The deserter from the Zolius Empire?"
s_000183,Alshark (System disk).hdm,0x070975,"申ｽ。0_4$
5訳ｱｯﾃ、ベック・ゴｰギャンﾄｲｳ男ｦ捜ｼﾃｲﾙﾉだが、@心当ﾀﾘﾊﾅｲだﾛｳｶ。0#P","I'm looking for a man named Beck Gauguin. Have you seen him around?"
s_000184,Alshark (System disk).hdm,0x0709F8,"何ｦｶｸｿｳ、俺ﾊ、ベック参謀ﾉ部下でﾈ。@一緒ﾆ脱走ｼﾃｷﾀﾝだ。0#P","I served under Commander Beck. We deserted together."
s_000185,Alshark (System disk).hdm,0x070A57,"参謀ﾊ、サリバン将軍ﾆ命令が@下ｯﾀｱﾙ作戦ﾆ反対ｼﾃ、ｿﾚｦ止ﾒﾙ為ﾆ脱走ｼﾀﾝだ。0#P","Beck opposed an order from Novel Sullivan. He deserted to stop the op."
s_000186,Alshark (System disk).hdm,0x070B25,"でﾓ太陽でﾓ何でﾓ@吹ｷ飛ばｼﾁﾏｳｺﾄがでｷﾙ@ｸﾗｲﾉ威力がｱﾙﾗｼｲ。0_4$
5ｿﾚで、ベック殿ﾊ、どｺﾆ‥‥0#P","They say it's got the power to shatter a sun. And Beck... where is he?"
s_000187,Alshark (System disk).hdm,0x070B7F,"俺ﾓ止ﾒﾀﾝだｹど聞ｶﾅｸｯﾃﾖ。@惑星ゾカヘルﾉ宙軍補給基地ﾆ@向ｶｯﾀﾖ。!0#P","I couldn't stop him. He's headed for the Zokaheru supply base."
s_000188,Alshark (System disk).hdm,0x070C0A,"サイコジェネレｰタｶﾗ発ｻﾚﾙ特殊精神波ｦ止ﾒﾙｺﾄﾉでｷﾙリングｻ。0_4$
5ﾜｶｯﾀ、ｱﾘがﾄｳ。#S","This ring blocks the Psycho Generator's psychic waves. Got it, thanks."
s_000189,Alshark (System disk).hdm,0x070D87,"ベック・ゴｰギャンﾄｲｳ男ｦ捜ｼﾃｲﾙﾉだが、@心当ﾀﾘﾊﾅｲだﾛｳｶ。0#P","I'm looking for a man named Beck Gauguin. Seen him?"
s_000190,Alshark (System disk).hdm,0x0711B0,"恒星系ﾊ、帝国軍ﾄ王国軍ﾉ最前線。ﾏｻﾆ地獄ﾉ一丁目ﾖﾈ0#P","The star system is the front line of the Imperial and Kingdom forces. It's just like hell"
s_000191,Alshark (System disk).hdm,0x071241,"密売人ｶﾗ情報屋ﾏでアウトロｰﾆﾄｯﾃ必要ﾅﾓﾉが全ﾃｿﾛｯﾃｲﾙﾝだ。0#P","It has everything an outlaw needs, from smugglers to informants."
s_000192,Alshark (System disk).hdm,0x0712E0,"だが、サイコジェネレｰタｦ持ｯﾀＭＰﾆ発見ｻﾚﾀﾗﾄ思ｳﾄ、恐ﾛｼｸﾃｲｹﾈｪ。0#P","However, the thought of being discovered by an MP with a psycho generator is terrifying."
s_000193,Alshark (System disk).hdm,0x0718E7,"だが、ｺｲﾂﾊ、一筋縄じｬｲｶﾈｪぜ。@分ｶｯﾀﾄｺﾛで、奴ﾗﾉ基地ｶﾗぶﾝどﾙｼｶ方法ﾊﾈｪｶﾗﾅ0#P","Knowing where it is won't help. We still have to raid their base for it."
s_000194,Alshark (System disk).hdm,0x071934,"ず、惑星アスクﾉ帝国資源発掘基地ﾆﾊ、ウィｰガｰ鉱ﾄｲｳ@航宙艦ﾉフレｰムﾆ使ﾜﾚﾙ新型素材が開発ｻﾚﾀｿｳだ。0#P","Word is, the Empire's base on Planet Ask has a new material for ship frames: Weeger Ore."
s_000195,Alshark (System disk).hdm,0x07199A,"惑星サチﾉ帝国燃料精錬所ﾆﾊ、新型ﾉエンジンが保管ｻﾚﾃｲﾙﾗｼｲ。0#P","It seems that a new type of engine is being stored at the Imperial Fuel Refinery on Planet Sachi."
s_000196,Alshark (System disk).hdm,0x071A3B,"辺ﾘﾉ惑星だｯﾀﾗ、ﾏず、惑星ポレダが手薄ﾄｲｴﾙﾅ。@ﾏｱ、装備自体が旧式だｶﾗﾅ。0#P","If you're looking for a weak spot, try Planet Poreda. Their tech is ancient."
s_000197,Alshark (System disk).hdm,0x071B25,"最新鋭ﾉ帝国宙軍惑星@制圧部隊が派遣ｻﾚﾃｲﾃ、宙軍補給基地ｦ守ｯﾃｲﾙｶﾗﾅ。0#P","The Zolius Empire sent its best troops to guard the supply base."
s_000198,Alshark (System disk).hdm,0x071CD4,"ドクウェルﾉ奴だｯﾀﾗ、知ｯﾃﾙﾖ。0@ﾀｼｶ、サｰタリアﾉコｰディルﾉ町ﾍ行ｸｯﾃｲｯﾃﾀぜ。#M","Dokwel? Yeah, that guy. He mentioned going to Cordil over in Sartaria."
s_000199,Alshark (System disk).hdm,0x07306F,"基地司令官5ﾊｰｯ、ﾊｯﾊｯﾊｯ！@ｵﾏｴ達ﾆﾑざﾑざウィｰガｰ鉱ｦ渡ｽﾓﾉｶ！0_4基地司令官5帝国ﾉ誇ﾙ装甲砲台ﾉ餌食ﾄﾅｯﾃ、死ﾈｨ！！！0#N","Hah hah hah! Give you the Weeger Ore? Don't make me laugh! Now, become scrap for our prized armored turret! Die!"
s_000200,Alshark (System disk).hdm,0x073688,"一般ゾリアス人ﾉ生活ﾅﾝﾃ、@ｿﾘｬｱ悲惨で‥‥@国民ﾊ、サンタナ教ﾉ信者ﾆﾅﾙｺﾄｦ義務づｹﾗﾚﾃｲﾏｽｼ。0#P","It's a miserable life for the common Zolius. We're all forced into the Santhana Church."
s_000201,Alshark (System disk).hdm,0x073781,"客ｻﾝ、ｲｲ事ｦ教ｴﾏｼｮｳ0_帝国ﾉ誇ﾙ要塞バルバスﾆﾊ、@通路ｦ遮断ｽﾙ橋がｱｯﾃ、@要塞内ﾆ隠ｻﾚﾀスイッチｦ起動ｼﾅｲﾄ架ｶﾗﾅｸﾅｯﾃｲﾙｿｳでｽ。0#P","Psst, listen. In the Zolius fortress Barbas, a bridge blocks the path. You'll have to find a hidden switch inside to get it down."
s_000202,Alshark (System disk).hdm,0x073BAE,"通路ｦ遮断ｽﾙ橋がｱｯﾃ、@要塞内ﾆ隠ｻﾚﾀスイッチｦ起動ｼﾅｲﾄ架ｶﾗﾅｸﾅｯﾃｲﾙｿｳでｽ。0#P","To lower the bridge, you have to find a hidden switch in the fortress."
s_000203,Alshark (System disk).hdm,0x074095,"Ｚ１２７恒星系ﾉ要塞バルバスﾆ攻ﾒ込ﾑﾂﾓﾘﾅﾗ、惑星ヨスヌﾔ惑星ヴォンﾆｱﾙ帝国ﾉ研究施設ｦ叩ｲﾄｲﾀﾎｳがｲｲぜ。#S","If you plan on attacking the fortress Barbas in the Z127 star system, you'd better attack the Empire's research facilities on planet Yosnu and planet Von."
s_000204,Alshark (System disk).hdm,0x0740F9,"超重力シｰルドｦ止ﾒﾙ秘密ﾊ、要塞バルバスﾉ司令ララウェルが知ｯﾃｲﾙﾗｼｲ。#S","Apparently Larawell, the commander of the fortress Barbas, knows the secret to stopping the super gravity shield."
s_000205,Alshark (System disk).hdm,0x07482D,"アイテムフルエラｰ発生！@4リセット後、@4デｰタｦロｰドｼﾃｸだｻｲ。0#G","Inventory full! Please reset and load your saved data."
s_000206,Alshark (System disk).hdm,0x075102,"ヒルジャホテル5ｲﾗｯｼｬｲﾏｾ。@ご宿泊ﾊ、１００クレジットﾄ@ﾅｯﾃｵﾘﾏｽ。@ｵ泊ﾏﾘﾅｻｲﾏｽｶ？0#Y","Welcome to the inn. A room for the night is 100 CREDIT. Would you like to stay?"
s_000207,Alshark (System disk).hdm,0x075162,"アイテムショップ5ｲﾗｯｼｬｲﾏｾｪ～。@何ｶ必要ﾅ物がござｲﾏｽｶ？0#G","Welcome! What can I get for you today?"
s_000208,Alshark (System disk).hdm,0x0756E7,"が必死で飲ﾝだﾉﾖﾘﾓ@6１杯多ｸ飲ﾝだ酔ｯぱﾗｲﾊ、@6余裕ﾉ表情ｦ浮ｶべﾀ。0#G","The drunkard downed one more drink, a confident smirk on his face."
s_000209,Alshark (System disk).hdm,0x0758C6,"ザイザｰ鉱石ﾉ破片ｦ持ｯﾃｲﾙだﾄ？！0_4ウュリアﾉ貴族5ぜﾋ売ｯﾃｸﾚﾅｲｶ？@２００００クレジット払ｵｳ。0#Y","A fragment of Zaiser Ore?! You have one?! Please, sell it to me! I'll pay 20,000 CREDIT!"
s_000210,Alshark (System disk).hdm,0x075A66,"コｰリスﾉ塔ﾉ最上階で、@6トレジャｰボックスｦ見ﾂｹﾀ。0_3月ﾉ光6ｦ手ﾆｲﾚﾀ。#S","Atop Coris Tower, you found a treasure chest. Inside was Moonlight!"
s_000211,Alshark (System disk).hdm,0x078320,"今日ﾊ、サンダｰボルトが仕入ﾚﾃｱﾙぜ。@３００００クレジットで売ｯﾃﾔﾙﾖ。0#Y","Got a fresh Thunderbolt in today. Price is 30,000 CREDIT. Interested?"
s_000212,Alshark (System disk).hdm,0x0783F2,"今日ﾊ、ファイヤｰバスタｰが、@入荷ｼﾃﾙぜ。@５００００クレジットで売ｯﾃﾔﾙﾖ。0#Y","Look what just came in, a Fire Buster. 50,000 CREDIT if you want it."
s_000213,Alshark (System disk).hdm,0x078460,"今日ﾊ、エレキュｰトが、@入荷ｼﾃﾙぜ。@８００００クレジットで売ｯﾃﾔﾙﾖ。0#Y","Got a rare Elecute in today. It's a steal at 80,000 CREDIT."
s_000214,Alshark (System disk).hdm,0x0784C9,"今日ﾊ、レイバスタｰが、@入荷ｼﾃﾙぜ。@１２００００クレジットで売ｯﾃﾔﾙﾖ。0#Y","Just got a Raybuster in stock. Yours for a cool 120,000 CREDIT."
s_000215,Alshark (System disk).hdm,0x0790AD,"ザイザｰ鉱石ﾉ破片ｦ持ｯﾃｲﾙだﾄ？！0_4ウュリアﾉ貴族5ぜﾋ売ｯﾃｸﾚﾅｲｶ？@５０００００クレジット払ｵｳ。0#Y","A shard of Zaizer Ore?! I must have it! I'm a noble of Ulyria. I'll pay 500,000 CREDIT!"
s_000216,Alshark (System disk).hdm,0x07E0EA,"シオンだｯﾃ分ｶﾙﾊずﾖ！@0‥‥ごﾒﾝﾅｻｲ、ｵば様。@‥‥私‥‥‥0_4$","Sion has to understand! ...I'm sorry, Auntie... I..."
s_000217,Alshark (System disk).hdm,0x083685,"ラッセルガイヤｰﾉ航路ﾊ、航法コンピュｰタﾆインプットｻﾚﾃｲﾙﾜ。@後ﾊ、ワｰプﾆ突入ｽﾙだｹﾖ。0_43航法コンピュｰタ56目的地点ﾊ設定完了。@6ワｰプﾍ突入ｼﾏｽｶ？#Y","The Russelgaia's course is locked in. The nav-computer is ready. Destination set... Engage warp?"
s_000218,Alshark (System disk).hdm,0x0837C5,"ブラッジﾉデｰタｯﾃﾉﾊ、理論だｹで、実際ﾉ設計図がｱﾙﾜｹじｬﾅｲｶﾗ、ﾓｳ少ｼ開発ﾆﾊ時間がｶｶﾘｿｳじｬﾜｨ。#S","The Bludge data is only a theory, and there is no actual blueprint, so it looks like it will take a little more time to develop it."
s_000219,Alshark (System disk).hdm,0x052951,"達ﾊホテルで一夜ｦ過ごｼ46体調ｦ完全ﾆ整ｴﾀ。0#X","You rest for the night. Everyone feels great!"
s_000220,Alshark (System disk).hdm,0x054B95,"が、操縦席ﾆ腰ｶｹﾙﾄ@6同時ﾆ、艦内ﾉ警報がｹﾀﾀﾏｼ6ｸ鳴ﾘ響ｲﾀ。0#Z","The moment he sat down, alarms screamed through the ship."
s_000221,Alshark (System disk).hdm,0x056E1F,"分ｶﾘﾏｼﾀ。@後ﾊ、俺ﾀﾁﾆ任ｾﾃｸだｻｲ。ラッセルガイヤｰﾉ動ｷｦ止ﾒﾃﾐｾﾏｽ。0#P","Understood. We'll take it from here. We WILL stop the Russelgaia!"
s_000222,Alshark (System disk).hdm,0x05B33D,"キドゥンだｯﾀﾗ、地下酒場ﾆ行ｹば手ﾆ入ﾙﾄ思ｳﾖ。0@#G","Looking for Kidun? Try the underground bar."
s_000223,Alshark (System disk).hdm,0x05C19A,"が握手ｽﾙﾄ、若々ｼｲ@6司令官ﾊ、ﾆｺﾘﾄ微笑ﾝで、@6世辞ｦ述べﾀ。0#P","The young commander smiled warmly and offered a compliment."
s_000224,Alshark (System disk).hdm,0x05CA8D,"詳細ﾊ不明だがどｳﾓゾリアスﾆ受ｹ渡ｿｳﾄｼﾃｲﾀﾖｳだ。0#P","The details are unknown, but it seems like he was trying to hand it over to Zorias."
s_000225,Alshark (System disk).hdm,0x05CBD5,"だ。ｿｺで生物が突然変異ｦ起ｺｼ、人ｦ襲ｳｺﾄがｱﾙｿｳだ。0#P","is. It is said that these creatures sometimes mutate and attack humans."
s_000226,Alshark (System disk).hdm,0x05E4A4,"ぐだぐだ言ｯﾃﾈｪで、引ｷ上げﾙぞ！@任務ﾊ終ﾜｯﾀﾝだ。#W","Don't say so much, I'll pull you out! The mission is over."
s_000227,Alshark (System disk).hdm,0x060EF4,"潜在意識ﾆｳｴﾂｹﾗ6ﾚﾀ奥義ｦﾌﾙｯﾀ。0_6カｰマﾊ、彼ﾗﾉ肉体ﾆ封じ込ﾏ6ﾚﾀ！0#G","He unleashed a hidden art, sealing Karma within their flesh"
s_000228,Alshark (System disk).hdm,0x0640A0,"ホテル5ｵ泊ﾏﾘでｽｶ？@ご宿泊ﾊ、３０クレジットﾆﾅﾘﾏｽが？0#Y","Staying the night? It's 30 CREDIT."
s_000229,Alshark (System disk).hdm,0x065125,"別ﾆ商売ｼﾖｳｯﾃﾜｹじｬﾅｲﾝだｹど、必要だｯﾀﾗツｰルｦ売ｯﾃ上げﾙﾖ。0#Y","It's not like I'm trying to do business, but I'll sell the tools if you need them."
s_000230,Alshark (System disk).hdm,0x067A8E,"実ｦｲｳﾄ、惑星サｰタリアﾉ謎ﾆ関ｼﾃﾊ、俺ﾆﾓｿﾉ核心ﾏでﾊ、ﾊｯｷﾘﾄ、ﾜｶｯﾁｬｲﾅｲﾝだ。0#P","To tell you the truth, even I don't really understand the core of the mystery of the planet Sartaria."
s_000231,Alshark (System disk).hdm,0x068479,"実ﾊ、ｿﾁ達ｦ隣国ﾉ英雄ﾄ@見込ﾝで、余ﾉ話ｦ聞ｲﾃﾓﾗｲﾀｲｺﾄがｱﾙﾉだ。0#P","I know you as heroes. I would ask you to hear my tale."
s_000232,Alshark (System disk).hdm,0x069DD2,"達ﾓ武器ｦ@6捨ﾃﾀ。0_4$
5誰ｶ！誰ｶｵﾗﾇﾉｶ！！0_6$
ﾉ声ﾆ、城内ﾉ兵士達が6集ﾏｯﾃｷﾀ。0#V","They laid down their arms. A shout for help summoned the castle guards."
s_000233,Alshark (System disk).hdm,0x06B259,"星ﾓゾリアスﾄﾉ戦ｲが@始ﾏﾙ前ﾊ、本当ﾆｲｲ星だｯﾀﾝでｽ。0#P","Our world was peaceful before the Zolius came."
s_000234,Alshark (System disk).hdm,0x06B585,"町ﾉ司政官殿が、ザｰテ様ﾉ宮殿ﾆ向ｶｯﾀﾏﾏ、戻ｯﾃｺﾗﾚﾅｲﾉだ。0#P","The town magistrate has left for Zaate-sama's palace and is unable to return."
s_000235,Alshark (System disk).hdm,0x06B645,"どｳｶ‥‥、ｺﾉ‥‥‥マイクロ‥‥チップ‥ｦ‥‥ザｰテ‥‥様ﾉ元‥‥ﾍ届ｹ‥‥ﾃｸだｻｲ。0#P","Please, please deliver this micro chip to Mr. Zaate."
s_000236,Alshark (System disk).hdm,0x06C899,"ウュルトリアﾊ、確ｶﾆ住ﾐ@ﾔｽｲﾄｺﾛじｬが、物価が高ｸﾃｲｶﾝ！0#P","Ulyria's a nice place, but everything costs a fortune!"
s_000237,Alshark (System disk).hdm,0x0700EA,"ウュリア王国ﾉ@補給ステｰションだ。0#P","Ulyria Kingdom supply station."
s_000238,Alshark (System disk).hdm,0x0703CD,"航宙艦ﾉ整備ｦﾅｻﾚﾙﾉでｼﾀﾗ、ドックｦ利用でｷﾏｽが、@どｳｼﾏｽｶ？0#Y","Need repairs? You can use the dock. What do you say?"
s_000239,Alshark (System disk).hdm,0x0713D3,"達、ｺｺｦアウトロｰﾉ@巣窟、ノｰザンﾉ砦ﾄ知ｯﾃ侵入ｼﾃｷﾀﾉｶ？0#Y","So, you knew this was an outlaw den and came anyway?"
s_000240,Alshark (System disk).hdm,0x0759B7,"アイテムショップ5他ﾆﾓ必要ﾅ物ﾊござｲﾏｽｶ？0#Y","Anything else I can get for you?"
s_000241,Alshark (System disk).hdm,0x076CBB,"シオン‥‥強ｲ精神力ｦ感じﾙﾜ。0_4$","Shion...I feel a strong spiritual power. $"
s_000242,Alshark (System disk).hdm,0x077265,"ヘルバスタｰﾉ主砲で威力ﾊ、ﾜｼﾉ保証付ｷじｬ！0#P","The power of Hell Buster's main gun comes with my guarantee!"
s_000243,Alshark (System disk).hdm,0x07F05B,"だがﾅｧ、一ﾂだｹﾂｹ加ｴｻｼﾃﾓﾗｳﾄﾅｧ。0@アトライアﾊ、盗ﾑﾝじｬﾈｪ。返ｼﾃﾓﾗｳﾝだﾖ！！#S","Let me get one thing straight... I'm not stealing the Atlia. I'm taking it back"
s_000244,Alshark (System disk).hdm,0x0839D7,"研究中ﾉ新兵器がｲｸﾂｶ完成ｼﾀﾜｨ。@格納庫ﾆ登載ｽﾙｺﾄﾆｼﾖｳ。0#B","My new weapons are ready. I'll load 'em in the hangar."
s_000245,Alshark (System disk).hdm,0x052D41,"廖_ｺﾉ3カン詰ﾒ1ｦ、町ﾉ北ﾆｱﾙｵ婆ｻﾝﾉ家ﾆ届ｹﾃｸﾚﾅｲｶｼﾗ。@0寄ﾘ道ｼﾁｬｱ、ダメﾖ！#S","Take these 3 cans to the old lady north of town. And no detours!"
s_000246,Alshark (System disk).hdm,0x0556F3,"向ｹﾖｳﾄｼﾀ。ｼｶｼ、ｿﾚ6ﾖﾘﾓ一瞬早ｸ、ゾリアス兵ﾉ銃6が彼ﾗﾆ突ｷﾂｹﾗﾚﾀ。0#Z","Before they could aim, Zolius soldiers had their guns on them."
s_000247,Alshark (System disk).hdm,0x05C528,"新入ﾘｻﾝ。チャウスノｰミュｯﾃどｳｲｳ意味ｶ知ｯﾃﾏｽｶ？0#S","Newcomer. Do you know what Chow No Meu means?"
s_000248,Alshark (System disk).hdm,0x065527,"私ﾉ名ﾊ、アルシャｰク。@ラルアﾉ戦士でｽ。0#P","I am Alshark, a warrior of Larua."
s_000249,Alshark (System disk).hdm,0x066352,"前ﾆ、ｺｺﾉ試練ﾆ挑戦でｷﾙﾉﾊ、ヤｰクｰﾉ試練ｦ抜ｹﾃｷﾀ者だｹﾄｲｳｺﾄﾆﾅｯﾃｵﾘﾏｽ。0#P","Previously, only those who passed the Yarku Trial can take on the trial here."
s_000250,Alshark (System disk).hdm,0x06746B,"成ｼ遂げﾗﾚﾏｼﾀﾅ。@ｱﾅﾀﾊ、遺志ｦ継ぐ者ﾄﾅﾙ@資格ｦ勝ﾁ取ﾗﾚﾀﾉでｽ。0#P","You have succeeded. You are worthy to carry on the legacy."
s_000251,Alshark (System disk).hdm,0x067D4C,"だが、ｿﾉ程度でﾊ、中ｶﾗ鉱ｦ取ﾘ出ｽｺﾄﾓでｷﾅｲｼ、分析ｽﾙｺﾄﾓでｷﾅｲ。0#P","However, at that level, it is not possible to extract the ore from inside or analyze it."
s_000252,Alshark (System disk).hdm,0x068321,"でﾊ、初代国王ラミュｰ・コセﾆﾂｲﾃ、ｵ教ｴｸだｻｲ。0#P","So, please tell us about the first king, Lamieux Cosse."
s_000253,Alshark (System disk).hdm,0x06B698,"確ｶﾆ‥‥、頼ﾐ‥‥ﾏｼ‥‥‥ﾀ‥ぞ‥‥‥！！0_6ウュリアﾉ貴族ﾊ、ｿｳ言ｲ残ｽ6ﾄ、息絶ｴﾀ。0#S","I... entrust this... to... you...!! With those last words, the Ulyrian noble died."
s_000254,Alshark (System disk).hdm,0x06C0D9,"防具ﾉ専門店だ。@品ぞﾛｴが自慢だぜ！0#G","Armor Shop. We've got the best gear!"
s_000255,Alshark (System disk).hdm,0x06F70F,"マｰズ人ﾉ能力ｯﾃﾉが、@他ﾉ生命体ｦﾊﾙｶﾆ凌ｲでｲﾀﾝじｬﾅ。0#P","The Martians' abilities were far beyond any other race."
s_000256,Alshark (System disk).hdm,0x071109,"どﾝﾅ物ｶﾗでﾓ機密ｦ盗ﾐ出ｽﾉが、俺達ﾉ仕事でﾈ。0#P","It's our job to steal secrets from anything."
s_000257,Alshark (System disk).hdm,0x071BFE,"帝国軍ｦ脱走ｼﾀ男が、ｺｺﾆｲﾀﾊずだが、最近、見ﾃﾈｪﾅ。0#P","A man who deserted the Imperial Army was supposed to be here, but I haven't seen him lately."
s_000258,Alshark (System disk).hdm,0x0751A4,"ウェポンショップ5ｻｱｻｱ、ｵ立ﾁ会ｲ！@見ﾃ驚ｸﾝじｬﾈｪﾖ！！0#L","Weapon Shop! Step right up! You won't believe your eyes!"
s_000259,Alshark (System disk).hdm,0x0752B3,"ウュリアﾉばｱｻﾝ5ﾜｼﾊ、ｺﾉ辺ﾘじｬｱ、物知ﾘで通ｯﾃｵﾙ。@ﾜｼﾆ分ｶﾗﾇｺﾄﾊﾅｲぞ。#B","Around these parts, I'm the one with the answers. Ask me anything"
s_000260,Alshark (System disk).hdm,0x07561C,"じ様、頑張ｯﾃ！！0_6ｱｯﾄｲｳ間ﾆ、２人ﾄﾓ３杯ﾉ6ストレｰトｦ飲ﾐ干ｼﾀ！！0#G","Go, gramps, go! In a flash, they'd both downed three shots!"
s_000261,Alshark (System disk).hdm,0x07655B,"ヒｰト中将5貴様ｧｰｯ！！@総統閣下ｦ愚弄ｽﾙ気ｶ？！0#V","You cur! You dare insult the Supreme Commander?!"
s_000262,Alshark (System disk).hdm,0x0771E2,"専用ﾉシｰルドじｬｨ。@ｿﾚがｱﾚば、無敵じｬﾖ。@無敵！0#P","A custom shield. Makes ya invincible. Invincible!"
s_000263,Alshark (System disk).hdm,0x083A5A,"アトライアﾉ出力ｦ６２００ﾏで引ｷ上げﾙｺﾄがでｷﾙ。0#G","Atria output can be increased to 6200."
s_000264,Alshark (System disk).hdm,0x052B8B,"ミルクﾈｪ・・・。@１０クレジットﾆﾅﾘﾏｽが。0#Y","Milk, huh... That'll be 10 CREDIT."
s_000265,Alshark (System disk).hdm,0x053B74,"持ﾁ物がｲｯぱｲで、ﾓﾃﾅｲｯﾃ？0_仕方がﾅｲ。@ﾓｳ一度、出直ｼﾃｸﾚ。#S","Your bags are full. Come back when you've made some room."
s_000266,Alshark (System disk).hdm,0x054E15,"手渡ｻﾚﾀ銃ｦｶﾏｴ、民間航宙6艇ﾆ乗ﾘ込ﾝで行ｯﾀ。!#K","I grabbed the gun that was handed to me and boarded the civilian spacecraft. !"
s_000267,Alshark (System disk).hdm,0x055607,"以前ﾆ比べﾚば、私ﾊ、完全ﾅﾙ意志ﾉ力ｦ手ﾆｲﾚﾀﾄｲｴﾙｶﾅ。0#Z","Compared to before, I can say that I have acquired complete willpower."
s_000268,Alshark (System disk).hdm,0x055781,"突然、激ｼｲ音ﾄﾄﾓﾆ船体が@6揺ﾚ、ｿｺﾆｲﾀｽべﾃﾉ者達が6ﾖﾛﾒｲﾀ。0#V","A sudden blast rocked the ship, sending everyone stumbling."
s_000269,Alshark (System disk).hdm,0x056A17,"間違ｲﾅｲ。@ｺﾉ娘ﾊ、私ﾉ‥‥0@ファラﾊ、ｺﾉ娘ﾆ私ﾉ名ｦ告げﾅｶｯﾀﾉｶ‥‥）0#P","It's her. She's my... (Didn't Fara ever tell her my name...?)"
s_000270,Alshark (System disk).hdm,0x058515,"フフフ‥‥。@ｿﾝﾅ物が、私ﾉ前で役ﾆ立ﾂﾄでﾓ思ｯﾃｲﾀﾉｶｨ？0#G","Heh heh... Did you really think that would work on me?"
s_000271,Alshark (System disk).hdm,0x05A77E,"大ｼﾀ額ﾊ入ｯﾃﾅｲがｺﾚｦ受ｹ取ｯﾃｸﾚﾖ。0_43１００クレジットｦ手ﾆｲﾚﾀ。#D","It ain't much, but take this. (Received 100 CREDIT!)"
s_000272,Alshark (System disk).hdm,0x05FDB9,"チケットﾊ、２２０クレジットﾆﾅﾘﾏｽ。@ご利用ﾅｻｲﾏｽｶ？0#Y","One ticket is 220 CREDIT. Buy one?"
s_000273,Alshark (System disk).hdm,0x062039,"ホテル5ｲﾗｯｼｬｲﾏｾ。@ご宿泊ﾊ、１０クレジットﾆﾅﾘﾏｽが？0#Y","Welcome! A room is 10 CREDIT. You staying?"
s_000274,Alshark (System disk).hdm,0x063C1C,"苦ｼｲｶ？!@ｿｳだﾛｳ。@ゾリアスﾆ逆ﾗｳ者がどｳﾅﾙｶ思ｲ知ｯﾀｶ。0_4$","Suffer! Now you know the fate of all who oppose Zolius."
s_000275,Alshark (System disk).hdm,0x06671C,"ドゥムナ老師ﾉ遺産ﾄﾓｲｴﾙマントでｼﾀ。0#P","It was a cloak that could be said to be the legacy of Master Dumna."
s_000276,Alshark (System disk).hdm,0x066808,"結果、多ｸﾉミュントス人が虐殺ｻﾚﾏｼﾀ。0#P","As a result, many Myntians were massacred."
s_000277,Alshark (System disk).hdm,0x06698E,"村ﾉ北西ﾆｱﾙ緑光ﾉ岩ｦ目指ｽｺﾄでｽ。0@道ﾊ開ｶﾚﾙｺﾄでｼｮｳ。#S","Seek the glowing rock to the northwest. It will show you the way."
s_000278,Alshark (System disk).hdm,0x066B99,"コクピット6ﾉドアﾉスイッチｦ入ﾚﾀ。0#V","Flipped the cockpit door switch."
s_000279,Alshark (System disk).hdm,0x0686F2,"願ｲｽﾙ。@どｳｶ、ウュリア王国ｦ救ｳﾄ@思ｯﾃ、余ﾉ力ﾆﾅｯﾃﾓﾗｲ@ﾀｲ。0#P","Please, I implore you. You must help me save the Kingdom of Ulyria."
s_000280,Alshark (System disk).hdm,0x0689BA,"マイクロ6チップｦ女兵士ﾆ差ｼ出ｼﾀ。0#P","Gave the microchip to the soldier."
s_000281,Alshark (System disk).hdm,0x06A061,"ホテル5ｲﾗｯｼｬｲﾏｾ。@ご宿泊ﾊ、３０クレジットﾆﾅﾘﾏｽが？0#Y","Welcome! A room is 30 CREDIT. You staying?"
s_000282,Alshark (System disk).hdm,0x06B05F,"ホテル5ｲﾗｯｼｬｲﾏｾ。@ご宿泊ﾊ、４０クレジットﾆﾅﾘﾏｽが？0#Y","Welcome! A room is 40 CREDIT. You staying?"
s_000283,Alshark (System disk).hdm,0x0718BD,"帝国軍ﾉ新兵器開発ﾆ関ｽﾙ情報ｦ教ｴﾃﾔﾙﾖ。0#P","I'll give you information about the Imperial Army's new weapon development."
s_000284,Alshark (System disk).hdm,0x071BC7,"ベック・ゴｰギャンﾈｪ。@ﾝ～、聞ｶﾈｪ名前だﾅｧ。0#P","Beck Gauguin? Hmm, doesn't ring a bell."
s_000285,Alshark (System disk).hdm,0x0756A6,"が巻ｷ返ｼﾆ出ﾙ！0@6一気ﾆ４杯ｲｯﾀぞ！！0@6酔ｯぱﾗｲが驚ｲﾃｲﾙ。0#G","What a rally! He just downed four straight! The drunk's in shock"
s_000286,Alshark (System disk).hdm,0x07639D,"ぜジャグマﾆ仕ｴﾙﾉだ！！0_4$","Serve Jagma! ! $"
s_000287,Alshark (System disk).hdm,0x08394D,"ザイザｰソｰドだ。@ｺｲﾂﾉ威力ﾊ、ﾄﾃﾂﾓﾅｲぞｱﾄﾊ、ｵﾏｴﾉ力ｼだｲだ。#S","It's Zaiser Sword. This guy's power is incredible, and the rest is up to you."
s_000288,Alshark (System disk).hdm,0x051697,"パパﾉ引ｷ出ｼｶﾗﾁｮｯﾄ借ﾘﾀﾉ。２丁ｱﾙｶﾗｺﾚで身ｦ守ﾚﾙでｼｮｳ。0@ｻｱ、行ｷﾏｼｮｳ！！#I","I took these from Dad's desk. We can protect ourselves with two. Let's go!"
s_000289,Alshark (System disk).hdm,0x0517F1,"何ﾓ言ﾜﾝでﾓﾜｶｯﾄﾙﾜｲ。ﾎﾗ、ｺﾉ3キャンプセット1ｦ持ｯﾃｲｷﾅｻｲ。#I","Don't say a word, I get it. Here, take this camp set."
s_000290,Alshark (System disk).hdm,0x051BD7,"仕方ﾅｲﾜﾈ。@じｬｱ、私ﾊホテルで待ｯﾃﾙｶﾗ、ｼｯｶﾘ稼ｲでｷﾃﾈ。0#K","Fine. I'll wait at the hotel. You'd better earn a lot!"
s_000291,Alshark (System disk).hdm,0x052D0E,"が、新ｼｲアルバイトﾈ。0じｬｱ、ｻｯｿｸ仕事ｦ頼ﾓｳｶｼﾗ。0#I","New blood, eh? Let's get you started on a job."
s_000292,Alshark (System disk).hdm,0x053A14,"達が店ﾆ入ｯﾃｲｸﾄ、@6バｰテンが、驚ｲﾀ顔ｦｼﾃ、@6ｺｳﾀずﾈﾀ。0#P","The bartender's eyes widened as they walked in."
s_000293,Alshark (System disk).hdm,0x056E69,"でﾊ、ｵ願ｲｼﾖｳ。@0貴方がﾀﾅﾗ、ｿﾚｦ成ｼ遂げﾙｺﾄがでｷｿｳだ。0#P","Very well. I believe you are the ones who can do this."
s_000294,Alshark (System disk).hdm,0x05C7E6,"任務が入ｯﾀﾗｼｲ。@司令官ﾉ個室ﾆ来ﾃｸﾚﾄｲｳｺﾄだ。0#N","New mission. Report to the Commander's room."
s_000295,Alshark (System disk).hdm,0x05C928,"じｬﾅｲ。@0ｿﾚでｺｿ、コズミックホｰクﾉ隊員ﾈ。#A","That's it! Now you're a true Cosmic Hawk."
s_000296,Alshark (System disk).hdm,0x0601BF,"化ｹﾓﾝが、鉱山ｶﾗ数ｴ切ﾚﾅｲｸﾗｲﾜｷだｼﾃｷﾁﾏｯﾃﾖｫ。@ﾏﾙで仕事ﾆﾅﾝﾈｪﾝだ。#S","Countless monsters have sprung out of the mine. It's like work."
s_000297,Alshark (System disk).hdm,0x0609FC,"２人ﾉ6体がﾎﾄﾝど同時ﾆ音ﾓﾅｸ床ﾍ6倒ﾚ込ﾝでｲｯﾀ。0#N","Both bodies hit the floor without a sound."
s_000298,Alshark (System disk).hdm,0x060D58,"達ﾊ、同時ﾆｿﾉ精神6ｦカｰマﾆ操ﾗﾚ始ﾒﾃｲﾙｺﾄ6ﾆ気がﾂｶﾅｶｯﾀ。0#P","They didn't realize Karma was taking over their minds."
s_000299,Alshark (System disk).hdm,0x06339B,"マｰズ連邦ﾉ歴史ﾆ関ｽﾙ様々ﾅ6本がﾅﾗﾝでｲﾙ。#B","There are various books on the history of the Mars Federation."
s_000300,Alshark (System disk).hdm,0x06346B,"でﾊ、マｰズ連邦ﾉ歴史ﾆﾂｲﾃ知ﾙ必要がｱﾘﾏｽﾅ。0#S","Well then, you need to know about the history of the Mars Federation."
s_000301,Alshark (System disk).hdm,0x063D5A,"達が絶体絶命ﾉピンチｦ@6迎ｴﾀｿﾉ時！0#V","Just when all hope seemed lost!"
s_000302,Alshark (System disk).hdm,0x06665D,"ぜ、ｺﾉﾖｳﾅ試練ｦ設ｹﾅｸﾃﾊﾅﾗﾅｶｯﾀﾉｶ。@ｿｼﾃ、遺志ｦ継ぐ者ﾄﾊ一体@ﾅﾝﾅﾉｶｦ。0#P","Why this terrible ordeal? And what is this 'heir' they mention?"
s_000303,Alshark (System disk).hdm,0x067C64,"使ｴば、ｱﾗﾕﾙ物ｦ貫通ｽﾙレｰザｰｦ発射ｽﾙｺﾄがでｷﾙﾄｶ。0#P","It can be used to fire a laser that can penetrate anything."
s_000304,Alshark (System disk).hdm,0x067C99,"が、サｰタリアﾆ関ｼﾃ俺ﾉ知ｯﾃｲﾙ情報だ。0#P","That's the information I know about Sartaria."
s_000305,Alshark (System disk).hdm,0x068D68,"首尾ﾖｸ、イｰル王ｦ討ﾂｺﾄがでｷﾀﾖｳで何ﾖﾘだ。0#P","It's great to see that we were able to successfully defeat King Eel."
s_000306,Alshark (System disk).hdm,0x06A822,"バｰツ？・・・どｺｶで聞ｲﾀ@ｺﾄﾉｱﾙﾖｳﾅ・・・0#P","Baatsu?... That name rings a bell..."
s_000307,Alshark (System disk).hdm,0x06C1A9,"で売ﾗﾚﾃｲﾙﾉﾊ、@宇宙戦闘用ﾉ装備だぜ。0#G","This shop's got gear for space battles."
s_000308,Alshark (System disk).hdm,0x06D5D4,"一ﾂ良ｲｺﾄｦ教ｴﾃﾔﾛｳ。@戦ｲﾆｵｲﾃ、ﾓｯﾄﾓ大切ﾅ@ｺﾄﾊ、仲間ｦ信じﾙｺﾄだ。0#P","Let me give you some advice. Above all else, trust your friends."
s_000309,Alshark (System disk).hdm,0x06DBBF,"ミｰアﾆ教ｴﾃﾓﾗｯﾀ額縁ﾉ裏6ｶﾗ、レイソｰドｦ手ﾆｲﾚﾀ。#S","I got the Ray Sword from behind the picture frame that Mia told me about."
s_000310,Alshark (System disk).hdm,0x06E8A1,"ラミュｰﾉ消息が分ｶｯﾀﾗ、@朕ﾆﾓ教ｴﾃｸﾚ。@ｻﾗばじｬ。0#N","If you find Ramyuu, you must tell me. Now, go."
s_000311,Alshark (System disk).hdm,0x06FEAB,"だｯﾀﾗ、ﾜｼﾉ力で、ｵ主ﾗﾉ航宙船ﾉ近ｸﾏで送ﾘ届ｹﾃﾔﾛｳｶｨ？0#Y","In that case, how about I use my power to transport you close to your spaceship?"
s_000312,Alshark (System disk).hdm,0x070434,"ドックﾆｺﾓｯﾃ、@6アトライアﾉ修理ｦ始ﾒﾀ。!!!0#X","He holed up in the dock to fix the Atlia!!"
s_000313,Alshark (System disk).hdm,0x0711E5,"でﾓ、ｵ金ｻｴｱﾚば、何でﾓ手ﾆﾊｲﾙﾉﾖ。@例ｴば、軍ﾉ機密ﾄｶﾈ。#S","But as long as you have money, you can have anything. For example, military secrets."
s_000314,Alshark (System disk).hdm,0x0719D8,"だが、敵ﾉ守備ﾓ甘ｸﾊﾅｲだﾛｳｶﾗ、気ｦﾂｹﾀ方がｲｲぜ。#M","However, the enemy's defense won't be easy either, so you'd better be careful."
s_000315,Alshark (System disk).hdm,0x073946,"ブラッジ6ﾆ関ｽﾙ@6極秘デｰタｦ入手ｼﾀ。#S","Acquired top-secret data on Bludge."
s_000316,Alshark (System disk).hdm,0x075927,"ウュリアﾉ貴族5ﾎ、本当ｶ？@じｬｱ、金ｦ払ｳ。#D","Y-You're serious? Fine, take my money."
s_000317,Alshark (System disk).hdm,0x07EF9F,"シオン、どｳｼﾀ。@ｻｯｷｶﾗ黙ﾘｺﾝじﾏｯﾃ。0_4$","Sion? You've been awfully quiet."
s_000318,Alshark (System disk).hdm,0x0174CE,"シオン。@ｺﾚｶﾗ、どｳｽﾙﾝじｬｲ？","Zion. What are you going to do now?"
s_000319,Alshark (System disk).hdm,0x053D77,"俺ﾊ、闇で売買ｻﾚﾙ品ｦ扱ｯﾃｲﾙ。@0何ｶ欲ｼｲﾓﾉがｱｯﾀﾗｲｯﾃﾐﾅ。0#G","I deal in black market goods. Tell me what you need."
s_000320,Alshark (System disk).hdm,0x056C1E,"私ﾊ、ラッセルガイヤｰﾉ動ｷｦ止ﾒﾙﾀﾒﾆｺｺﾍﾔｯﾃｷﾀ。0#P","I came here to stop Russell Geyer."
s_000321,Alshark (System disk).hdm,0x057A99,"毎度！0@ｿﾚじｬｱ、表ﾆ置ｲﾃｵｷﾏｽｶﾗ、後ﾊ勝手ﾆ使ｯﾃｸだｻｲ#S","Alrighty! I'll leave it out front. Help yourself!"
s_000322,Alshark (System disk).hdm,0x0584EC,"サイコリングが6ﾊじｹ飛ぶ！0#T","The Psycho Ring shatters!"
s_000323,Alshark (System disk).hdm,0x058AE8,"アイテム・フル・エラｰ！！0#G","Item full error! !"
s_000324,Alshark (System disk).hdm,0x05C1EC,"含ﾒﾃ、貴方がﾀﾊ非常ﾆ好運ﾅ方々だ。0#P","Including all of you, you are very lucky people."
s_000325,Alshark (System disk).hdm,0x05C43F,"早ｲ話が、ｿｳｲｳｺﾄだ0でﾊ、任務ﾆ関ｼﾃﾊ、ｵｯﾃ連絡ｽﾙｺﾄﾄｼﾖｳ。0#W","That's the situation in a nutshell. Await further orders."
s_000326,Alshark (System disk).hdm,0x05CD58,"惑星マｰズﾉ宇宙港ﾍご出立ﾅｻｲﾏｽｶ？0#Y","Are you leaving for the spaceport on the planet Mars?"
s_000327,Alshark (System disk).hdm,0x05E6AC,"兵士5何ﾉﾂﾓﾘで戻ｯﾃｷﾀｶｼﾗﾝが、バカﾅ奴ﾗだ。0#P","Came back for more, did you? Idiots."
s_000328,Alshark (System disk).hdm,0x065448,"ウェｰ・ドゥムナ老師ﾉｺﾄﾅﾉでｽ。0#P","I'm talking about Master We Dumna."
s_000329,Alshark (System disk).hdm,0x06661E,"３ﾂﾉ試練ｦ成ｼ遂げﾗﾚﾀﾉでｽﾈ。@でﾊ、私ﾓ全ﾃｦｵ話ｼｼﾅｸﾃﾊﾅﾘﾏｽﾏｲ。0#P","You have passed the three trials. Now, I shall tell you all."
s_000330,Alshark (System disk).hdm,0x06743D,"ミカｰ老師ﾆ銀ﾉ粉で6彩ﾗﾚﾀ掌ｦ見ｾﾀ。0#V","Showed Mikar the silver-dusted palm."
s_000331,Alshark (System disk).hdm,0x067BA4,"名ﾉ通ﾘ、ｿﾚぞﾚﾉ塔ﾄ@火山ﾊ、ｿﾚぞﾚﾉ島ﾆ存在ｽﾙﾗｼｲ。0#P","So each tower and volcano is on its own island."
s_000332,Alshark (System disk).hdm,0x068F59,"人聞ｷﾉﾜﾘｨｺﾄ言ｯﾃﾝじｬﾈｪ！@先ﾆ手ｦ出ｼﾃｷﾀﾉﾊ、ｵﾏｴﾉ方だﾛｳが！！0#P","Watch your mouth! You're the one who threw the first punch!"
s_000333,Alshark (System disk).hdm,0x069892,"恨ﾐがｱﾙﾜｹじｬﾅｲが、@ｱﾝﾀﾉ首ｦｲﾀだｷﾆ来ﾀ！@覚悟！！0_待ﾃｨ！0#V","Nothing personal, but I'm here for your head! Ready?_Wait"
s_000334,Alshark (System disk).hdm,0x069C3F,"彼女ﾉ頭上ﾆレイソｰドが振ﾘ@6ｵﾛｻﾚﾙ。0#Z","A Raysword swings for her head!"
s_000335,Alshark (System disk).hdm,0x06B1B2,"砂漠ｦ渡ﾚば、ザｰテ様ﾉ宮殿がｱﾘﾏｽ。@#B","If you cross the desert, you will find the palace of Lord Zaate."
s_000336,Alshark (System disk).hdm,0x06B2CF,"ウュリアﾉｵばｱｻﾝ5ザｰテ様ﾆﾓ困ｯﾀﾓﾝじｬ。@#B","That old bat from Ulyria... what a pain."
s_000337,Alshark (System disk).hdm,0x06B837,"我々ﾊ、マｰズ連邦宙軍ﾉ者だ。ｺｺｦ通ｼﾃﾓﾗｲﾀｲ！0#P","We are members of the Mars Federation Space Force. I want you to come through here!"
s_000338,Alshark (System disk).hdm,0x06D7F5,"達、ミｰアﾆ会ｯﾀﾉでｽｶ？0@ｿｳでｽｶ、ミｰアﾊ、元気ｿｳﾆｼﾃｲﾏｼﾀｶ。0#P","You actually met Mia? Is she... is she doing all right?"
s_000339,Alshark (System disk).hdm,0x06F533,"宇宙ﾉ創世以来、ｲﾔ、実際ﾊ、ｿﾚ以前ｶﾗｶﾓｼﾚﾝ。0#P","Since the creation of the universe, in fact, it may have been even before that."
s_000340,Alshark (System disk).hdm,0x06FB49,"アルシャｰクﾄﾔﾗ。@ｵ主が手ﾆｲﾚﾖｳﾄｼﾃｲﾀ物ﾊ、ｺﾚじｬﾛｳ。0#P","So, you're Alshark. I believe this is what you're after."
s_000341,Alshark (System disk).hdm,0x06FCA9,"分ｶﾘﾏｼﾀ。0@必ず、カｰマﾉ侵攻ｶﾗ、@ｺﾉ宇宙ｦ守ｯﾃﾐｾﾏｽ！#I","Right. I swear I'll defend our universe from Karma!"
s_000342,Alshark (System disk).hdm,0x0709C5,"がｱﾉ‥‥@0ノｰザンﾉ砦で名前ﾊﾖｸ聞ｲﾃﾙｶﾗ知ｯﾃｲﾙﾖ。0#P","Hey... I know that name. They talk about you at Northern Fort."
s_000343,Alshark (System disk).hdm,0x0736E2,"皆、頭髪ｦ剃ﾘ落ﾄｼ、食ｳﾓﾉﾓﾅｲ程ﾉ有ﾘ様でｽﾖ。#R","All of them had shaved their heads and had nothing to eat."
s_000344,Alshark (System disk).hdm,0x0771AF,"一撃必殺ﾉキャノン砲じｬｨ！0#P","It's a cannon that will kill you in one hit!"
s_000345,Alshark (System disk).hdm,0x0531A0,"シオン、ｱﾘがﾄｳ。0_4$","Thank you, Shion. $"
s_000346,Alshark (System disk).hdm,0x0535C2,"世ﾉ中、何でﾓ金ﾖ！！@ﾀだｯﾃｪﾉﾊ、頂ｹﾈｪﾅ。0@@43金ｦ払ｳｶ？0#Y","In this world, cash is king! I don't work for free. Pay up?"
s_000347,Alshark (System disk).hdm,0x053825,"客ｻﾝ。@鉱山ﾆ行ｸﾝだｯﾀﾗ、気ｦﾂｹﾀ方がｲｲでｽﾖ。#S","Customer. If you're going to a mine, you'd better be careful."
s_000348,Alshark (System disk).hdm,0x0568F7,"ファラｯﾃ名ﾉコｰルガｰルだ。0#P","She's a call girl named Farah."
s_000349,Alshark (System disk).hdm,0x05B603,"チッ、ｼｮｳがﾈｪ。@0ｲｲｶ、奴が帰ｯﾃｷﾀﾗ、首ｦ洗ｯﾃﾏｯﾄｸﾖｳﾆ伝ｴﾄｹ。#S","Hmph. Whatever. You tell that coward I'll be back to settle this."
s_000350,Alshark (System disk).hdm,0x05B800,"チャウスノｰミュだ。@ｺｺｦ通ｼﾃﾓﾗｵｳｶ。0#P","I am Chausunomyu. Now, stand aside."
s_000351,Alshark (System disk).hdm,0x05BA2B,"仕方がﾈｪ。ﾄﾆｶｸポｰキンﾉ町ﾆ行ｯﾃﾐﾙｼｶﾅｻｿｳだﾅ#M","I can't help it. Anyway, I guess I have no choice but to go to Pokin town."
s_000352,Alshark (System disk).hdm,0x05BBE1,"入ｯﾀばｶﾘﾉホットニュｰスｦ教ｴﾃﾔﾙﾖ。0#P","I'll tell you about the hot news that just arrived."
s_000353,Alshark (System disk).hdm,0x05CB28,"他ﾆ思ｲｱﾀﾗﾝだｹでｽﾜｨ。ﾅﾆｾ、ｺﾚだｹ、@ｶﾜｲｲ女ﾉ子でｽｶﾗﾅ。@がﾊﾊﾊﾊ‥‥0#P","Can't think of anyone else! 'Sides, who could resist a cute little thing like her? Gahaha"
s_000354,Alshark (System disk).hdm,0x05E6F3,"思ｲ切ｯﾀｺﾄｦ命令ｽﾙ。@ｺﾉ町ﾉ連中ｦ皆殺ｼﾆｼﾛﾄﾊﾅ。0#P","A bold command: wipe out the entire town."
s_000355,Alshark (System disk).hdm,0x060859,"肩ﾆ手ｦ置ｷ、後方6ﾍ押ｼﾔﾙﾄ、前ﾆ進ﾐ出ﾀ。0#K","He held me back, then faced them alone."
s_000356,Alshark (System disk).hdm,0x061C22,"バｰテン5ｵ客ｻﾝ、ｺﾉ町ﾍﾊ観光で@ｲﾗｯｼｬｯﾀﾝでｽｶ？#B","So, what brings you to town? Sightseeing?"
s_000357,Alshark (System disk).hdm,0x064635,"メディカルセット1ｦ見ﾂｹﾀ。#I","I found a medical set."
s_000358,Alshark (System disk).hdm,0x0652C4,"ぞｲﾗｯｼｬｲﾏｼﾀ。@三ﾂ葉ﾉ紋章ｦ持ﾂｱﾅﾀ方ｦ@友ﾄｼﾃｵ迎ｴｲﾀｼﾏｼｮｳ。0#B","Welcome. Those who bear the three-leaf crest are friends."
s_000359,Alshark (System disk).hdm,0x065798,"森ｦ西ﾍ行ｸﾄ、コルレルﾉ村がｱﾘﾏｽ。0#P","If you go west through the forest, you will find the village of Correl."
s_000360,Alshark (System disk).hdm,0x0662F6,"方ﾉｺﾄﾊ、ヤｰクｰﾖﾘ伝令で知ﾗｾが届ｲﾃｵﾘﾏｽ。0#P","We have received news about you by messenger from Yaku."
s_000361,Alshark (System disk).hdm,0x066581,"父ｶﾗ、ｱﾅﾀ方ﾆ薬草ｦ安ｸ@分ｹﾃｱげﾙﾖｳﾆ言ﾜﾚﾃﾙ@ﾝでｽ。@ｲﾘﾏｽｶ？0#Y","My dad said to give you a deal on herbs. Need some?"
s_000362,Alshark (System disk).hdm,0x066D98,"緑光ﾉ岩ｦ目指ｽｺﾄでｽ。0@道ﾊ開ｶﾚﾙｺﾄでｼｮｳ。#S","The Rock of Green Light will open the path."
s_000363,Alshark (System disk).hdm,0x067D2A,"が、ｲﾏ話ｼﾀザイザｰ鉱ﾉ原石だ。0#P","But it is the raw stone of Zaiser ore that I just talked about."
s_000364,Alshark (System disk).hdm,0x068152,"達ﾉﾖｳﾅ者ﾆザｰテ様ﾊｵ会ｲﾆﾅﾘﾏｾﾝ！@速ﾔｶﾆ立ﾁ去ﾘﾅｻｲ。#C","Lord Zate will never meet someone like you! Leave immediately."
s_000365,Alshark (System disk).hdm,0x069E25,"達ﾊ、捕ﾗｴﾗﾚﾃ@6ｼﾏｯﾀﾉでｱﾙ。0_6ｿｼﾃ、玉座ﾉ前ﾆ引ｷ立ﾃﾗﾚ6裁ｶﾚﾙｺﾄﾆﾅｯﾀ。0#N","Captured! Now they face judgment before the throne."
s_000366,Alshark (System disk).hdm,0x06A68C,"スノｰタンクﾉ調子ﾊどｳだ？0#S","How's the snow tank doing?"
s_000367,Alshark (System disk).hdm,0x06A6DF,"で、ｺﾉ辺で氷上車が、@手ﾆ入ﾗﾝﾓﾉｶﾅ。0#P","Anywhere to get an ice-crawler?"
s_000368,Alshark (System disk).hdm,0x06C170,"１０クレジットﾆﾅﾘﾏｽが、@御宿泊ﾅｻｲﾏｽｶ？0#Y","Stay the night? It's 10 CREDIT."
s_000369,Alshark (System disk).hdm,0x06C812,"エムリア様ﾆ会ｳｺﾄがｱｯﾀﾅﾗ、ｵ伝ｴｸだｻｲ。0#P","If you ever meet Emria-sama, please let me know."
s_000370,Alshark (System disk).hdm,0x06F9C0,"ゾリアス帝国ﾏで侵攻@ｼﾃｷﾀｯﾃﾜｹｶ。0#P","Invading the Zolius Empire, eh?"
s_000371,Alshark (System disk).hdm,0x070AA0,"俺ﾓ詳ｼｲｺﾄﾊ、参謀が教ｴﾃｸﾚﾅｶｯﾀｶﾗ、知ﾗﾅｲﾝだｹどﾅ。0#P","I don't know the details either, because the staff officer didn't tell me."
s_000372,Alshark (System disk).hdm,0x0712AB,"俺ﾊ、帝国軍ｦ脱走ｼﾃｷﾀﾝだ0奴ﾗﾉﾔﾘ方ﾆﾊ、ﾂｲﾃｲｹﾅｸﾃﾅ。0#P","I deserted the Empire. I couldn't stomach their ways."
s_000373,Alshark (System disk).hdm,0x07168F,"情報ﾅﾗ１０００クレジットで教ｴﾃﾔﾛｳ。0#Y","I'll give you the information for 1000 credits."
s_000374,Alshark (System disk).hdm,0x0716C5,"情報ﾅﾗ３０００クレジットで教ｴﾃﾔﾛｳ。0#Y","I'll give you the information for 3000 credits."
s_000375,Alshark (System disk).hdm,0x071723,"だﾅｧ‥‥@２５００００クレジットﾊﾓﾗﾜﾅｲﾄ割ﾆｱﾜﾈｪﾅｧ。@どｳｽﾝだ？0#Y","Hmm... For less than 250,000 CREDIT, it's not worth my time."
s_000376,Alshark (System disk).hdm,0x071767,"情報ﾅﾗ@５０００クレジットで教ｴﾃ@ﾔﾛｳ。0#Y","Information? It'll cost you 5000 CREDIT."
s_000377,Alshark (System disk).hdm,0x0717DE,"じｬｱ、向ｺｳで端末ﾄﾆﾗﾒｯｺｼﾃﾙマｰズ人ﾆ聞ｲﾃｸﾚ。#S","Well, ask the Mars guy over there staring at the terminal."
s_000378,Alshark (System disk).hdm,0x071AAE,"将軍がｲﾙｶﾗ、王国軍ﾓ@ｳｶﾂﾆ手ｦ出ｾﾅｲﾗｼｲぜ。0#P","The general's got the Kingdom's army stuck."
s_000379,Alshark (System disk).hdm,0x071C38,"ドクウェルｯﾃ野郎だｯﾀぜ。#S","Dokwell was a bastard."
s_000380,Alshark (System disk).hdm,0x071DAD,"デュｰクが捜ｼﾃｲﾀ@息子ｯﾃﾉﾊ、ｵﾏｴﾉ事だｯﾀﾉｶ。0#P","You're the son Duke was searching for?"
s_000381,Alshark (System disk).hdm,0x0735E3,"２００クレジット前払ｲでｵ願ｲｼﾏｽ。0#Y","Please pay 200 credits in advance."
s_000382,Alshark (System disk).hdm,0x07360F,"５００クレジット前払ｲでｵ願ｲｼﾏｽ。0#Y","Please pay 500 credits in advance."
s_000383,Alshark (System disk).hdm,0x07712C,"だｼ、鉱石ﾉ量ﾊ限ﾗﾚﾃﾙ@ｶﾗﾅ。@造ﾘﾀｲ物ｦ選ﾝでﾐﾅ。0#G","The ore's limited, so pick what you want to build."
s_000384,Alshark (System disk).hdm,0x07716A,"でﾓ持ﾃﾙ@ﾒﾁｬ強力ﾅブラスタｰじｬｨ！0#P","It's a handheld with major firepower!"
s_000385,Alshark (System disk).hdm,0x077238,"防御力が格段ﾆ上がﾙぞ！0#P","Your defense power will increase significantly!"
s_000386,Alshark (System disk).hdm,0x0772BD,"じｬｱ、ザイザｰブラスタｰｦ@造ﾙｺﾄﾆｽﾙｶｨ。#G","Well then, I'm going to make a Zizer Blaster."
s_000387,Alshark (System disk).hdm,0x0772F1,"じｬｱ、ザイザｰキャノンｦ@造ﾙｺﾄﾆｽﾙｶｨ。#G","Well then, I'll decide to build a Zaiser Cannon."
s_000388,Alshark (System disk).hdm,0x0523FA,"最近、手相ﾆｺｯﾄﾙﾝぢｬ。0@ｵﾏｴｻﾝﾉ未来ｦ占ｯﾃﾔﾛｳｶ？0#Y","I've been reading palms. Care to see your future?"
s_000389,Alshark (System disk).hdm,0x052CBB,"ずｲぶﾝｺｺで待ｯﾃﾀﾖｳﾅ気がｽﾙﾜ。@0じｬｱ、行ｷﾏｼｮｳｶ。#N","I feel like I've waited an eternity. Shall we go?"
s_000390,Alshark (System disk).hdm,0x055221,"気ｦﾂｹﾛﾖ、２人ﾄﾓ。@ｿﾛｿﾛ、敵ｻﾝがｵ出ﾏｼｽﾙ頃だぞ。0#V","Watch yourselves. The enemy's about to make a move."
s_000391,Alshark (System disk).hdm,0x0566D3,"ドゥムナﾉマント6ｦ@6身ﾆﾏﾄｯﾀ。0#N","You equipped We-Dumnah's Mantle."
s_000392,Alshark (System disk).hdm,0x056787,"一蔑ｽﾙﾄ、軽蔑ｼｷｯﾀ口調で6答ｴﾀ。0#P","He answered with a scornful sneer."
s_000393,Alshark (System disk).hdm,0x05AB5C,"野暮ﾅｺﾄｦ聞ｲﾁﾏｯﾀｶﾅ。皆ﾏで言ﾜずﾄﾓ分ｶｯﾃﾗｧﾅ0#V","I wonder if I heard something wild. I wish everyone would understand without me having to tell them."
s_000394,Alshark (System disk).hdm,0x05CBB6,"民間化ｻﾚﾀ鉱業惑星でｽｶ。0#P","A privatized mining planet?"
s_000395,Alshark (System disk).hdm,0x05D018,"君達ﾆ、初ﾒﾃﾉ任務ｦ与ｴﾙﾄｷが来ﾀ。0#V","The time has come to give you your first mission."
s_000396,Alshark (System disk).hdm,0x05D59B,"でﾊ、良ｲ結果ﾉ報告ｦ期待ｼﾃｲﾙ。#S","I look forward to reporting good results."
s_000397,Alshark (System disk).hdm,0x05E727,"何ﾆｼﾃﾓ、早ｲﾄｺ片づｹﾃ、基地ﾆ戻ﾛｳぜ。0#P","In any case, let's get this over with as soon as possible and get back to base."
s_000398,Alshark (System disk).hdm,0x05F0D4,"星間バスﾉご利用でｼｮｳｶ？0#Y","Would you like to use the interstellar bus?"
s_000399,Alshark (System disk).hdm,0x05FD91,"一気ﾆ行ｸぞ！@ぐずぐずｽﾙﾅﾖ！#G","Let's go all at once! Don't delay!"
s_000400,Alshark (System disk).hdm,0x06028D,"達、化ｹ物ｦ退治ｼﾆｷﾃｸﾚﾀﾝだﾛｳ？@だｯﾀﾗ、ｺﾚｦ持ｯﾃｲｷﾅ。0#I","You're here to slay the beast, right? Here, take this."
s_000401,Alshark (System disk).hdm,0x061085,"だ？俺がビル掃除ﾔｯﾃﾁｬｱ悪ｲｶﾖ！@ﾎｯﾄｲﾃｸﾚ！#S","is? Is it bad if I clean the building? Leave me alone!"
s_000402,Alshark (System disk).hdm,0x061831,"君達ﾊ、ゾリアス兵じｬﾅｲﾅ。0#P","You guys aren't Zorias soldiers."
s_000403,Alshark (System disk).hdm,0x0633EA,"ステアチケット6ｦ見ﾂｹﾀ。#I","I found a Stair Ticket."
s_000404,Alshark (System disk).hdm,0x063443,"ウェｰ・ドゥムナﾆﾂｲﾃ知ﾘﾀｲﾄｵｯｼｬﾙﾉｶ。0#P","You say you want to know about We Dumna?"
s_000405,Alshark (System disk).hdm,0x063568,"でﾊ、マｰズ連邦ﾉ@歴史ﾆﾂｲﾃｵ教ｴｼﾏｼｮｳ。0#P","Let me teach you of the Mars Federation."
s_000406,Alshark (System disk).hdm,0x0637A8,"だ、ｺﾚｦ持ｯﾃ行ｷﾅｻｲ0_3三ﾂ葉ﾉ紋章6ｦ手ﾆｲﾚﾀ。#I","Take this. Received the Three-Leaf Crest."
s_000407,Alshark (System disk).hdm,0x0672AF,"試練ﾆ打ﾁ勝ｯﾃ、戻ｯﾃ@ｷﾀ者ﾊ、ｲﾏだｶﾂﾃ１人ﾓ@ｲﾏｾﾝｶﾗﾅ。0#P","Many have tried. None have ever returned alive."
s_000408,Alshark (System disk).hdm,0x067A4C,"情報ｦ買ｯﾃｸﾚﾙﾄﾊ、@ｱﾝﾀﾌﾄｯぱﾗだﾈｪ。@１度ｼｶ教ｴﾈｪｶﾗ、ﾖｸ@聞ｲﾃｸﾚﾖ。0#P","You're paying? Nice. Now listen up, I'm only saying this once."
s_000409,Alshark (System disk).hdm,0x068FC2,"達ﾊ、ウュリア王宮ﾆ戻ﾙ6ｺﾄﾆﾅﾙ。0#N","We must return to Ulyria Palace."
s_000410,Alshark (System disk).hdm,0x06A7C4,"オヤジ。@頼ﾝでｵｲﾀ物ﾊ、入荷ｼﾀｶ？0#P","Hey Joe, did my order come in yet?"
s_000411,Alshark (System disk).hdm,0x06AC3C,"１５０クレジットﾓ@ｱﾚば、直ｾｿｳだ。0#Y","I can fix it for 150 CREDIT."
s_000412,Alshark (System disk).hdm,0x06DC5C,"抜ｹ@出ｼﾃ遊ﾝだｱﾉ日ｦ、一生、@忘ﾚﾏｾﾝﾄ。#S","I'll never forget that day we snuck out."
s_000413,Alshark (System disk).hdm,0x06E5EF,"達ﾊ、ﾅぜラミュｰ・コセﾉｺﾄｦ？!@ﾏｻｶ‥‥0_4$","How do you know about Eele-Kose? Unless..."
s_000414,Alshark (System disk).hdm,0x06E81D,"達ﾊ、５０００クレジット6ｦ受ｹ取ｯﾀ。0#D","You received 5000 CREDIT."
s_000415,Alshark (System disk).hdm,0x06F243,"早ｸ奥義ｦ@ｵ教ｴｸだｻｲ。@ｺﾄﾊ、一刻ｦ争ｲﾏｽ。0#P","Teach me the final technique! It's urgent!"
s_000416,Alshark (System disk).hdm,0x06FB2B,"ドゥムナﾉ宝珠ｦ受ｹ6取ｯﾀ。0#P","Received the Orb of Dumnah."
s_000417,Alshark (System disk).hdm,0x070A33,"途中、多ｸﾉ仲間が殺ｻﾚﾁﾏｯﾀｹどﾈ。0#P","Many of my friends were killed along the way."
s_000418,Alshark (System disk).hdm,0x071C55,"デュｰク、ｿｳｲﾔｧ、捜ｼﾃﾙｯﾃ言ｯﾃﾀ‥‥!_4$
5ｱｱ、ｿﾉ話ﾊ、ﾏﾀ今度、@ﾕｯｸﾘﾄﾅ。#S","Duke, you were searching for something... / Yes. A story for another time."
s_000419,Alshark (System disk).hdm,0x0739CD,"帝国ﾉ秘密兵器でﾓｲﾀだｸﾄｽﾙｶ。0#V","Would you like to receive the empire's secret weapon?"
s_000420,Alshark (System disk).hdm,0x077324,"じｬｱ、ザイザｰシｰルドｦ@造ﾙｺﾄﾆｽﾙｶｨ。#G","Well then, I'm going to make a Zizer Shield."
s_000421,Alshark (System disk).hdm,0x077356,"じｬｱ、ザイザｰフレｰムｦ@造ﾙｺﾄﾆｽﾙｶｨ。#G","Well then, I'll decide to make a Zizer frame."
s_000422,Alshark (System disk).hdm,0x077388,"じｬｱ、ザイザｰスパｰクｦ@造ﾙｺﾄﾆｽﾙｶｨ。#G","Well then, I'll decide to build a Zaiser Spark."
s_000423,Alshark (System disk).hdm,0x07E9B8,"助ｹ@出ｽｺﾄｦ考ｴﾏｼｮｳ。@問題ﾊ、１ﾂ１ﾂ解決ｼﾃｲｸ@ｼｶﾅｲﾝだｶﾗ‥‥#M","Let's focus on rescuing them. One problem at a time."
s_000424,Alshark (System disk).hdm,0x080FA8,"少ｼﾊ、話が分ｶﾙﾖｳﾆﾅｯﾀじｬﾈｪｶｨ。@ｿｳﾄ決ﾏﾘｬｱ、話ﾊ早ｪｴ。0#P","Alright, now you're talkin' sense. Let's get this done."
s_000425,Alshark (System disk).hdm,0x05174D,"２人ﾄﾓ疲ﾚﾀ顔ｼﾃ、どｳｼﾀﾉ？@ｺｯﾁﾍｲﾗｯｼｬｲ。@休ﾝで行ｸﾄｲｲﾜ。0#X","My, you both look so tired. Come in and rest a while."
s_000426,Alshark (System disk).hdm,0x052864,"囀1_他ﾆ必要ﾅ物ﾊござｲﾏｽｶ？0#Y","Need anything else?"
s_000427,Alshark (System disk).hdm,0x052B66,"でﾊ、２０クレジットｲﾀだｹﾏｽｶ？0#Y","So, can I have 20 credits please?"
s_000428,Alshark (System disk).hdm,0x054E86,"チケットﾉﾅｲ方ﾊ、ｵ通ｼでｷﾏｾﾝ。#Q","If you do not have a ticket, you will not be able to pass."
s_000429,Alshark (System disk).hdm,0x056ADB,"サイコリングｦ手ﾆｲﾚﾀ。0#P","I got a psycho ring."
s_000430,Alshark (System disk).hdm,0x057D68,"加減ﾆｼﾛﾖ！！@ｺﾉ野郎、ﾓｳ２度ﾄ来ﾙﾝじｬﾈｪ！！#S","Moderate it! ! This bastard will never come again! !"
s_000431,Alshark (System disk).hdm,0x05AF5D,"見ﾂｹﾙｺﾄが先決だ。@0ﾖｯｼｬ！早ｲﾄｺ出ｶｹﾖｳ。#W","First, we find it. All right, let's go!"
s_000432,Alshark (System disk).hdm,0x05CD81,"でﾊ、良ｲ休暇ｦｵ過ごｼｸだｻｲ。0#Q","I hope you have a nice vacation."
s_000433,Alshark (System disk).hdm,0x05D7D6,"分ｶｯﾀﾖ。@好ｷﾆｼﾃｸﾚ。@ﾄﾘｱｴず、何日ｶ休暇ｦﾄﾘﾀﾏｴ。0#V","Fine. Suit yourself. Take a few days off."
s_000434,Alshark (System disk).hdm,0x05EBFF,"達ﾊ、自分達ﾉ6経緯ｦ話ｼｱｯﾀ。0#Z","They shared their stories."
s_000435,Alshark (System disk).hdm,0x05F397,"星間バスｦご利用ﾅｻｲﾏｽｶ？0#Y","Would you like to use the interstellar bus?"
s_000436,Alshark (System disk).hdm,0x05F921,"ＣＳステｰションﾍ@帰還ﾅｻｲﾏｽｶ？0#Y","Return to CS Station?"
s_000437,Alshark (System disk).hdm,0x0607AB,"ドゥムナﾉ宝珠がﾅｲ！！0#S","I don't have the Jewel of Dumna! !"
s_000438,Alshark (System disk).hdm,0x060A4D,"抱ｷ起ｺｼﾀ。@6他ﾉ３人ﾊ、ｱﾏﾘﾉｺﾄﾆ@6ｼばｼ動ｹﾅｲでｲﾀ。0@#V","He helped her up. The others were too stunned to move."
s_000439,Alshark (System disk).hdm,0x0637DF,"何ｶﾉ役ﾆﾀﾂ事でｼｮｳ0ｸﾚぐﾚﾓ、捨ﾃﾀﾘ、壊ｼﾀﾘｼﾏｾﾇﾖｳ。#S","It will be useful for something, so please don't throw it away or destroy it."
s_000440,Alshark (System disk).hdm,0x064656,"ハンドナパｰム1ｦ見ﾂｹﾀ。#I","I found Handna Palm."
s_000441,Alshark (System disk).hdm,0x066328,"コルレルﾉ試練ﾍﾄ@ｵ導ｷｲﾀｼﾏｼｮｳ。0#P","Come. The Trial of Correl awaits."
s_000442,Alshark (System disk).hdm,0x067318,"ミカｰ老師ﾊ、ﾕｯｸﾘﾄ立ﾁ@6上がｯﾀ。0#Q","Slowly, Master Mikah rose."
s_000443,Alshark (System disk).hdm,0x067867,"１人で洞窟ﾉ6奥ﾍﾄ進ﾝでｲｯﾀ。0#S","Alone, he pressed deeper."
s_000444,Alshark (System disk).hdm,0x0678F5,"３ﾂﾉ試練ｦｸぐﾘ@6抜ｹﾙｺﾄﾆ成功ｼﾀﾉだ。0#S","He passed all three trials."
s_000445,Alshark (System disk).hdm,0x0679B7,"ヒｰトウィップ6ｦ@6手ﾆｲﾚﾀ。#S","You got a Heat Whip"
s_000446,Alshark (System disk).hdm,0x067DFA,"見ﾂｹﾙｺﾄがでｷﾀﾅﾗ、俺ﾆﾓﾐﾔげ話ｸﾗｲ聞ｶｾﾃﾔｯﾃｸﾚﾔ。#S","If you can find it, please tell me some souvenir stories."
s_000447,Alshark (System disk).hdm,0x0687EA,"他ﾆ手ﾊﾅｻｿｳだｼﾅ。仕方がﾅｲだﾛｳ。0#P","It seems like there's no other option. It can't be helped."
s_000448,Alshark (System disk).hdm,0x0689E5,"ウィガﾉ町ﾉ司政官？！0#P","Magistrate of Wigga town? !"
s_000449,Alshark (System disk).hdm,0x068E50,"気兼ﾈﾅｸ、貴様ﾗｦｹﾁﾗｽｺﾄがでｷﾙｯﾃﾓﾝだ！！0#P","I can feel free to criticize you guys! !"
s_000450,Alshark (System disk).hdm,0x068F17,"イｰル王ｶﾗｵﾏｴｦ捕ﾗｴﾃｸﾙﾖｳﾆ命令ｻﾚﾃﾝだﾖ！！0#P","King Eel has ordered me to capture you! !"
s_000451,Alshark (System disk).hdm,0x06A765,"金ﾅﾗ何ﾄｶｽﾙ。@何ｶ心当ﾀﾘがｱｯﾀﾗ、教ｴﾃｸﾚ。0#P","I'll handle the money. If you get a lead, tell me."
s_000452,Alshark (System disk).hdm,0x06D205,"ギｰデルﾉ奴ﾒ。@ｳﾏｲｺﾄ、王ﾆ取ﾘ入ﾘｵｯﾃ0#P","Giedel, that snake. He's charmed the King."
s_000453,Alshark (System disk).hdm,0x06EB06,"困ｯﾀｺﾄがｱｯﾀﾗ、ｲﾂでﾓ参ﾙが良ｲぞ。0#S","If you have any trouble, you can always come to me."
s_000454,Alshark (System disk).hdm,0x06F185,"遥ｶマｰズ人ﾉ源流ﾆ@ｻｶﾉぼﾙ。0#P","Back to the first Martians."
s_000455,Alshark (System disk).hdm,0x06F3C1,"ラルア？‥‥ラルアだｯﾃ？！0#P","Lalua? ...Rarua? !"
s_000456,Alshark (System disk).hdm,0x07118D,"地獄ﾉ沙汰ﾓ金ｼだｲｯﾃｲｳ@でｼｮ。0#P","It's all about the CREDIT, right?"
s_000457,Alshark (System disk).hdm,0x07127F,"で、通路ﾊ全部、調べﾃ@ﾐﾀｶｨ？0#Y","So, checked all the passages?"
s_000458,Alshark (System disk).hdm,0x071ADB,"後ﾊ、惑星ゾカヘルｶ。0#P","Next is the planet Zokahel."
s_000459,Alshark (System disk).hdm,0x07322C,"達ﾊ、アトライアﾍ戻ﾙ@6ｼｶﾅｶｯﾀ。0#M","We had to get back to the Atlia."
s_000460,Alshark (System disk).hdm,0x051AC0,"２００クレジット6ｦ手ﾆｲﾚﾀ。#D","I got 200 credits."
s_000461,Alshark (System disk).hdm,0x052F6F,"クレジットｲﾀだｹﾏｽｶ？0#Y","Can I have a credit?"
s_000462,Alshark (System disk).hdm,0x0534E7,"ぼｳﾔが情報屋ｦ捜ｼﾃﾙﾉ？0#Y","Are you looking for an informant?"
s_000463,Alshark (System disk).hdm,0x055B01,"アス兵ﾉ腕ｦ打ﾁ抜ｲﾀ。0#Z","Punched out the arm of the Ass soldier."
s_000464,Alshark (System disk).hdm,0x056893,"母が、マｰズ人だｯﾀ。0#P","My mother was a Marsian."
s_000465,Alshark (System disk).hdm,0x056DE7,"ど。@ｺｺでﾅﾗ、ｿﾉ航路が分ｶﾙﾄｲｳﾜｹｶｨ。0#P","So, we can find the flight path here?"
s_000466,Alshark (System disk).hdm,0x056EA2,"だが、最後ﾆ一言ｲｯﾃｵｺｳ。0#P","But let me say one last thing."
s_000467,Alshark (System disk).hdm,0x057B22,"他ﾆ必要ﾅ物ﾊござｲﾏｽｶ？0#Y","Is there anything else you need?"
s_000468,Alshark (System disk).hdm,0x05A4E7,"どｳｲｳ意味でｨ！@ｼｯｶﾘ説明ｼﾃﾓﾗｵｳｶ！0#P","What do you mean?! Start talking!"
s_000469,Alshark (System disk).hdm,0x05B4D4,"ボスﾉトｰミュﾆ会ﾜｾﾛ！0#P","Let me meet the boss Tomyu!"
s_000470,Alshark (System disk).hdm,0x05C417,"がﾈｪ。軍ﾉ命令ﾆﾊ逆ﾗｲﾖｳがﾈｪｶﾗﾅ。0#P","I don't know. There's no way I can go against military orders."
s_000471,Alshark (System disk).hdm,0x05D7AD,"少ｼでﾓ、休暇！ﾅﾝぞｦｲﾀだｶﾝｺﾄﾆﾊ。0#P","A little vacation! I don't have anything to offer you."
s_000472,Alshark (System disk).hdm,0x060CF3,"が意識ｦ取ﾘ6戻ｼﾀﾉでｱﾙ。0#V","He regained consciousness."
s_000473,Alshark (System disk).hdm,0x0628D7,"調査隊ﾉ人ﾀﾁﾊどｳﾅｯﾀﾉでｽｶ？0#V","What happened to the survey team members?"
s_000474,Alshark (System disk).hdm,0x062F2B,"他ﾆ必要ﾅ品ﾊござｲﾏｽｶ？0#Y","Are there any other items you need?"
s_000475,Alshark (System disk).hdm,0x063409,"３３０クレジット6ｦ拾ｯﾀ。#D","I picked up 330 credits."
s_000476,Alshark (System disk).hdm,0x063882,"ｙ｢囁 _他ﾆﾓ何ｶ必要でｽｶｧ。0#Y","y “Whisper _Do you need anything else?”"
s_000477,Alshark (System disk).hdm,0x063988,"待ｯﾃｨ！@ゴミ虫どﾓが！！0#V","Get back here, you worms"
s_000478,Alshark (System disk).hdm,0x063E8A,"だ、貴様ﾊ？！!@ｵﾓｼﾛｲ、叩ｷ殺ｼﾃｸﾚﾙ！0_6ｿﾉ隙ﾆ$","Who the hell are you?! Heh, I'll crush you!"
s_000479,Alshark (System disk).hdm,0x0654D5,"力が、今ｺｿ必要@ﾅﾉでｽ。0#P","We need your power... now!"
s_000480,Alshark (System disk).hdm,0x066494,"でﾉ試練ｦ抜ｹﾃｷﾀﾉﾊ３名でｽｶﾅ。0#P","I think there were three people who passed the test."
s_000481,Alshark (System disk).hdm,0x067AD8,"だが、一ﾂだｹ確ｶﾅｺﾄｦ教ｴﾃﾔﾛｳ。0#P","But let me tell you one thing for sure."
s_000482,Alshark (System disk).hdm,0x068A28,"ザｰテ様が、ｵ会ｲﾆﾅﾙｿｳでｽ。0#P","It seems that Mr. Zate will be meeting with you."
s_000483,Alshark (System disk).hdm,0x06CF3C,"どｳだ、他ﾉ武器ﾓ見ﾃﾐﾙｶ？0#Y","What do you think, do you want to look at other weapons?"
s_000484,Alshark (System disk).hdm,0x06D94D,"５００クレジットｦ見ﾂｹﾀ。#D","I found 500 credits."
s_000485,Alshark (System disk).hdm,0x06DA90,"内紛が起ｺｯﾀﾗ大変ﾅ@ｺﾄﾆﾅｯﾃｼﾏｳｶﾗﾅ。0#P","We can't afford a civil war."
s_000486,Alshark (System disk).hdm,0x06E49B,"ぞ、ザｰテｦ捕ﾗｴﾃｷﾀ。誉ﾒﾃﾂｶﾜｽぞ。0#Z","Well, I captured Zate. I will honor you and send you away."
s_000487,Alshark (System disk).hdm,0x06F0DA,"秘力ﾉ奥義ｦ賜ﾘﾀｸ、ｵ捜ｼ@ｼﾃｲﾏｼﾀ。0#P","I've sought you to learn your art."
s_000488,Alshark (System disk).hdm,0x06F106,"カｰマﾉ侵攻が@始ﾏｯﾀﾄｲｳﾜｹｶ。0#P","So, Kama has begun to invade."
s_000489,Alshark (System disk).hdm,0x06F291,"アルシャｰクﾄ申ｼﾏｽ。0#P","My name is Alshak."
s_000490,Alshark (System disk).hdm,0x070069,"イｰル様ｶﾗ直々ﾆｱﾅﾀ方ﾉ@ｺﾄﾊ聞ｲﾃｵﾘﾏｽﾖ。0#P","King Eele-Kose himself told me of you."
s_000491,Alshark (System disk).hdm,0x070BF2,"サイコリング‥‥？0#P","Psycho ring...?"
s_000492,Alshark (System disk).hdm,0x0716FB,"情報ﾊｶﾅﾘ高ｲぜ。@ﾄｯﾃｵｷﾉ奴だｶﾗﾅｧ。0#P","This is top-shelf info. It's pricey."
s_000493,Alshark (System disk).hdm,0x071B03,"じｬﾏﾙで歯が立ﾀﾅｲだﾛｳﾅ。0#P","If you get in the way, you won't be able to stand up."
s_000494,Alshark (System disk).hdm,0x074155,"サイバｰスｰツ6ｦ手ﾆｲﾚﾀ。0#G","Got the Cyber Suit 6!"
s_000495,Alshark (System disk).hdm,0x07457C,"バカﾅ野郎だぜ。#S","You stupid bastard."
s_000496,Alshark (System disk).hdm,0x076781,"ボルアﾉキｰｦ投げ6ﾃﾖｺｼﾀ。0#I","Tossed you the Borua Key."
s_000497,Alshark (System disk).hdm,0x077055,"で、何ｦ造ｯﾀﾗｲｲﾓﾉｶ、@ｵﾏｴﾆ相談ｼﾖｳﾄ思ｯﾃﾅ。0#C","So, what should I build? Thought I'd ask you."
s_000498,Alshark (System disk).hdm,0x083B05,"何でﾓﾅｶｯﾀﾝじｬ。@ﾜｼﾉ勘違ｲじｬｯﾀﾖ。#S","It was nothing. It was my mistake."
s_000499,Alshark (System disk).hdm,0x09826A,"６２００ﾏで引ｷ上げﾙｺﾄがでｷﾙ。0#G","It can be raised up to 6200."
s_000500,Alshark (System disk).hdm,0x0527AC,"他ﾉ品物ﾊどｳだｲ？0#Y","What about other items?"
s_000501,Alshark (System disk).hdm,0x052D93,"廝ﾁｮｯﾄ、3カン詰ﾒ1ﾊどｳｼﾀﾉﾖ？@0#G","Hey, where's that 3-pack of rations?"
s_000502,Alshark (System disk).hdm,0x0538BC,"じｻﾝ5ｱﾉモンスタｰが現ﾚﾀﾄｷ、鉱夫ﾉ連中ﾉﾎﾄﾝどが鉱山ﾉ奥ｶﾗ響ｸ不気味ﾅ音ｦ聞ｲﾀﾗｼｲ#S","Ji-san: When that monster appeared, most of the miners heard an eerie sound coming from deep inside the mine."
s_000503,Alshark (System disk).hdm,0x0559C7,"２人ﾉゾリアス兵ﾊ、@6シャイナｦ盾ﾆﾄｯﾀﾏﾏ、回ﾘ6込ﾑﾖｳﾆｼﾃ後ずｻｯﾃ行ｯﾀ0#N","The Zolius soldiers circled back, using Shaina as a shield."
s_000504,Alshark (System disk).hdm,0x055C68,"戦闘艇ﾊ、離脱ｼﾃｲﾀ。0#Z","The combat boat had left."
s_000505,Alshark (System disk).hdm,0x056B3A,"特ﾆ、総帥ﾉ血ｦ引ｸ者ﾉ特殊@精神波ｶﾗ身ｦ守ﾙﾀﾒﾆﾊ、@精神ｦ同調ｻｾ打ﾁ消ｽサイコ@シｰルドｦ身ﾆﾂｹﾈばﾅﾙﾏｲ0#P","A Psycho Shield can sync with and cancel the psychic waves of the Supreme Commander's bloodline."
s_000506,Alshark (System disk).hdm,0x056CC6,"ゲブレス砲？！0#P","Gebres gun? !"
s_000507,Alshark (System disk).hdm,0x056D44,"撃ﾁ込ﾏﾚﾀﾗ、@ウュリアﾔマｰズだｹでﾅｸ、@ゾリアス星系ﾆﾏで影響が及ぶぞ0#P","If they fire that, it'll hit Ulyria, Mars, and even Zolius!"
s_000508,Alshark (System disk).hdm,0x05735A,"ＡＲＭＥＤ5ｲﾗｯｼｬｲ。@気ﾆ入ｯﾀ物がｱｯﾀﾗ、@買ｯﾃｲｯﾃｸﾚ。0#G","ARMED: Welcome. If you see something you like, buy it."
s_000509,Alshark (System disk).hdm,0x057BDF,"どｯｶで聞ｲﾀｺﾄﾉｱﾙﾖｳﾅ‥‥0@ﾏ、ｲｯｶ！寝ﾖ寝ﾖ。0#X","Sounds familiar... Oh well! Time for bed."
s_000510,Alshark (System disk).hdm,0x057DF9,"他ﾆﾓ必要ﾅ物がｱﾙｶｲ？0#Y","Do you need anything else?"
s_000511,Alshark (System disk).hdm,0x058042,"スイッチｦｲﾚﾙぞ。#B","I'll flip the switch."
s_000512,Alshark (System disk).hdm,0x058A68,"出番がﾅｸﾅｯﾁﾏｳｶﾄ思ｯﾀぜ！0#S","I thought I was going to run out of appearances!"
s_000513,Alshark (System disk).hdm,0x05B45C,"だ！@ﾃﾒｪﾗﾉ相手ｼﾃﾙ暇ﾊﾈｪﾝだﾖ。#B","is! I don't have time to deal with you."
s_000514,Alshark (System disk).hdm,0x05BE3E,"だﾖ！@ﾃﾒｪﾊ、聞ｶﾚﾀｺﾄだｹ答ｴﾃﾘｬｲｲﾝだ！！0#P","Just answer what you're asked, got it?!"
s_000515,Alshark (System disk).hdm,0x05CA5E,"奴ﾗがｻﾗｯﾀ理由ﾄｲｳﾉﾊ、ﾜｶﾗﾅｲﾝでｽｶ？0#P","Don't you know why they kidnapped you?"
s_000516,Alshark (System disk).hdm,0x05CF43,"だｹ、@ｶﾜｲｲ女ﾉ子でｽｶﾗﾅ。@がﾊﾊﾊﾊ‥‥0#P","...'cause she's a cute girl! Bwa ha ha!"
s_000517,Alshark (System disk).hdm,0x05D667,"連邦政府ﾄｼﾃﾊ、本格的ﾆゾリアスﾄ事ｦ構ｴﾙ自信がﾅｲﾉだ0#P","The federal government does not have the confidence to seriously deal with Zorias."
s_000518,Alshark (System disk).hdm,0x05DC73,"達ﾊ、6宇宙ﾍﾄ脱出ｼﾀ。0#S","They escaped to space."
s_000519,Alshark (System disk).hdm,0x05E0BA,"悪事ﾓｺﾚﾏでだぜ！！0#P","That's all for evil deeds! !"
s_000520,Alshark (System disk).hdm,0x05E851,"何ｶ必要ﾅﾓﾉがｱｯﾀﾗ、@ｵｯｼｬｯﾃｸだｻｲﾈ。0#G","If you need anything, just ask."
s_000521,Alshark (System disk).hdm,0x0602C7,"レイボｰルｦ手ﾆｲﾚﾀ。#S","I got Ray Ball."
s_000522,Alshark (System disk).hdm,0x060317,"他ﾆ必要ﾅﾓﾉﾊござｲﾏｽｶ？0#Y","Is there anything else you need?"
s_000523,Alshark (System disk).hdm,0x0605E6,"づｲﾀﾅ。@引ｷ上げﾙぞ！0#Q","They've spotted us. Move!"
s_000524,Alshark (System disk).hdm,0x061810,"私ﾀﾁﾊ、決ｼﾃ降伏ｼﾅｲぞ！0#P","We will never surrender!"
s_000525,Alshark (System disk).hdm,0x0618A4,"町ﾉ人々ﾊ、地上ﾆ出ﾃ6ｲｯﾀ。0#M","The townsfolk went above."
s_000526,Alshark (System disk).hdm,0x061BE4,"涙ﾁｮｳだｲﾊ、@ｿﾚｸﾗｲﾆｼﾄｶﾅｲﾄ、@敵ﾊ待ｯﾁｬｱｸﾚﾅｲﾝだﾖ！0#W","Quit your whining! The enemy won't wait."
s_000527,Alshark (System disk).hdm,0x062CD3,"が銃で撃ﾁ6抜ｲﾀ。0#V","A single gunshot."
s_000528,Alshark (System disk).hdm,0x063599,"マｰズ人が@ｺﾉ宇宙ﾉ生命体でﾊﾅｸ、他ﾉ星ｶﾗ移住ｼﾃｷﾀｺﾄﾊ、貴方がﾀﾓﾖｸご存知ﾉｺﾄでｼｮｳ0#P","You must know that Martians are not from this universe, but from another star."
s_000529,Alshark (System disk).hdm,0x063696,"が、ドゥムナﾉ死後ｿﾉ名ｦ語ﾘ、初代大統領ﾉカスタ・バイヤｰが行ｯﾀｺﾄだﾄﾊ今ﾄﾅｯﾃﾊ知ﾙ者ﾓｱﾘﾏｾﾝ0#P","However, no one now knows that this was done by Casta Bayer, the first president who spoke of Dumna's name after his death."
s_000530,Alshark (System disk).hdm,0x0638F9,"他ﾆﾓ何ｶ必要でｼｮｳｶ？0#Y","Do I need anything else?"
s_000531,Alshark (System disk).hdm,0x065070,"疲ﾚﾉﾖｳでｽﾅ。@ﾕｯｸﾘﾄ休ﾝでｲｯﾃｸだｻﾚ0#X","You look tired. Rest here a while."
s_000532,Alshark (System disk).hdm,0x065586,"でｼﾀｶ。@ﾏｻｶ、ｺﾝﾅﾆﾓ早ｸ、ｿﾉ@時が来ﾖｳﾄﾊ‥‥‥。0#P","So it's begun... I never dreamed it'd be so soon."
s_000533,Alshark (System disk).hdm,0x065602,"遺志ｦ継ぐ者？0#P","Who will inherit his will?"
s_000534,Alshark (System disk).hdm,0x065626,"方ﾊ３ﾂﾉ試練ﾆ挑戦ｽﾙｺﾄﾆﾅﾘﾏｽ。0#P","You will have to take on three challenges."
s_000535,Alshark (System disk).hdm,0x0668DC,"サｰトスﾉ遺跡？0#P","Ruins of Sarthos?"
s_000536,Alshark (System disk).hdm,0x068B84,"宮殿ﾉ兵士ﾊ、ザｰテ様ｦ@ｵ守ﾘｽﾙ我々、女兵士だｹだがウュルトリアﾉ正規兵ﾊ、@レイソｰドｦ装備ｼﾀ強者ばｶﾘ0#P","The palace guard is just us women. But Ulyria's regular army? All elite Raysword users."
s_000537,Alshark (System disk).hdm,0x069D7C,"武器ｦ投げ捨ﾃﾀ。0#Z","I threw away my weapon."
s_000538,Alshark (System disk).hdm,0x06A9B3,"バｰツ！ｺｲﾂﾊ・・・0#P","Baht! This guy is..."
s_000539,Alshark (System disk).hdm,0x06C108,"スクラップ屋5メカニックがｲﾙﾝﾅﾗ、@スクラップﾊ大切ﾆｽﾙべｷだぞ0#P","Got a mechanic with you? Don't go wasting good SCRAP."
s_000540,Alshark (System disk).hdm,0x06C2C5,"必要ﾅ物ﾊござｲﾏｽｶ？0#G","Do you have what you need?"
s_000541,Alshark (System disk).hdm,0x06C59A,"イｰル王ﾊ、非常ﾆプライドﾉ@高ｲｵ方じｬｶﾗ、ｵ后様でｻｴ同じテｰブルで食事ｦﾄﾙｺﾄｦ許ｻﾚﾅｶｯﾀﾄｶ‥‥0#P","King Eele-Kose is so proud, they say he won't even let the queen eat at his table."
s_000542,Alshark (System disk).hdm,0x06CF20,"他ﾉ防具ﾊどｳだｨ？0#Y","What about other armor?"
s_000543,Alshark (System disk).hdm,0x06CF85,"他ﾆﾓ必要ﾅ物がｱﾙｶｨ？0#Y","Is there anything else you need?"
s_000544,Alshark (System disk).hdm,0x06CFA4,"他ﾆﾓ必要ﾅ物がｱﾘﾏｽｶ？0#Y","Is there anything else you need?"
s_000545,Alshark (System disk).hdm,0x06D1C8,"所で何ｦｼﾃｲﾙﾉでｽ！出ﾃｵｲｷﾅｻｲ！#Q","What are you doing there? Get out!"
s_000546,Alshark (System disk).hdm,0x06E063,"余興がﾜﾘﾆ、処刑ｼﾃｸﾚﾖｳｶ。@ﾉｫ、$
。0#Z","I'll execute you for my amusement."
s_000547,Alshark (System disk).hdm,0x06F1A4,"師ドゥムナが、ｺﾉ宇宙ﾆ１隻ﾉ植民船ｦ率ｲﾃ移住ｼﾃｷﾀﾄ@ｲｳ話ﾊ、ｱﾏﾘﾆﾓ有名ﾅ話@じｬが、0#P","Famous story, how We-Dumnah led one colony ship to settle this universe..."
s_000548,Alshark (System disk).hdm,0x07072F,"便利ﾅ品がｿﾛｯﾃﾏｽﾖ。@何ﾆｼﾏｽｶ？0#G","Welcome! What can I get for you?"
s_000549,Alshark (System disk).hdm,0x070B09,"最終兵器だｯﾃ？！0#P","Is it the final weapon? !"
s_000550,Alshark (System disk).hdm,0x071430,"俺ﾊ、ｺｺﾉ用心棒ﾐﾃｪﾅﾓﾝだ。0#P","I'm looking at the bouncer here."
s_000551,Alshark (System disk).hdm,0x071E26,"帝国宙軍ﾊ、ラッセルガイヤｰｦ航行不能ﾆｻﾚﾃ、ｿﾉ主力ｦ@宇宙要塞バルバスﾆ移ｼﾀｿｳだ0#P","I hear the Russelgaia's out of commission. The Zolius fleet moved to Barbas."
s_000552,Alshark (System disk).hdm,0x073516,"他ﾆﾓ何ｶ必要でｽｶ？0#Y","Need anything else?"
s_000553,Alshark (System disk).hdm,0x075D46,"じｬｱ、火口ﾉ外ﾆ出ﾙﾜﾖ。0#S","Well then, let's go outside the crater."
s_000554,Alshark (System disk).hdm,0x083904,"ずﾄｲｯﾁｬｱ何だが、結晶化ｼﾃｲﾀザイザｰ鉱石で、ｵﾏｴ専用ﾉ武器ｦ創ｯﾃｵｲﾀ0#I","By the way, I created a weapon specifically for you using the crystallized Zaiser ore."
s_000555,Alshark (System disk).hdm,0x053627,"位で勘弁ｼﾄｲﾃﾔﾙｶ。0#G","Shall I give you a break?"
s_000556,Alshark (System disk).hdm,0x054BD9,"救難信号ﾖ。0#Z","It's a distress signal."
s_000557,Alshark (System disk).hdm,0x054CE9,"パパﾓ乗ｯﾃﾙﾊずﾖ。0#Z","Dad should be on board too."
s_000558,Alshark (System disk).hdm,0x054DD9,"気づｶﾚﾈｪﾖｳﾆ、ｿｯﾄ接舷ｼﾛﾖ。0#Z","Gently approach the ship so that no one notices."
s_000559,Alshark (System disk).hdm,0x055D77,"達ﾉ方ﾆ向ｷ6直ｯﾀ。0#Z","Turned to face them."
s_000560,Alshark (System disk).hdm,0x057A5F,"サｰビスﾅﾗ、マｰズ人ﾉスクラップ屋ﾆﾓ負ｹﾅｲﾂﾓﾘでｯｾ0#G","When it comes to service, I'm not going to lose to the Mars scrappers."
s_000561,Alshark (System disk).hdm,0x059684,"じｻﾝ。@無事ﾆ戻ｯﾃｷﾏｼﾀﾖ。0#V","We're back in one piece!"
s_000562,Alshark (System disk).hdm,0x05A529,"貴様、殺ｽぞ、ｵｲ！！0#P","I'm going to kill you, hey! !"
s_000563,Alshark (System disk).hdm,0x05ABE5,"思ﾜず泣ｷ出6ｼﾃｲﾀ。0#Z","The tears just came."
s_000564,Alshark (System disk).hdm,0x05B7A5,"だ、何ｶ必要ｶﾅ？0#Y","Do you need something?"
s_000565,Alshark (System disk).hdm,0x05CC9A,"ハッ！ばｶばｶｼｲ。#S","Ha! That's ridiculous."
s_000566,Alshark (System disk).hdm,0x05D653,"でｽｶ？司令官。0#P","Is it? Commander."
s_000567,Alshark (System disk).hdm,0x05D8B5,"軍ﾉ意向だ。0#N","That's the military's intention."
s_000568,Alshark (System disk).hdm,0x060385,"他ﾆ、何ｶ必要ｶｲ？0#Y","Do you need anything else?"
s_000569,Alshark (System disk).hdm,0x060895,"私が、相手ﾆﾅﾘﾏｼｮｳ。0#Z","Let me be your opponent."
s_000570,Alshark (System disk).hdm,0x062C39,"でｽｶ。@仕方がｱﾘﾏｾﾝ。0#V","I see... No other way."
s_000571,Alshark (System disk).hdm,0x062DEA,"達ﾉ耳ﾆ届ｲﾃｲﾀだﾛｳ6ｶ。0#N","I wonder if they heard."
s_000572,Alshark (System disk).hdm,0x0639FF,"帝国軍ﾉ者ｶ？！0#Z","Are you from the Imperial Army? !"
s_000573,Alshark (System disk).hdm,0x063E6F,"私が相手ﾆﾅﾛｳ！0#Z","Let me be your opponent!"
s_000574,Alshark (System disk).hdm,0x063EB6,"達ﾊ逃げだｼﾀ。0#S","They started running away."
s_000575,Alshark (System disk).hdm,0x0644D3,"で言ﾜﾚﾙ筋合ｲﾊﾈｪ！0#G","That doesn't make sense!"
s_000576,Alshark (System disk).hdm,0x0645CC,"他ﾆ必要ﾅ物ﾊｱﾙｶｨ？0#Y","Is there anything else you need?"
s_000577,Alshark (System disk).hdm,0x065570,"ラルアでｽﾄ？！0#P","Is it Larua? !"
s_000578,Alshark (System disk).hdm,0x065687,"分ｶﾘﾏｼﾀ。@挑戦ｻｾﾃｸだｻｲ。0#P","Okay. I'll give it a shot."
s_000579,Alshark (System disk).hdm,0x065870,"だ何ｶ必要ｶｨ？0#Y","Do you need something?"
s_000580,Alshark (System disk).hdm,0x065CBE,"ウェルダｻﾝ！0#Z","Mr. Welda!"
s_000581,Alshark (System disk).hdm,0x0663E3,"メンバｰ6ｶﾗ外ｻﾚﾃｼﾏｳ。0#K","Removed from the party."
s_000582,Alshark (System disk).hdm,0x068601,"達ﾆ視線ｦ@6戻ｼﾀ。0#P","Looked back at them."
s_000583,Alshark (System disk).hdm,0x068D97,"達ﾆﾊ、礼ｦ言ﾜﾈばﾅﾙ@ﾏｲ。0#P","I owe you my thanks."
s_000584,Alshark (System disk).hdm,0x06AA71,"だｯﾀﾗ、ｵ安ｲ@ごﾖｳだ。0#P","Heh, piece of cake."
s_000585,Alshark (System disk).hdm,0x06AB89,"じｬｱ、ﾁｮｲﾄ様子ｦ見ﾃ@ｸﾙｶ。0#Q","Guess I'll go take a look."
s_000586,Alshark (System disk).hdm,0x06B176,"ウィガﾉ町ﾖ。@#B","The town of Wigga."
s_000587,Alshark (System disk).hdm,0x06C83C,"ミｰアﾊ、幸ｾﾆ暮ﾗｼﾃｲﾏｽﾄ。#S","Mia is living happily."
s_000588,Alshark (System disk).hdm,0x06CF68,"だ必要ﾅﾓﾉがｱﾙｶﾅ？0#Y","Is there anything you need?"
s_000589,Alshark (System disk).hdm,0x07108E,"情報が欲ｼｲﾉｶ？0#Y","Do you want information?"
s_000590,Alshark (System disk).hdm,0x071495,"で、誰ﾆ聞ｲﾃｷﾀﾝだ？0#P","So, who did you ask?"
s_000591,Alshark (System disk).hdm,0x073745,"一杯ｲｶがでｽｶ？0#G","Would you like a drink?"
s_000592,Alshark (System disk).hdm,0x073A29,"気ﾆ入ﾘｿｳﾅ@ﾓﾝｦ見ﾂｹﾀぜ。0#G","Got something you'll like."
s_000593,Alshark (System disk).hdm,0x074809,"ゴルﾉキｰ6ｦ手ﾆｲﾚﾀ。#Q","I got the Gol Key."
s_000594,Alshark (System disk).hdm,0x07542B,"だ？@俺ﾄ飲ﾐｸﾗべｼﾖｳｯﾃｶ？@#Y","You? Out-drink me? Heh."
s_000595,Alshark (System disk).hdm,0x001EDF,"シオン達ﾊ、ｿﾚぞﾚ@経験値   3(","Shion and his friends each have experience points ("
s_000596,Alshark (System disk).hdm,0x051339,"一緒ﾆ行ｯﾃﾐﾅｲ？0#Y","Would you like to go with me?"
s_000597,Alshark (System disk).hdm,0x05172A,"ぱﾘ行ｷﾀｸﾅｯﾀﾝでｼｮｳ？0#Y","I guess you want to go to Paris?"
s_000598,Alshark (System disk).hdm,0x051988,"一緒ﾆ行ｸ。#W","I'll go with you."
s_000599,Alshark (System disk).hdm,0x054B69,"じｬｱ出発ｽﾙﾄｽｯｶｧ～！！0#S","Then I'll leave! !"
s_000600,Alshark (System disk).hdm,0x055BD1,"声が響ｸ。0#N","A voice echoes."
s_000601,Alshark (System disk).hdm,0x058A98,"奴ﾗﾈ。@死ﾝでｼﾏｲﾅｻｲ！！0#R","You wretches... Perish!"
s_000602,Alshark (System disk).hdm,0x05A11C,"若者5ｺｺﾊ、惑星ザジルﾉ田舎町ポｰキン#B","Young Man: This is Pokin, a rural town on the planet Zajil."
s_000603,Alshark (System disk).hdm,0x05A5A4,"チッ、ｿﾝﾅｺｯﾀﾛｳﾄ思ｯﾀﾖ。0#P","Tsk, that's what I thought."
s_000604,Alshark (System disk).hdm,0x05A5F9,"連絡でｶｹﾂｹﾀ連邦6警察がトｰミュｦ連行ｼﾃｲｯﾀ#S","The federal police called in and took Thomyu away."
s_000605,Alshark (System disk).hdm,0x05B5BC,"で、どｺﾆｵﾙﾝじｬｲ！！0#P","So, where are you? !"
s_000606,Alshark (System disk).hdm,0x05D459,"今、ﾜｶｯﾃｲﾙｺﾄｦｵ教ｴ願ｴﾏｽｶ。0#P","Could you please tell me what you know now?"
s_000607,Alshark (System disk).hdm,0x05D860,"だﾖ！チビ！！0#P","Yes! Chibi! !"
s_000608,Alshark (System disk).hdm,0x05E085,"大丈夫ｶ？！0#P","Are you okay? !"
s_000609,Alshark (System disk).hdm,0x05EAA4,"達ﾊ、@6$
ﾉ帰ﾘｦ待ｯﾀ。0#Q","They awaited his return."
s_000610,Alshark (System disk).hdm,0x05EAF0,"無事だｯﾀﾉｶ！！0#Z","Was it okay? !"
s_000611,Alshark (System disk).hdm,0x061C85,"姉で、「氷ﾉ$","[UNTRANSLATED]"
s_000612,Alshark (System disk).hdm,0x063E50,"前ﾆ立ﾁ6ﾊだｶｯﾀ。0#Z","Blocked the way."
s_000613,Alshark (System disk).hdm,0x06531C,"がﾄｳござｲﾏｽ。0#P","[UNTRANSLATED]"
s_000614,Alshark (System disk).hdm,0x066970,"遺跡ﾊ、ｲｯﾀｲどｺﾆ？0#P","[UNTRANSLATED]"
s_000615,Alshark (System disk).hdm,0x0673DC,"後ﾛﾍ@6下がﾙｼｶﾅｶｯﾀ。0#K","Forced back 6 steps."
s_000616,Alshark (System disk).hdm,0x067BE3,"がﾎﾝﾄﾆｱﾙﾉｶどｳｶ、ﾊｯｷﾘｼﾅｲﾝだ。0#P","[UNTRANSLATED]"
s_000617,Alshark (System disk).hdm,0x068352,"ラミュｰ‥‥？0#P","[UNTRANSLATED]"
s_000618,Alshark (System disk).hdm,0x0686E0,"達ﾆ懇願ｼﾀ。0#P","[UNTRANSLATED]"
s_000619,Alshark (System disk).hdm,0x069D96,"ジョｰｵじｻﾝ！0#Z","[UNTRANSLATED]"
s_000620,Alshark (System disk).hdm,0x06E990,"大儀でｱｯﾀ。0#Z","[UNTRANSLATED]"
s_000621,Alshark (System disk).hdm,0x06F370,"分ｶﾘﾏｼﾀ。@ｵ話ｼｸだｻｲ。0#P","Understood. Go ahead."
s_000622,Alshark (System disk).hdm,0x06FE05,"話ﾓ飽ｷﾀじｬﾛ？0#Y","[UNTRANSLATED]"
s_000623,Alshark (System disk).hdm,0x06FEF3,"達者でﾅ。0#Q","[UNTRANSLATED]"
s_000624,Alshark (System disk).hdm,0x07568C,"が押ｻﾚﾃｲﾙﾖｳ6だ。0#G","It's been pressed."
s_000625,Alshark (System disk).hdm,0x051070,"食事ﾊｵｼﾏｲ？0#Z","[UNTRANSLATED]"
s_000626,Alshark (System disk).hdm,0x051CF2,"父ｻﾝ！！@ｼｯｶﾘｼﾃ、父ｻﾝ！0#Z","[UNTRANSLATED]"
s_000627,Alshark (System disk).hdm,0x0529A9,"失礼ｼﾁｬｳﾜﾈ。#S","[UNTRANSLATED]"
s_000628,Alshark (System disk).hdm,0x055C3E,"がエアロックﾆ6駆ｹ寄ｯﾀ時ﾆﾊ、振動ﾄ共ﾆ@#V","As they rushed the airlock, a tremor..."
s_000629,Alshark (System disk).hdm,0x056AB5,"手渡ｼﾀ。0#G","[UNTRANSLATED]"
s_000630,Alshark (System disk).hdm,0x056BE9,"で、ｺｺﾆ来ﾙ途中、@最終兵器ﾉ噂ｦ聞ｲﾀﾉだが‥‥0#P","On my way here, I heard about a final weapon..."
s_000631,Alshark (System disk).hdm,0x05A69C,"達ﾅﾗ、ｷｯﾄﾔﾙﾄ思ｯﾃﾀﾖ。0#P","[UNTRANSLATED]"
s_000632,Alshark (System disk).hdm,0x05BA9C,"少ｼ寝ﾃﾀｶｯﾀﾉﾆﾅｧ。0#G","[UNTRANSLATED]"
s_000633,Alshark (System disk).hdm,0x05BD25,"でﾓﾅｲ、続ｹﾃｸﾚ。0#P","[UNTRANSLATED]"
s_000634,Alshark (System disk).hdm,0x05C28D,"でﾆｵﾜｶﾘﾉﾖｳだ。0#P","[UNTRANSLATED]"
s_000635,Alshark (System disk).hdm,0x05E9B7,"だ、ｵ買ｲﾆﾅﾘﾏｽｶ？0#Y","[UNTRANSLATED]"
s_000636,Alshark (System disk).hdm,0x060186,"赤ｸﾃｷﾐﾉ悪ｲモンスタｰﾆ大勢ﾉ人達が殺ｻﾚﾁｬｯﾀﾉ#S","[UNTRANSLATED]"
s_000637,Alshark (System disk).hdm,0x060936,"何ｦｽﾙ@ﾂﾓﾘだ‥‥‥‥！！0#Z","[UNTRANSLATED]"
s_000638,Alshark (System disk).hdm,0x060ED0,"ゾｰク！！！#X","[UNTRANSLATED]"
s_000639,Alshark (System disk).hdm,0x062236,"が現ﾚﾙﾉｦﾏｯﾀ。0#Q","[UNTRANSLATED]"
s_000640,Alshark (System disk).hdm,0x0629D3,"どｳｼﾃｺｺﾆｲﾙﾝでｨ！0#Z","[UNTRANSLATED]"
s_000641,Alshark (System disk).hdm,0x0634F5,"探ｼ@6だｼﾀ。#I","[UNTRANSLATED]"
s_000642,Alshark (System disk).hdm,0x06577C,"悔ｼｿｳﾆ下ﾍ@6ｳﾂﾑｲﾃｲﾀ。0#P","[UNTRANSLATED]"
s_000643,Alshark (System disk).hdm,0x068406,"どｳｶﾅｻﾚﾀﾉでｽｶ？0#P","[UNTRANSLATED]"
s_000644,Alshark (System disk).hdm,0x06A41D,"他ﾆﾓ何ｶｲﾘﾏｽ？0#Y","[UNTRANSLATED]"
s_000645,Alshark (System disk).hdm,0x06AA1E,"本当ﾆｲｲﾉｶ？ｵｲ。0#P","[UNTRANSLATED]"
s_000646,Alshark (System disk).hdm,0x06C5F7,"が、最近ﾆﾅｯﾃ、どｺぞﾉ者ﾄﾓ知ﾚﾇﾔｶﾗｦｵ側ﾆｵｲﾃ、ｿﾉ者ﾄﾊ、食事ｦ共ﾆ@ﾅｻﾙﾄｶ‥‥0#P","Lately, he's kept some stranger by his side. They even dine together..."
s_000647,Alshark (System disk).hdm,0x06F40A,"どｳｲｳｺﾄﾅﾝじｬｲ！0#P","[UNTRANSLATED]"
s_000648,Alshark (System disk).hdm,0x0747F8,"息絶ｴﾀ。0#I","[UNTRANSLATED]"
s_000649,Alshark (System disk).hdm,0x075785,"勝ﾁだ！！#S","[UNTRANSLATED]"
s_000650,Alshark (System disk).hdm,0x05BB43,"キドゥンが手ﾆ入ﾗﾅｸﾅｯﾁｬｯﾀﾉﾊ、少ｼ残念だﾅｧ0#G","[UNTRANSLATED]"
s_000651,Alshark (System disk).hdm,0x06020C,"私ﾉ息子ﾊ、町ﾉ人ﾀﾁﾄ鉱山ﾆ調査ﾆｲｯﾀﾏﾏ帰ﾗﾅｲﾝでｽ#S","[UNTRANSLATED]"
s_000652,Alshark (System disk).hdm,0x068DB3,"だが、約束ｦ果ﾀｽ前ﾆ、@ﾓｳ１ﾂ、ｿﾁ達ﾆ協力ｼﾃﾓﾗﾜﾅｸﾃﾊﾅﾗﾇｺﾄがｱﾙﾉだ0#P","Before I keep my promise, there's one more thing you must do."
s_000653,Alshark (System disk).hdm,0x06F060,"達ﾉ方だｯﾀ6ﾏｻｶ、ラミュｰが生ｷﾃｲﾙﾄ6ﾊ、夢ﾆﾓ思ﾜﾅｶｯﾀﾉだｶﾗ0#P","Ramyuu is alive...? We never would have dreamed it."
s_000654,Alshark (System disk).hdm,0x071817,"じｬｱ、向ｺｳで端末ﾄﾆﾗﾒｯｺｼﾃﾙウュリア人ﾆ聞ｲﾃｸﾚ#S","[UNTRANSLATED]"
s_000655,Alshark (System disk).hdm,0x017811,"どｲ傷ﾐ方だﾅ！@修理ﾆﾊ、>>>>>スクラップ@が必要だぞ。@>>>>>>>>修理ｼﾏｽｶ？","Wow, she's in rough shape! Gonna need some SCRAP to fix her. Repair?"
s_000656,Alshark (System disk).hdm,0x0512B9,"今朝、パパが調査ﾆ行ｸｯﾃ言ｳｶﾗ、『連ﾚﾃｯﾃ』ｯﾃｵ願ｲｼﾀﾝだｹど、『ダメだ！』だｯﾃ。0_4$","[UNTRANSLATED]"
s_000657,Alshark (System disk).hdm,0x051362,"昨日ﾉ隕石ﾊｽごｶｯﾀﾖﾅｧ。0_ｳﾁﾉ親父ﾓペンロｰズ博士達ﾄザクセンキャニオンﾍ調査ﾆ行ｯﾀﾐﾀｲだぜ。","[UNTRANSLATED]"
s_000658,Alshark (System disk).hdm,0x0513B9,"婆ｻﾝ5ウュリア王国ﾄゾリアス帝国が、ﾄｳﾄｳ開戦ｼﾀｿｳじｬ。@ﾏｯﾀｸ、物騒ﾅ世ﾉ中ﾆﾅｯﾀﾓﾝじｬﾖ。","[UNTRANSLATED]"
s_000659,Alshark (System disk).hdm,0x051423,"ばｻﾝ5惑星ホムﾓずｲぶﾝ開拓ｻﾚﾃ、緑が増ｴﾀｹﾚど、西ﾆｱﾙハマックﾉ町ﾉ周辺ﾊ、放射性廃棄物で汚染ｻﾚﾃﾙﾗｼｲﾜ。0_特ﾆ、廃棄処理場ﾉダストﾅﾝｶ突然変異で凶暴ﾆﾅｯﾀギギが、ﾀｸｻﾝｲﾙｯﾃﾖ。","[UNTRANSLATED]"
s_000660,Alshark (System disk).hdm,0x0514C4,"娘5最近、緑がｽごｸ増ｴﾃｷﾀﾉﾊｲｲｹど、湖ﾉ近ｸﾅﾝｶ、大ｷﾅ虫がﾀｸｻﾝ繁殖ｼﾃ、危ﾅｲｿｳﾖ。","[UNTRANSLATED]"
s_000661,Alshark (System disk).hdm,0x05155A,"少女5ザクセンキャニオンｯﾃ、北ﾆｱﾙ大峡谷ﾉｺﾄでｼｮ。","[UNTRANSLATED]"
s_000662,Alshark (System disk).hdm,0x051604,"ザクセンキャニオンﾆﾊ、ギギがﾀｸｻﾝｲﾙｶﾗﾄ思ｯﾃ・・・。0_4$","[UNTRANSLATED]"
s_000663,Alshark (System disk).hdm,0x05182F,"隕石ﾊ、ｺﾉ町ﾉ北ﾉ峡谷ﾆ落ﾁﾀﾖｳじｬﾉｫ。@ﾜｼﾓ長年、惑星ホムﾆ住ﾝどﾙが、ｱﾝﾅﾉﾊ初ﾒﾃじｬﾜｲ。","[UNTRANSLATED]"
s_000664,Alshark (System disk).hdm,0x05192A,"だﾒだ。旧型だｶﾗ、画像再生装置ｦ積ﾝでﾅｲﾝだ・・・仕方がﾅｲ。$","[UNTRANSLATED]"
s_000665,Alshark (System disk).hdm,0x051A02,"申ｼ訳ﾅｲｹど、ｳﾁﾊﾏじﾒﾆ働ｸ人ｼｶ必要ﾅｲﾉ。0_残念だｹどﾔﾒﾃﾓﾗｳｼｶﾅｲﾜﾈ。@0ｵ給金ﾓ、ｱげﾗﾚﾅｲﾜ。","Sorry, but you're just not cut out for this. I'm letting you go. No pay."
s_000666,Alshark (System disk).hdm,0x051A54,"ご苦労ｻﾏ。0@ﾄｺﾛで、突然ﾅﾝだｹど、人手が足ﾘﾁｬｯﾃ、ﾓｳｱﾅﾀﾊ必要ﾅｲﾉ。0_ｵ給金ｦ奮発ｼﾄｲﾀｶﾗ、ｺﾚで許ｼﾃﾁｮｳだｲ。0_6$","Good work. By the way, we're letting you go. Too many people, you know? Here's a fat bonus. We're good, right?"
s_000667,Alshark (System disk).hdm,0x051DCA,"２人ﾄﾓ・・、私ﾉ話ｦ・・ﾖｸ聞ｹ・・・・。@0ジョｰ・・・スクラップ・・ジョｰﾉ・・ﾓﾄﾍ・・・行ｸﾉだ。0_彼ﾅﾗ・・・力ﾆ・・ﾅｯﾃ・・・ｸﾚ・・ﾙﾊずだ。@0・・・マモンﾆ・・・ｲｯﾀｲ・・・何が・・起ｺｯﾀﾉｶ・・・0_ｱｲﾂﾗﾊ・・・ｺﾉ隕石でﾔｯﾃｷﾀ・・・・何者ｶｦ・・・追ｯﾃ・ｷ・・ｿﾚ・ﾊ・・ア・・ル・・シャｰ・・・ク・・・！！0?C","You two... listen to me... Go... to Joe... Scrap Joe... He... will help you... What... what happened here...? They came on this meteor... chasing... something... It... is... Al... shark...!!"
s_000668,Alshark (System disk).hdm,0x0520AC,"ばｻﾝ5新ｼｲヘルパｰロボットが欲ｼｲﾝだｹど、ｺﾉ不景気じｬﾈｪ。ウュリアでﾅﾗ安ｸ手ﾆ入ﾚﾗﾚﾙﾉﾆ・・・。","[UNTRANSLATED]"
s_000669,Alshark (System disk).hdm,0x05213B,"若者5彼女ﾆプロポｰズｽﾙﾀﾒﾆﾓ、安定ｼﾀ収入が必要だﾄ思ｯﾃﾈスクラップ屋でﾓﾔｯﾃ、一儲ｹｼﾖｳｶﾄ考ｴﾃｲﾙﾄｺﾛｻ。","[UNTRANSLATED]"
s_000670,Alshark (System disk).hdm,0x05219A,"娘5ﾓｳ、彼ｯﾀﾗ、どｺｶﾉジジイじｬﾅｲﾝだｶﾗ、スクラップ屋ﾅﾝﾃ、今時、流行ﾝﾅｲｯﾃﾜｶﾝﾅｲﾉｶｼﾗ。","[UNTRANSLATED]"
s_000671,Alshark (System disk).hdm,0x052226,"厚化粧ﾉ女5ｱ～ﾗ、坊ﾔ。@ｺﾉ先ﾉ地下酒場ﾆﾊ、ｺﾜ～ｲｵ兄ｻﾝ達がﾀﾑﾛｼﾃｲﾙｶﾗｱﾏﾘ近づｶﾅｲｺﾄﾖ。","[UNTRANSLATED]"
s_000672,Alshark (System disk).hdm,0x052276,"じｻﾝ5腕力ﾆ自信がｱﾙﾅﾗ、銃ﾖﾘﾓ剣ｦ使ｳべｷだぜ。0ﾏｯ、ガキﾆﾊ関係ﾅｲｶ。","[UNTRANSLATED]"
s_000673,Alshark (System disk).hdm,0x052331,"じｻﾝ5ヒック。@0ｱﾝ？俺ﾆ何ｶ用でﾓｱﾝﾉｶ。0・・・ﾅﾝでｲ、文句ｱｯｶ！@0ﾎｯﾄｲﾃｸﾚ・・・ＺＺＺ。","*hic* Whaddaya want? ...Got a problem with that?! Just leave me alone... Zzzzz."
s_000674,Alshark (System disk).hdm,0x052386,"ばｻﾝ5ﾏｯﾀｸ、ｺﾉ星ﾉ化ｹ物ﾐﾀｲﾅ虫ｯﾀﾗ、ﾅﾝでﾓ食べﾁｬｳﾝだｶﾗ・・・0_ｵ腹ﾉ中ﾆﾊ、スクラップﾏでﾂﾏｯﾃﾙｯﾃ話じｬﾅｲ！","[UNTRANSLATED]"
s_000675,Alshark (System disk).hdm,0x052485,"ばｻﾝ5ﾁｮｯﾄ前ﾆ、ゾリアスﾉ兵士達がﾔｯﾃｷﾀﾝだｹど、恐ﾛｼｸﾃ、殺ｻﾚﾙｶﾄ思ｯﾀﾜﾖ。","[UNTRANSLATED]"
s_000676,Alshark (System disk).hdm,0x052528,"じｻﾝ5３００年前ﾆ創始ウェｰ・ドゥムナが開拓ｼﾀｺﾉウィスペラｰドﾓ民族間ﾉ戦争が起ｺﾙﾖｳﾆﾅｯﾃﾊ、ｵｼﾏｲだ。","[UNTRANSLATED]"
s_000677,Alshark (System disk).hdm,0x05260E,"若者5俺ﾊ、働ｲﾃ、働ｲﾃ、ｲﾂｶｷｯﾄ自分ﾉ船ｦ手ﾆｲﾚﾃ、宇宙ﾉ大海原ﾆ飛び立ﾂﾝだ！","[UNTRANSLATED]"
s_000678,Alshark (System disk).hdm,0x0528E3,"ご宿泊ﾉ際ﾊ、惑星ホムで１番ﾉ設備ﾄサｰビスｦ誇ﾙ当ホテルｦご利用ｸだｻｲ。","[UNTRANSLATED]"
s_000679,Alshark (System disk).hdm,0x052A15,"根ﾊ親切じｬが、気性ﾊ意外ﾆ激ｼｿｳじｬﾉ。0@ﾝ、!好ｷﾅｺﾄﾆﾊ熱中ｽﾙタイプﾉﾖｳじｬ。","[UNTRANSLATED]"
s_000680,Alshark (System disk).hdm,0x052A5F,"遊び好ｷじｬが、行ｲﾊ正ｼｸ、汚ｲｺﾄﾊﾔﾗﾝﾖｳじｬﾉ。0@見ﾀ目ﾊ淡泊じｬが、内心ﾊ意地ｯ張ﾘｶﾓｼﾚﾝﾅ。","[UNTRANSLATED]"
s_000681,Alshark (System disk).hdm,0x052AB8,"じﾒで、義理堅ｸ、実ﾉｱﾙ人じｬ。0@実力ﾊｱﾙが、ｲﾂどｺでﾓ通用ｽﾙﾄｲｳ融通性ﾉｱﾙ才能でﾊﾅｲﾅ。","[UNTRANSLATED]"
s_000682,Alshark (System disk).hdm,0x052C29,"俺ｯﾃ、ミルク好ｷｶﾓﾅ。@0（ぐﾙぐﾙぐﾙ・・・）@ｳｯ、腹ﾉぐｱｲが・・・。","Hey, milk's not half bad. (Rumble...) Oh, my gut..."
s_000683,Alshark (System disk).hdm,0x05311D,"悪ｲﾉﾊ、ｱﾉゾリアス兵どﾓだ0奴ﾗ、ペンロｰズ博士ﾆ、何ｶｼﾀﾆ違ｲﾅｲﾝだ。0_ぼｸが・・・俺が、ｿﾉ秘密ｦｱばｲﾃ、博士ｦ助ｹ出ｼﾃﾔﾙ！だｶﾗ、安心ｼﾃ。0_4$","It's those Zolius soldiers! They must've done something to Dr. Penrose. I... *I* will expose their secret and rescue him! So don't worry."
s_000684,Alshark (System disk).hdm,0x053252,"ゾリアスだﾛｳが、ウュリアだﾛｳが、俺達ﾆﾄｯﾁｬｱ大ｼﾀ問題じｬﾈｪﾝだﾖ。","[UNTRANSLATED]"
s_000685,Alshark (System disk).hdm,0x05338C,"じ5子供がｺﾝﾅ所ﾆ来ｵｯﾃ。@ｵﾏｴが、ﾜｼﾉ息子だｯﾀﾗ、横ｯツラｦﾋｯぱﾀｲﾃﾔﾙﾄｺﾛだ！","[UNTRANSLATED]"
s_000686,Alshark (System disk).hdm,0x05348C,"知ﾙ人ぞ知ﾙマｰズ１ﾉメカニックだﾛ？！@ｺｺﾆﾓﾀﾏｧﾆ顔ｦ出ｽぜ。","[UNTRANSLATED]"
s_000687,Alshark (System disk).hdm,0x053776,"キドゥンｦ売ﾘｻばｲﾃﾙ奴ﾗｦ知ﾘﾀｲｯﾃ？0_だｯﾀﾗ、ｺﾉ町ﾉシンジケｰトﾉ連中ｦｱﾀｯﾃﾐﾙﾝだﾅ。","[UNTRANSLATED]"
s_000688,Alshark (System disk).hdm,0x053C8C,"星ﾉ河ﾉﾎﾄﾘﾆ、でｯｶｲ緑色ｼﾀ石がｱﾙﾝだ。@ｱﾚがミュントス人達ﾉ宝ﾉ隠ｼ場所ﾆ関係がｱﾙﾄ思ｳﾝだが。","[UNTRANSLATED]"
s_000689,Alshark (System disk).hdm,0x053D10,"酔ｯぱﾗｲ5俺ﾓ昔ﾊ、トレジャｰハンタｰでﾅﾗｼﾀﾓﾝだｯﾀ。0_だが、ミュントス人達ﾉ隠ｼﾀ宝だｹﾊ、どｳｼﾃﾓﾜｶﾗﾅｶｯﾀﾖ。","[UNTRANSLATED]"
s_000690,Alshark (System disk).hdm,0x05404B,"ゾリアス兵5・・・ｺ・・ｺﾊ？・・・ﾅ・・・・！！@0_6ゾリアス兵ﾊ、静ｶﾆ目ｦ閉じﾙ6ﾄ息絶ｴﾀ。","""Wh-where... am I...? N-no...!"" The Zolius soldier shuddered, then fell silent."
s_000691,Alshark (System disk).hdm,0x054490,"ばｻﾝ5主人が生ｷﾃｲﾚば、自家用船で旅ｦ続ｹﾃｲﾗﾚﾀﾉﾆ・・・。","[UNTRANSLATED]"
s_000692,Alshark (System disk).hdm,0x0544D6,"ウュリアﾉ女5惑星ウュルトリアﾊ、ウィスペラｰドでﾓ最高ﾆｷﾚｲﾅ星ﾖ。","[UNTRANSLATED]"
s_000693,Alshark (System disk).hdm,0x05456D,"じｻﾝ5ﾓｳ十分稼ｲだｶﾗﾈ。@惑星マｰズで余生ｦ過ごｽﾂﾓﾘﾅﾝだ。","[UNTRANSLATED]"
s_000694,Alshark (System disk).hdm,0x0546CE,"ぶﾜｯ、ﾊｯﾊｯﾊ！@ｼｮｳがﾈｪ。0_ﾏだ、未完成で乗ﾘﾀｸﾊﾅｶｯﾀﾝだが、俺ﾉ開発ｼﾀ航宙艦ｦ使ｳﾄｽﾙｶ！0_4$","Bwahahaha! All right, fine. She's still a work in progress, but let's use my ship!"
s_000695,Alshark (System disk).hdm,0x054761,"でｪじｮｳぶだｯﾃ。@俺ﾉ造ｯﾀ船だｶﾗﾅ。@ﾏｱ、マｰズ連邦でｺﾚ以上ﾉﾊ望ﾒﾈｪぜ。0_4$","Relax, I built her. Best ship in the whole Mars Federation, guaranteed."
s_000696,Alshark (System disk).hdm,0x0547BB,"だｼ、ｵ嬢ﾁｬﾝﾉ心配どｳﾘスクラップｶﾗ造ｯﾀﾝだｹどﾅ0ﾏｯ、今ﾊｿﾝﾅ贅沢ﾊ言ｯﾃﾗﾚﾈｪﾔﾅ。0_4$","She's made of SCRAP, missy. But right now, beggars can't be choosers."
s_000697,Alshark (System disk).hdm,0x05496E,"ダサイ？@ｵ嬢ﾁｬﾝ、聞ｷ捨ﾃﾅﾗﾈｪﾅｧ。俺ﾉ宇宙船ﾉどｺがダサイｯﾃﾝだ？0_4$","""Ugly?"" Hey now, missy. What part of my ship is ugly?"
s_000698,Alshark (System disk).hdm,0x054A84,"アスト・・アトライア。@アトライアｯﾃｲｳﾉﾊどｳｶｼﾗ！0_4$","A-Atlia... How about we call it the Atlia?"
s_000699,Alshark (System disk).hdm,0x054AB9,"アトライア？0@・・・ｲｲじｬﾈｪｶ、ｵ嬢ﾁｬﾝ。ﾅｶﾅｶﾔﾙﾓﾝだ。0_ﾏｯ、スクラップⅡ世号ﾉ方が、格調高ｲｯﾃﾓﾝだが、@ｵ嬢ﾁｬﾝﾉ顔ｦ立ﾃﾃ、今回ﾊｿﾉアトライア号ｯﾃﾉﾆｼﾄｲﾃﾔﾙｶ！！0_4$","Atlia, huh? ...Ain't bad, kid. You got a knack for this. 'The Scrapheap Mk. II' has more class, but I'll let you have this one. The Atlia it is!"
s_000700,Alshark (System disk).hdm,0x054BEF,"船体ﾉ識別コｰドﾊ、マｰズﾉ民間航宙艇ﾉﾓﾉでｽ。@レｰダｰﾆ捕ﾗｴﾏｼﾀ。@モニタｰﾆスキャンｼﾏｽ。0?I","Hull ID matches a civilian ship from Mars. We've got a lock. Putting it on screen."
s_000701,Alshark (System disk).hdm,0x054D51,"ゾリアス軍だﾛｳがﾅﾝだﾛｳが、片ｯ端ｶﾗスクラップﾆｼﾃﾔﾙﾜｲ。0_行ｸぞ！$","[UNTRANSLATED]"
s_000702,Alshark (System disk).hdm,0x054E4E,"星間バスｦご利用ﾉ際ﾊ、@チケットｦｵ買ｲ求ﾒｸだｻｲ。0ｵ気ｦﾂｹﾃ。","[UNTRANSLATED]"
s_000703,Alshark (System disk).hdm,0x05507F,"奴ﾊｲﾅｲ！0_4シャイナ5ｱﾅﾀ達、ｲｯﾀｲ何者ﾅﾉ？！0_4ゾリアス兵5ガル・・・ｲｴ、$","He's gone! Who the hell are you people?! Guh... n-nevermind..."
s_000704,Alshark (System disk).hdm,0x055358,"方ﾆﾕｯｸﾘ6ﾄ振ﾘ返ｯﾀ。ｿｼﾃ、彼ﾉ顔ﾔ6姿ｦ記憶ﾄ照合ｽﾙﾖｳﾅ表情ｦ6一瞬見ｾﾀ後、ｿﾉ目が怪ｼｸ光6ｯﾀ。0_4$","He turned. For a second, he seemed to recognize him... then his eyes flashed."
s_000705,Alshark (System disk).hdm,0x05550A,"君。本当ﾆｽﾏﾅｲ君ﾉｵ父ｻﾝ達ﾊ、私ﾉ使命ﾉ妨げﾄﾅｯﾀﾀﾒ、死ﾝでﾓﾗﾜざﾙｦｴﾅｶｯﾀﾉだ。0_だが、肉体ﾅどﾄｲｳ物ﾊ、私ﾉ偉大ﾅﾙ使命ﾆ比べﾚば・・・0_4$","My apologies. Your fathers were an obstacle to my great mission. I had no choice. Their lives were a small price to pay..."
s_000706,Alshark (System disk).hdm,0x05563E,"シャイナ5ﾁｮｯﾄ、貴方ﾀﾁ。訳ﾜｶﾝﾅｲｺﾄｲｯﾃﾅｲで、私ｦ助ｹﾆ来ﾀﾝﾅﾗ、早ｸｺﾉ連中ｦﾔｯﾂｹﾃﾁｮｳだｲﾖ！0_4$","Are you here to rescue me or just stand around talking? Get rid of these guys already!"
s_000707,Alshark (System disk).hdm,0x05589D,"ゾリアス帝国軍が、ｺﾝﾅﾄｺﾛで何ｦｼﾃｲﾙ！0_6ｿﾉ声以上ﾆ、ﾄﾃﾂﾓﾅｲ圧迫6感ｦ感じﾃ、$","The Zolius Empire, here?! More than his words, I felt a crushing presence."
s_000708,Alshark (System disk).hdm,0x055AA4,"が、ゾリアス兵ﾆ頭部ｦ吹ｷ飛ば6ｻﾚﾃｼﾏｯﾀﾉだ。0_6瞬間的ﾆ反応ｦ起ｺｼﾀ$","A Zolius soldier blew his head away. He reacted in a flash."
s_000709,Alshark (System disk).hdm,0x055D2F,"シャイナ5ｱﾘがﾄｳ・・・0_6シャイナﾊ、顔ｦ赤ﾗﾒﾅがﾗ@6女戦士ﾆ礼ｦｲｯﾀ。@6$","""Th-thanks..."" Shaina stammered, blushing at the tall warrior."
s_000710,Alshark (System disk).hdm,0x055D92,"貴様ﾗﾊ、何者だ？外ﾉ航宙艇ﾄｲｲ、民間人が、ﾅぜｿﾝﾅ武装ｦｼﾃｲﾙ。ﾏｻｶ、宇宙海賊ﾉﾀぐｲでﾊｱﾙﾏｲﾅ。0_4$","[UNTRANSLATED]"
s_000711,Alshark (System disk).hdm,0x055E5A,"どﾁﾗﾆｼﾃﾓ、船体識別コｰドﾓﾅｲﾖｳﾅ船ｦ、ﾎｯﾃｵｸﾜｹﾆﾊｲｶﾅｲｶ。0_私ﾉパトロｰル艇で先導ｽﾙｶﾗチャウスノｰミュﾉステｰションﾏで来ﾃﾓﾗｵｳ。0_4$","A ship without an ID code? Can't just let that slide. My patrol craft will escort you. Follow me to the station."
s_000712,Alshark (System disk).hdm,0x05650B,"達ﾊ、遺跡ﾉ奥深ｸ、祭壇6ﾉｱﾙ広間ﾆ出ﾃｷﾀ。0_6祭壇ﾉ中央ﾆﾊ、玉座がｵｶﾚ、6ｿｺﾆ、ﾋｶﾗびﾃ完全ﾆミイラ6ﾆﾅｯﾃｼﾏｯﾀミュントス人が6座ｯﾃｲﾀ。0_6ﾊﾀｼﾃ、ｺﾉミイラがサｰトス6老師でｱｯﾀ。0_6遺志ｦ継ぐ者ﾄｼﾃﾉ印でｱﾙ@6銀ﾉ粉で彩ﾗﾚﾀ掌ｦﾓｯﾃ@6$","Deep within the ruins, they found a grand chamber with an altar. A throne sat at its center, occupied by a mummified figure. This was the ancient master. His palm, coated in silver dust, was the mark of his chosen successor."
s_000713,Alshark (System disk).hdm,0x0565D8,"が、玉座ﾆ近づｸﾄ、@6ｿﾉミイラが口ｦ開ｲﾀ。0_4サｰトス老師5遺志ｦ継ぐ者ﾆ伝ｴﾖｳ。0@惑星ジュｰクﾉ極点ﾆ隠ｻﾚｼ@天駆ｹﾙ船。@我が友ドゥムナﾉ棺ﾊ眠ﾙ。!0?C","As they approached, the mummy spoke. ""To my successor... A sky-faring ship is hidden at the pole of Yosnu. There, my friend We-Dumnah's coffin lies."""
s_000714,Alshark (System disk).hdm,0x056665,"言葉ｦ最後ﾆ、サｰトス@6老師ﾉミイラﾊ、塵ﾄﾅｯﾃ@6ｶｷ消ｴﾃｲｯﾀ。0_6ｿｼﾃ、ｿﾉ消ｴﾀ後ﾆﾊ、@3ドゥムナﾉマント6が残ｻﾚﾃｲﾀ0_6$","With its final words spoken, the mummy crumbled into dust. All that remained was We-Dumnah's mantle."
s_000715,Alshark (System disk).hdm,0x0567AB,"初ﾒﾃ会ｳ者ﾆ自分ﾉ名ﾓ告げず詰問ｽﾙﾔﾂﾊ、ﾖﾎどﾉバカｶ敵ﾄﾐﾅｽが、ｿﾚでﾓﾖｲｶ？0_4$","[UNTRANSLATED]"
s_000716,Alshark (System disk).hdm,0x056965,"使命ｦｵびﾃ、我々ﾊ、@ゾリアス帝国ﾄ戦ｯﾃｲﾙ。0_4$
5貴公が、ゾリアス人ﾉ宿業でｱﾙ特殊精神波ｦ打ﾁ破ﾙ方法ｦ知ｯﾃｲﾙﾄ聞ｷ、教ｴｦ乞ｲﾆﾔｯﾃｷﾀﾉだ。0_4$","We fight the Zolius Empire. We were told you know the secret to breaking their psychic power, and we've come for your aid."
s_000717,Alshark (System disk).hdm,0x056A62,"ど、ｲｲだﾛｳ。@ｺﾉリングｦ持ｯﾃｲｸﾄｲｲ。0_6ベックﾊ、胸ポケットｶﾗサイコ6リングｦ取ﾘ出ｽﾄ$","Hmph. Very well. Take this ring. Beck pulled a Psycho Ring from his pocket."
s_000718,Alshark (System disk).hdm,0x056B9B,"リングﾉ効力がｱﾙ内ﾆ@何ﾄｼﾃﾓサイコシｰルドｦ身ﾆﾂｹﾙｺﾄだ。0_4$","The ring's power is temporary. Learn Psycho Shield now!"
s_000719,Alshark (System disk).hdm,0x056C69,"サリバン様ﾊ、総帥ｶﾗﾉ命令でウュリアﾄマｰズﾉ恒星ﾆ超大型ﾉゲブレス砲ｦ撃ﾁ込ﾏﾅｹﾚばﾅﾗﾅｸﾅｯﾀﾉだ。0_4$","[UNTRANSLATED]"
s_000720,Alshark (System disk).hdm,0x056CDC,"が帝国ﾉ開発ｼﾀ最終兵器だ!ラッセルガイヤｰﾆ登載ｻﾚﾀ@ﾓﾉﾊ、特ﾆ大型で、ｿﾉ口径が２００メｰトルｦ越ｴﾙ。0_4$","It's the Empire's ultimate weapon! The one on the Russelgaia is huge, with a bore over 200m!"
s_000721,Alshark (System disk).hdm,0x056D8A,"だｶﾗ、止ﾒﾈばﾅﾗﾝ！@ｿﾉﾀﾒﾆﾊ、ラッセルガイヤｰﾉ正確ﾅ航路ｦ割ﾘ出ｼﾃ、@ワｰプﾆﾖﾙ奇襲攻撃ｼｶﾅｲ！0_4$","We must stop that thing! The only way is to pinpoint its course and launch a warp-ambush!"
s_000722,Alshark (System disk).hdm,0x057120,"セントラル・テスウィル5隣ﾉ窓口ｦご使用ｸだｻｲ。","[UNTRANSLATED]"
s_000723,Alshark (System disk).hdm,0x0571F5,"無法者5確ｶﾆﾅｧ、高ｹﾘｬ高ｲﾎど武器ﾉ威力がｱﾙﾆﾊ決ﾏｯﾃﾙが強力ﾅ武器ﾎど重ﾀｲｶﾗﾅ。ﾃﾒｪﾉ力量ﾆｶｶｯﾃｸﾙﾜﾅ。","[UNTRANSLATED]"
s_000724,Alshark (System disk).hdm,0x057255,"ウェポンズ・テスウィル店5ｵｯﾄ、来ﾀﾈｪ。@危ﾅｿｳﾅ連中が。@ﾏｯ、俺ﾓ人ﾉｺﾄﾊ、言ｴﾅｲが、ｱﾝﾀ達、殺生ｼｽぎだぜ。0?N","Well now, look what we have here. A dangerous-looking bunch. Not that I can talk... but you guys sure leave a lot of bodies in your wake."
s_000725,Alshark (System disk).hdm,0x0573F4,"少女5キョロキョロｼﾁｬｯﾃ、ｻﾃﾊテスウィルﾆ初ﾒﾃ来ﾀﾝでｼｮｳ。@ｼｮｳがﾅｲﾜﾈｪ、田舎者ﾊ。","[UNTRANSLATED]"
s_000726,Alshark (System disk).hdm,0x05748B,"じｻﾝ5ウュリアﾉ植民星ﾊ、ｶﾅﾘ激ｼｸゾリアスﾉ攻撃ｦ受ｹﾃｲﾙﾗｼｲぞ。","[UNTRANSLATED]"
s_000727,Alshark (System disk).hdm,0x0574C6,"若者5惑星マｰズﾆﾊ、２ﾂﾉ大陸がｱｯﾃ、首都テスウィルﾉｱﾙ大陸がラシャ。ﾓｳ１ﾂﾉ大陸がウィナﾄ呼ばﾚﾃｲﾏｽ。","[UNTRANSLATED]"
s_000728,Alshark (System disk).hdm,0x057553,"無法者5ウィナ大陸ﾉダイナﾉ村ﾆｧｱ、ドゥムナﾉ死ｦﾄﾑﾗｯﾀ石碑がｱﾙｿｳじｬﾈｪｶ。盗ﾐ出ｾﾚば、金ﾆﾅﾙだﾛｳﾅｧ。","[UNTRANSLATED]"
s_000729,Alshark (System disk).hdm,0x0575B0,"兵士5最近、ゾリアス帝国が不穏ﾅ動ｷｦ見ｾﾃｲﾙ。ﾏｻｶﾄﾊ思ｳがマｰズ連邦ﾆﾏで戦ｲｦ仕掛ｹﾙﾂﾓﾘﾅﾉだﾛｳｶ。","[UNTRANSLATED]"
s_000730,Alshark (System disk).hdm,0x057609,"少女5南ﾆｱﾙベギｰﾉ町ﾆﾊ、静ｶﾅ環境で研究ﾆ没頭ｽﾙ学者ﾔ余生ｦｵｸﾙﾀﾒﾆﾔｯﾃｷﾀ老人達が住ﾝでｲﾙﾉﾖ。","[UNTRANSLATED]"
s_000731,Alshark (System disk).hdm,0x05770B,"若者5ｿｳｲｴば、ミュントス人ﾉﾔｯﾃｲﾙスクラップ屋ﾆ、中古ﾉジェットホバｰが売ｯﾃﾀﾅｧ。","[UNTRANSLATED]"
s_000732,Alshark (System disk).hdm,0x057759,"ばｻﾝ5惑星ザジルﾊ、マｰズ連邦が開発ﾆ乗ﾘ出ｽ前ﾊ、ｿﾘｬｱﾋどｲ所だｯﾀﾗｼｲｹど、今でﾊ緑豊ｶﾅ美ｼｲ星ﾆﾅｯﾃｲﾙﾉﾖ。","[UNTRANSLATED]"
s_000733,Alshark (System disk).hdm,0x0577BA,"じｻﾝ5宇宙ﾆ飛び出ﾀﾗ、どｺﾆでﾓ行ｹﾙﾆﾊ違ｲﾅｲが、ゾリアス帝国ﾉ艦隊ﾆﾊ、気ｦﾂｹﾛﾖ。警告無ｼﾆ発砲ｼﾃｸﾙぞ！","[UNTRANSLATED]"
s_000734,Alshark (System disk).hdm,0x057818,"娘5マｰズ、ゾリアス、ｿｼﾃウュリアﾉｱﾙｺﾉ宇宙ﾉｺﾄｦウィスペラｰドｯﾃｲｯﾃ、３ﾂﾉ恒星系がｱﾙﾉ。0知ｯﾃﾀ？","[UNTRANSLATED]"
s_000735,Alshark (System disk).hdm,0x0578B1,"若者5ｿﾉ制服ﾊ‥‥！@ｱﾅﾀ達ﾊ、チャウスノｰミュﾉ方々でｽﾈ。0@ｶｯｺｲｲﾅｧ、感動ｼﾁｬｳﾅ","That uniform... You're with the Mars Federation! Wow, I'm impressed!"
s_000736,Alshark (System disk).hdm,0x0578FD,"ばｻﾝ5惑星ステアﾆﾊ、今でﾓミュントス人ﾀﾁﾉ部落が残ｯﾃｲﾙｿｳﾖ。","[UNTRANSLATED]"
s_000737,Alshark (System disk).hdm,0x05832F,"身ﾆﾂｹﾀ秘力ｦ探ｼﾆ来ﾀラルアが死ﾝだｺﾄﾓ、ｿｺﾉ女がゾリアスﾉ血ｦ引ｸ者だﾄｲｳｺﾄﾓﾈ！0_6ｿﾉ時、$","[UNTRANSLATED]"
s_000738,Alshark (System disk).hdm,0x05863F,"ギィィィヤァｰｰｰｰ！！0_6ｺﾉ世ﾉ物ﾄﾊ思ｴﾅｲ悲鳴が、6空気ｦ引ｷ裂ｷｺだﾏｽﾙ。@6だが、$","GYAAAAAAH!! A scream, not of this world, shatters the air. And yet..."
s_000739,Alshark (System disk).hdm,0x05874C,"サイコリングｻｴﾓ6破壊ｼﾃｼﾏｳ強力ﾅ精神波ﾉ前6ﾆ手ﾓ足ﾓ出ﾅｸﾅｯﾃｲﾀ。0_6ｿﾉ苦ｼﾐﾉ中で、彼女ﾊ誰ｶﾉ6声ｦ聞ｲﾀﾖｳﾅ気がｼﾀ。0_‥‥逆ﾗｯﾃﾊｲｹﾅｲ‥‥逆ﾗｴば‥力で従ﾜｻﾚﾙ‥‥0_6$","A psychic wave powerful enough to shatter a Psycho Ring left her helpless. Through the pain, a voice spoke... ""Do not resist... or you will be broken."""
s_000740,Alshark (System disk).hdm,0x0587E4,"今ﾆﾓ消ｴ去ﾘｿｳ6ﾆﾅﾙ意識ﾉ片隅で、ｿﾉ言葉ｦ6聞ｲﾀ。0_‥‥従ｯﾃﾊｲｹﾅｲ‥‥従ｴば‥‥心ｦ失ｳ‥‥0_6逆ﾗﾜず、従ﾜﾅｲ？@6ｿﾚﾊ‥‥。@6ｿﾝﾅ疑問ｻｴﾓ、今ﾉ$","As she faded, another voice whispered... ""Do not obey... To obey is to lose your soul..."" Don't resist, but don't obey? The question..."
s_000741,Alshark (System disk).hdm,0x058868,"浮ｶばﾅｶｯﾀ。0_‥‥‥意識ｦ波ﾄ化ｼ‥‥決ｼﾃ逆ﾗﾜず‥‥‥意識ｦ波ﾆ乗ｾ‥心ｦ失ｳﾅ‥‥0_6$","...Let your mind become the wave... Ride its current... but do not be swept away."
s_000742,Alshark (System disk).hdm,0x0588BA,"意識的ﾆｿﾚｦ成ｼ6得ﾀﾉｶ。@6ｿﾚﾄﾓ、苦ｼﾐが、彼女ﾉ雑念6ｦﾇぐｲ去ｯﾀﾉｶ。0_6薄ﾚﾕｸ意識ﾉ中で、彼女ﾉ意識6ﾊ、１点ﾆ絞ﾗﾚﾃｲｯﾀ。@6生ﾏﾚﾃ初ﾒﾃ友ﾄ呼べﾙ仲間ﾄ6ﾅﾚﾀ$","Was it by will, or did the pain burn all else away? As she faded, her mind focused on one thing: the first true friends she'd ever known."
s_000743,Alshark (System disk).hdm,0x059FC5,"ラッセルガイヤｰﾉ@航路が割ﾘ出ｾﾀぞ！@急ｲで、アトライアﾆ引ｷ上１","[UNTRANSLATED]"
s_000744,Alshark (System disk).hdm,0x05A0C5,"店員5左ﾉ売ﾘ場ﾆﾊハンドメディカル等ﾉ便利品ｦ、右ﾉ売ﾘ場ﾆﾊ武器ﾆﾅﾙﾁｮｯﾄ危険ﾅ品々ｦｿﾛｴﾃｲﾏ～ｽ。","[UNTRANSLATED]"
s_000745,Alshark (System disk).hdm,0x05A171,"ウェポｰキン5ｲﾗﾊｲ、ｲﾗﾊｲ！@惑星ザジル１ﾉシャレﾀ店だゼ！武器ｦ買ｳﾅﾗｺｺｼｶﾅｲ！?N","Step right up! Finest arms on Planet Zajil, right here! Whaddaya need?"
s_000746,Alshark (System disk).hdm,0x05A3E1,"トｰミュｯﾃ、ミュントス人ﾅﾗ危ﾅｿｳﾅ連中ﾄｿｺﾉ家ﾆﾖｸ出入ﾘｼﾃﾙﾜﾖ。","[UNTRANSLATED]"
s_000747,Alshark (System disk).hdm,0x05A54D,"べﾙﾖ。@ｺﾉ惑星ﾉ軍事ステｰションﾉ@ガイスト司令官が黒幕ﾅﾝだ。@俺ﾊ、ﾀだキドゥンｦ‥‥‥0_4$","The mastermind is Commander Geist, from the military station. I... I only did it for Kidun..."
s_000748,Alshark (System disk).hdm,0x05AA76,"だｯﾀﾉｶ！@ｲｬ～、良ｸ来ﾀじｬﾈｪｶ。0_ｱﾝﾅﾆ小ｻｶｯﾀガキが、俺ﾉ所ﾍ、彼女ｦ連ﾚﾃ来ﾙﾖｳﾆﾅｯﾀﾄﾊﾅｧ。0_ｵﾒｪﾊ、覚ｴﾁｬｲﾈｪだﾛｳが、昔ﾊ俺ﾆ抱ｶﾚﾃ眠ｯﾀｺﾄﾓｱﾙﾝだぜｪ、ｵｲ。@0で、今日ﾊ、どｳｼﾀｯﾃﾝだ？0_4$","Well, I'll be! Sion, you little punk. Last I saw you, you were knee-high. Now you're bringin' a lady friend? Heh. So, what's the emergency this time?"
s_000749,Alshark (System disk).hdm,0x05ADAF,"で、ｿﾝﾅバカﾅｺﾄｦ‥‥‥0_ｲﾔ、仮ﾆｿｳだｯﾀﾄｼﾃﾓだ奴ﾆﾊ、何ｶﾔﾑﾆﾔﾏﾚﾇ事情がｱｯﾀﾆ違ｲﾈｪ。@ﾝ、絶対ｿｳだ！！0_6泣ｷじｬｸﾙばｶﾘﾉ２人ﾆ、@6$","That's crazy, he'd never... No! Even if he did, there must have been a reason! There had to be! I'm sure of it"
s_000750,Alshark (System disk).hdm,0x05B11A,"惑星ザジルﾊ、昔ﾊｿﾘｬｱ、ｲｲ町だｯﾀﾝだが、ｱﾉ連中がｷﾃｶﾗﾄｲｳﾓﾉ、ﾛｸﾅｺﾄがｱﾘｬｼﾈｪﾝだ。","[UNTRANSLATED]"
s_000751,Alshark (System disk).hdm,0x05B3BD,"隣ﾆ組織ﾉ本部がでｷﾁｬｯﾃ・・・迷惑ﾊｼﾃﾙﾝでｽｹど、連邦政府ﾊ何ﾓｼﾃｸﾚﾅｲｶﾗ。","[UNTRANSLATED]"
s_000752,Alshark (System disk).hdm,0x05B413,"達、チャウスノｰミュﾉ隊員だﾛ。@だｯﾀﾗ、早ｲﾄｺ、ｱﾉ連中ｦ追ｲ出ｼﾃｸﾚ。","[UNTRANSLATED]"
s_000753,Alshark (System disk).hdm,0x05B8FB,"チッ、ﾔｯｶｲﾅｺﾄﾆﾅｯﾁﾏｯﾀぜ。@ｺﾚｦ読ﾝでﾐﾅ。0_41『チャウスノｰミュﾉ皆ｻﾝ、@41惑星ザジルﾍﾖｳｺｿ。@41皆ｻﾝﾆ派手ﾆ動ｷ回ﾗﾚﾙﾄ、41何ｶﾄ目障ﾘﾅﾉで、娘ｻﾝｦ@41ｱずｶﾗｾﾃﾓﾗｲﾏｼﾀ。!0_41ﾂｲﾃﾊ、是非ｵ話ｼｼﾀｲｺﾄ41がｱﾘﾏｽﾉで、ポｰキンﾉ町ﾏ41でｲﾗｼﾃ頂ｷﾀｲ。@41娘ｻﾝﾉｺﾄｦ考ｴﾙﾉでｼﾀﾗ41下手ﾅｺﾄﾊｼﾅｲｺﾄでｽﾅ』!0_4$","Damn, we're in deep. Take a look at this. 'Welcome to Zajil. You've been making a scene, so we're holding your daughter. We need to have a little chat. Meet us in Porkin. And if you want her back in one piece, don't do anything stupid.'"
s_000754,Alshark (System disk).hdm,0x05BDDD,"ゼフィアﾉ長官ｦ討ﾂﾅﾗ、今がチャンスだﾅ。@同じマｰズ人ﾄｼﾃ、ゾリアスﾆ荷担ｽﾙﾅﾝﾃ許ｾﾈｪ野郎だ。0_4$","Now's our chance to take down the Zephia director. A Martian siding with the Zolius... He's a traitor!"
s_000755,Alshark (System disk).hdm,0x05C066,"ばﾗｸｼﾀﾗ、連絡ｦﾔﾙｶﾗ、ｿﾚﾏでミュレッツ君ﾆ、基地ﾉ中でﾓ案内ｼﾃﾓﾗｯﾃｸﾚﾀﾏｴ。","[UNTRANSLATED]"
s_000756,Alshark (System disk).hdm,0x05C10B,"私ﾊ、チャウ・スノｰミュ司令官ロイ・ベスタｰ准将。0_4$","[UNTRANSLATED]"
s_000757,Alshark (System disk).hdm,0x05C2A1,"今回、マｰズ連邦宙軍総司令部ﾉ意向ﾆﾖﾘ、貴方がﾀﾆﾊ、チャウスノｰミュﾉメンバｰﾄｼﾃ行動ｼﾃﾓﾗｳｺﾄﾆﾅｯﾀ。0_4$","[UNTRANSLATED]"
s_000758,Alshark (System disk).hdm,0x05C4D7,"救難信号がでﾃﾙぞ。@0ｺﾉ調子じｬｱ、ゾリアスﾄﾉ本格的戦闘ﾓ避ｹﾗﾚｿｳﾆﾅｲぞ","[UNTRANSLATED]"
s_000759,Alshark (System disk).hdm,0x05C636,"兵士5マｰズ軍ﾉ標準装備でﾊ、ゾリアスﾉ兵士達ﾄ互角ﾆ渡ﾘ合ｳﾉﾓ難ｼｲぜ。","[UNTRANSLATED]"
s_000760,Alshark (System disk).hdm,0x05C892,"ステｰションﾊ、惑星マｰズﾉ軌道上ﾆｱﾘﾏｽ。0_ｿｼﾃ、惑星ザジルﾊ、マｰズ星系ﾉﾓｯﾄﾓ外周ｦ回ﾙ植民可能ﾅ緑豊ｶﾅ惑星でｽ。0@ｵ気ｦﾂｹﾃ。","The station is in Mars's orbit. Zajil is a lush, habitable world on the system's outer rim. Be careful."
s_000761,Alshark (System disk).hdm,0x05C9C2,"無事、任務ｦ遂行ｽﾙｺﾄがでｷﾀﾖｳだﾅ。@本当ﾆﾖｸﾔｯﾃｸﾚﾀ。0_ｿﾉ後ﾉ連邦ﾉ調査でﾜｶｯﾀｺﾄだが、惑星ザジルﾉ軍事ステｰション司令官ガイストﾊ、ゾリアスﾄ深ｸ癒着ｼﾃｲﾀﾖｳだ。0_4$","Mission accomplished. Excellent work. Our follow-up investigation confirmed it: Commander Geist of the Zajil station was in bed with the Zolius."
s_000762,Alshark (System disk).hdm,0x05CB77,"だが・・0ｻﾃ、ｻｯｿｸで申ｼ訳ﾅｲﾉだが、惑星ビュｰトﾍ向ｶｯﾃﾓﾗｲﾀｲ。0_4$","But... Sorry, no time to rest. I need you to go to Planet Bute."
s_000763,Alshark (System disk).hdm,0x05CD13,"惑星マｰズ行ｷﾉ便ﾊ、オペレｰタﾆ確保ｻｾﾃｵｷﾏｼﾀ。@0隣室ﾉ女ﾉ子ﾆ聞ｲﾃﾐﾃｸだｻｲ。","[UNTRANSLATED]"
s_000764,Alshark (System disk).hdm,0x05CEB1,"マｰズ連邦軍ﾉ一般装備ﾄｼﾃ@恒星間移動用ﾆ使ﾜﾚﾙエンジンｦ支給ｼﾃｵｸ。","[UNTRANSLATED]"
s_000765,Alshark (System disk).hdm,0x05D33E,"写ｯﾃｲﾙ物が何ｶﾄｲｳｺﾄﾊ、ﾓｳご存知ﾉｺﾄﾄ思ｳ0_惑星ザジルﾆ麻薬シンジケｰトﾉ大規模ﾅキドゥン栽培園が存在ｼﾃｲﾙﾗｼｲﾄｲｳ未確認情報が前々ｶﾗｱｯﾀ。0_だが、連邦政府ﾄｼﾃﾓ確証がﾂｶﾒず、諜報部ﾉエｰジェントが何度ｶ潜入ｦ試ﾐﾃﾊﾐﾀﾓﾉﾉ全ﾃ失敗ﾆ終ﾜｯﾃｼﾏｯﾀﾗｼｲ。0?C","You already know what's in this photo. We've had rumors for a while about a massive drug syndicate on Zajil, growing something called 'Kidun'. The Federation could never get solid proof. Every agent we sent to infiltrate failed."
s_000766,Alshark (System disk).hdm,0x05D47F,"現在ﾏでﾆ分ｶｯﾃｲﾙｺﾄｦ教ｴﾖｳ。0_１ﾂﾊ、惑星ザジルﾉシンジケｰトﾉ名前がカリラスﾄｲｳｺﾄ。ｿｼﾃ、ｿﾉ元締ﾒがトｰミュﾄｲｳミュントス人でｱﾙｺﾄだ。0_だが、気ｦﾂｹﾙﾝだぞ。今ﾏでﾆ送ﾘ込ﾏﾚﾀ３人ﾉエｰジェントﾊ、ｽべﾃ抹殺ｻﾚﾃｲﾙｶﾗﾅ。0_4$","Here's what we know. The syndicate on Zajil is called Kalilas, and its leader is a Myuntos named Tomyu. But be careful... the last three agents we sent in were all assassinated."
s_000767,Alshark (System disk).hdm,0x05D5D1,"今回ﾓ本当ﾆﾖｸﾔｯﾃｸﾚﾀ。ｿﾉ後ﾉ調査でﾊ、ｱﾉ鉱山ﾆモンスタｰｦばﾗﾏｲﾀﾉﾊどｳﾓゾリアスﾉ仕業ﾗｼｲ。0_4$","[UNTRANSLATED]"
s_000768,Alshark (System disk).hdm,0x05D9C0,"君達ﾓ馬鹿だﾈｪ。@連邦ﾉ調査機関ｦﾅﾒﾁｬｲｶﾝﾖ。0_4ロイ5君達が、アトライアｦ奪ｲﾆ来ﾀｺﾄぐﾗｲ、私ﾆﾊ分ｶｯﾃｲﾙﾝだ。0_6ｿｼﾃ、$","You fools. Did you really underestimate the Federation? I knew you were coming to steal the Atlia. And..."
s_000769,Alshark (System disk).hdm,0x05DB71,"兵士5ﾅﾝだ？！@ｺｺﾊ、司令官ﾉ命令で、絶対ﾆ通ｽﾜｹﾆﾊ・・・！！0?C","What?! By order of the commander, no one gets past...!"
s_000770,Alshark (System disk).hdm,0x05DFB9,"兵士ﾉ言葉が終ﾜﾙ6前ﾆ行動ｦ起ｺｼﾃｲﾀ。@6兵士ﾊ、痛ﾐｦ感じﾙ間ﾓﾅｸ@6通路ﾆ横ﾀﾜﾘ、壇","He didn't even finish his sentence. The soldier was down before he felt a thing."
s_000771,Alshark (System disk).hdm,0x05E1A0,"でｽｶ、ﾂｲﾆチャウスノｰミュがキドゥンﾉ調査ﾆ乗ﾘ出ｼﾀﾄｲｳﾜｹでｽﾅ。@ｺﾚﾊ、心強ｲ。0_期待ｼﾃｵﾘﾏｽぞ。","[UNTRANSLATED]"
s_000772,Alshark (System disk).hdm,0x05E2AB,"惑星ザジルﾉ軍事ステｰションﾊ治安維持ﾉ目的で設置ｻﾚﾃｲﾏｽ。","[UNTRANSLATED]"
s_000773,Alshark (System disk).hdm,0x05E318,"連邦ﾉパトロｰル部隊風情ﾆ@ｱﾉシンジケｰトﾉ荒ｸﾚどﾓﾉ相手がﾂﾄﾏﾙﾓﾉｶﾅ。","[UNTRANSLATED]"
s_000774,Alshark (System disk).hdm,0x05E4E0,"司令官5前ﾉ司令官がどｳｲｳ人物だｯﾀｶﾊ知ﾘﾏｾﾝが、私が来ﾀｶﾗﾆﾊ、惑星ゼジルﾓ安心でｽﾖ。","[UNTRANSLATED]"
s_000775,Alshark (System disk).hdm,0x05E5C0,"ゾリアス帝国ﾉ宙域ﾊ、敵ﾉ艦隊でｱﾌﾚｶｴｯﾃｲﾏｽｶﾗ、注意ｼﾃｸだｻｲ。","[UNTRANSLATED]"
s_000776,Alshark (System disk).hdm,0x05E7AA,"ウュリアﾉ娘5本当ﾆｱﾘがﾄｳござｲﾏｼﾀ。ﾓｳ少ｼで、帝国軍ﾉ兵士ﾆ殺ｻﾚﾙﾄｺﾛでｼﾀﾜ。","[UNTRANSLATED]"
s_000777,Alshark (System disk).hdm,0x05E7FC,"ホテル5ｵ泊ﾏﾘﾊ、３０クレジット@ｲﾀだｸﾄｺﾛでｽが、@特別ﾆﾀだﾆｼﾃｵｷﾏｽﾖ。0?C","A room is 30 CREDIT, but for you, it's on the house."
s_000778,Alshark (System disk).hdm,0x05E8A6,"ウュリアﾉ男5ｺﾉ町ﾆﾊ、ﾀｸｻﾝウュリア人が住ﾝでｲﾀﾉでｽが、帝国軍ﾆ追ｲ立ﾃﾗﾚ、今でﾊ、ｽｯｶﾘ寂ﾚﾃｼﾏｲﾏｼﾀ。","[UNTRANSLATED]"
s_000779,Alshark (System disk).hdm,0x05E903,"ウュリアﾉｵばｱｻﾝ5ﾓｼﾓ、ﾏﾀ、ｺﾉ町が帝国軍ﾆ襲ﾜﾚﾀﾗ、ｲｸﾗｺﾉ町ｦ愛ｼﾃｵﾙﾜｼﾗでﾓ、逃げ出ｽｼｶﾅｲじｬﾛｳﾅ。","[UNTRANSLATED]"
s_000780,Alshark (System disk).hdm,0x05EB23,"奴ﾊ化ｹ物だﾅ。@私ﾓ、ｵﾏｴ達ﾉ逃げﾙ時間ｦ@ｶｾぐﾉが精一杯だｯﾀ。0_4$
5‥‥ﾄｺﾛで、アルシャｰクﾊ、どｳｼﾀﾝだ？0_4$","He's a beast... I barely managed to cover your escape. ...Anyway, what happened to Alshark?"
s_000781,Alshark (System disk).hdm,0x05EC27,"ど。@ｿｳｲｳｺﾄﾅﾗ、ウュリア軍ﾆ連絡ｼﾃ、ペンロｰズ博士ｦ@マｰズ連邦ﾆ送ﾘ届ｹｻｾﾖｳ。0_4$","Alright. I'll have Ulyria's army escort Dr. Penrose to the Mars Federation."
s_000782,Alshark (System disk).hdm,0x05ED3B,"ペンロｰズ博士ﾊ、@6ウュリアﾉ兵士達ﾆ護送ｻﾚﾃ@6マｰズ連邦ﾍ戻ｯﾃｲｯﾀ。0_4$
5ﾄｺﾛで、$","Dr. Penrose has returned to the Mars Federation under Ulyrian guard. Anyway..."
s_000783,Alshark (System disk).hdm,0x05ED8B,"だが、ゾリアス人ﾉ血ﾄ言ｯﾀﾅ。0@ｿﾉ宿業ｦ克服ｽﾙ方法がｱﾙ@ｶﾓｼﾚﾝぞ。0_4$","Zolius blood, you said? There may be a way to break that curse."
s_000784,Alshark (System disk).hdm,0x05EDE0,"本当ｶ、$
？@本当ﾅﾗ、教ｴﾃｸﾚ！0_4$
5ｲﾔ、私ﾓ噂で聞ｲﾀだｹだｶﾗﾅﾝﾄﾓ言ｴﾝﾉだが‥‥0_4$
5ゾリアス宙軍参謀ｦｼﾃｲﾀ@ベック・ゴｰギャンﾄｲｳ男が、宙軍総司令ﾉサリバン将軍ｦ@殴ﾘ飛ばｼﾃ、脱走ｼﾀｿｳだ。0_4$","Really? Tell me! / Look, it's only a rumor, but... They say a Zolius staff officer decked Commander Sullivan and then defected."
s_000785,Alshark (System disk).hdm,0x05F0F7,"星間バスｦご利用ﾉ方ﾊ、チケットｦ買ｯﾃ、ゲｰトﾍｵ向ｶｲｸだｻｲ。","[UNTRANSLATED]"
s_000786,Alshark (System disk).hdm,0x05F15D,"じｻﾝ5惑星マｰズﾊ、連邦ﾉ主星だ。@ｺｺｶﾗﾓ星間バスがでﾃｲﾙぞ","[UNTRANSLATED]"
s_000787,Alshark (System disk).hdm,0x05F1BF,"若者5惑星ステアﾆﾊ、原住民ﾉ@ミュントス人達がﾀｸｻﾝｲﾙﾝだｯﾃ。","[UNTRANSLATED]"
s_000788,Alshark (System disk).hdm,0x05F1F9,"少女5星間バスｦ使ｴば、マｰズ連邦ﾉﾀｲﾃｲﾉ星ﾆ一瞬で行ｸｺﾄがでｷﾙﾉﾖ。","[UNTRANSLATED]"
s_000789,Alshark (System disk).hdm,0x05F237,"惑星ザジル発ﾉ星間バスﾊ、@次ﾉ便がでﾃｵﾘﾏｽ。0@43惑星マｰズ行ｷ　　　　　１００43惑星ステア行ｷ　　　　　１５０どﾁﾗｦご利用ﾅｻｲﾏｽｶ？?N","Next bus from Zajil is boarding. Mars: 100 CREDIT. Stea: 150 CREDIT. Where are you headed?"
s_000790,Alshark (System disk).hdm,0x05F59E,"じｻﾝ5連邦ﾉ主星ﾆ来ﾀﾝﾅﾗ、@ドゥムナﾉ石碑ﾊ拝ﾝどｸべｷだｧﾅ。","[UNTRANSLATED]"
s_000791,Alshark (System disk).hdm,0x05F630,"若者5外ﾆ出ﾃ、ｽぐ側ﾆｱﾙでｯｶｲ町が、マｰズﾉ首都テスウィルだﾖ。","[UNTRANSLATED]"
s_000792,Alshark (System disk).hdm,0x05F694,"ばｻﾝ5惑星ジュｰクﾊ、開発が始ﾏｯﾀばｶﾘﾉ氷ﾉ惑星ﾖ。0_開拓ｻﾚﾀ一部ﾉ緑地ｦ除ｲﾃ、陸地ﾉﾎﾄﾝどが氷で覆ﾜﾚﾀ@厳ｼｲ環境ﾐﾀｲﾈ。","Planet Juke? It's an ice world, just recently settled. Most of it's a frozen wasteland, 'cept for a few green zones."
s_000793,Alshark (System disk).hdm,0x05F737,"若者5惑星マｰズﾉ衛星トリムﾆﾊ、連邦軍ﾉ司令部がｱﾙﾝだｯﾃｻ。","[UNTRANSLATED]"
s_000794,Alshark (System disk).hdm,0x05FB68,"若者5ｺﾉ惑星ﾊ本当ﾆ美ｼｲ惑星でｽﾈ。@ﾀだ、ｱﾉミュントス人達ﾊ@どｳﾓ美観ﾆ欠ｹﾃ・・・","This planet is beautiful. It's just... those Myuntos people are an eyesore."
s_000795,Alshark (System disk).hdm,0x05FBB5,"じｻﾝ5マｰズ恒星系ﾉ惑星ﾊ、開拓が@進ﾝでｲﾙｶﾗ、美ｼｲ星が@多ｲﾝだ。0_他ﾉ国ﾉ恒星系、ウュリア恒星系ﾔゾリアス恒星系ﾊ、未開拓ﾉ@荒廃ｼﾀ土地ﾓ多ｲﾄｲｳｺﾄだ","The Mars system is full of beautiful, well-developed planets. But the Ulyria and Zolius systems? Mostly untamed, desolate worlds."
s_000796,Alshark (System disk).hdm,0x05FD43,"私ﾉ立場ｯﾃﾓﾉｦ考ｴﾃｸﾚ。@民間人ｦ軍ﾉステｰションﾆﾊ、連ﾚﾃ行ｹﾅｲだﾛｳ。","[UNTRANSLATED]"
s_000797,Alshark (System disk).hdm,0x05FFB5,"じｻﾝ5マｰズ恒星系ﾉ惑星ﾊ、開拓が@進ﾝでｲﾙｶﾗ、美ｼｲ星が@多ｲﾝだ。0_他ﾉ国ﾉ恒星系、P","The Mars system is well-colonized. You'll find a lot of beautiful worlds here."
s_000798,Alshark (System disk).hdm,0x06045B,"突然、坑道ﾉ天井ｶﾗ何ｶがバラ6バラﾄ落ﾁﾃｷﾀ。0_2エイブ6ﾉ3奇襲6だ！！0?F","Suddenly, the ceiling caved in! It's an ambush!"
s_000799,Alshark (System disk).hdm,0x0609A7,"額ﾆ手ｦ触ﾚﾀ。0@6ｿﾉ接触地点ｶﾗ、光が盛ﾚ、@6２人ﾉ体が輝ｷｦ増ｼﾃｲｯﾀ。0?C","A hand touched a forehead. Light flared, and both began to glow."
s_000800,Alshark (System disk).hdm,0x060C4D,"聞ｲﾃﾁｮｳだｲ。@耳じｬﾅｸ、ｱﾅﾀﾉ心で。@私ﾊ、ｱﾅﾀﾉマントﾆ心ﾉ一部ｦ写ｼ込ﾝだﾉﾖ。0_ｱﾅﾀﾉ母親ﾄｼﾃﾉ$","Listen with your heart, not your ears. I've woven a piece of my soul into your cloak."
s_000801,Alshark (System disk).hdm,0x060DE9,"が懐ﾆｲﾚﾃｲﾀ@6ドゥムナﾉ宝珠が閃光ｦ発ｼﾀｶ6ﾄ思ｳﾄ、彼ﾉ両手が白金ﾉ@6オｰラﾆ包ﾏﾚﾙ！0_4$","We-Dumnah's Orb flashed! His hands were suddenly sheathed in platinum light!"
s_000802,Alshark (System disk).hdm,0x060E4F,"一瞬、戸惑ｯﾀが、@6次ﾉ瞬間ﾆﾊ、為ｽべｷｺﾄが@6分ｶｯﾃｲﾀ。0_6ｿﾉ両手がﾕｯｸﾘﾄ上がｯﾃ@6ｲｷ、$","He hesitated for a moment, then his path was clear. His hands began to rise."
s_000803,Alshark (System disk).hdm,0x0610B2,"若者5ﾌﾌﾌ、ぼｸﾊ、ゲｰムプログラマｰｦ目指ｼﾃ頑張ｯﾃﾙﾉだ。","[UNTRANSLATED]"
s_000804,Alshark (System disk).hdm,0x0610E7,"兵士5ﾂﾏﾗﾅｲｺﾄｦぐだぐだ考ｴﾃｲﾙﾖﾘﾓ、ﾏず行動ﾆ移ｼﾃﾐﾙ！ｺﾚが大切だぞ。","[UNTRANSLATED]"
s_000805,Alshark (System disk).hdm,0x061128,"じｻﾝ5今でﾊ、希ﾆﾅｯﾃｼﾏｯﾀが、元来、マｰズ人ﾉ女ｯﾃﾉﾊ、@ｲﾛﾝﾅ特殊能力が使ｴﾀﾖｳだﾅ。","[UNTRANSLATED]"
s_000806,Alshark (System disk).hdm,0x0611DF,"じｲｻﾝ5ｺｺﾊ、ﾎﾝﾄﾆ平和ﾅﾓﾝじｬウュリアﾄゾリアスが交戦ｼﾄﾙﾅﾝﾃ信じがﾀｲﾜ。","[UNTRANSLATED]"
s_000807,Alshark (System disk).hdm,0x061223,"ばｻﾝ5私ﾉ夫ﾊ、連邦宙軍ﾉ兵士ﾅﾝでｽ。ﾓｼ、ゾリアスﾄ戦争が始ﾏｯﾀﾗﾄ考ｴﾙﾄ恐ﾛｼｸﾃ夜ﾓ寝ﾗﾚﾏｾﾝ。","[UNTRANSLATED]"
s_000808,Alshark (System disk).hdm,0x0612A3,"娘5私、考古学ﾆ興味がｱｯﾃ研究ｼﾃﾙﾝだｹど、ウィスペラｰド最大ﾉテｰマﾊ、ﾔｯぱﾘドゥムナﾉ残ｼﾀ遺産ﾖﾈ。0_ｺﾉ宇宙ﾉどｺｶﾆ、彼が残ｼﾀ莫大ﾅ遺産が眠ｯﾃｲﾙｿｳﾖ。","[UNTRANSLATED]"
s_000809,Alshark (System disk).hdm,0x061573,"惑星ノｰミケﾉノｰザンﾉ砦ﾊ、ｲﾛﾝﾅ惑星ｶﾗ来ﾀ無法者ﾔ@情報屋、武器ﾉ密売人ﾅﾝｶで@ごｯﾀ返ｼﾃﾙｯﾃ話だ。","[UNTRANSLATED]"
s_000810,Alshark (System disk).hdm,0x0615CC,"惑星サｰタリアｯﾃ知ｯﾃﾙｶｨ0何でﾓ、ｽごｲ鉱石が眠ｯﾃｲﾙﾄｶで、ｲﾛﾝﾅ連中が躍起ﾆ@ﾅｯﾃ探ｼ回ｯﾃｲﾙﾗｼｲ。","[UNTRANSLATED]"
s_000811,Alshark (System disk).hdm,0x061648,"惑星ヒュリスﾆﾊ、火炎獣ｯﾃ、恐ﾛｼｲ化ｹﾓﾝが生息ｼﾃｲﾙﾝだ。@気ｦﾂｹﾀﾎｳがｲｲぞ。","[UNTRANSLATED]"
s_000812,Alshark (System disk).hdm,0x0616BF,"惑星ポレダﾔ惑星ゾカヘルﾆﾊ、間違ｯﾃﾓ近づｸﾅﾖ。@ゾリアス軍がウジャウジャｲﾙ@ｶﾗﾅ。","[UNTRANSLATED]"
s_000813,Alshark (System disk).hdm,0x061855,"ゾリアス兵ｦ君達が追ｲ払ｯﾃｸﾚﾀﾉｶ。@ｲﾔ、ｱﾘがﾄｳ。@ｺﾚで、町ﾆ戻ﾙｺﾄがでｷﾙ。0?C","You got rid of those Zolius troops? Thanks! We can finally return to town."
s_000814,Alshark (System disk).hdm,0x061CB2,"要塞バルバスﾆ配属ｻﾚﾃｲﾙ@帝国軍ﾊ、冷凍攻撃ｦ得意ﾄｼﾃｲﾙﾗｼｲ。","[UNTRANSLATED]"
s_000815,Alshark (System disk).hdm,0x061D1C,"バｰテン5ｴ？ザイザｰ鉱ｦ探ｼﾆ‥‥？@ｱﾚﾊ伝説ﾆｼｶ過ぎﾅｲﾄ思ｳﾝでｽｹどﾈｪ。","[UNTRANSLATED]"
s_000816,Alshark (System disk).hdm,0x061D5C,"ザイザｰ鉱ﾉｺﾄｦ知ﾘﾀｹﾚば湖ｦ渡ﾘ、ヒルジャﾉ町ﾍ行ｸ@ｺﾄだ。","[UNTRANSLATED]"
s_000817,Alshark (System disk).hdm,0x0620B2,"若者5ｺﾉ村ﾊ、ウェｰ・ドゥムナが、一番最初ﾆ惑星マｰズﾆ降ﾘ立ｯﾀ場所ﾅﾝだｯﾃｻ。","[UNTRANSLATED]"
s_000818,Alshark (System disk).hdm,0x0620FA,"娘5ｱﾉ石碑ﾊ、ウェｰ・ドゥムナﾉ３人ﾉ弟子ﾉ１人でｱﾙラミュｰ・コセﾄｲｳウュリア人が、建立ｼﾀﾓﾉﾅﾉﾖ。","[UNTRANSLATED]"
s_000819,Alshark (System disk).hdm,0x062175,"ばｻﾝ5ウェｰ・ドゥムナｯﾃ人ﾊ、@ｽごｲ力ｦ持ｯﾃﾀﾝでｽｯﾃ。何ﾆｼﾃﾓ、マｰズ人ｦｺﾉ宇宙ﾆ連ﾚﾃｷﾀ人でｽﾓﾉﾈｪ。","[UNTRANSLATED]"
s_000820,Alshark (System disk).hdm,0x0621D0,"ばｱｻﾝ5ｺﾉ国ﾉ繁栄がｱﾙﾉﾓ、全ﾃﾊドゥムナ様ﾉｵｶげﾅﾝじｬ。@ｿﾚｦ忘ﾚﾃﾊﾅﾗﾝぞ。","[UNTRANSLATED]"
s_000821,Alshark (System disk).hdm,0x0624F3,"日、落ﾁﾃｷﾀ隕石で私ﾊ@ﾔｯﾃｷﾏｼﾀ。@精神レベルﾉﾓｯﾄﾓ低ｲバクテリアﾄ融合ｼﾃ・・・0_4$","I arrived on a meteorite. I fused with the most primitive life... bacteria."
s_000822,Alshark (System disk).hdm,0x06254A,"私ﾀﾁﾉ宇宙でﾊ、私ﾀﾁ種族ﾉｺﾄｦティリュｰトﾄ呼びﾏｽ。精神エネルギｰだｹｦ持ﾁ、肉体ﾉ存在ｼﾅｲ生命体ﾅﾉでｽ。0_4$","[UNTRANSLATED]"
s_000823,Alshark (System disk).hdm,0x0625C4,"宇宙ﾉ創世ｶﾗ、ｲｴ、ﾓｼｶｽﾙﾄｿﾚ以前ｶﾗｶﾓｼﾚﾏｾﾝ0私ﾀﾁティリュｰトﾆﾊ、ラルアﾄカｰマが存在ｼﾏｼﾀ。0_4$","Since creation, no, even before... we Tiryute have always had Larua and Kama."
s_000824,Alshark (System disk).hdm,0x062653,"２ﾂﾉ勢力ﾊ、ｿﾚぞﾚ他ﾉ種族ﾉ精神ﾄ融合ｽﾙｺﾄで、ｺﾉ世ﾆ存在ｽﾙﾉでｽ。0_4$","[UNTRANSLATED]"
s_000825,Alshark (System disk).hdm,0x06277D,"ウェｰ・ドゥムナが、ラルアﾉ@戦士？@ｺﾉ宇宙ﾆマｰズ人ｦﾂﾚﾃｷﾀドゥムナが？0_4$","We-Dumnah, a warrior of Larua? The one who brought Martians here?"
s_000826,Alshark (System disk).hdm,0x06288A,"ば様。パパ達ﾊ、ｱﾉ隕石ﾉ落下地点でゾリアスﾉ兵士達ﾆ捕ﾏｯﾃ・・0_4$","[UNTRANSLATED]"
s_000827,Alshark (System disk).hdm,0x06297D,"見ﾂｹﾙｺﾄがでｷﾏｼﾀﾖ、アルシャｰク。@ｲﾔ、アスマｰン婦人ﾄｵ呼びｼﾀ方がﾖﾛｼｲｶﾅ。0_4$","Found you at last, Alshark. Or should I call you Lucia Asmarn?"
s_000828,Alshark (System disk).hdm,0x062E18,"ウィスペラｰドﾉ創始者でｱﾙ@6ウェｰ・ドゥムナが、１隻ﾉ植民6船ｦ率ｲﾃ降ﾘ立ｯﾀ場所ｦ記念6ｼﾃ立ﾃﾗﾚﾀ石碑ﾆﾊ、以下ﾉ6ﾖｳﾅ文字が刻ﾐ込ﾏﾚﾃｲﾙ。0_46『創始ウェｰ・ドゥムナﾉ@46　　　　偉業ﾄ@46　　　ｿﾉ遺志ｦ@46　　永久ﾆ語ﾘ継がﾝ。@46　　　　　－ラミュｰ・コセ－』","This monument marks the landing site of the first colony ship, led by We-Dumnah, founder of Whisperard. It is inscribed: 'The deeds and vision of our Founder, We-Dumnah, shall live on for all time. - Lamu Kose -'"
s_000829,Alshark (System disk).hdm,0x0631D5,"じｻﾝ5ｺｺベギｰﾉ町ﾊ、静ｶﾅ環境で研究ﾆ没頭ｽﾙ学者ﾔ余生ｦ送ﾙ為ﾆﾔｯﾃｷﾀ老人達が住ﾝでｲﾙ町ﾅﾝだ。","[UNTRANSLATED]"
s_000830,Alshark (System disk).hdm,0x06322B,"ミュントス人ﾉ女5私ﾊ、ミュントス人ﾉ歴史ﾆﾂｲﾃ勉強ｽﾙﾀﾒﾆ、ｺｺﾆ滞在ｼﾃｲﾏｽ。","[UNTRANSLATED]"
s_000831,Alshark (System disk).hdm,0x0632B5,"ばｱｻﾝ5惑星ステアﾆ行ｸﾝでｼﾀﾗ、@ハンドサテライトﾊ必需品でｽﾖ本当ﾆ大ｷﾅ惑星でｽｶﾗﾈｪ。","[UNTRANSLATED]"
s_000832,Alshark (System disk).hdm,0x063306,"じｲｻﾝ5ウェｰ・ドゥムナﾊ、偉大ﾅ人物だｯﾀﾄ聞ｲﾃｵﾙ。@今ﾔ３国ﾆ分裂ｼﾃｼﾏｯﾀｺﾉ宇宙ｦ束ﾈﾀ長だｯﾀﾉだｶﾗﾅ","[UNTRANSLATED]"
s_000833,Alshark (System disk).hdm,0x063360,"ミュントス人ﾉ男5我がﾌﾙｻﾄ、惑星ステアﾊ、@ｽばﾗｼｲ緑ﾉ星だぞ。","[UNTRANSLATED]"
s_000834,Alshark (System disk).hdm,0x06381E,"詳ｼｸ、ドゥムナﾆﾂｲﾃ知ﾘﾀｹﾚば、@惑星ステアﾉミュントスﾉ村ｦ@訪ﾈﾙｺﾄでｽ。","[UNTRANSLATED]"
s_000835,Alshark (System disk).hdm,0x063A51,"だが、聞ｸﾄｺﾛﾆﾖﾚば、ｿﾉ虫ｹﾗどﾓﾉ中ﾆ、我ﾗゾリアス人ﾉ血ｦ引ｸ者がｲﾙﾄｶ。0_4$","[UNTRANSLATED]"
s_000836,Alshark (System disk).hdm,0x063AA4,"最ﾓ優秀ﾅ民族でｱﾙゾリアス人ﾉ血ｦ引ｷﾅがﾗ、マｰズﾔ@ウュリアﾉﾀﾒﾆ戦ｯﾃﾊ。0_4$","You carry the blood of the Zolius, yet you side with Mars and Ulyria."
s_000837,Alshark (System disk).hdm,0x063B95,"ゾリアスﾉ王族ﾉ血ｦ引ｸ者だｹが使ｴﾙ特殊精神波ｦ発生ｻｾﾙサイコジェネレｰタｰﾖ。0_4$","[UNTRANSLATED]"
s_000838,Alshark (System disk).hdm,0x063DE2,"顔ｦ6確ｶﾒﾙﾖｳﾆ振ﾘ返ｯﾀ。0_4$
5ｲｲｶﾗ、言ﾜﾚﾀ通ﾘﾆｼﾛ！!‥‥命がｱｯﾀﾗ、ノｰザンﾉ砦で会ｵｳ。@早ｸ行ｹ！！0?I","Enough talk, just do it! ...If we're both still alive, we'll meet at the north fort. Go!"
s_000839,Alshark (System disk).hdm,0x0640E1,"アｰミｰショップ5惑星ステアで武器ｦ買ｳﾅﾗ@ｺｺｼｶﾅｲぜ！@どﾝﾅ物がﾎｼｲﾉｶｲｯﾃ@ﾐﾅ！0?N","Welcome to the only real armory on Stea! So, what can I get for ya?"
s_000840,Alshark (System disk).hdm,0x064174,"じｻﾝ5ミュントス人ﾉ村ﾉ者達ﾊ、警戒心が強ｸﾃ、ﾂｷｱｲづﾗｲﾝだ0奴ﾗﾆ信用ｻﾚﾙﾉﾊ、ｶﾅﾘ@大変だﾛｳﾅ。","Those Myuntos people are real wary of strangers. It's tough to get on their good side."
s_000841,Alshark (System disk).hdm,0x0641CA,"若者5ｺｺﾊ、惑星ステアで一番栄ｴﾃｲﾙテルタイﾉ町だﾖ。@ｺﾉ惑星ﾆﾊ、他ﾆ町が１ﾂﾄ@ミュントス人ﾉ村が３ﾂｱﾙﾝだ","Welcome to Teltia, the biggest town on Stea! There's one other town and three Myuntos villages out there."
s_000842,Alshark (System disk).hdm,0x06422C,"娘5ｺﾉ惑星ﾊ、本当ﾆ広ｲｶﾗ、@ハンドサテライトﾊ余分ﾆ持ｯﾃｲﾀﾎｳがｲｲﾜﾖ。","[UNTRANSLATED]"
s_000843,Alshark (System disk).hdm,0x0642DB,"ばｱｻﾝ5歩ｸﾉが大変ﾅﾗ、ホグラﾉ町でエアカｰｦ手ﾆｲﾚﾙﾄｲｲﾖ。0ﾀだｼ、森ﾉ中ｦ移動ｽﾙﾉﾆﾊ適ｻﾅｲだﾛｳｹどﾈ。","[UNTRANSLATED]"
s_000844,Alshark (System disk).hdm,0x064335,"ミュントスﾉ女5三ﾂ葉ﾉ紋章ﾊ、ミュントス人ﾉ友情ﾉ証。@ｿﾚｻｴｱﾚば、村ﾉ人ﾀﾁﾊ、歓迎ｼﾃｸﾚﾙｺﾄでｼｮｳ。","[UNTRANSLATED]"
s_000845,Alshark (System disk).hdm,0x06476F,"ミュントスﾉ男5多ｸﾉミュントス人ﾊ、マｰズ人ﾉ迫害ｦ恐ﾚﾃ、森ﾉ奥深ｸﾆ@隠ﾚ住ﾝでｲﾙﾉだ。","[UNTRANSLATED]"
s_000846,Alshark (System disk).hdm,0x0647FC,"ばｱｻﾝ5ｺﾉ惑星ﾆﾊ、@ヤｰクｰ、コルレル、ミカｰ、@ﾄｲｳミュントス村が、@３ﾂｱﾙﾝじｬﾖ。","The three Myuntos villages? That'd be Yaku, Korreru, and Mika, dearie."
s_000847,Alshark (System disk).hdm,0x064849,"無法者5ミュントスﾉ奴ﾗ、ﾅﾝだｶ@ｽげｪｵ宝ｦ隠ｼ持ｯﾃﾙﾗｼｲﾝだが、ｿﾚｦどｺﾆ隠ｼﾃﾔがﾙﾉｶ、ﾏﾙでﾜｶﾗﾈｪ。","[UNTRANSLATED]"
s_000848,Alshark (System disk).hdm,0x06494E,"三ﾂ葉ﾉ紋章ｦミュントスﾉ村ﾉ長老ﾆ見ｾﾚば、ｷｯﾄ力ﾆﾅｯﾃｸﾚﾙじｬﾛｳ。","[UNTRANSLATED]"
s_000849,Alshark (System disk).hdm,0x0650D7,"文明ﾉ便利だｯﾃｲｳ一面性だｹﾆ流ｻﾚﾃ、多ｸﾉ若者が村ｦ@離ﾚﾃ行ｷﾏｼﾀ。","[UNTRANSLATED]"
s_000850,Alshark (System disk).hdm,0x0651E7,"私ﾀﾁﾊ、マｰズ人ﾆ土地ｦ奪ﾜﾚ、森ﾉ奥深ｸﾆ隠ﾚ住ﾝでｲﾙｹﾚど、ｿﾉ誇ﾘﾏでﾊ捨ﾃﾁｬｲﾅｲﾜ。","[UNTRANSLATED]"
s_000851,Alshark (System disk).hdm,0x065234,"俺ﾊ、ｺﾉ村ｦ一度ﾊ捨ﾃ、@先々ｦ旅ｼﾃ回ｯﾀが、結局ﾊ@戻ｯﾃｷﾃｼﾏｯﾀ。0_ﾔﾊﾘ、ミュントスﾆﾊ、@ミュントスﾉ生ｷ方が似合ｯﾃｲﾙﾄｲｳｺﾄｶ。","I left this village to travel the world, but I always knew I'd be back. A Myuntos belongs with his own kind."
s_000852,Alshark (System disk).hdm,0x0653B9,"でｽｶﾗ、三ﾂ葉ﾉ紋章ｦ持ﾂ@マｰズ人ﾊ、友ﾄｼﾃ丁重ﾆﾓﾃﾅｽ仕来ﾘﾆﾅｯﾃｲﾙﾉでｽ。0_4$","It is our custom to welcome any Martian bearing the three-leaf crest."
s_000853,Alshark (System disk).hdm,0x065490,"ドゥムナ老師ﾊ、＜悪＞ｦ封じ@込ﾒﾙﾀﾒﾉ秘力ｦ身ﾆﾂｹﾃ@ｲﾀﾊずでｽ。0_4$","[FIXME: Insert English translation]"
s_000854,Alshark (System disk).hdm,0x06564C,"ドゥムナ老師ﾉ遺志ｦ@継ぐ者ﾀﾙ資格がｱﾙｶどｳｶｦ試ｽﾓﾉﾅﾉでｽ。0_4$","[FIXME: Insert English translation]"
s_000855,Alshark (System disk).hdm,0x065D47,"方ﾅﾗ、ｷｯﾄ@ドゥムナ老師ﾉ遺志ｦ継ぐ者ﾄ@ﾅﾙｺﾄがでｷﾙでｼｮｳ。","[UNTRANSLATED]"
s_000856,Alshark (System disk).hdm,0x065FB4,"一斉ﾆ引ｸﾝだぞ！@0ｾｲﾉｫｰ！0_6鈍ｲ音ﾄ共ﾆ、ﾕｯｸﾘﾄレバｰ6が下ﾆｻがｯﾃｲｷ、ﾔがﾃ機械6が停8","[FIXME: Insert English translation]"
s_000857,Alshark (System disk).hdm,0x066167,"が、ｲﾂｶﾊ廃ﾚﾃｲｸ物だﾄｼﾃﾓ、ミュントスﾉ古ｲ慣習ﾔ生活ｦ守ｯﾃｲｸﾂﾓﾘだ。","[UNTRANSLATED]"
s_000858,Alshark (System disk).hdm,0x06622B,"コルレルﾄｲｳ@ミュントス村でｽ。0@ｺｺｦ北上ｽﾙﾄﾓｳ一ﾂﾉ@ミュントス村ミカｰがｱﾘﾏｽ。","[FIXME: Insert English translation]"
s_000859,Alshark (System disk).hdm,0x066C1E,"が、歓喜ﾉ声ｦｱげﾀ。6ゾリアス兵ﾆ頭部ｦ撃ﾁ抜ｶﾚﾀ6ﾊずﾉ$","[UNTRANSLATED]"
s_000860,Alshark (System disk).hdm,0x066CB1,"記憶回路ﾉメインチップだｹが、奇跡的ﾆﾀｽｶｯﾄｯﾀﾝじｬ。0_4$","[UNTRANSLATED]"
s_000861,Alshark (System disk).hdm,0x06714E,"ミカｰﾉ村。@ミュントスﾉ村でｽ。0@老師ﾊ、ｲﾁばﾝ奥ﾉ家ﾆ住ﾏﾚﾃｲﾏｽ。","[FIXME: Insert English translation]"
s_000862,Alshark (System disk).hdm,0x06718F,"惑星ステアﾆｱﾙ３ﾂﾉ@ミュントス村ﾊ、サｰトス老師がｵ亡ｸﾅﾘﾆﾅﾙ前ﾆ作ﾗﾚﾀ@ﾓﾉﾅﾉでｽ。","[UNTRANSLATED]"
s_000863,Alshark (System disk).hdm,0x0671FB,"湖畔ﾆｱﾙ緑ﾉ石ﾊ、緑光ﾉ石ﾄｲｯﾃ、サｰトス老師ｦ弔ｯﾀ@ﾓﾉだｿｳでｽ。","[UNTRANSLATED]"
s_000864,Alshark (System disk).hdm,0x0677A1,"アルシャｰクﾊ、@6遺志ｦ継ぐべｷ力ｦ見ｲだｼﾀ@6ﾖｳﾅ気がｼﾀ。0_4$","[FIXME: Insert English translation]"
s_000865,Alshark (System disk).hdm,0x06841B,"余ﾊ、父イｰル王ｶﾗ追放ｻﾚﾀ身ﾕｴ、惑星ウュルトリアﾍﾉ@出入ﾘﾊ禁止ｻﾚﾃｵﾙﾉだ。0_4$","[FIXME: Insert English translation]"
s_000866,Alshark (System disk).hdm,0x068593,"執政ﾏでｦﾓ側近ﾉ部下ﾆﾔﾗｾ、自分ﾊ贅沢ﾅ暮ﾗｼﾆ耽ｯﾃｲﾙﾉだ。0_6ザｰテ皇太子ﾊ、ｺｺﾏで一気ﾆ6ｼｬべﾘｷﾙﾄ、天井ｦ仰ぎ、@6一息ｵｲﾃ$","[FIXME: Insert English translation]"
s_000867,Alshark (System disk).hdm,0x068674,"戸惑ﾜﾚﾙﾉﾓ無理ﾊﾅｲ。@ｼｶｼ、ｺﾉﾏﾏﾎｯﾃｵｲﾃﾊウュリアﾉ国政ﾊ衰退ﾉ一途ｦ@ﾀどﾘ、ﾔがﾃﾊ‥‥0_6ザｰテ皇太子ﾊ、目頭ｦ押ｻｴﾙ6ﾄ、$","[FIXME: Insert English translation]"
s_000868,Alshark (System disk).hdm,0x068731,"代ﾜﾘﾄｲｯﾃﾊﾅﾝだが、余が王位ﾆﾂｲﾀ暁ﾆﾊ、ｿﾁ達ﾉ望ﾑラミュｰﾉ記録ｦ全ﾃ@ｵ見ｾｼﾖｳ。0_4$","[FIXME: Insert English translation]"
s_000869,Alshark (System disk).hdm,0x068889,"ウュリアﾉ貴族5デュｰク・ギｰデルﾄｲｳ男ﾊ、ﾅﾝでﾓ、王ﾉ命ｦ救ｯﾀﾄｶで王ﾄ同じテｰブルで食事ｦﾄﾙ@名誉ｦ与ｴﾗﾚﾀﾄｶ。","[UNTRANSLATED]"
s_000870,Alshark (System disk).hdm,0x0688ED,"ウュリアﾉ兵士5イｰル王ﾊ、臆病者だ。@俺ﾊ、王ﾆ見切ﾘｦﾂｹﾃ、@ザｰテ様ﾆ仕ｴﾃｲﾙ。","[FIXME: Insert English translation]"
s_000871,Alshark (System disk).hdm,0x06895E,"待ﾁｸだｻｲ。@ウィガﾉ町ﾉ司政官が砂漠で行ｷ倒ﾚﾃｲﾙﾄｺﾛｦ偶然ﾆ発見ｼｺﾉ様ﾅ物ｦ預ｶｯﾃｷﾏｼﾀ。0_6ｿｳｲｳﾄ、$","[FIXME: Insert English translation]"
s_000872,Alshark (System disk).hdm,0x068AE7,"父王ﾉ側近ﾆデュｰク・ギｰデルﾄ申ｽ男がｲﾙ。@滅法、剣ﾉ立ﾂ男ﾗｼｲ。@気ｦﾂｹﾙｺﾄだ。0?I","[FIXME: Insert English translation]"
s_000873,Alshark (System disk).hdm,0x068CEA,"首尾ﾖｸ、イｰル王暗殺ﾆ成功@ｼﾀｿｳでｽﾈ。@ザｰテ様ﾓｵ喜びでｼｮｳ。","[UNTRANSLATED]"
s_000874,Alshark (System disk).hdm,0x068DF3,"余が、王位ﾆﾂｸﾀﾒﾆﾊ、ｿﾁ達ﾉ命が必要ﾅﾉだ。@ｿｳ、王殺ｼﾉ下手人ﾉ首ﾄｼﾃﾅ！！0_4$","[FIXME: Insert English translation]"
s_000875,Alshark (System disk).hdm,0x06910C,"窓口ﾊ、ﾀだ今、閉鎖中でｽ隣ﾉ窓口ｦご利用ｸだｻｲ。","[UNTRANSLATED]"
s_000876,Alshark (System disk).hdm,0x0691C5,"ばｻﾝ5ｺﾉ星ﾊ、地表ﾉﾎﾄﾝどが氷で覆ﾜﾚﾃｲﾃ、徒歩で探検ｽﾙﾉﾊ、ﾎﾄﾝど無理ﾖ。","[UNTRANSLATED]"
s_000877,Alshark (System disk).hdm,0x069208,"娘5最近、変ﾅロボットが、ｳﾛﾂｷ回ｯﾃｲﾃ、危ﾅｯｶｼｲﾉ。@噂じｬｱ、ゾリアス帝国ﾉ陰謀@じｬﾅｲｶｯﾃ人ﾓｲﾙﾜ。","[FIXME: Insert English translation]"
s_000878,Alshark (System disk).hdm,0x069264,"じｻﾝ5ｺﾉ星ﾆﾊ、ドゥムナﾉ遺産が、眠ｯﾃｲﾙﾄｲｳ噂がｱﾙﾝだが誰一人ﾄｼﾃｿﾚｦ確ｶﾒﾀ者ﾊｲﾅｲ。","[UNTRANSLATED]"
s_000879,Alshark (System disk).hdm,0x069722,"航宙船ﾉ装備ﾊ、でｷﾙだｹ強化ｼﾄｶﾅｲﾄ、ゾリアスﾉ艦艇ﾆ襲ﾜﾚﾀﾄｷ、泣ｷｦ見ﾙぞ。","[UNTRANSLATED]"
s_000880,Alshark (System disk).hdm,0x069766,"ビップルｰムﾊ、要人専用ﾉ@特別室でｽ。@宿泊料ﾊ、３００クレジットﾄ@ﾅｯﾃｵﾘﾏｽ。","[FIXME: Insert English translation]"
s_000881,Alshark (System disk).hdm,0x069982,"が、ｺｺﾉ警備隊長ｯﾃ@ﾜｹｶ！！0_4$
5賊ﾆ名乗ﾙ名ﾊ持ﾀﾇが、冥土ﾉﾐﾔげﾆ教ｴﾃﾔﾙ。@我が名ﾊ、$","[FIXME: Insert English translation]"
s_000882,Alshark (System disk).hdm,0x069A78,"叫ぶﾄ、$
6ﾆ正面ｶﾗ突ｯ込ﾝだ。0_6彼女ﾉ右手が閃光ﾄﾅﾘ、@6$
ｦ襲ｳ。0_6ｼｶｼ、$
ﾊ、ｿﾉｻﾗﾆ6上ｦｲｯﾀ。@6信じﾗﾚﾅｲスピｰドで、@6$","[FIXME: Insert English translation]"
s_000883,Alshark (System disk).hdm,0x069B15,"が空中ﾍ@6飛ぶ。@6ｿﾉ軌跡ｦ追ｯﾃ、$
ﾊ、6レイソｰドｦ突ｷ上げﾀ。0_6身ｦﾋﾈｯﾃｶﾜｽ$","[FIXME: Insert English translation]"
s_000884,Alshark (System disk).hdm,0x069B78,"着地ｽﾙﾄ、間髪ｦ@6ｲﾚず２撃目ﾉ攻撃ｦ敢行ｼﾀ。6今度ﾊ、容赦ﾅｲ攻撃だｯﾀ。@6当ﾀﾚば、どｺだﾛｳﾄ消ｼ飛ぶ6ﾆ違ｲﾅｲ。0_6絶対ﾉ自信ﾉ一撃だｯﾀ。@6$","[FIXME: Insert English translation]"
s_000885,Alshark (System disk).hdm,0x069E8C,"込ﾝだ。0_6彼女ﾉ右手が閃光ﾄﾅﾘ、@6$
ｦ襲ｳ。0_6ｼｶｼ、$
ﾊ、ｿﾉｻﾗﾆ6上ｦｲｯﾀ。@6信じﾗﾚﾅｲスピｰドで、@6$","Her hand flashed out to strike, but he was faster, moving at an unbelievable speed."
s_000886,Alshark (System disk).hdm,0x06A0E2,"ロレリア武器専門店5最近、妙ﾆ増ｴﾃｷﾀロボットｦ倒ｿｳﾄ思ｯﾀﾗ、ｿﾚﾅﾘﾉ@武器ｦ揃ｴﾃｵｲﾀ方がｲｲぜ！0?N","These new robots are tough. You'll need some real firepower if you wanna take 'em out!"
s_000887,Alshark (System disk).hdm,0x06A183,"ばｻﾝ5ｺﾉ星で、氷原ﾆ行ｸ時ﾆﾊ、@普通、氷上車ｦ使ｲﾏｽ。0_でﾓ、変ﾅロボットが、最近、@徘徊ｼﾃｲﾙﾗｼｲｶﾗ、武装ｻﾚﾀﾉｦ探ｼﾀ方がｲｲﾜﾖ。","To cross the ice fields, you need a snowcat. But with all the weird robots out there, you'd better find one that's armed."
s_000888,Alshark (System disk).hdm,0x06A1F9,"じｲｻﾝ5ツトックﾉ町ﾆ、変ﾜｯﾀ男が@ｵｯﾃﾉｫ。@ｲﾛﾝﾅ物ｦスクラップｶﾗ作ﾘ出ｼﾃｼﾏｳﾝじｬ。0_最近、ﾏﾀ変ﾜｯﾀ物ｦ作ｯﾄﾙﾗｼｲ。@ﾅﾝでﾓ、戦車ﾐﾀｲﾅ氷上車だﾄｲｳｺﾄじｬ。","There's an odd fella over in Tsutokku who can build anything from SCRAP. Word is, he's working on a kind of snow tank right now."
s_000889,Alshark (System disk).hdm,0x06A2B6,"若者5ｺｺﾊ、惑星ジュｰクﾉ開拓ｦ@目的ﾄｼﾃ作ﾗﾚﾀロレリアﾉ町だﾖ。@西ﾍ行ｸﾄツトックﾉ町がｱﾙﾖ","Welcome to Lorelia, a pioneer town. The town of Tsutokku is to the west."
s_000890,Alshark (System disk).hdm,0x06A590,"じｲｻﾝ5誰ﾓ信じﾁｬｸﾚﾝｶｯﾀが、@ﾜｼｬｱ、極点で、でｯｶｲ氷山ﾆ埋ﾏｯﾀ宇宙船ｦ見ﾀﾝじｬ。","[UNTRANSLATED]"
s_000891,Alshark (System disk).hdm,0x06A709,"が、ｱｲﾆｸﾄ、ｺﾉ惑星ﾉ氷上車ﾊ、最近出現ｼﾀ得体ﾉ@知ﾚﾅｲロボットどﾓﾆ破壊ｻﾚﾃｼﾏｯﾃ、在庫がﾅｲﾝだ。0_4$","Sorry, but those new mystery robots destroyed all our snowcats. We're fresh out."
s_000892,Alshark (System disk).hdm,0x06A9CE,"俺ﾉ作ｯﾀスノｰタンクだ0ｱﾉｳｯﾄｵｼｲロボット達ｦ@ﾔｯﾂｹﾃﾔﾛｳﾄ思ｯﾃﾀﾝだが、ｵﾏｴﾆｸﾚﾃﾔﾙﾖ。0_4$","My snow tank. I built it to scrap those pesky robots, but... it's yours."
s_000893,Alshark (System disk).hdm,0x06AD7E,"達ﾊ、@6メインコントロｰル室ﾄ思ﾜﾚﾙ6部屋ﾍﾄ入ｯﾃ行ｯﾀ。0?I","They entered what looked like the main control room."
s_000894,Alshark (System disk).hdm,0x06B213,"ザｰテ様ﾊ、ゾリアスﾆ対ｼﾃ、ｲﾂﾏでﾓ煮ｴｷﾗﾅｲイｰル王ﾆ不満ｦ持ｯﾃｲﾙﾗｼｲ。","[UNTRANSLATED]"
s_000895,Alshark (System disk).hdm,0x06B46F,"砂漠ﾆﾊ、シュワルグｯﾃｲｳ@潜地タンクが出没ｽﾙｶﾗ、@気ｦﾂｹﾀﾎｳがｲｲぜ。","[UNTRANSLATED]"
s_000896,Alshark (System disk).hdm,0x06B72B,"ウュリアﾉ男5ｺﾉ宇宙港ﾊ、ゾリアスﾄ開戦@ｼﾃｶﾗﾄｲｳﾓﾉ、閉鎖ｻﾚﾃｲﾙﾝだ。","[UNTRANSLATED]"
s_000897,Alshark (System disk).hdm,0x06B7C0,"出ﾃ南ﾍ向ｶｴば、ウィガﾉ町だ。@警備ﾉ兵士が見張ｯﾃｲﾙｶﾗﾅ問題ｦ起ｺｽﾝじｬﾅｲぞ！","[UNTRANSLATED]"
s_000898,Alshark (System disk).hdm,0x06B866,"マｰズ軍？！@大方、脱走兵が、傭兵ﾆでﾓ志願ｼﾆ来ﾀﾄｲｳﾄｺﾛｶ。0@ﾏｱｲｲ、通ｼﾃﾔﾙ。0?I","Mars military? Deserters looking for merc work, I'd guess. Whatever. Let 'em in."
s_000900,Alshark (System disk).hdm,0x06C21E,"越ｼｸだｻｲﾏｼﾀ。当ホテルﾉ設備ﾄサｰビスﾊ、@ウィスペラｰドでﾓ最高ﾉ水準ｦ誇ｯﾃｵﾘﾏｽ。0?N","Welcome! We offer the finest facilities and service in all of Whisperard."
s_000901,Alshark (System disk).hdm,0x06C325,"アイテムショップ店員5ｲﾗｯｼｬｲﾏｾ。@ｵ買ｲ物ﾊ、奥ﾉカウンタｰで@どｳぞ。","Welcome. All sales are handled at the back counter."
s_000902,Alshark (System disk).hdm,0x06C36A,"我ﾗウュリア兵ﾉ標準装備ﾊ、@レイソｰドｦ支給ｻﾚﾃｲﾙ。@フヌケﾉマｰズ軍ﾄﾊ比べﾓﾉﾆﾅﾗﾝだﾛｳ。","[UNTRANSLATED]"
s_000903,Alshark (System disk).hdm,0x06C3C2,"町ﾉ警備ﾊ万全だ。@王国軍ﾉ正規兵が、直接、警備ﾆｱﾀｯﾃｲﾙﾝだｶﾗﾅ。","[UNTRANSLATED]"
s_000904,Alshark (System disk).hdm,0x06C408,"ウュリア王国ﾉ@首都ウュルトリア。@ウィスペラｰド最大ﾉ規模ｦ誇ﾙ超巨大都市だ。","[UNTRANSLATED]"
s_000905,Alshark (System disk).hdm,0x06C48A,"ゾリアス帝国ﾉ軍事力ｦ持ｯﾃ@ｼﾃﾓ、ｺﾉ惑星ﾏで、攻ﾒﾃ@ｸﾙｺﾄﾊでｷﾅｲｻ。","[UNTRANSLATED]"
s_000906,Alshark (System disk).hdm,0x06C752,"ウュルトリアﾆ初ﾒﾃ来ﾀﾝﾅﾗ地下酒場ｦ一度ﾊ覗ｲﾃﾐﾙﾓﾝだﾖ。","[UNTRANSLATED]"
s_000907,Alshark (System disk).hdm,0x06C78A,"ウュルトリアﾊ、広ｲ。@本当ﾆ遭難ｼﾃｼﾏｳﾝじｬﾅｲｶﾄ思ｳｸﾗｲ広ｲﾝだ。","[UNTRANSLATED]"
s_000908,Alshark (System disk).hdm,0x06C7D0,"町が大好ｷﾅﾝだ。ウィスペラｰドで、@最高ﾆ素晴ﾗｼｲ町ｻ！","[UNTRANSLATED]"
s_000909,Alshark (System disk).hdm,0x06CC42,"シングルﾊ、６０クレジットでｽ0#Y","[UNTRANSLATED]"
s_000910,Alshark (System disk).hdm,0x06D274,"達、どｳﾔｯﾃ通行証ｦ手ﾆｲﾚﾀｶｼﾗﾝが、本来、ウュリアﾉ王宮ﾊ、王国ﾉ貴族@以外ﾊ、入ﾚﾝｺﾄﾆﾅｯﾄﾙ。","[UNTRANSLATED]"
s_000911,Alshark (System disk).hdm,0x06D421,"ウュリアﾉ王宮ﾊ、王国ﾉ誇ﾘ。ｺｺｦ汚ｽ者ﾊ、俺が許ｻﾝぞ！","[UNTRANSLATED]"
s_000912,Alshark (System disk).hdm,0x06D453,"ゾリアス帝国星軍ﾉ剛将、@ビｰスト・バイデンﾄｲｴどﾓ、我ﾗウュリア王国軍ﾉ敵でﾊﾅｲﾜ！","[UNTRANSLATED]"
s_000913,Alshark (System disk).hdm,0x06D4A1,"エムリア姫ﾊ、我ﾗがマドンナ。姫ｦ妃ﾆ迎ｴﾙﾄｼﾀﾗ、王国でﾓ名ﾉｱﾙ名士でﾅｹﾚば無理だﾛｳﾅｧ。","[UNTRANSLATED]"
s_000914,Alshark (System disk).hdm,0x06D6BB,"皇太子ﾊ、惑星ティルスﾆ追放ﾉ身だｶﾗﾅ。@エムリア様ｦ妃ﾆ迎ｴﾙ者が、@事実上、次ﾉ王ﾄﾅﾙ。","[UNTRANSLATED]"
s_000915,Alshark (System disk).hdm,0x06D75F,"エムリア様ﾊ、退屈ｿｳﾆｼﾃｵﾙﾗｼｲﾉｫ。ﾔﾊﾘ、ｵ気ﾆ入ﾘﾉ侍女でｱｯﾀミｰアが居ﾅｸﾅｯﾀｾｲｶﾉ","[UNTRANSLATED]"
s_000916,Alshark (System disk).hdm,0x06D8FC,"皇女様ﾆﾓ困ｯﾀﾓﾉだﾜ。@王宮ｦ抜ｹ出ｼﾀｲﾅﾝﾃ。@私ﾏで、ミｰアﾉﾖｳﾆ王宮ｦ@追ｲ出ｻﾚﾁｬｳじｬﾅｲ。","Oh, that princess! Always wanting to sneak out... I'll be thrown out on the street!"
s_000917,Alshark (System disk).hdm,0x06DB7A,"ザｰテ皇太子ﾊ、牢獄ﾉ中じｬ。王ﾉ怒ﾘが静ﾏﾙﾏでﾊ、当分、ｱﾉﾏﾏじｬﾅ。","[UNTRANSLATED]"
s_000918,Alshark (System disk).hdm,0x06E022,"朕ｦ殺ｿｳﾄﾊ、許ｼがﾀｲ奴ﾗだ。@どｳｾ、ザｰテﾆでﾓ雇ﾜﾚﾀ@無法者だﾛｳ。0_4$","Assassins! Unforgivable! They must be thugs hired by Zate."
s_000919,Alshark (System disk).hdm,0x06E0D0,"申ｼﾃﾐﾖ。0_4$
5ｺﾉ者達ﾉ腕ﾊ、ﾀだ者ﾆﾊ@ござｲﾏｾﾝ。0_4$
5特ﾆ、ｿｺﾉ大女。@私でｻｴ、肝ｦ冷ﾔｼｶｹﾏｼﾃござｲﾏｽ。0_4$
5ｿｺで、考ｴﾀﾉでｽが、@ｺﾉ者達ﾆザｰテｦ捕ﾗｴｻｾﾃﾊﾄ‥‥0_4$","Speak.$These people are no mere mercenaries. That giant woman... even I was unnerved. So, I propose we use them to capture Zate."
s_000920,Alshark (System disk).hdm,0x06E190,"者達が、裏切ﾗﾇ@ﾄﾓ限ﾙﾏｲ。0_4$
5ｿｺﾊ、人質ﾄｼﾃ、１人、@ｺｺﾆ残ｯﾃﾓﾗｲﾏｼｮｳ。0_ｿｼﾃ、ﾓｼﾓ、ザｰテｦ捕ﾗ@ｴﾙｺﾄがでｷﾀﾅﾗ、王ﾉ命ｦ狙ｯﾀﾄｲｳ大罪ｦ許ｼﾃﾔﾘ、適当ﾅ願ｲｦ聞ｲﾃﾔﾙｺﾄﾄ@ｲﾀｼﾏｼｮｳｶ。0_4$","What's to stop them from betraying us?$One of them stays here. As a hostage.$If they capture Zate, we'll pardon their 'crime' and grant them a wish."
s_000921,Alshark (System disk).hdm,0x06E311,"だ‥‥0_4$
5フフフ‥‥@ｵﾏｴ達ﾊ、何ｶｦ勘違ｲｼﾃ@ｲﾙﾖｳだが、私ﾊ、ｵﾏｴ達ｦ助ｹﾃﾔｯﾀﾉだぞ。0_4$","Heh heh heh... You've got it all wrong. I'm the one who saved your skins."
s_000922,Alshark (System disk).hdm,0x06E694,"彼が、ドゥムナﾉ意志ｦ継ぐ者@ﾅﾉでｽ。@ｿﾉ身ﾆﾏﾄｲｼマントが、@ｿﾉ証。0_4$","He is the heir to We-Dumnah's will. The mantle he wears is proof."
s_000923,Alshark (System disk).hdm,0x06E74D,"ラミュｰが生ｷﾃｲﾙﾄﾊﾄﾃﾓ思ｴﾇが、ｿﾉ最後ﾉ足どﾘﾊ、惑星ヒュリスﾆ向ｶｯﾀﾄ聞ｲﾃｵﾙ。0_4$","[UNTRANSLATED]"
s_000924,Alshark (System disk).hdm,0x06E858,"ウュルトリアﾉ補給ステｰションﾆ連絡ｦｲﾚﾃｵｸ。@航宙艦ﾉ整備ﾆでﾓ使ｳが良ｲ。0_4$","I'll let the Ulyrian supply station know you're coming. Get your ship fixed."
s_000925,Alshark (System disk).hdm,0x06EA28,"秘力ｦ使ｲｺﾅｽﾀﾒﾆﾓ、経験ｦ積ﾑ必要がｱﾙﾄ痛感ｼﾃｲﾏｽ。0_4$
5ｿｳｶ。@ﾅﾗば、惑星ノｰミケﾆｱﾙ@ノｰザンﾉ砦ﾆ行ｸﾄｲｲだﾛｳ0_4$
5ｱｿｺﾅﾗ、ゾリアスｶﾗﾉ攻撃ﾓ、ｿｳｷﾂｸﾊﾅｲ。@ｿﾚﾆ、ｲﾛｲﾛﾅ星ｶﾗ集ﾏｯﾃｸﾙ情報ﾓ多ｲﾄ聞ｸ。0_4$","To control these powers, I need more real-world experience.$I see. Then go to Norzan's fort on Nomike. Zolius attacks are lighter there, and it's a hub for information."
s_000926,Alshark (System disk).hdm,0x06EC36,"情報でﾊ、ｲﾖｲﾖサリバンﾉ@率ｲﾙラッセルガイヤｰｦ旗艦ﾄｼﾀ敵ﾉ主力部隊が動ｷ出ｼﾀ@ﾗｼｲｶﾗﾉｫ。0","My sources say Sullivan's main fleet is on the move, led by the Russelgaia."
s_000927,Alshark (System disk).hdm,0x06EC97,"ギｰデルﾊ、ラッセル@ガイヤｰで討ﾁ果ﾃﾀｶ。@知ﾗｾﾆｷﾃｸﾚﾀｺﾄ、心ﾖﾘ感謝ｽﾙ。0","So, Giedel fell aboard the Russelgaia. Thank you for the news."
s_000928,Alshark (System disk).hdm,0x06F8CF,"ラルアﾉ追跡ﾊ激ｼｸ、最後ﾏで逃げﾙｺﾄがでｷﾀﾉﾊ、@師ドゥムナﾉ植民船１隻だｹ@じｬｯﾀ。0_4$","Their pursuit was relentless. In the end, only We-Dumnah's colony ship escaped."
s_000929,Alshark (System disk).hdm,0x06F924,"先ﾊ、私が話ｼﾏｼｮｳ0ｿﾉ翌年、２０億ﾉマｰズ人ｦ@失ｯﾀラルアﾊ、カｰマﾆ大敗@ｼﾏｼﾀ。0_4$","The following year, our forces were crushed, and two billion Martians were lost."
s_000930,Alshark (System disk).hdm,0x06F971,"長ｷﾆﾜﾀﾙ抵抗ﾓﾑﾅｼｸ、@惑星ラルアﾊ陥落ｼ、カｰマﾉ@勢力ﾊ、一気ﾆ拡大ｼﾀﾉでｽ。0_4$","Our long resistance was futile. The planet fell, and their empire grew."
s_000931,Alshark (System disk).hdm,0x06FE1E,"遺志ｦ継ぐ者ﾊ、マｰズ人でﾅｹﾚばﾅﾗﾇﾜｹがｱﾙﾗｼｲ。@ﾜｼﾊ、秘力ﾉ奥義ﾉﾐｦ伝ｴﾙ役目ｦ師ﾖﾘ授ｶｯﾀﾉじｬ。","[UNTRANSLATED]"
s_000932,Alshark (System disk).hdm,0x07013C,"先ﾊ、ウュリア軍ﾉ軍事機密ﾆﾅｯﾃｲﾙ。@申ｼ訳ﾅｲが、通ｽｺﾄﾊでｷﾅｲ。","[UNTRANSLATED]"
s_000933,Alshark (System disk).hdm,0x070177,"オペレｰタ5宇宙ﾉ戦闘で、傷ﾂｲﾀ艦ﾊ、@ｺﾉステｰションで修理ｼﾀﾎｳがｲｲでｽﾖ。","[UNTRANSLATED]"
s_000934,Alshark (System disk).hdm,0x07023F,"帝国宙軍ﾉ艦隊がｲﾂ攻ﾒﾃｸﾙｶ分ｶﾗﾅｲｶﾗﾅ。@安全ﾉﾀﾒ、宇宙港ﾊ閉鎖ｻﾚﾃｼﾏｯﾀﾉだ。","[UNTRANSLATED]"
s_000935,Alshark (System disk).hdm,0x070284,"ウュリア王国ﾉ首都ウュルトリアﾊ、ｺﾉ宇宙港ｦ出ﾃ、北ﾆ行ｯﾀﾄｺﾛﾆｱﾙ。","[UNTRANSLATED]"
s_000936,Alshark (System disk).hdm,0x0702C2,"ウュリア国王ﾉイｰル様ﾊ、@御自分ﾉ息子でｱﾗﾚﾙ皇太子@ｶﾗｿﾉ命ｦ狙ﾜﾚﾃｲﾙﾉだ。","[UNTRANSLATED]"
s_000937,Alshark (System disk).hdm,0x070306,"２ヶ月ﾎど前ﾆ、イｰル王が、@何者ｶﾉ襲撃ｦ受ｹﾀﾄｷ、@デュｰク・ギｰデルﾄｲｳ男が、王ﾉ命ｦ救ｯﾀﾉだ。","[UNTRANSLATED]"
s_000938,Alshark (System disk).hdm,0x07053C,"惑星ジュｰクﾆﾊ、最近、得体ﾉ知ﾚﾅｲロボットが出現ｼﾃｲﾙﾗｼｲでｽｶﾗ、気ｦﾂｹﾀﾎｳがｲｲでｽﾖ。","[UNTRANSLATED]"
s_000939,Alshark (System disk).hdm,0x0705F3,"ゾリアス人ﾊ、ﾐﾝﾅ角が生ｴﾃｲﾃ、怪ｼげﾅ精神能力ｦ持ｯﾃｲﾙﾗｼｲ。","[UNTRANSLATED]"
s_000940,Alshark (System disk).hdm,0x07062A,"ゾリアス宙軍ﾉ総司令官ノベル・サリバン将軍ﾊ、ｿﾉ知謀ﾄ策略で、ウュリア艦隊ﾆ大打撃ｦ与ｴﾀｿｳだ。","[UNTRANSLATED]"
s_000941,Alshark (System disk).hdm,0x070685,"司令官5現在、ｺﾉ宙域ﾆゾリアス艦隊ﾉ進撃ﾊ見ﾗﾚﾅｲが、油断ﾊでｷﾅｲ。0_4司令官5航宙艦ﾉ整備が整ﾜﾅｲ内ﾊ、@マｰズ連邦ｶﾗ出ﾅｲｺﾄだ。","No sign of the Zolius fleet in this sector, but stay sharp. Until our ships are repaired, don't leave Mars Federation space."
s_000942,Alshark (System disk).hdm,0x0707F3,"ウュリアﾉ貴族5ｺﾉ惑星ﾆﾊ、巨大ﾅ湖が広がｯﾃｵﾘ、２ﾂﾉ島がｱﾘﾏｽが、大ｷｲ方がコｰリス、ﾓｳ一方がザイザルﾄ呼ばﾚﾃｲﾏｽ。","[UNTRANSLATED]"
s_000943,Alshark (System disk).hdm,0x07085D,"ウュリアﾉ若者5ｺﾉ惑星ﾉどｺｶﾆ、古代ﾉ秘宝が隠ｻﾚﾃｲﾙﾗｼｲ。@ｿﾚｦ手ﾆ入ﾚﾚば、ﾄﾃﾂﾓﾅｲ力ｦ手ﾆｽﾙｺﾄがでｷﾙﾄｶ","[UNTRANSLATED]"
s_000944,Alshark (System disk).hdm,0x070AD4,"ラッセルガイヤｰﾆ登載ｻﾚﾀ@最終兵器が完成ｼﾀﾀﾒﾗｼｲ。0_4$","Apparently, the Russelgaia's ultimate weapon is complete."
s_000945,Alshark (System disk).hdm,0x070C8A,"帝国軍ﾓ惑星サｰタリアﾍﾊ@ﾏだ侵攻ｦ開始ｼﾃｲﾅｲﾉだ。","[UNTRANSLATED]"
s_000946,Alshark (System disk).hdm,0x0710C1,"今、ゾリアス軍ﾉ通信ｦ傍受ｼﾃ暗号ｦ解読ｼﾃｲﾙﾄｺﾛだ。","[UNTRANSLATED]"
s_000947,Alshark (System disk).hdm,0x071C9C,"デュｰク。@暇がでｷﾀﾗ、ウュルトリアﾆ酒でﾓ飲ﾐﾆ行ｺｳぜ。","[UNTRANSLATED]"
s_000948,Alshark (System disk).hdm,0x071D74,"達、本気で帝国軍相手ﾆ@勝ﾃﾙﾄ思ｯﾃｲﾙﾉｶ？@バカﾅ連中だ。","[UNTRANSLATED]"
s_000949,Alshark (System disk).hdm,0x071E9E,"Ｚ２５４恒星系ﾆ攻ﾒ込ﾑﾅﾗ、今がチャンスだﾅ。@２ﾂﾉ惑星がｱﾙが、惑星アスクﾉ方が、攻ﾒﾔｽｲだﾛｳ。","[UNTRANSLATED]"
s_000950,Alshark (System disk).hdm,0x071EF9,"が、デュｰクﾉ息子だ。@ﾔﾙﾓﾝだﾅ。@だが、帝国ﾉ主力ﾄぶﾂｶﾙﾆﾊﾏだﾏだ力不足だぜ。","[UNTRANSLATED]"
s_000951,Alshark (System disk).hdm,0x0721EA,"ラッセルガイヤｰ艦内ﾉ@6エアロック制御スイッチｦ@6発見ｼﾀ。0_6スイッチｦ起動ｼﾏｽｶ？0","You've found the Russelgaia's airlock control switch. Activate it?"
s_000952,Alshark (System disk).hdm,0x073317,"スクラップ屋5スクラップﾉ両替ﾅﾗｺﾁﾗで@どｳぞ。0_4　6５ＣＲＥＤＩＴ@4　　　　6↑　　　　　3２キｰ@4　　　3８キｰ　　　　　6↓@4　　　　　　　　6１ＳＣＲＡＰ@46＜3スペｰスキｰ6で加速＞?I","Scrap Dealer: Turn that SCRAP into cold, hard CREDIT! 5 CREDIT ↑ (2 Key) / ↓ (8 Key) 1 SCRAP <Hold SPACE to accelerate>"
s_000953,Alshark (System disk).hdm,0x073412,"ゾリアスﾉ男5笑ｲﾀｷｬ笑ｴ。@ゾリアスﾉ一般人ﾉ生活レベル@ﾅﾝﾃﾉﾊｺﾝﾅﾓﾉだ。","Laugh all you want. This is life for us commoners."
s_000954,Alshark (System disk).hdm,0x073455,"ゾリアスﾉ女5ﾀだでｻｴ、重ｲ税金ﾆ苦ｼﾒ@ﾗﾚﾃｲﾙﾉﾆ、夫ﾓ労働者ﾄ@ｼﾃ、惑星ビェザﾍ連ﾚﾃ行ｶﾚﾃｼﾏｲﾏｼﾀ。","The crushing taxes were bad enough, but then they took my husband to Bieza as a laborer."
s_000955,Alshark (System disk).hdm,0x0734CC,"ゾリアスﾉ無法者5心配ｼﾅｸﾃｲｲぜ。@ｺﾉ町ﾊ、帝国ﾉ兵士ﾓﾒｯﾀﾆｺﾈｪｶﾗﾅ。","[UNTRANSLATED]"
s_000956,Alshark (System disk).hdm,0x0738DF,"新型エンジンｯﾃﾉﾊ、どｳﾓ@小型ブラックホｰルｦ利用ｼﾀ物ﾗｼｲ。0_4$","The new engine runs on a micro black hole."
s_000957,Alshark (System disk).hdm,0x074048,"帝国ﾉ主星ビェザﾆ攻ﾒ込ﾑﾆﾊ惑星ビュｰドスｶﾗ照射ｻﾚﾃｲﾙ超重力シｰルドｦ止ﾒﾅｲﾄ@無理ﾖ。","[UNTRANSLATED]"
s_000958,Alshark (System disk).hdm,0x07417F,"ゾリアスﾉ子供5ｺｺﾊ、デルアイﾉ町だﾖ。@ｵ母ｻﾝが言ｯﾃﾀﾖ。@ｺﾉ星ﾊ、見捨ﾃﾗﾚﾀ星ﾅﾝだｯﾃ‥‥","Welcome to Del-Ai. My mom says this planet's been forsaken..."
s_000959,Alshark (System disk).hdm,0x0741D0,"ゾリアスﾉ女5私ﾀﾁﾊ、週ﾆ一回、サンタナﾉ神ﾆ捧げ物ｦｽﾙﾉでｽ。@司祭ララウェル様ﾉ使ｲが、ｿﾉ捧げ物ｦ集ﾒﾆｷﾏｽ。","[UNTRANSLATED]"
s_000960,Alshark (System disk).hdm,0x074234,"ゾリアスﾉ男5軍ﾉ実験でｺﾝﾅﾆﾅｯﾁﾏｯﾀ星ｦどｳｽﾙｺﾄﾓでｷﾙﾜｹがﾅｲ。0_4ゾリアスﾉ男5俺達ﾊ、細々ﾄ生ｷﾃｲｸｼｶ@ﾅｲﾝだ。","The military's experiments ruined this world. There's nothing we can do now but scrape by."
s_000961,Alshark (System disk).hdm,0x074297,"ゾリアスﾉ男5以前、ｺﾉ星ﾆ派遣ｻﾚﾀ兵士達が、次々ﾄ謎ﾉ失踪ｦ遂げﾀﾗｼｲ。0_4ゾリアスﾉ男5噂じｬ、ｿﾉ亡霊が西ﾆｱﾙバイオ研究所ﾆ出ﾙﾄｶ‥‥","Soldiers sent here used to disappear without a trace. They say their ghosts haunt the old bio-lab to the west..."
s_000962,Alshark (System disk).hdm,0x074311,"ゾリアスﾉ女5ｺﾉ星ﾊ、ずｲぶﾝ前ﾆ軍ﾉ実験ﾆ使ﾜﾚﾃｲﾀﾉでｽ。@ｿﾉ施設跡が、西ﾉ方ﾆｱﾘﾏｽ0_4ゾリアスﾉ女5決ｼﾃ近寄ﾗﾅｲ方が身ﾉﾀﾒでｽﾖ。@恐ﾛｼｲ化ｹ物が出ﾙﾄｲｳｺﾄでｽｶﾗ。","This world was a military testing ground. The ruins of the lab are to the west. You'd be wise to stay away... It's crawling with monsters."
s_000963,Alshark (System disk).hdm,0x074450,"バイデンﾉ野郎ﾉデｰタｦ見ﾂｹﾀﾝじｬが‥‥@ｱｲﾂﾓ悲惨ﾅ奴だﾜｨ。0_4$","Found Bayden's file... Poor slob's had it rough."
s_000964,Alshark (System disk).hdm,0x074665,"虫ｹﾗどﾓが、ｺｺﾏでﾔﾘｵﾙﾄﾊ思ﾜﾅﾝだぞ。@ﾔﾊﾘ、ｱﾉ時、殺ｼﾃｵｸべｷだｯﾀﾅ。0_4ビｰスト・$","Hmph. I underestimated you worms. I should've crushed you back then."
s_000965,Alshark (System disk).hdm,0x074876,"ゾリアス兵5ハｰッ、ハッハッハッ！@バカﾅ奴ﾗだ。@ﾜざﾜざ殺ｻﾚﾙﾀﾒﾆ来ﾙﾄﾊﾅ。0_4ゾリアス兵5ｵﾏｴ達ﾆバイデン様ﾉ伝言ｦ@伝ｴﾖｳ。0_4ゾリアス兵5ゴルﾉキｰｦ手ﾆｲﾚﾀｹﾚば、星軍総司令部ﾍｺｲ！@バイデン様が直々ﾆ、ｵﾏｴ達ｦ処刑ﾅｻﾙｿｳだ。0_4ゾリアス兵5確ｶﾆ伝ｴﾀぞ！?C","Bwahahaha! You fools, walking right into your own graves! I have a message from Commander Bayden. If you want the Gol Key, come to Star Force HQ! He'll execute you personally! Now you know!"
s_000966,Alshark (System disk).hdm,0x074971,"ゾリアスﾉ男5ｱﾝﾀ達ﾊ、ﾄﾝでﾓﾅｲｺﾄｦｼﾃｸﾚﾀﾖ。0_4ゾリアスﾉ男5ゾリアス人ﾊ、ﾐﾝﾅサンタナ教ﾉ教ｴﾆｽがｯﾃ生ｷﾃｷﾀﾝだ0_4ゾリアスﾉ男5ｿﾚｦ、ララウェル様ｦ殺ｼﾃ@ｼﾏｳﾅﾝﾃ‥‥","You don't know what you've done... The Santhana Church gave our people hope. And you... you murdered Lalawel."
s_000967,Alshark (System disk).hdm,0x074A32,"ゾリアスﾉ女5ｵｿﾛｼﾔ。@ララウェル様ｦ殺ｼﾃｼﾏｯﾀﾉﾊ、ｱﾅﾀ方ﾅﾉでｽﾈ。0_4ゾリアスﾉ女5ｷｯﾄ、サンタナﾉ神ﾉ天罰が@下ﾘﾏｽﾖ。","Monsters... You're the ones who killed Lalawel. Santhana's divine wrath will be your doom"
s_000968,Alshark (System disk).hdm,0x074A9D,"ゾリアスﾉ子供5ｵ母ｻﾝが‥‥ｵ母ｻﾝが、何ｦ信じﾃ生ｷﾃｲｹばｲｲﾉｶ分ｶﾗﾅｸﾅｯﾀｯﾃ‥‥0_4ゾリアスﾉ子供5どｺｶﾆｲｯﾁｬｯﾀﾖｫ。","My mom said... she didn't know what to live for anymore... and then she just disappeared."
s_000969,Alshark (System disk).hdm,0x074BC4,"惑星バイデンﾉ帝国星軍正規部隊ﾊ、ﾄﾝでﾓﾅｲ強ｻだぞ。@強力ﾅタンクでﾓﾅｲﾄ攻略ﾊ、不可能だ。","[UNTRANSLATED]"
s_000970,Alshark (System disk).hdm,0x074C18,"今、帝国軍ﾉ通信ｦ傍受ｼﾀﾝだが、惑星ビュｰドスｶﾗ照射ｻﾚﾃｲﾙ超重力シｰルドﾊ、ｱﾝﾀ達ﾉ手ﾆｲﾚﾀキｰだｹでﾊ、0_解除ｽﾙｺﾄがでｷﾅｲﾗｼｲ。0サリバンﾄバイデンﾉ持ﾂキｰでビュｰドスﾉ２ﾂﾉ衛星ﾆｶｹﾗﾚﾀロックｦ解除ｼﾅｹﾚばﾅﾗﾅｲﾝだ。","[UNTRANSLATED]"
s_000971,Alshark (System disk).hdm,0x074D05,"ば、星軍総司令部ﾍｺｲ！@バイデン様が直々ﾆ、ｵﾏｴ達ｦ処刑ﾅｻﾙｿｳだ。0_4ゾリアス兵5確ｶﾆ伝ｴﾀぞ！?C","Get to Star Force HQ! Bayden wants to execute you himself. I've delivered the message!"
s_000972,Alshark (System disk).hdm,0x074FC4,"惑星バイデンﾉ帝国星軍正規部隊ﾊ、ﾄﾝでﾓﾅｲ強ｻだぞ。@強力ﾅタンク","[UNTRANSLATED]"
s_000973,Alshark (System disk).hdm,0x0751FE,"ウュリアﾉ女5ｺｺﾊ、ｽごｸ平和ﾅ町でｽﾖ。だｶﾗ、安心ｼﾃ、過ごｽｺﾄがでｷﾏｽ。","[UNTRANSLATED]"
s_000974,Alshark (System disk).hdm,0x075273,"ウュリアﾉ女5ｺｺﾊ、本当ﾆ平和ﾅ町でｼｮ？ｲﾂﾏでﾓｺﾉ平和が続ｷﾏｽ@ﾖｳﾆ‥‥","[UNTRANSLATED]"
s_000975,Alshark (System disk).hdm,0x07531B,"ウュリアﾉ男5俺ﾊ、ザイザｰ鉱石ｦ見ﾂｹﾃ、大金持ﾁﾆﾅﾙﾝだ！","[UNTRANSLATED]"
s_000976,Alshark (System disk).hdm,0x0753D3,"ウュリアﾉ男5カウンタｰﾉ端ﾆ座ｯﾃﾙ男が@ｲﾙだﾛｳ。@ｱｲﾂ、ﾎﾝﾄﾆ酒癖が悪ｲ奴@ﾅﾝだ。","See that guy at the end of the counter? He's a real nasty drunk."
s_000977,Alshark (System disk).hdm,0x07585D,"ウュリアﾉばｱｻﾝ5ﾅﾙﾎど、ｱﾝﾀ達ﾊザイザｰ鉱ｦ探ｼﾆ来ﾀﾉｶｨ。@頑張ﾘﾅｻｲﾖ。","[UNTRANSLATED]"
s_000978,Alshark (System disk).hdm,0x07595A,"ウュリアﾉ貴族5ｱﾘがﾄｳ。@ｺﾚで、ﾏﾀコレクションが増ｴﾀ。","[UNTRANSLATED]"
s_000979,Alshark (System disk).hdm,0x0760D1,"君達ﾆﾊ、私ﾄ、ｿｼﾃラッセルガイヤｰﾄ共ﾆ、宇宙ﾉ塵ﾄ@ﾅｯﾃﾓﾗｵｳ！！0_6帝国宙軍総司令$","You, me, and the Russelgaia... we'll all become stardust together!"
s_000980,Alshark (System disk).hdm,0x07627D,"達ﾆ‥‥ｺﾉキｰｦ渡ｼﾃﾅﾙﾓﾉｶ‥‥‥‥0_4ヒｰト中将5ご安心ｸだｻｲ。@先ﾎど、ラッセルガイヤｰﾉ自爆装置ｦセットｼﾏｼﾀ。0_4ヒｰト中将5ｱﾄ数分で、爆発ｽﾙﾊずでｽ。0_4$","I'll never... let them have... this key... Don't worry, sir. I've set the Russelgaia to self-destruct. It'll blow in a few minutes."
s_000981,Alshark (System disk).hdm,0x076318,"達ﾓ‥‥ｺﾚで‥‥‥終ﾜﾘだ。@‥‥通路ｦ走ｯﾃﾓ‥今ｶﾗでﾊ‥‥‥間ﾆ合ﾜﾇ‥‥‥。0_4ヒｰト中将5ｿｳだ！！@貴様達ﾊ、ｺｺで死ﾇﾉだ！0_4$","This is... the end... for all of us. You can't escape... in time... That's right! This is where you die!"
s_000982,Alshark (System disk).hdm,0x07647C,"他ﾉ種族ｦ滅ぼｽｺﾄが、@小ｻﾅ犠牲ｶ。@宇宙ｦ無ﾆ帰ｽﾙｺﾄが、@大望ｶ！！0_4$","Genocide is a small sacrifice? Oblivion is your grand ambition!?"
s_000983,Alshark (System disk).hdm,0x0765AA,"叫ぶﾄ、@6ヒｰト中将ｦ指ｻｼﾀ。0_4ヒｰト中将5ﾅ、何ｦバカﾅ‥‥。@ｲｯﾀｲ、何ｦ根拠ﾆ‥‥0_4$","He pointed at Heat. ""Wh-what is this nonsense!? What proof do you have!?"""
s_000984,Alshark (System disk).hdm,0x0767E3,"通路ｦ走ｯﾃﾓ間ﾆ合ﾜﾅｲだﾛｳが、私ﾉ後ﾛﾆｱﾙ司令官用@エレベｰタでﾅﾗ、１分以内ﾆ@ｵﾏｴ達ﾉ艦ﾆﾀどﾘ着ｹﾙ。0_4$","You won't make it running. Take my private elevator! You can reach your ship in under a minute."
s_000985,Alshark (System disk).hdm,0x076A0C,"側近ｼｶ立ﾁ入ﾙ6ｺﾄﾉ許ｻﾚﾅｲｿﾉ空間ﾊ、@6４角ｲ大広間だｯﾀ。0_6４隅ﾄ４辺ﾊ、一直線ﾆ天井ﾉ@6中心ｦ目指ｽ。@6壁ﾄ天井が一体ﾄﾅｯﾀ@6変ﾜｯﾀ構造ｦｼﾃｲﾀ。0_6内部ﾊ、天井ｦﾅｽ@6上方ﾉ４角錘ﾉ部分ｦ除ｲﾃ、@6周ﾘｦ全ﾃ水晶ﾉﾖｳﾅ輝ｷｦ@6ﾓﾂ金属で包ﾏﾚﾃｲﾙ。0?I","This was a vast, square chamber, a space forbidden to all but the most trusted. The walls and ceiling were one, sloping up to a central point. The entire interior was sheathed in a gleaming, crystal-like metal."
s_000986,Alshark (System disk).hdm,0x076B94,"ヒャアｰ、ヒャッヒャッヒャッ！思ｯﾀ通ﾘじｬﾜ。@強ｲ力ｦ感じﾙぞ。0_6突然、外見ﾄﾊ裏腹ﾆ、$","Hee hee hee! Just as I thought. I sense a great power. They're stronger than they look."
s_000987,Alshark (System disk).hdm,0x076C22,"が、思ｯﾀ通ﾘだ！@貴様が言ｯﾀ通ﾘ、ｵびｷ出ｼﾀｱげｸ、貴重ﾅ兵士達ｦﾏﾀ倒ｻﾚﾃｼﾏｯﾀでﾊﾅｲｶ！！0_6$","Just as I feared! Your plan failed! We lured them out, and they just wiped out our troops!"
s_000988,Alshark (System disk).hdm,0x076E81,"構造ｦｼﾃｲﾀ。0_6内部ﾊ、天井ｦﾅｽ@6上方ﾉ４角錘ﾉ部分ｦ除ｲﾃ、@6周ﾘｦ全ﾃ水晶ﾉﾖｳﾅ輝ｷｦ@6ﾓﾂ金属で包ﾏﾚﾃｲﾙ。0?I","The interior is lined with a shimmering, crystal-like metal, except for the pyramid-shaped ceiling."
s_000989,Alshark (System disk).hdm,0x0782D0,"軍部ｶﾗ武器ｦ横流ｼｼﾃﾙﾓﾉでﾈ。@値段ﾊ、ﾁｮｯﾄ高ﾒだが、@ｲｲ品が揃ｯﾃｲﾙぜ。0_4闇商人5","This stuff is 'liberated' from the military. It's pricey, but it's top-shelf."
s_000990,Alshark (System disk).hdm,0x078567,"泣Tリバン。0_4ミュントス人5ｺﾉ３人がｲﾙｵｶげで、ウュリア王国ﾊ、相当、窮地ﾆ立ﾀｻﾚﾃｲﾙﾗｼｲ。","With Sullivan, Lalawel, and Bayden on the attack, the Kingdom of Ulyria is on the ropes."
s_000991,Alshark (System disk).hdm,0x07C151,"が、カｰマ@だｯﾀﾄｼﾃ、俺ﾉ秘力で肉体ﾆ封じﾙｺﾄが、本当ﾆでｷﾙﾉ@だﾛｳｶ。","[UNTRANSLATED]"
s_000992,Alshark (System disk).hdm,0x07C2BF,"実ﾊﾅｧ。@以前、惑星ヨスヌﾉ兵器工場ｦ@襲ｯﾀﾄｷﾆ、例ﾉケブレス砲ﾉデｰタｦ頂ｲﾃｷﾀﾝだ。0_4$","Remember that raid on the Yosnu weapons factory? I swiped the data for their cannon."
s_000993,Alshark (System disk).hdm,0x07C47B,"時間がﾅｲｯﾃ時ﾆ！@ﾅﾝで、惑星サｰタリアﾅﾝｶで鉱石探ｼﾅﾝﾃｼﾅｷｬﾅﾗﾅｲﾝだ！","[UNTRANSLATED]"
s_000994,Alshark (System disk).hdm,0x07C7BD,"ラッセルガイヤｰﾆ@対ｽﾙ作戦だが、敵艦ｦ航行不能ﾆｼﾀﾗ、直ﾁﾆ白兵戦ﾍ持ﾁ@込ﾑぞ。0_4$","Plan for the Russelgaia: disable the ship, then we board her immediately."
s_000995,Alshark (System disk).hdm,0x07C8D5,"ラッセルガイヤｰﾉ防衛機能ﾊ、ｻｯｷﾉ戦闘で相当ﾉダメｰジｦｵｯﾃｲﾙﾊずだが、敵ﾉ抵抗ﾓ相当ﾉﾓﾝだぞ！","[UNTRANSLATED]"
s_000996,Alshark (System disk).hdm,0x07C9D1,"超重力シｰルドｦ解ｸﾆﾊ、@惑星ビュｰドスﾉ前ﾆ、ボルアﾄゴルﾉロックｦ解除ｼﾅｹﾚば@ｲｹﾅｲﾉﾖ！","[UNTRANSLATED]"
s_000997,Alshark (System disk).hdm,0x07CB51,"で来ﾀﾜﾈ。@でﾓ、油断ｼﾅｲでﾈ。@相手ﾊ、ゾリアス帝国ﾉ総帥@$","You're here. Be careful. You face the Zolius Commander."
s_000998,Alshark (System disk).hdm,0x07D09A,"ベック・ゴｰギャンｯﾃ人が、@本当ﾆ特殊精神波ﾉ破ﾘ方ｦ知ｯﾃｲﾙﾄｼﾃ、見ﾂｹﾙｺﾄが@でｷﾙｶｼﾗ。0_4$","Even if this Beck Gaugain knows how to beat their psychic waves, can we find him?"
s_000999,Alshark (System disk).hdm,0x07D18D,"ノｰザンﾉ砦ﾆﾊ、ｲﾛﾝﾅ連中が集ﾏｯﾃｸﾙ。@中ﾆ、ｷｯﾄベックﾉｺﾄｦ知ｯﾃｲﾙ奴がｲﾙﾊずだ。","[UNTRANSLATED]"
s_001000,Alshark (System disk).hdm,0x07D1DA,"カｰマﾆ支配ｻﾚﾀ帝国ﾉ幹部ｦ叩ｸﾀﾒﾆﾊ、絶対ﾆウェルダｻﾝﾉ力が必要ﾆﾅﾙ。0_4$","[UNTRANSLATED]"
s_001001,Alshark (System disk).hdm,0x07D24B,"ドクウェルﾄｲｳ帝国軍ﾉ脱走兵ｦ捜ｼﾆ惑星サｰタリアﾏで足ｦ運ぶｼｶﾅｻｿｳだﾅ。","[UNTRANSLATED]"
s_001002,Alshark (System disk).hdm,0x07D30B,"ベックﾊ、惑星ゾカヘルﾉ宙軍@補給基地ﾍ向ｶｯﾀ。@我々ﾓ後ｦ追ｳぞ、$","[UNTRANSLATED]"
s_001003,Alshark (System disk).hdm,0x07D3F8,"今ﾊ、帝国宙軍ﾉ航路ｦ割ﾘ出ｼﾃ、ラッセルガイヤｰｦ叩ｸｼｶﾈｪ！","[UNTRANSLATED]"
s_001004,Alshark (System disk).hdm,0x07D433,"ラッセルガイヤｰﾊ、帝国宙軍ﾉ誇ﾙ超大型戦艦だ。@ｳﾏｸ白兵戦ﾆ持ﾁ込ﾝだﾄｼﾃﾓ、ｶﾅﾘﾉ抵抗ﾆｱｳぞ！","[UNTRANSLATED]"
s_001005,Alshark (System disk).hdm,0x07D48D,"帝国ﾆｺﾚ以上、好ｷｶｯﾃﾅ@真似ﾊｻｾﾅｲ！@必ず、ラッセルガイヤｰｦ止ﾒﾃﾐｾﾙ！","[UNTRANSLATED]"
s_001006,Alshark (System disk).hdm,0x07D536,"敵ﾉ兵士達がどﾝどﾝ@押ｼ寄ｾﾃｸﾙﾜ。0@早ｸ、主動力室ﾍﾉ通路ｦ発見ｼﾅｲﾄ‥‥","More soldiers are pouring in! We need to find the main power room"
s_001007,Alshark (System disk).hdm,0x07D582,"だｹ大ｷｲ艦だﾄ、通路ﾉエアロックﾓコントロｰル室ﾉ制御で動ｲﾃｲﾙﾊずじｬ。0_4$","[UNTRANSLATED]"
s_001008,Alshark (System disk).hdm,0x07D7AF,"帝国宙軍が混乱ｼﾃｲﾙｽｷﾆ、Ｚ２５４恒星系ﾆ攻ﾒ込ﾝで、@新兵器ｦｲﾀだｲﾃｸﾙｶ！","[UNTRANSLATED]"
s_001009,Alshark (System disk).hdm,0x07DA6F,"でﾓ、スクラップで出来ﾃﾙﾝでｼｮ？@安全ﾅﾉｶｼﾗ・・・0_4$","It's made of SCRAP... Are you sure it's safe?"
s_001010,Alshark (System disk).hdm,0x07DB3D,"ハマックﾉ町ﾉ北ﾆｱﾙ廃坑ﾉ中ﾆ隠ｼﾄﾙﾝじｬｲ！@ﾏｱ、論ﾖﾘ証拠で、見ｾﾃﾔﾙｶﾗﾂｲﾃｷﾅ！","[UNTRANSLATED]"
s_001011,Alshark (System disk).hdm,0x07DB88,"次ﾊ、惑星サチﾈ。@帝国ﾉ開発ｼﾀ新型エンジンｦ@手ﾆ入ﾚﾆ行ｸﾝでｼｮ。0_4$","Next up: Planet Sachi. We're there for the Empire's new engine, right?"
s_001012,Alshark (System disk).hdm,0x07DC51,"帝国宙軍ﾉ動ｷｦ止ﾒﾀﾄﾊｲｴ敵ﾉ戦力が減ｯﾀﾜｹじｬﾅｲ。帝国ﾉ主力ﾄ戦ｳﾆﾊ、ﾏだﾏだ力ｦﾂｹﾅｲﾄ‥‥","[UNTRANSLATED]"
s_001013,Alshark (System disk).hdm,0x07DCD8,"で、Ｚ２５４恒星系ﾉ帝国軍ﾓｱﾗｶﾀ片付ｹﾁﾏｯﾀｼ、@ノｰザンﾉ砦ﾍ戻ｯﾃ帝国ﾉ動向でﾓｻぐｯﾃﾐﾙｶ。","[UNTRANSLATED]"
s_001014,Alshark (System disk).hdm,0x07DD7E,"徹底的ﾆ帝国ﾉ@施設ｦ叩ｲﾃﾔﾙ！@ﾏずﾊ、惑星ヨスヌｦ攻ﾒﾙぞ！0_4$","We'll crush every Imperial facility! First, we hit Yosnu!"
s_001015,Alshark (System disk).hdm,0x07DEA7,"惑星ヴォンﾆﾊ、今ﾊ使ﾜﾚﾅｸﾅｯﾃｼﾏｯﾀ帝国ﾉバイオ研究施設がｱﾙﾗｼｲ。0_4$","[UNTRANSLATED]"
s_001016,Alshark (System disk).hdm,0x07DF3F,"ゾリアスﾉ人達ｯﾃ、ﾜｹﾉﾜｶﾝﾅｲ宗教ﾆ入ﾚｻｾﾗﾚﾃ、@毎日、本当ﾆ悲惨ﾅ生活ｦｵｸｯﾃﾙ。0_4$","The Zolius people are forced into some weird cult, living in constant misery."
s_001017,Alshark (System disk).hdm,0x07E377,"が、髪ｦｶｷｱげﾙﾄ、6ｿﾉ額ﾆﾊ宿業ﾉ証が刻ﾐｺﾏﾚ6ﾃｲﾀ。0_6大ｷｻｺｿ小ｻｲﾓﾉﾉ、@6ﾊｯｷﾘｿﾚﾄ分ｶﾙゾリアスﾉ6角が。0_4$","She brushed back her hair, revealing the mark of her fate: small, but unmistakable Zolius horns."
s_001018,Alshark (System disk).hdm,0x07E3D8,"母ﾉ名ﾊ、ファラ。@私ｦ惑星マｰズﾉ片田舎ﾉ病院で産ﾐ落ﾄｼ、死ﾝだ。0_4$","My mother, Fara, died when I was born. In some backwater Mars hospital."
s_001019,Alshark (System disk).hdm,0x07E456,"政府運営ﾉ孤児院ﾆ入ﾚﾗﾚﾀ私ﾊ、様々ﾅ生命維持装置ｦﾂｹﾗﾚﾃ、ｶﾛｳじﾃ生ｷﾃｲﾀ。0_4$","[UNTRANSLATED]"
s_001020,Alshark (System disk).hdm,0x07E4D8,"私が、１６才ﾉ誕生日ｦ迎ｴﾀ日軍ﾉ研究所ﾆ連ﾚﾃｲｷ、体ｦ@改造ｼﾀﾉだ。@女ミュｰタント戦士ﾄｼﾃﾅ。0_4$","On my 16th birthday, the army took me. They experimented on me, made me a mutant warrior."
s_001021,Alshark (System disk).hdm,0x07E57D,"ゾリアス人ｯﾃﾉﾊ、ﾓﾄﾓﾄが王政ﾉ種族でﾈ。@蟻ﾔ蜂ﾉﾖｳﾆ、王族ﾉ血ｯﾃ@ｲｳﾉがｱﾙﾉｻ。0_4$","The Zolius are like a hive. A monarchy, ruled by a single royal bloodline."
s_001022,Alshark (System disk).hdm,0x07E5CA,"血脈ｦ引ｸ者ﾊ、ｱﾙ特殊ﾅ精神波ｦ使ｳｺﾄがでｷﾙﾝだ。ｿｼﾃ、ｿﾉ精神力ﾓ半端じｬｱﾅｲ。0_4$","[UNTRANSLATED]"
s_001023,Alshark (System disk).hdm,0x07E63F,"普通ﾉゾリアス人が受ｹﾙﾄ、ｿﾉ命令ﾆｲﾔがｵｳでﾓ従ﾜｻﾚﾁﾏｳﾝだ。0_4$","[UNTRANSLATED]"
s_001024,Alshark (System disk).hdm,0x07E6E5,"上げﾃｸﾙﾓﾉ6ｦ必死ﾆｺﾗｴ、ｺｺﾏで一気ﾆ6ｼｬべｯﾀ。0@6ｿｼﾃ、最後ﾉ言葉ｦ吐ｷ捨ﾃﾙ6ﾖｳﾆﾂぶﾔｲﾀ。0_4$","Holding back bile, she spoke in a rush. Then, she spat out her final words."
s_001025,Alshark (System disk).hdm,0x07E73A,"が、私ﾉ致命的ﾅ弱点ﾅﾉだ0私ﾊ、ゾリアス帝国ﾉ王族ﾆ対ｼ戦ｲｦ挑ﾑｺﾄがでｷﾅｲﾉだ。0_6$","But that's my fatal flaw... I'm powerless against the Zolius royal family."
s_001026,Alshark (System disk).hdm,0x07E785,"達ﾊ、愕然ﾄｼﾀ。0_6ゾリアス帝国ﾆ立ﾁ向ｶｳ数少ﾅ6ｲ味方ﾉ、ｼｶﾓ最ﾓ頼ﾘﾆｼﾃ6ｲﾀﾊずﾉ$","We were floored. Our strongest ally against the Zolius Empire..."
s_001027,Alshark (System disk).hdm,0x07E841,"奥ﾉ機械ｶﾗ発信ｻﾚﾃｲﾀ精神波が、ゾリアスﾉ王族ﾉ特殊精神波ﾄ同じﾓﾉだｯﾀｶﾗﾅﾉｻ。0_4$","[UNTRANSLATED]"
s_001028,Alshark (System disk).hdm,0x07EB2E,"帝国星軍前線基地だｶ、何だｶ@知ﾗﾝが、惑星ポレダﾆ乗ﾘ込ﾑぞ！！","[UNTRANSLATED]"
s_001029,Alshark (System disk).hdm,0x07EC70,"秘力ﾉ奥義ｦ手ﾆｲﾚﾃ、一難@去ｯﾀﾄ思ｯﾀﾗ、次々ﾄ問題が生じﾃｸﾙﾅﾝﾃ‥‥。0_4$","It's always something! We solve one problem, and two more pop up."
s_001030,Alshark (System disk).hdm,0x07F0AC,"連邦軍ﾉステｰションﾆ殴ﾘ込ﾐﾅﾝﾃ、ﾅﾝだｶドキドキｽﾙﾜﾈ。0_4$","[UNTRANSLATED]"
s_001031,Alshark (System disk).hdm,0x07F14A,"アトライアｦ取ﾘ返ｼﾀﾗ、@本格的ﾆ宇宙でﾉ戦ｲﾉ準備ｦ@ｾﾝﾄｲｶﾝﾅ。","[UNTRANSLATED]"
s_001032,Alshark (System disk).hdm,0x07F187,"俺が、見張ﾘｦ殴ﾘ飛ばｽｶﾗ、ｿﾉ隙ﾆ、一気ﾆアトライアﾍ@乗ﾘ込ﾑﾝだ。0_4$","I'll deck the guard. That's your cue to make a break for the Atlia."
s_001033,Alshark (System disk).hdm,0x07F1CA,"で、完全ﾆ軍部ｦ敵ﾆﾏﾜｽｺﾄﾆﾅﾙﾝだｶﾗ、ﾓｳ、連邦ﾉステｰションﾊ使ｴﾅｲ。0_4$","[UNTRANSLATED]"
s_001034,Alshark (System disk).hdm,0x07F301,"ウュリア王国ｯﾃ、貴族制社会でｼｮ。@私ﾀﾁﾉｺﾄ相手ﾆｼﾃｸﾚﾙｶｼﾗ。","[UNTRANSLATED]"
s_001035,Alshark (System disk).hdm,0x07F399,"何ﾄｶｼﾃ、王国ﾉ上層階級ﾉ@連中ﾆ近づｶﾅｲﾄウュリアじｬ身動ｷがﾄﾚﾅｲぞ。","[UNTRANSLATED]"
s_001036,Alshark (System disk).hdm,0x07F403,"地下酒場ﾉ男が言ｯﾃﾀ話だが、ザｰテｯﾃ野郎ﾉ所ﾍ@行ｯﾃﾐﾅｲｶ？0_4$","A guy at the bar mentioned Zate. Let's go pay him a visit."
s_001037,Alshark (System disk).hdm,0x07F4B4,"宮殿ﾅﾝｶﾖﾘﾓ、@ウュルトリア見物ﾉ方が好ｷﾅﾝじｬｹどﾅｧ。0_4$","Seein' the sights of Ulyria beats this palace any day."
s_001038,Alshark (System disk).hdm,0x07F831,"惑星ヒュリスﾈｪ‥‥0@ﾓｳ迷ｳﾉﾊｲﾔだｶﾗ、@ハンドサテライトｦﾀｯｸｻﾝ@買ｯﾃｷﾏｼｮｳﾈ。","Planet Hyulis... I don't want to get lost. Let's buy lots of Hand Satellites."
s_001039,Alshark (System disk).hdm,0x07F91F,"ラミュｰﾉ最後ﾉ消息が、@惑星ヒュリスﾆ向ｶｯﾀｺﾄだｹだﾅﾝﾃ、ﾏﾙで雲ｦﾂｶﾑﾖｳﾅ話だぜ。","[UNTRANSLATED]"
s_001040,Alshark (System disk).hdm,0x07FA2D,"マｰズ人ﾉ源流がどｳｼﾀｺｳｼﾀ何ﾃｺﾀｧ、ﾏﾙで意味がﾈｪﾝだ。俺達が今ｺﾉ瞬間ｦ生ｷﾃｲﾙｺﾄがｿﾉ証ｻ！0_4$","[UNTRANSLATED]"
s_001041,Alshark (System disk).hdm,0x080057,"ミュントス人ｦドゥムナが迫害ｼﾀｯﾃ教ｴﾗﾚﾃｷﾀﾉﾊ、全ﾃ嘘だｯﾀﾉﾈ。0_4$","[UNTRANSLATED]"
s_001042,Alshark (System disk).hdm,0x0800D1,"惑星ステアﾆミュントス人ﾉ村ｦ訪ﾈﾙｺﾄﾆﾅﾙﾄﾊ@思ﾜﾅﾝだﾅ。","[UNTRANSLATED]"
s_001043,Alshark (System disk).hdm,0x080558,"今度ﾓ、ウェルダｻﾝﾔジョｰ@ｵじ様ﾊ、試練ﾆ入ｯﾃｲｸｺﾄがでｷﾅｲﾉｶｼﾗ。0_4$","So Werda and Scrap Joe can't enter the trial this time, either?"
s_001044,Alshark (System disk).hdm,0x080888,"ごﾒﾝﾅｻｲ。@最近、ウェルダｻﾝｯﾃ、ｼｬべﾘｶﾀが、ｵじ様ﾆ似ﾃｷﾀｶﾅｯﾃ・・・0_4$","Sorry... It's just, Werda is starting to sound an awful lot like Joe."
s_001045,Alshark (System disk).hdm,0x080957,"ドゥムナでﾓ、マｰズ人がﾏだ生ｷﾃｲﾙﾜｹﾅｲｼ、ｿﾉメッセｰジがどｺｶﾆ残ｻﾚﾃｲﾙﾉﾖ。","[UNTRANSLATED]"
s_001046,Alshark (System disk).hdm,0x080AF0,"遺志ｦ継ぐ者ﾆ選ばﾚﾀ以上、ｱﾅﾀﾆﾊ、相当ﾅ覚悟が必要ﾆﾅｯﾃｸﾙﾜﾖ。","[UNTRANSLATED]"
s_001047,Alshark (System disk).hdm,0x080B9B,"バｰツｯﾃ男ﾊ、昔、俺が@メカニックﾉ修行ｦｼﾃｲﾀ頃ﾉ仲間でﾅｧ。0_4$","Barts and I go way back. We trained as mechanics together."
s_001048,Alshark (System disk).hdm,0x080C4D,"ラミュｰ・コセｯﾃ、ドゥムナﾉ弟子だｯﾀウュリア人でｼｮ？0_4$","[UNTRANSLATED]"
s_001049,Alshark (System disk).hdm,0x080C85,"ウュリア人ﾉ寿命が、ｲｸﾗ長ｲｯﾃｲｯﾃﾓ、１５０歳ぐﾗｲ@ﾏでｼｶ生ｷﾗﾚﾅｲﾊずだｼ。0_4$","They say Ulyrians live long, but even they only make it to about 150."
s_001050,Alshark (System disk).hdm,0x080D18,"秘力ﾉ奥義ｦ伝ｴﾙ役目ｦ背負ｯﾃｲﾀぐﾗｲﾉ人だﾓﾉ。ｷｯﾄ何ｶ手がｶﾘﾊ残ｼﾃｱﾙﾊずﾖ。0_4$","[UNTRANSLATED]"
s_001051,Alshark (System disk).hdm,0x080D95,"でﾓ、ウュリアﾊ、ゾリアスﾄ@交戦状態ﾆ入ｯﾃｲﾃ、マｰズ@ｶﾗﾉ星間バスﾊでﾃｲﾅｲﾜ。0_4$","But Ulyria's at war with the Zolius Empire, so no starliners from Mars."
s_001052,Alshark (System disk).hdm,0x080E0D,"でﾓ、ラミュｰ・コセﾉｺﾄｦ@探ﾙﾀﾒﾆﾊ、どﾝﾅ方法ｦ@使ｯﾃでﾓ、ウュリア王国ﾆ行ｸｼｶﾅｲﾜ。0_6$","Still, we have to get to the Ulyria Kingdom to find Eele-Kose. By any means."
s_001053,Alshark (System disk).hdm,0x080EE3,"アトライアだﾖ。@ア・ト・ラ・イ・ア！！@盗ﾝじﾏｴば、簡単じｬﾅｲｶ。0_4$","The Atlia. A-T-L-I-A!! The easiest way is to just steal it!"
s_001054,Alshark (System disk).hdm,0x0810EB,"ずﾊ、惑星ザジルﾉサイバルﾉ町ﾆ乗ﾘ込ﾝで、シンジケｰトｦ叩ｷ潰ｽ！！","[UNTRANSLATED]"
s_001055,Alshark (System disk).hdm,0x0812A0,"馬鹿ｶ、ｵﾏｴﾊ！@ﾏだ、トｰミュｦﾌﾝじばﾙｯﾃ大仕事が残ｯﾃﾙだﾛｳが！0_4$","Are you nuts?! We've still got the huge job of capturing Tomyu!"
s_001056,Alshark (System disk).hdm,0x081322,"チッ、ﾄﾆｶｸ今日ﾉ所ﾊ、@ホテルで体調ｦ整ｴﾃ、明日ｶﾗ本格的ﾆ行動ｦｵｺｽぞ！","[UNTRANSLATED]"
s_001057,Alshark (System disk).hdm,0x0818CA,"どｳﾔﾗ、モンスタｰﾊエイブﾄ呼ばﾚﾄﾙﾖｳだﾅ。@数でﾃｺﾗﾚﾀﾗ、ｶﾅﾘ苦戦ｼｿｳだﾜｲ。0_4$","So they call these monsters 'Abe', eh? We're toast if they attack in a pack."
s_001058,Alshark (System disk).hdm,0x0819B7,"モンスタｰが、エイブｦ生ﾐ出ｼﾃﾀﾉﾈ。@ｺﾚで事件ﾊ解決ﾈ。","[UNTRANSLATED]"
s_001059,Alshark (System disk).hdm,0x0819EC,"得体ﾉｼﾚﾝモンスタｰが突然現ﾚﾙﾜｹがﾅｲ。@ｺﾘｬｱ、ﾏﾀゾリアスが、ｶﾝどﾙﾄｼｶ思ｴﾝﾜｲ。","[UNTRANSLATED]"
s_001060,Alshark (System disk).hdm,0x081A98,"必ず惑星マｰズﾆｲﾙﾊずだ。@テスウィルで聞ｷ込ﾒば、ｷｯﾄ何ｶﾜｶﾙﾆ違ｲﾅｲ。","[UNTRANSLATED]"
s_001061,Alshark (System disk).hdm,0x081E91,"ドゥムナﾉ秘力ｦ手ﾆ入ﾚﾙﾄ@ｲｯﾃﾓ、３００年以上ﾓ昔ﾆ@死ﾝじﾏｯﾀ奴ﾉｺﾄﾅﾝｶ、@調べﾖｳがﾈｪじｬﾈｪｶ。0_4$","So we need We-Dumnah's power? The guy died 300 years ago! How're we gonna find it?"
s_001062,Alshark (System disk).hdm,0x081EEA,"ラシャ大陸ﾉベギｰﾉ町ﾆ、@ドゥムナﾉｺﾄﾆ詳ｼｲ歴史学者がｲﾙﾗｼｲﾜ。0_4$","I heard there's a historian in Beggy who knows about We-Dumnah."
s_001063,Alshark (System disk).hdm,0x0823A3,"ハマックﾉ町ﾉ南ﾆｱﾙダストｯﾃｲｳ排気処理場ﾆ住ﾝでﾙﾊず。","[UNTRANSLATED]"
s_001064,Alshark (System disk).hdm,0x082734,"今ﾊ、ドゥムナﾉ秘力ｦ手ﾆ入ﾚﾙｺﾄが先決ﾖ。@ｿﾚ以外ﾆ、ゾリアスﾉ侵攻ｦ@ｸｲ止ﾒﾙ術ﾊﾅｲﾜ。","[UNTRANSLATED]"
s_001065,Alshark (System disk).hdm,0x0830B9,"ナビゲｰタﾊ、私ﾆ任ｾﾃ！@0でﾓ、サブ・パイロットがカルじｬ、ｱﾅﾀがｼｯｶﾘｽﾙｼｶﾅｲﾜﾈ。0_がﾝばｯﾃﾈ、$","I'll handle navigation! But with Kal as your co-pilot, you'd better stay sharp!"
s_001066,Alshark (System disk).hdm,0x0831D6,"だﾅｧ、アトライアﾉ操縦法ﾅﾝﾃﾉﾊ、俺が直々ﾆ教ｴﾙﾏでﾓﾈｪ。0_子供ﾆでﾓ操縦でｷﾙﾓﾝだｶﾗ心配ｽﾙｺﾀｧﾈｪｯﾃ。","[UNTRANSLATED]"
s_001067,Alshark (System disk).hdm,0x083248,"今日ｶﾗ君がアトライアﾉパイロット。@カルﾓ頑張ﾙ。","[UNTRANSLATED]"
s_001068,Alshark (System disk).hdm,0x083286,"不安ﾓ分ｶﾗﾅｲじｬﾈｪがﾅ。0_俺ﾉご機嫌ﾄｯﾃﾙ暇がｱｯﾀﾗｵ嬢ﾁｬﾝﾉ様子でﾓ見ﾆ行ｯﾃﾔｯﾀﾎｳがｲｲﾝじｬﾈｪｶ？0_ｵﾒｪﾉ何倍ﾓ苦ｼﾝでﾙﾊずだぜ。","[UNTRANSLATED]"
s_001069,Alshark (System disk).hdm,0x083411,"最近、ﾔｯﾄアトライアﾉ機能ｦ理解でｷﾙﾖｳﾆﾅｯﾃｷﾀｹどﾎﾝﾄﾆｽごｲ艦ﾈ。0_4$","[UNTRANSLATED]"
s_001070,Alshark (System disk).hdm,0x083469,"ウュリア周辺でﾊ、ゾリアス艦が出現ｽﾙｶﾗ、ｱﾙ程度、武装ｦ強化ｼﾄｸﾝだぞ！","[UNTRANSLATED]"
s_001071,Alshark (System disk).hdm,0x0834AE,"びびｯﾃﾔがﾝだﾖ！@ﾏずﾊ、Ｗ５０５星系ﾉ@ウュルトリアﾍ行ｯﾃﾐﾙｼｶ@ﾈｪだﾛｳが！","He's chicken! First, let's head for Wurtria in the W505 system!"
s_001072,Alshark (System disk).hdm,0x083526,"敵艦ﾆ突撃ｶﾏｽﾅﾗ、粒子砲ﾉﾖｳﾅ接近戦用ﾉサブアｰムｦ@装備ｼﾄｹﾖ！","[UNTRANSLATED]"
s_001073,Alshark (System disk).hdm,0x0835C2,"ラミュｰが惑星ティルスﾆ行ｯﾀﾉｦ何年前だﾄ思ｯﾃﾙﾝだ！0見ﾂｶﾙﾜｹﾈｪだﾛｳが！","[UNTRANSLATED]"
s_001074,Alshark (System disk).hdm,0x083636,"ドッグが使ｴｻｴｽﾘｬｱ、@アトライアﾉ整備ﾓﾊｶどﾙ@ﾝじｬがﾅｧ。","[UNTRANSLATED]"
s_001075,Alshark (System disk).hdm,0x083851,"分析が完了ｼだｲ、@惑星バイデンﾆ攻ﾒ込ﾑぞ！","[UNTRANSLATED]"
s_001076,Alshark (System disk).hdm,0x083A25,"ずﾊ、ブラッジだ。@ｺｲﾂﾊ、強力ﾅ新型エンジンだぜ。0_4$","First up, the Bradge. It's a powerful new engine."
s_001077,Alshark (System disk).hdm,0x083A9D,"次が、ゲブレス砲だ。@ラッセルガイヤｰﾉ装甲ｦ打ﾁ@抜ｹﾙﾖｳ改良ｦ加ｴﾃｱﾙ。0_4$","Next, the Gebles Cannon. It'll punch right through the Russelgaia's armor."
s_001078,Alshark (System disk).hdm,0x0877B9,"兵士ﾉ言葉が終ﾜﾙ6前ﾆ行動ｦ起ｺｼﾃｲﾀ。@6兵士ﾊ、痛ﾐｦ感じﾙ間ﾓﾅｸ@6通路ﾆ横ﾀﾜﾘ、蛋`","He acted before the soldier could speak. The man hit the floor, feeling no pain."
s_001079,Alshark (System disk).hdm,0x051D88,"じ様！！死ﾝじｬだﾒ！@ｱｱ、ｵ父様・・・ﾅぜ、ｺﾝﾅ・・・。0_4$","Father! Don't leave me! Oh, why... why did this happen?"
s_001080,Alshark (System disk).hdm,0x0522FF,"無法者5情報屋ﾅﾗ、地下酒場ﾆ行ｹば@見ﾂｶﾙﾝじｬﾈｪﾉｶ。","[UNTRANSLATED]"
s_001081,Alshark (System disk).hdm,0x052588,"婆ｻﾝ5戦ｲﾆ情ｹﾊ無用じｬ。@非情ﾆﾅﾗﾈば、貴様が死ﾇｺﾄﾆﾅﾙぞﾖ。","[UNTRANSLATED]"
s_001082,Alshark (System disk).hdm,0x0530CA,"私、ﾅﾝﾃ言ｯﾃｲｲﾉｶ。0@でﾓ、私ﾉｵ父様ｦ恨ﾏﾅｲで。ｺﾚﾆﾊ何ｶｷｯﾄ訳が・・・。0_4$","Please, don't hate my father! I know there's a reason for all this..."
s_001083,Alshark (System disk).hdm,0x053291,"サイボｰグ5ﾅｧﾆ、珍ｼｿｳﾆ見ﾃﾔがﾙ。今時、サイボｰグｦ見ﾀｺﾄﾈｪﾉｶ？！","[UNTRANSLATED]"
s_001084,Alshark (System disk).hdm,0x05442C,"ウュリアﾉ女5彼がチケットｦ買ｯﾃｸﾚﾙﾄ信じﾃﾙﾜ。","[UNTRANSLATED]"
s_001085,Alshark (System disk).hdm,0x054924,"じｬｱ、紹介ｼﾖｳ。@俺ﾉｶﾜｲｲ息子、@スクラップⅡ世号だ。0_4$","Allow me to introduce my pride and joy: Scrap the 2nd!"
s_001086,Alshark (System disk).hdm,0x054CB3,"ジョｰｵじｻﾝ！@ｱﾚﾊ、父ｻﾝ達ｦ殺ｼﾀゾリアス兵達ﾉ船だ。0_4$","Uncle Joe! That Zolius ship... they killed my father!"
s_001087,Alshark (System disk).hdm,0x055F08,"ず、私ﾉ船ﾆ乗ｯﾃﾓﾗｵｳｶ。司令部ﾆ連絡ｦｲﾚﾄｲﾀｶﾗ、救助隊ﾓｶｹﾂｹﾃｸﾙﾄﾊ思ｳがﾅ。0?I","Come aboard my ship. I've contacted command; a rescue team is en route."
s_001088,Alshark (System disk).hdm,0x056741,"ベック・ゴｰギャンｯﾃﾉﾊ、@ｱﾝﾀｶ？@ﾓｼｿｳﾅﾗ、頼ﾐがｱﾙ。0_6男ﾊ、正面ﾆ立ｯﾀ$","You Beck Gaugain? If you are, I've got a favor to ask."
s_001089,Alshark (System disk).hdm,0x057C6E,"客様ﾉﾖｳﾅ方がｲﾗｯｼｬﾙﾓﾉでｽｶﾗ、当ホテルﾊ、完全ﾅ前金制ﾆﾅｯﾃｵﾘﾏｽ。","[UNTRANSLATED]"
s_001090,Alshark (System disk).hdm,0x05AD47,"俺ﾉ３人ﾊ、ｵﾒｪｻﾝが生ﾏﾚﾃｸﾙず～ｯﾄ以前ｶﾗ、親友同士だｯﾀﾝだぜ。0_4$","[UNTRANSLATED]"
s_001091,Alshark (System disk).hdm,0x05B240,"観光ﾆｷﾃｺﾝﾅがｯｶﾘｼﾀｺﾄﾊﾅｲﾖ。ｺﾉ惑星ﾉ連中ﾄｷﾀﾗ、ﾐﾝﾅ、薬、薬ｯﾃﾅﾆ考ｴﾃﾝだｶ・・・","[UNTRANSLATED]"
s_001092,Alshark (System disk).hdm,0x05C5A7,"兵士5ｺｺﾊ、ステｰションﾉコントロｰル室だ。","[UNTRANSLATED]"
s_001093,Alshark (System disk).hdm,0x05F133,"星間バスｦご利用ﾉ際ﾊ、@出発ゲｰトﾍどｳぞ。","[UNTRANSLATED]"
s_001094,Alshark (System disk).hdm,0x05F195,"ばｻﾝ5惑星ステアﾆ行ｸﾅﾗ、星間バスが便利ﾖ。","[UNTRANSLATED]"
s_001095,Alshark (System disk).hdm,0x05FB33,"ミュントス人ﾉ女5私ﾓｵ金ｦﾀﾒﾃ、惑星マｰズﾍｲｯﾃﾐﾀｲﾓﾉでｽ。","[UNTRANSLATED]"
s_001096,Alshark (System disk).hdm,0x060D1D,"達ﾊ、カｰマｦ打ﾁ倒ｼﾀ6ｶﾆ見ｴﾀ。0_6ｼｶｼ、ドゥムナﾉ宝珠ﾉ加護ﾉ6ﾅｲ$","It seemed Karma was beaten. But without We-Dumnah's Orb..."
s_001097,Alshark (System disk).hdm,0x062D9A,"だが、次ﾆ会ｳﾄｷﾊ、有無ｦ@言ﾜｻず、ｵﾏｴﾉ仲間ﾀﾁｦ@殺ｼﾃﾔﾙｶﾗﾅ！0_6ﾊﾀｼﾃ、ｿﾉ声ﾊ、走ﾘ去ﾙ@6$","Mark my words! The next time we meet, I'll kill every last one of your friends"
s_001098,Alshark (System disk).hdm,0x063938,"首都テスウィルﾆ行ｹば、ﾓｯﾄｲｲ武器が手ﾆﾊｲﾙﾄ思ｲﾏｽﾖ。","[UNTRANSLATED]"
s_001099,Alshark (System disk).hdm,0x063A1A,"ビｰスト・バイデンｦ知ﾗﾇﾄﾊ、ﾔﾊﾘ虫ｹﾗﾆ過ぎﾇ者どﾓﾖﾉｫ。0_4$","[UNTRANSLATED]"
s_001100,Alshark (System disk).hdm,0x065A3E,"得体ﾉ知ﾚﾅｲ機械が、低ｲ稼動6音ｦ響ｶｾﾅがﾗ、動ｷ続ｹﾃｲ6ﾙ。0_4$","The strange machine continues its low, rhythmic hum."
s_001101,Alshark (System disk).hdm,0x06612B,"俺ﾉ考ｴじｬ、文明ﾉｲｲﾄｺﾛﾊ、積極的ﾆ取ﾘ入ﾚﾙべｷだﾄ思ｳﾝだ。","[UNTRANSLATED]"
s_001102,Alshark (System disk).hdm,0x066D23,"今日ｶﾗ、カルﾓ共ﾆ戦ｳぞ。@ﾜｼが、腕ﾆﾖﾘｦｶｹﾃ、@パワｰアップｼﾃﾔｯﾀｶﾗﾉｫ0_4$","Kal's joining the fight! I souped him up myself, you know."
s_001103,Alshark (System disk).hdm,0x06739A,"でﾊ、ヤｰクｰﾄコルレルﾉ試練ｦ抜ｹﾃｷﾀ方だｹ、ｺﾁﾗﾍ@どｳぞ。0?C","Passed the trials of Yaku and Korureru? This way."
s_001104,Alshark (System disk).hdm,0x0697AF,"ダブルでｼﾀﾗ、ﾕｯｸﾘﾄ@ｵ休ﾐでｷﾏｽﾖ。@宿泊料ﾊ、１５０クレジットﾄ@ﾅｯﾃｵﾘﾏｽ。","A double room will let you rest easy. That'll be 150 CREDIT."
s_001105,Alshark (System disk).hdm,0x069D37,"良ｶﾛｳ。@命だｹﾊ、助ｹﾃﾔﾙ。@だが、降伏ｽﾙﾅﾗば、ﾏずﾊ@武器ｦ捨ﾃﾙｺﾄだ。0_6$","Fine. I'll let you live. But if you surrender, drop your weapons first."
s_001106,Alshark (System disk).hdm,0x06C4FB,"私ﾊ、今年で１３０歳ﾆﾅﾘﾏｽが、長生ｷﾊｼﾀｲﾓﾉで‥‥0#P","[UNTRANSLATED]"
s_001107,Alshark (System disk).hdm,0x06C85D,"私ﾓ一度でｲｲｶﾗ、王宮ﾉ庭園で、ﾉﾝびﾘﾄ日向ぼｯｺでﾓ@ｼﾃﾐﾀｲﾖ。","[UNTRANSLATED]"
s_001108,Alshark (System disk).hdm,0x06C949,"レイスピアｦ装備ｼﾀ女兵士ﾊ、ﾅｶﾅｶ強ｲﾄ評判だ。","[UNTRANSLATED]"
s_001109,Alshark (System disk).hdm,0x06D615,"自分一人ﾉ力でﾊどｳﾆﾓﾅﾗﾝｺﾄﾓ、力ｦ合ﾜｾﾚば必ず道ﾊ開ｶﾚﾙ。","[UNTRANSLATED]"
s_001110,Alshark (System disk).hdm,0x06E283,"達ﾉ方ﾍ振ﾘ6ｶｴｯﾀ。0_4$
5ﾄｲｳｺﾄだ。@ｵﾏｴ達ﾆﾊ、ザｰテｦ捕ﾗｴﾃｷﾃﾓﾗｵｳ。0_4$
5ｻﾃ、人質ﾆ残ｯﾃﾓﾗｳ者だが‥‥0_4$","So, here's the plan. You bring me Zate. And to ensure you do... I'll be keeping one of you."
s_001111,Alshark (System disk).hdm,0x06E596,"でﾊ、初代国王ラミュｰ・コセﾆﾂｲﾃ、知ｯﾃｵﾗﾚﾙｺﾄｦ@教ｴﾃ頂ｷﾀｲ。0_4$","Tell me what you know of the first king, Ramuh Kose."
s_001112,Alshark (System disk).hdm,0x06F330,"確ｶﾆ、正義ｦ主張ｽﾙラルアﾆﾄｯﾃ、ｺﾉ話ﾊ耳が痛ｲｶﾓｼﾚﾝ。@じｬが‥‥0_4$","For a champion of justice like Larua, this truth may sting. But..."
s_001113,Alshark (System disk).hdm,0x06FBC5,"ゾリアスｦ打ﾁ倒ｽﾓ、カｰマｦ滅ぼｽﾓ、今ﾔ彼ﾉ意志ﾉﾏﾏ。0_4$","[UNTRANSLATED]"
s_001114,Alshark (System disk).hdm,0x0708B9,"ウュリアﾉ娘5湖ｦ渡ﾚば、ヒルジャﾉ町がｱﾘﾏｽ。","[UNTRANSLATED]"
s_001115,Alshark (System disk).hdm,0x071D3F,"ベック参謀だｯﾀﾗ、@墓参ﾘｽﾙﾄｶで、惑星マｰズﾆﾑｶｯﾀぜ。","[UNTRANSLATED]"
s_001116,Alshark (System disk).hdm,0x074742,"達ｦ‥‥ｱﾉ‥忌々ｼｲサリバンﾆ‥‥殺ﾗｾﾙ‥ｺﾄﾆ‥ﾅﾙﾄﾊ‥‥0@口惜ｼｲぞ‥‥‥。0_4ビｰスト・$","To be forced to let... that damned Sullivan... have the honor of killing you... Argh..."
s_001117,Alshark (System disk).hdm,0x075240,"ウュリアﾉ男5ｺﾗ、勝手ﾆ人ﾝﾁﾆ上がﾘ込ﾝで来ﾙﾝじｬﾅｲ！！","[UNTRANSLATED]"
s_001118,Alshark (System disk).hdm,0x07550E,"ヒルジャホテル5でﾊ、ｵ部屋ﾉ方ﾆご案内ｲﾀｼﾏｽ。0?C","Welcome to the Hiruja Hotel. Right this way."
s_001119,Alshark (System disk).hdm,0x075D0A,"手ｦﾂｹﾙﾉﾊアトライアﾆ戻ｯﾃｶﾗだﾅ。0_3ザイザｰ原石6ｦ手ﾆｲﾚﾀ。0_4$","Let's work on this back on the Atlia. Got 6 Zaiser Ore."
s_001120,Alshark (System disk).hdm,0x078217,"舞台ﾉ上でﾊ、ダンサｰが派手ﾅ6振ﾘ付ｹで踊ｯﾃｲﾙ。0_4$","A dancer's flashy moves light up the stage."
s_001121,Alshark (System disk).hdm,0x07C1A3,"キｰがｱﾚば、ｷｯﾄ超重力シｰルドﾉ照射ｦ止ﾒﾙｺﾄが@でｷﾙﾉﾖ。0_4$","With the key, we can shut down the gravity shield!"
s_001122,Alshark (System disk).hdm,0x07C267,"俺ﾉ計算じｬｱ、ｿﾛｿﾛ@ラッセルガイヤｰが動ｷ出ｽ。0_4$","By my count, the Russelgaia's about to move."
s_001123,Alshark (System disk).hdm,0x07C3D0,"物が存在ｽﾙｶ@どｳｶﾜｶﾗﾈｪが、今ﾉ状態@じｬｱどｳｼﾖｳﾓﾈｪﾝだｶﾗ探ｼﾃﾐﾙｼｶﾅｲだﾛｳﾅ。","[UNTRANSLATED]"
s_001124,Alshark (System disk).hdm,0x07C41A,"カル、惑星サｰタリアで、@ザイザｰ鉱ｦ手ﾆｲﾚﾙ！！","[UNTRANSLATED]"
s_001125,Alshark (System disk).hdm,0x07CB16,"惑星ビェザﾏでﾓｳ少ｼだ。@ｺｺが、辛抱ﾉｼどｺﾛだぞ！！","[UNTRANSLATED]"
s_001126,Alshark (System disk).hdm,0x07E055,"親父ﾊ、カｰマﾆ@乗ｯ取ﾗﾚﾁﾏｯﾃﾙﾝだ。@ｱﾉ時だｯﾃ、娘ﾉｵﾏｴﾏで@殺ｿｳﾄｼﾀﾝだぞ！0_4$","That's not your father, it's Jagma! He tried to kill you!"
s_001127,Alshark (System disk).hdm,0x07E419,"私ﾊ、奇形児ﾄｼﾃ生ﾏﾚ、@ﾎﾄﾝど生ｷﾃｲﾙﾉが不思議ﾅ状態だｯﾀﾗｼｲ。0_4$","I was born a mutant. It was a miracle I even survived."
s_001128,Alshark (System disk).hdm,0x07E542,"だが、連邦ﾆﾓ誤算がｱｯﾀ。@ｿﾚが、ゾリアスﾉ血ｯﾃﾔﾂだｯﾀﾉｻ。0_4$","But the Federation made one fatal error: our Zolius blood."
s_001129,Alshark (System disk).hdm,0x07E67A,"反抗ｽﾙｺﾄﾊ、言葉でﾊ言ｲ@表ｽｺﾄがでｷﾅｲﾖｳﾅ苦ｼﾐが自分ﾆ返ｯﾃｸﾙｺﾄﾆﾅﾙ。0_4$","Resist, and you will suffer in ways you cannot imagine."
s_001130,Alshark (System disk).hdm,0x07F343,"どｳｼﾀﾓﾝｶﾉｫ。@王国ﾉ首都ウュルトリア見物ﾄ@でﾓｼｬﾚｺﾑｶ。0_4$","Now what... Might as well go sightseeing in the capital."
s_001131,Alshark (System disk).hdm,0x080095,"ドゥムナﾉ名前ｦ利用ｽﾙｺﾄでマｰズﾉ世論ｦ動ｶｼﾃｲﾀｯﾃﾜｹｶ。","[UNTRANSLATED]"
s_001132,Alshark (System disk).hdm,0x080A1C,"惑星ジュｰクﾉ極点ﾆ行ｸﾄﾅﾙﾄ、一筋縄でﾊ行ｷｿｳﾆﾅｲぞｺﾘｬｱ。0_4$","[UNTRANSLATED]"
s_001133,Alshark (System disk).hdm,0x0815C9,"行ｸぞ！@惑星ザジルﾉ軍事ステｰションﾍ","[UNTRANSLATED]"
s_001134,Alshark (System disk).hdm,0x081896,"鉱山ｶﾗモンスタｰがﾜｷ出ｼﾀｯﾃ、大騒ぎｼﾃﾙﾜ。@ｶﾜｲｿｳ・・・","[UNTRANSLATED]"
s_001135,Alshark (System disk).hdm,0x082506,"ず、ハマックﾉ町ﾍでﾃルシアﾉ足どﾘでﾓｻぐｯﾃﾐﾙｶﾉｫ。0_4$","[UNTRANSLATED]"
s_001136,Alshark (System disk).hdm,0x051255,"遊びﾆ行ｸﾉﾊｲｲｹど隕石ｦ見ﾆ行ｸﾉだｹﾊ、絶対ﾆダメﾖ！","[UNTRANSLATED]"
s_001137,Alshark (System disk).hdm,0x0515A2,"心拍数、発汗量、ｲﾂﾓﾖﾘ、高ｲ。0@何ｶ、企ﾝでﾙ・・・？","[UNTRANSLATED]"
s_001138,Alshark (System disk).hdm,0x051B17,"どｺﾆ行ｯﾃﾀﾉ？！@カウンタｰﾉｵ姉ｻﾝが、カンカンだｯﾀﾜﾖ！","[UNTRANSLATED]"
s_001139,Alshark (System disk).hdm,0x051F5D,"サバイバルナイフ#P","[UNTRANSLATED]"
s_001140,Alshark (System disk).hdm,0x051F7F,"ハンドメディカル#P","[UNTRANSLATED]"
s_001141,Alshark (System disk).hdm,0x052106,"婆ｻﾝ5ｵ金ﾓ大切ﾆﾊ違ｲﾅｲｹどﾈｪスクラップｦ馬鹿ﾆｼﾁｬｱｲｶﾝﾖ。","[UNTRANSLATED]"
s_001142,Alshark (System disk).hdm,0x0532D6,"情報屋ｦ捜ｼﾃﾝﾅﾗ、テｰブルで酒ｦ飲ﾝでﾙ女ﾆ聞ｲﾃﾐﾅ。","[UNTRANSLATED]"
s_001143,Alshark (System disk).hdm,0x05333A,"ウュリア人5マｰズ人ﾉ女ﾅど、どｺﾆでﾓｲﾙじｬﾅｲｶ。","[UNTRANSLATED]"
s_001144,Alshark (System disk).hdm,0x053452,"惑星ホムで酒ｦ飲ﾑﾅﾗ、ｺﾉ地下酒場ﾆ限ﾙぜ。","[UNTRANSLATED]"
s_001145,Alshark (System disk).hdm,0x054458,"若者5ﾔﾊﾘ、自分ﾉ船ｦ手ﾆｲﾚﾅｲﾄ、自由ﾆ宇宙ｦ旅ｽﾙ事ﾊでｷﾅｲﾅ。","[UNTRANSLATED]"
s_001146,Alshark (System disk).hdm,0x054A1D,"どｲﾂﾓｺｲﾂﾓ！0_ｺﾉ俺ﾉﾂｹﾀ名前が気ﾆ入ﾗﾈｪｯﾃﾉｶｨ。@ｱｱ、分ｶｯﾀﾖ。@じｬｱ、好ｷﾅ名前ｦﾂｹﾃﾓﾗｵｳじｬﾈｪｶ！！0_4$","What, you don't like the name I gave her? Fine! I get it! You can name the blasted thing yourself"
s_001147,Alshark (System disk).hdm,0x0557D9,"数瞬後、エアロックｦ吹ｷ飛ばｼ6ﾃ、ｱｲﾂが入ｯﾃｷﾀ。0?I","He blasted through the airlock just moments later."
s_001148,Alshark (System disk).hdm,0x055AE6,"シャイナｦ人質ﾆﾄｯﾀゾリ#V","[UNTRANSLATED]"
s_001149,Alshark (System disk).hdm,0x0572C2,"兵士5民間ﾉ兵器開発技術ﾓ馬鹿ﾆﾊでｷﾅｲﾅ。","[UNTRANSLATED]"
s_001150,Alshark (System disk).hdm,0x0581BC,"ホｰ、ホッホッホッ。@ﾖｳｺｿ、要塞バルバスﾍ。0_4$","Hah hah hah! Welcome to Fortress Barbas."
s_001151,Alshark (System disk).hdm,0x0583E8,"達ﾉｿﾉﾂﾏﾗﾅｲ仲間意識ｦ吹ｷ飛ばｽﾖｳﾅ演出ｦ考ｴﾃｱげﾃｲﾀﾝだﾖ。0_4$","[UNTRANSLATED]"
s_001152,Alshark (System disk).hdm,0x0589A5,"バカﾅ‥‥ﾅぜ、私ﾉ精神波が効ｶﾅｲﾉだ！！0_6ｿﾚﾏで、苦ｼﾐﾆﾓがｲﾃｲﾀ6$","Impossible! He was in agony... Why don't my powers work?!"
s_001153,Alshark (System disk).hdm,0x05AC33,"父ｻﾝが‥‥‥父ｻﾝが、死ﾝじｬｯﾀﾝだ‥‥‥ｿﾚﾆ、母ｻﾝﾏで‥‥行方が分ｶﾗﾅｸﾃ。0_4$","[UNTRANSLATED]"
s_001154,Alshark (System disk).hdm,0x05C6C7,"司令官ﾉ個室でｽ。@何ｶご用ﾉ際ﾆﾊ、私ﾆｵ申ｼﾂｹｸだｻｲﾈ。","[UNTRANSLATED]"
s_001155,Alshark (System disk).hdm,0x05CCC1,"休暇中ﾊ、惑星マｰズﾆでﾓ行ｷﾀﾏｴ。@秘書ﾆ手配ｦｻｾﾃｵｲﾀ。","[UNTRANSLATED]"
s_001156,Alshark (System disk).hdm,0x05CFD5,"だ。ｿｺで生物が突然変異ｦ起ｺｼ、人ｦ襲ｳｺﾄがｱﾙｿｳ","is. It is said that these creatures sometimes mutate and attack humans."
s_001157,Alshark (System disk).hdm,0x05E202,"シンジケｰトﾉ連中ﾊ、汚ｲ手ｦ使ｳﾗｼｲでｽｶﾗ、気ｦﾂｹﾃｸだｻｲ。","[UNTRANSLATED]"
s_001158,Alshark (System disk).hdm,0x05E268,"キドゥンﾉ栽培園ﾅﾝﾃ、ｺｺｶﾗ監視ｼﾃｲﾙ限ﾘでﾊ、ｻｯぱﾘﾜｶﾗﾅｲﾝでｽ。","[UNTRANSLATED]"
s_001159,Alshark (System disk).hdm,0x05E58C,"新任ﾉ司令官がｷﾃ、ｺﾉステｰションﾓﾏﾄﾓﾆ機能ｽﾙﾖｳﾆﾅﾘﾏｼﾀ。","[UNTRANSLATED]"
s_001160,Alshark (System disk).hdm,0x05F8AB,"惑星ザジル行ｷﾉ星間バスﾆ乗ﾘ6込ﾝだ。0","[UNTRANSLATED]"
s_001161,Alshark (System disk).hdm,0x05F8D1,"惑星ステア行ｷﾉ星間バスﾆ乗ﾘ6込ﾝだ。0","[UNTRANSLATED]"
s_001162,Alshark (System disk).hdm,0x05F8F7,"惑星ジュｰク行ｷﾉ星間バスﾆ乗6ﾘ込ﾝだ。0","[UNTRANSLATED]"
s_001163,Alshark (System disk).hdm,0x060113,"若者5スクラップｦｵ金ﾆ替ｴｽぎﾙﾄｱﾄで困ﾙｶﾓ知ﾚﾅｲﾖ。","[UNTRANSLATED]"
s_001164,Alshark (System disk).hdm,0x060634,"で、モンスタｰどﾓﾓ増ｴﾙｺﾄﾊﾅｸﾅﾙだﾛｳｶﾗ、後ﾊ俺達が倒ｼﾃﾔﾙﾖ。","[UNTRANSLATED]"
s_001165,Alshark (System disk).hdm,0x061B50,"全ﾃｦ話ｿｳﾄｼﾃ、6思ｲﾄどﾏｯﾀ。@6マントﾉｺﾄﾊ、自分ﾉ胸ﾆだｹ6ｼﾏｯﾃｵｺｳﾄ考ｴﾀﾉでｱﾙ0_4$","He almost told them the truth, but stopped. The cloak's secret was his alone."
s_001166,Alshark (System disk).hdm,0x061DC3,"ザイザｰ鉱ｦ探ｼﾆ‥‥0私ﾓ昔ﾊ、ｿﾉ伝説ﾆ魅ｶﾚ、@ｺﾉ惑星ｦｻﾏﾖｯﾀﾓﾉだ。","[UNTRANSLATED]"
s_001167,Alshark (System disk).hdm,0x06241B,"日、ホムﾆ隕石が落ﾁﾃｷﾀｱﾉ日。私ﾊ、ｱﾙ使命ｦﾕだﾈﾗﾚﾀﾉでｽ。0_4$","[UNTRANSLATED]"
s_001168,Alshark (System disk).hdm,0x06281C,"母ｻﾝ、俺ﾊ信じﾙﾖ。@ｱﾉ時、マモンｵじｻﾝが、@ｵｶｼｸﾅｯﾃｼﾏｯﾀﾉﾓ、@ｷｯﾄ・・・0_4$","Mom, I believe it. And when Uncle Mamon snapped... it must have been..."
s_001169,Alshark (System disk).hdm,0x062CFA,"達ﾉ目ｦ@6貫ｷ、ｿﾉ物体が閃光弾でｱｯﾀ6ｺﾄｦ彼ﾗﾆ思ｲ知ﾗｾﾀ。0_6ｼｶｼ、$","A blinding flash seared their eyes--a flashbang!"
s_001170,Alshark (System disk).hdm,0x064675,"アイテムショップ5ｲﾗｯｼｬｲﾏｾ。@何が、必要でｽｶ？0?N","Welcome to the Item Shop! What'll it be?"
s_001171,Alshark (System disk).hdm,0x06518E,"ミュントスﾉ村だ。@文明人ﾆﾄｯﾃﾊ、何ﾓﾅｸﾃ@ﾂﾏﾗﾝﾄｺﾛだぞ。","[UNTRANSLATED]"
s_001172,Alshark (System disk).hdm,0x065A9D,"どｳﾓ地下熱ｦ利用ｼﾃ、半永久的ﾆ動ｷ続ｹﾙﾖｳﾆﾅｯﾃｲﾙﾖｳだﾅ。0_4$","[UNTRANSLATED]"
s_001173,Alshark (System disk).hdm,0x068619,"で、是非、余ﾆ力ｦ貸ｼﾃ@ﾓﾗｲﾀｲﾉだ。@でｷﾙｺﾄﾅﾗ、父イｰル王ｦ@討ｯﾃﾓﾗｴﾇｶ。0_4$","I require your aid. You must defeat my father, King Eele-Kose."
s_001174,Alshark (System disk).hdm,0x0692B1,"娘5ｺｺﾊ、惑星ジュｰク。@凍ﾃﾂｸ氷原が広がﾙ星ﾖ。","[UNTRANSLATED]"
s_001175,Alshark (System disk).hdm,0x069BF5,"達ﾊ、空気ﾉ焦げﾙ臭ｲが6ｼﾀﾖｳﾅ気がｼﾀ。0_6が、$
ﾊ、ｿﾚｻｴﾓ@6避ｹﾀ。0_6戦慄ｽﾙ$","The air sizzled... but he dodged it. His attacker was horrified."
s_001176,Alshark (System disk).hdm,0x069C6B,"待ﾃｨ！0_6２人ﾉ動ｷが止ﾏｯﾀ。@6$
ﾉレイソｰドﾊ、@6ｱﾄ数ミリで、$","Wait! They froze. His Raysword was a hair's breadth away."
s_001177,Alshark (System disk).hdm,0x06A614,"若者5ｸｯｿｰ！@ｾｯｶｸ、ｵ金ｦ貯ﾒﾃ買ｯﾀ@氷上車ｦロボットﾆ壊ｻﾚﾃ@ｼﾏｯﾀ。","Damn! A robot wrecked the ice-skimmer I saved up for!"
s_001178,Alshark (System disk).hdm,0x06A860,"ジョｰ、ジョｰ・コンプスンじｬﾅｲｶ！俺だﾖ！0_4$","[UNTRANSLATED]"
s_001179,Alshark (System disk).hdm,0x06AA8B,"じｬｱ、俺ﾊ帰ﾙﾖ。@俺ﾉ家ﾊ、ｺﾉ町ﾉ北西ﾉ角だｶﾗ、暇がｱｯﾀﾗ寄ｯﾃﾐﾃｸﾚ0?I","I'm heading home. I live in the NW corner of town. Drop by."
s_001180,Alshark (System disk).hdm,0x06B28E,"でﾓ最近ﾊ、帝国がばﾗﾏｲﾀ@殺ﾘｸ兵器ﾉｾｲで、ｳｶﾂﾆ@外ﾍ出ﾗﾚﾅｸﾅｯﾃｼﾏｲﾏｼﾀ。","[UNTRANSLATED]"
s_001181,Alshark (System disk).hdm,0x06B8E2,"司政官ﾉ任務ｦ代ﾜﾘﾆ果ﾀｼﾃｸﾚﾀﾗｼｲﾅ。0@だが、特別扱ｲﾊｼﾅｲｶﾗ、@ｿﾉﾂﾓﾘでｲﾛ。","I hear you filled in for the administrator. Don't expect a medal."
s_001182,Alshark (System disk).hdm,0x06C153,"安ｻが自慢ﾉ当ホテルﾆﾖｳｺｿ0#P","[UNTRANSLATED]"
s_001183,Alshark (System disk).hdm,0x06D4F9,"だ、貴様ﾗﾉ軟弱ﾅ装備ﾊ。ｿﾝﾅﾓﾉで、ゾリアスﾄ戦ｵｳﾄｲｳﾉｶ？","[UNTRANSLATED]"
s_001184,Alshark (System disk).hdm,0x06F2BC,"話ﾊ、ｲずﾚﾊ他ﾉ者ﾆﾓ分ｶﾙｺﾄ故、ｲﾏ話ｼﾃｵｸべｷｺﾄﾄ思ｳが‥‥@如何ｶﾉ？0_6ｲｯﾀｲ何ﾉｺﾄﾅﾉｶ、$","The truth will come out. I'll tell you now... (What is this about?)"
s_001185,Alshark (System disk).hdm,0x06F38D,"ば、マｰズ人ﾉ源流。@ｽﾅﾜﾁ、本来ﾉ母星ｦラルアﾄｲｳ。0_4$","The Martians' true origin... a planet called Ralua."
s_001186,Alshark (System disk).hdm,0x06F41F,"マｰズ人ﾄﾊﾅｧ、創ﾗﾚｼ者@ﾅﾉﾖ。@ラルアﾆﾖｯﾃﾅｧ。0_6ｺﾉ爺ｻﾝﾊ、ｲｯﾀｲ何ｦ@6ｼｬべｯﾃﾔがﾙﾝだ？@6$","The Martians were created... by Ralua. (What is this geezer on about?)"
s_001187,Alshark (System disk).hdm,0x06FDCC,"ウュリア人ﾆﾄｯﾃ、ｱｲﾂﾉ肝ﾊ、不老不死ﾉ秘薬でﾉｫ。","[UNTRANSLATED]"
s_001188,Alshark (System disk).hdm,0x07035D,"航宙艦ﾉ整備ｦｽﾙﾅﾗ、補給@ステｰションﾆ行ｸｼｶﾅｲﾅ。","[UNTRANSLATED]"
s_001189,Alshark (System disk).hdm,0x07058A,"ゾリアス帝国が、ｲﾂ攻ﾒﾃｸﾙｶｯﾃ、毎日、不安でｽ。","[UNTRANSLATED]"
s_001190,Alshark (System disk).hdm,0x070943,"誰だ？0_4$
5失礼ｼﾀ。@私ﾊ、ウュリア王ﾆ仕ｴﾙ者で、$","Who's there? ...Ah, forgive me. I serve Ulyria."
s_001191,Alshark (System disk).hdm,0x071138,"例ｴば、奴ﾗﾉ捨ﾃﾀゴミﾅﾝｶｶﾗでﾓ、ｲﾛﾝﾅ情報がｻぐﾚﾙﾓﾝﾅﾝだぜ。","[UNTRANSLATED]"
s_001192,Alshark (System disk).hdm,0x071453,"デュｰクﾉ知人でﾓ、@何ｶ問題ｵｺｼﾔがｯﾀﾗ、@ﾀだじｬｵｶﾈｪぞ。","[UNTRANSLATED]"
s_001193,Alshark (System disk).hdm,0x071F46,"頑張ｯﾃﾙﾗｼｲが、@要塞バルバスｦ落ﾄｽｺﾄﾊ、@ﾄｳﾃｲ無理だﾛｳﾅ。","[UNTRANSLATED]"
s_001194,Alshark (System disk).hdm,0x0724F0,"アトライアﾆ戻ｯﾃどｳｽﾙ！0@時間がﾅｲ！@急ぐﾝだ！！0?I","Forget the Atlia! We have no time! Go, go, go!"
s_001195,Alshark (System disk).hdm,0x0739A2,"ゾリアス帝国ﾉ秘密兵器6工場だｯﾀ。0_4$","A Zolius Empire secret weapon factory."
s_001196,Alshark (System disk).hdm,0x074B04,"ゾリアスﾉ男5帝国軍ﾆ刃向ｶｳﾄﾊ‥‥@恐ﾛｼｲ人ﾀﾁだ。","[UNTRANSLATED]"
s_001197,Alshark (System disk).hdm,0x07539C,"バｰテン5ﾖｸ、乗ﾘ物ｦ島ﾆ忘ﾚﾃ行ｸ人がｲﾙﾝで、気ｦﾂｹﾃｸだｻｲﾖ。","[UNTRANSLATED]"
s_001198,Alshark (System disk).hdm,0x07544A,"ウュリアﾉ女5ﾏｱ、女連ﾚでナンパｼﾖｳﾅﾝﾃ、ﾅﾝﾃ図々ｼｲﾝでｼｮ。","[UNTRANSLATED]"
s_001199,Alshark (System disk).hdm,0x0754A7,"ウュリアﾉ男5ｺﾉ惑星ﾉ伝説？！@ｿﾝﾅﾉ信じﾁｬｲﾈｪﾖ。@ばｶばｶｼｲ！","This planet's legend?! What a load of garbage"
s_001200,Alshark (System disk).hdm,0x0764CA,"私ﾆ‥‥何ｦｲｯﾃﾓ‥‥無駄ﾅｺﾄだ。@君達ﾊ‥‥ｺｺで‥私ﾄ‥一緒ﾆ死ﾇﾉ‥‥‥だｶﾗ‥‥‥0_4$","Say what you will... it's useless. You're all dying... right here... with me..."
s_001201,Alshark (System disk).hdm,0x076520,"宇宙ﾉ破滅ｦ目的ﾄｽﾙ異生命体、カｰマﾆ操ﾗﾚﾃｲﾙ！！0_4$","[UNTRANSLATED]"
s_001202,Alshark (System disk).hdm,0x07708B,"で、ザイザｰ鉱石ﾊ、どｺﾍﾔｯﾀｶ知ﾗﾅｲｶ？@ﾓｼ、格納庫ﾆｼﾏｯﾀﾝﾅﾗ、搬出ｼﾄｲﾃｸﾚ。","[UNTRANSLATED]"
s_001203,Alshark (System disk).hdm,0x07C111,"が、氷ﾉララウェルだ。@ｿﾚｺｿ、氷ﾉﾖｳﾆ粉々ﾆ粉砕ｼﾃﾔﾙぜ！","[UNTRANSLATED]"
s_001204,Alshark (System disk).hdm,0x07C20B,"俺達ﾉ今ﾉ装備じｬ、敵ﾉ主星ﾆ攻ﾒ込ﾑﾅﾝﾃﾉﾊ、夢ﾉﾏﾀ夢ｯﾃｺﾄﾖ。","[UNTRANSLATED]"
s_001205,Alshark (System disk).hdm,0x07C4C0,"ザイザｰ鉱石ｶ‥‥@本当ﾆｿﾝﾅ物がｺﾉ世ﾆ存在ｽﾙﾝだﾛｳｶ。","[UNTRANSLATED]"
s_001206,Alshark (System disk).hdm,0x07C518,"理由ﾊﾖｸﾜｶﾗﾝが、どｳﾓ@ｺﾉザイザｰ鉱ﾉ破片ﾆ反応ｼﾄﾙﾖｳじｬ。0_4$","Beats me why, but it's reacting to this Zaiser ore."
s_001207,Alshark (System disk).hdm,0x07C861,"が、ラッセルガイヤｰだ。ｱｯﾄｲｳ間ﾆ、撃沈ｼﾃﾔﾙぜ","[UNTRANSLATED]"
s_001208,Alshark (System disk).hdm,0x07D4FD,"一端、敵艦ﾆ踊ﾘ込ﾝだﾗ、目的ｦ果ﾀｽﾏでﾊ、戻ﾚ@ﾅｲぞ！","[UNTRANSLATED]"
s_001209,Alshark (System disk).hdm,0x07D5C8,"だが、ｿﾉチェックﾊ何重ﾆﾓ@ﾅｯﾃｲﾙﾊずだ。@慌ﾃﾙﾝじｬﾅｲぞ！","[UNTRANSLATED]"
s_001210,Alshark (System disk).hdm,0x07DAA4,"嬢ﾁｬﾝ、ｿﾘｬｱﾅｲだﾛ。ｺﾉ天才が造ｯﾀﾝだｶﾗ、@ｿﾘｬｱスゲエ船ﾅﾝだぜ。0_4$","What're you talkin' about? I'm a genius! This ship's a work of art!"
s_001211,Alshark (System disk).hdm,0x07EE1B,"だがﾅｧ、ｺﾚだｹﾊ心ﾆ命じﾃｵｹ。@ｵﾏｴﾊ、男ﾅﾝじｬｨ！@男ﾄｼﾃ恥じﾅｲ生ｷ方ｦｾｲ！0_4$","But remember this: You're a man now! So live a life you can be proud of!"
s_001212,Alshark (System disk).hdm,0x07F43D,"腕ｯぷｼﾅﾗ自信がｱﾙｼﾅ。@上層階級ﾆ近づｸﾆﾊﾁｮｳど@ｲｲｶﾓｼﾚﾅｲぜ。","[UNTRANSLATED]"
s_001213,Alshark (System disk).hdm,0x07F5F6,"面倒ﾅｺﾄﾆﾅｯﾃｷﾀﾜｨ。@じｬｶﾗ、ウュルトリア見物ｼﾃｲﾚば良ｶｯﾀﾓﾉｦ‥‥0_4$","What a mess... We should've just gone sightseeing in Ulyria."
s_001214,Alshark (System disk).hdm,0x07F7BE,"畜生ｯ、ｱﾉ$
ｯﾃ野郎。@今度、戦ｳ機会がｱｯﾀﾗ、@ぎｯﾀぎﾀﾆ叩ｷﾉﾒｼﾃﾔﾙ！","[UNTRANSLATED]"
s_001215,Alshark (System disk).hdm,0x07F974,"惑星ヒュリスで、@ラミュｰﾉ手がｶﾘｦ捜ｽﾉﾖ。","[UNTRANSLATED]"
s_001216,Alshark (System disk).hdm,0x07F9A1,"秘力ﾉ力ﾊ、ﾏだﾏだｺﾝﾅﾓﾉじｬﾅｲﾊずだ。@ｸｯｿｰ、自分が情ｹﾅｸﾅﾙぜ","[UNTRANSLATED]"
s_001217,Alshark (System disk).hdm,0x07FCEF,"手ﾆｲﾚﾀ秘力ﾉ奥義ｯﾃ‥‥‥カｰマｦ封じ込ﾝで殺ｼﾁｬｳ力‥‥ﾖﾈ。0_4$","[UNTRANSLATED]"
s_001218,Alshark (System disk).hdm,0x080526,"最後ﾉ試練ﾊ、@コルレルﾉ村ﾉ北、ミカｰﾉ村ﾆｱﾙﾉﾈ。0_4$","The last trial's in Miker, north of Korrel."
s_001219,Alshark (System disk).hdm,0x0806EE,"がｼｯｶﾘｼﾅｸﾃﾊ、@ゾリアス、ｲﾔカｰマﾉ侵攻ｦ@防ぐｺﾄﾊでｷﾝﾉじｬｶﾗﾅ！","[UNTRANSLATED]"
s_001220,Alshark (System disk).hdm,0x080816,"ハッ、ミュントスﾆﾓ遺跡ﾉｱﾙﾖｳﾅ文明がｱｯﾀﾄﾊﾅ。@ﾅｶﾅｶﾔﾙじｬﾈｪｶ。0_4$","Hah! So Myuntos had a real civilization here. Not half bad."
s_001221,Alshark (System disk).hdm,0x080914,"秘力ﾉ秘密ｦ守ﾙﾀﾒﾆドゥムナﾊ、ｿﾉ鍵ﾄﾅﾙﾓﾉｦ幾ﾂﾆﾓ分ｹﾃｵｲﾀﾆ違ｲﾅｲﾜ。0_4$","[UNTRANSLATED]"
s_001222,Alshark (System disk).hdm,0x080DE1,"畜生ﾒ！@アトライアｻｴ使ｳｺﾄがでｷﾀﾗ・・・0_4$","Damn it! If only we could use the Atlia..."
s_001223,Alshark (System disk).hdm,0x080F54,"私ﾊ、別ﾆ連邦ﾆ恩がｱﾙﾜｹでﾓﾅｲｼﾅ。@乗ﾘｶｶｯﾀ船だ。@勝手ﾆｽﾚばｲｲ。0_6$","I don't owe the Federation a thing. But I'm in. It's your call."
s_001224,Alshark (System disk).hdm,0x081865,"今でﾊ、鉱山ﾉ開発が進ﾐ、@全ﾃ民間運営ｻﾚﾃｲﾙﾗｼｲ。","[UNTRANSLATED]"
s_001225,Alshark (System disk).hdm,0x081F6E,"が、ティリュｰトだ。@俺ﾊ、絶対ﾆ、ｿﾝﾅｺﾄﾊ信じﾈｪぞ！","[UNTRANSLATED]"
s_001226,Alshark (System disk).hdm,0x0828B5,"だ。@父ｻﾝが・・・父ｻﾝが、死ﾝじﾏｳﾅﾝﾃ・・・","[UNTRANSLATED]"
s_001227,Alshark (System disk).hdm,0x083327,"だｯﾀﾗ、@通信技師ﾉライセンスでﾓ取ｯﾃｵｸﾝだｯﾀﾜ。","[UNTRANSLATED]"
s_001228,Alshark (System disk).hdm,0x08335A,"本格的ﾆ宇宙で戦闘@ｽﾙﾖｳﾆﾅｯﾀﾗ、ｺﾉ艦ﾓ@武装ｦ強化ｼﾅｲﾄﾅ。","[UNTRANSLATED]"
s_001229,Alshark (System disk).hdm,0x05108D,"達ﾄ一緒ﾆ、昨日落ﾁﾀ@隕石ﾉ調査ﾍ行ｸｺﾄﾆﾅｯﾃ@ｲﾙﾝだ。0_4$","We're going to check out yesterday's meteorite."
s_001230,Alshark (System disk).hdm,0x051519,"町ﾉ外ﾆ出ﾁｬｱﾅﾗﾝぞ。@荒ﾚ地ﾆﾊ、峡谷ｶﾗﾔｯﾃｷﾀ恐ﾛｼｲ虫達が、ｳﾛﾂｲﾄﾙｶﾗﾉ。","[UNTRANSLATED]"
s_001231,Alshark (System disk).hdm,0x051C3E,"だ？@どｳｼﾃｺﾝﾅ所ﾆギギﾉ死体がｱﾙﾝだ・・・？0_4$","Gigi's body... What's it doing here?"
s_001232,Alshark (System disk).hdm,0x0527C4,"ハマック・アｰミｰショップｦｵ忘ﾚﾅｸ！","[UNTRANSLATED]"
s_001233,Alshark (System disk).hdm,0x053C44,"村ﾉ連中ﾄｷﾀﾗ、@ｲﾂﾏでﾓ古ｲ慣習ﾆ縛ﾗﾚ@ﾔがｯﾃ。0_ｱﾝﾅ生活ﾔｯﾃﾗﾚﾙｶｯﾃ@ﾝだ！","These villagers are slaves to tradition. I've gotta get out of here!"
s_001234,Alshark (System disk).hdm,0x0542A0,"カウンタｰ嬢5申ｼ訳ｱﾘﾏｾﾝ。@ﾀだｲﾏ、ｺﾉ窓口ﾊ閉鎖ｼﾃｵﾘﾏｽ。","[UNTRANSLATED]"
s_001235,Alshark (System disk).hdm,0x054366,"若者5神様ｧ～！！@ｵ願ｲでｽ。チケットｦ買ﾜｾﾃｸだｻｲ。","[UNTRANSLATED]"
s_001236,Alshark (System disk).hdm,0x0543B7,"ウュリア人5ﾅﾝで、私が並ばﾅｹﾚばﾅﾗﾝﾉだ。","[UNTRANSLATED]"
s_001237,Alshark (System disk).hdm,0x054617,"カウンタｰ嬢5危険物ﾉ持ﾁ込ﾐﾊ、禁止ｻﾚﾃﾏｽﾉﾖ。","[UNTRANSLATED]"
s_001238,Alshark (System disk).hdm,0x055468,"パパﾊ、ｼばﾗｸｵﾏｴﾉ元ﾆﾊ帰ﾚﾅｸﾅｯﾃｼﾏｯﾀ。@大事ﾅ使命ｦ果ﾀｻﾅｸﾃﾊﾅﾗﾅｸﾅｯﾀﾉだ。0_私ﾉｲﾄｼｲ$","[UNTRANSLATED]"
s_001239,Alshark (System disk).hdm,0x0556B3,"殺ｼﾀﾝだﾄｼﾀﾗ・・・俺ﾊ・・・・絶対ﾆﾕﾙｾﾈｪ！！0_6$","[UNTRANSLATED]"
s_001240,Alshark (System disk).hdm,0x055B1C,"シャイナ5ｷｬｯ！！0_6だが、ｿﾚﾆ匹敵ｽﾙスピｰドで6$","Shaina: Aah!! But it's just as fast!"
s_001241,Alshark (System disk).hdm,0x055BEC,"以上、ﾏﾄﾜﾘﾂｹば、今度ｺｿ死ﾇｺﾄﾆﾅﾙぞ0#Z","[UNTRANSLATED]"
s_001242,Alshark (System disk).hdm,0x056925,"私ﾉ方ｺｿ失礼ｼﾀ。@ﾄｺﾛで、君ﾊﾅぜ私ﾉ名ｦ？0_4$
5失礼ｽﾙ。@私ﾊ、$","My apologies. But how do you know my name? I am..."
s_001243,Alshark (System disk).hdm,0x05868B,"女神ﾄｻｴ@6思ｴﾙ美ｼｲ笑ﾐｦ浮ｶべﾃｲﾀ0#Z","A truly divine smile."
s_001244,Alshark (System disk).hdm,0x0595E1,"が、目的ﾉﾓﾉﾉﾖｳだ。@ｻｱ、ﾐﾝﾅ手ﾆｺﾉ粉ｦﾂｹﾙﾝだ。0_6３人ﾉ掌ﾆ青ﾉ粉がﾂｲﾀ。0_4$","This is it. Put this powder on your hands. (Their palms are now blue.)"
s_001245,Alshark (System disk).hdm,0x05A47B,"がｱｯﾃﾐﾛ、貴様ﾗ一人残ﾗず‥‥‥0#P","[UNTRANSLATED]"
s_001246,Alshark (System disk).hdm,0x05AC9A,"が行方不明だｧ？‥‥‥ﾅ、ﾅﾝでｿﾝﾅでｪじﾅｺﾄｫ、早ｸ言ﾜﾈｪﾝだ！0_4$","[UNTRANSLATED]"
s_001247,Alshark (System disk).hdm,0x05B293,"シンジケｰトﾆﾊ逆ﾗｯﾁｬだﾒだﾖ。ｱｲﾂﾗ、必ず仕返ｼｼﾃｸﾙｶﾗﾈ。","[UNTRANSLATED]"
s_001248,Alshark (System disk).hdm,0x05B2FC,"ミュントス人5ｿﾛｿﾛ右腕ﾉ銃ﾓｸﾀびﾚﾃｷﾀｶﾗ、買ｲｶｴﾖｳｶﾄ思ｯﾃﾈ。","[UNTRANSLATED]"
s_001249,Alshark (System disk).hdm,0x05B374,"ディフェンダｰ5死ﾆﾀｸﾅｹﾘｬ、ｲｲ防具ｦ装備ｽﾙ！@ｺﾚﾆｶぎﾙﾈｪ。?N","Defender: Good armor keeps you from being dead armor."
s_001250,Alshark (System disk).hdm,0x05C707,"休暇中ﾉ交通手段ﾉ確保ﾊ、私ﾆｵ任ｾｸだｻｲ。","[UNTRANSLATED]"
s_001251,Alshark (System disk).hdm,0x05CEEF,"間違ｯﾃﾓ、ゾリアスﾉ恒星系ﾍ行ｸﾝじｬﾅｲぞ。","[UNTRANSLATED]"
s_001252,Alshark (System disk).hdm,0x05D6F7,"連邦ﾉ科学力ﾓどｳｼﾀﾓﾝだｶ0#P","[UNTRANSLATED]"
s_001253,Alshark (System disk).hdm,0x05D8E1,"大ﾏｹﾆﾏｹﾃ、@１０００クレジットだ！@持ｯﾃｹ、ドロボウ！！","[UNTRANSLATED]"
s_001254,Alshark (System disk).hdm,0x05F83F,"惑星マｰズ行ｷﾉ星間バスﾆ乗ﾘ6込ﾝだ。0","[UNTRANSLATED]"
s_001255,Alshark (System disk).hdm,0x060142,"無法者5ｺﾝﾅﾍﾝぴﾅ所ﾏで、ご苦労ﾅｺｯﾀ。@ﾏｱ、ｾｲぜｲがﾝばｯﾃｸﾝﾅ","[UNTRANSLATED]"
s_001256,Alshark (System disk).hdm,0x060404,"坑道ﾉ奥深ｸｶﾗ、身震ｲｼﾀｸ6ﾅﾙﾖｳﾅ不気味ﾅｳﾅﾘ声が、6聞ｺｴﾃｸﾙ。0_4$","A chilling moan drifts from the depths of the mine."
s_001257,Alshark (System disk).hdm,0x060770,"だが、ﾊﾀｼﾃ、ｱﾅﾀ方ﾆ、@ｺﾉ私ｦ倒ｽｺﾄがでｷﾏｽｶﾅ0#C","But can you truly hope to defeat me?"
s_001258,Alshark (System disk).hdm,0x061518,"ウュリア人ﾉ酔ｯぱﾗｲ5#U","[UNTRANSLATED]"
s_001259,Alshark (System disk).hdm,0x061D90,"本気で、ザイザｰ鉱ﾉｺﾄｦ信じﾃｲﾙﾉｶ？@バカじｬﾈｪｶ。","[UNTRANSLATED]"
s_001260,Alshark (System disk).hdm,0x062079,"アイテムショップ5ｲﾗｯｼｬｲﾏｾ。@どﾉﾖｳﾅ品ｦｵ求ﾒでｽｶ？?N","Item Shop: Welcome! What can I get for you?"
s_001261,Alshark (System disk).hdm,0x0626BD,"私ﾊ、アルシャｰク。@ラルアﾉ戦士でｽ。0_4$","I am Alshark. Warrior of Rarua."
s_001262,Alshark (System disk).hdm,0x06405F,"アイテムショップ5ｲﾗｯｼｬｲﾏｾ。@何ｶ、ご入ﾘﾖｳでｼｮｳｶ？0?N","Welcome to the Item Shop! How can I help?"
s_001263,Alshark (System disk).hdm,0x06426E,"じｲｻﾝ5ﾜｼｬｱ、金ﾅﾗﾀｸｻﾝ持ｯﾄﾙﾝじｬが、ｺﾉ年ﾆﾅﾙﾄ重ｲ武器ﾊどｳﾓ扱ｲづﾗｸﾃﾉｫ。","[UNTRANSLATED]"
s_001264,Alshark (System disk).hdm,0x064749,"若者5地下酒場ﾆﾊ、秘密ﾉ部屋がｱﾙﾝだﾖ。","[UNTRANSLATED]"
s_001265,Alshark (System disk).hdm,0x0655B8,"分ｶﾘﾏｼﾀ。@ｼｶｼ、全ﾃｦｵ話ｼｽﾙ前ﾆ、ｱﾅﾀ方ﾉ遺志ｦ継ぐ者ﾄｼﾃﾉ力ｦ試ｻﾅｸﾃﾊﾅﾘﾏｾﾝ。0_4$","I'll tell you everything. But first, you must prove you're worthy of the truth."
s_001266,Alshark (System disk).hdm,0x065739,"試練ｦ抜ｹﾚﾀﾉﾊ、４名でｽｶ。ｱﾅﾀ方ﾆﾊ、次ﾉ試練ﾍﾄ挑戦ｼﾃｲﾀだｷﾏｼｮｳ。0_6$","[UNTRANSLATED]"
s_001267,Alshark (System disk).hdm,0x0660ED,"森ﾉ中ﾉ暮ﾗｼﾓｽﾃﾀ@ﾓﾝじｬﾅｲｻ。@俺達ﾉ好物ﾉ木ノ実ﾓﾀｸｻﾝ@取ﾚﾙｼﾅ。","Life in the woods ain't so bad. Plenty of our favorite nuts to go around."
s_001268,Alshark (System disk).hdm,0x0661F5,"コルレル老師ﾉ娘5#C","[UNTRANSLATED]"
s_001269,Alshark (System disk).hdm,0x06627A,"長老ﾆ会ｳﾅﾗ、三ﾂ葉ﾉ紋章が必要だぞ。","[UNTRANSLATED]"
s_001270,Alshark (System disk).hdm,0x068A4A,"抜ｹ、ﾏｯｽぐ行ｹば、@ザｰテ様ﾉ玉座。@ｸﾚぐﾚﾓ粗相ﾉﾅｲﾖｳﾆ！0?I","Proceed straight ahead to the throne room. Mind your manners before the king!"
s_001271,Alshark (System disk).hdm,0x069196,"若者5ｺｺｦ出ﾃ、ｽぐ南ﾍ行ｸﾄ、@ロレリアﾉ町がｱﾙﾖ。","[UNTRANSLATED]"
s_001272,Alshark (System disk).hdm,0x069A20,"ど。@国王ﾆ飼ｲ慣ﾗｻﾚﾀ、番犬ｶ。だが、私が倒ｾﾙﾓﾉｶ、@ﾔﾚﾙﾓﾝﾅﾗ、ﾔｯﾃﾐﾛ！！0?C","Hmph. So you're the king's lap dog? You think you can beat me? Go on, try!"
s_001273,Alshark (System disk).hdm,0x06A308,"娘5氷ﾉ張ｯﾃｲﾙ地帯ｦ歩ｲﾃｲﾙﾄ、体力がどﾝどﾝ減ｯﾃｲｸﾜﾖ。","[UNTRANSLATED]"
s_001274,Alshark (System disk).hdm,0x06A8A2,"バｰツ・ホステンｶ0#P","[UNTRANSLATED]"
s_001275,Alshark (System disk).hdm,0x06D59B,"イｰル王ｦｵ守ﾘｽﾙﾉが我ﾗﾉ役目。@ﾀﾄｴ命ﾂｷﾖｳﾄﾓ、王国ｦ@守ｯﾃﾐｾﾙ。","[UNTRANSLATED]"
s_001276,Alshark (System disk).hdm,0x06D651,"エムリア姫。@姫ｦ我がﾓﾉﾆでｷﾙﾅﾗ、ｺﾉ命ｦ捨ﾃﾃﾓ惜ｼｸﾊﾅｲ。","[UNTRANSLATED]"
s_001277,Alshark (System disk).hdm,0x06D684,"人ﾆﾊ、ｿﾚぞﾚ生ｷﾙ道がｱﾙﾏｯﾄｳｽﾙﾓｼﾅｲﾓ、本人ﾉ意志ｼだｲだがﾅ。","[UNTRANSLATED]"
s_001278,Alshark (System disk).hdm,0x06D9EE,"ギｰデル様ﾉｵ慈悲がﾅｹﾚば@ｵﾏｴ達ﾅど、ｿﾉ首ｦﾊﾈﾗﾚﾃｲﾙﾄｺﾛだ。","[UNTRANSLATED]"
s_001279,Alshark (System disk).hdm,0x06DA57,"ザｰテ皇太子が、王ﾉ命ｦﾂｹ@狙ｯﾃｲﾙﾉﾊ、今ﾆ始ﾏｯﾀ@ｺﾄでﾊﾅｲ。","[UNTRANSLATED]"
s_001280,Alshark (System disk).hdm,0x06E61E,"イｰル様ﾊ、意志ｦ継ぐ者ﾉｺﾄｦご存知ﾅﾉでﾊ？0_4$","[UNTRANSLATED]"
s_001281,Alshark (System disk).hdm,0x070474,"アトライアﾉ修理が@完了ｼﾀぞ！@出ｶｹﾙﾄｽﾙｶ！","[UNTRANSLATED]"
s_001282,Alshark (System disk).hdm,0x0704C6,"ステｰションﾓ維持費がｶｶﾙﾓﾉでｽｶﾗ、申ｼ訳ｱﾘﾏｾﾝ。","[UNTRANSLATED]"
s_001283,Alshark (System disk).hdm,0x070513,"恒星系ﾊ、マｰズ連邦ﾉ開拓がｽｽﾝでｲﾙﾝでｽﾖﾈ。","[UNTRANSLATED]"
s_001284,Alshark (System disk).hdm,0x070C65,"警備ﾊ万全だ。@帝国軍ｦ一歩ﾀﾘﾄﾓ侵入ｻｾﾇ","[UNTRANSLATED]"
s_001285,Alshark (System disk).hdm,0x073853,"畜生！@新型エンジンﾊ、ｽでﾆ持ﾁ出ｻﾚﾀ後ｯﾃﾜｹｶ。0_4$","Blast! Looks like the new engine is already gone."
s_001286,Alshark (System disk).hdm,0x074A05,"ゾリアスﾉ子供5ｵ腹がｽｲﾀﾖｫｰ。@食べﾙ物がﾅｲﾖｫ。","[UNTRANSLATED]"
s_001287,Alshark (System disk).hdm,0x076009,"ラッセルガイヤｰﾉ第１艦橋ﾆ@6到達ｼﾀ！0?I","We've reached the Russelgaia's bridge!"
s_001288,Alshark (System disk).hdm,0x076B5F,"ウィスペラｰドｦ貴様ﾉ思ｲ通ﾘﾆﾊｻｾﾅｲ！！@降ﾘﾃｷﾃ戦ｴ！0_4$","You won't have your way with Whisperard! Come down and fight me!"
s_001289,Alshark (System disk).hdm,0x077026,"実ﾊ、ﾂｲﾆザイザｰ鉱石ｦ精錬ｽﾙ方法ｦ見ﾂｹﾀﾝだ。0_4$","[UNTRANSLATED]"
s_001290,Alshark (System disk).hdm,0x07D380,"早ｲﾄｺ、ラッセルガイヤｰﾉ@動ｷｦ止ﾒﾈｪﾄ、ｴﾗｲ事ﾆ@ﾅﾙぞ！","[UNTRANSLATED]"
s_001291,Alshark (System disk).hdm,0x07D3B9,"ベックｯﾃ野郎、ｵｶｼﾅ奴だｯﾀが、何ｶ隠ｼﾃﾙﾖｳﾅ気がｽﾙ。0_4$","[UNTRANSLATED]"
s_001292,Alshark (System disk).hdm,0x07D885,"調子で、片ｯ端ｶﾗ、帝国ﾉ基地ｦ粉砕ｼﾃﾔﾙぜ！@ｿｼﾃ、$","[UNTRANSLATED]"
s_001293,Alshark (System disk).hdm,0x07DBC9,"帝国ﾉ開発ｼﾀ新型エンジンが@ﾅﾝじｬｲ！@ｿﾉｳﾁﾆ‥‥0_4$","So the Empire built a new engine. Big deal! Just you wait..."
s_001294,Alshark (System disk).hdm,0x07E808,"ヤｰクｰﾉ試練で、私ﾊ洞窟ﾉ奥ﾆ進ﾑｺﾄがでｷﾅｶｯﾀﾖﾅ。0_4$","[UNTRANSLATED]"
s_001295,Alshark (System disk).hdm,0x07EF68,"だﾒだ。@本当ﾆ、ｺﾉマントﾆｶｱｻﾝﾉ心が写ｼ込ﾏﾚﾃｲﾙﾝだﾛｳｶ0_4$","No use... Does this cape really hold Mom's spirit?"
s_001296,Alshark (System disk).hdm,0x07F22D,"アトライアﾉ整備ﾊ、自分達で@どｳﾆｶｽﾙｼｶﾅｸﾅﾙ。0_4$","The Atlia's maintenance is up to us now."
s_001297,Alshark (System disk).hdm,0x07F2CD,"ラミュｰ・コセｶ。@ﾅぜだﾛｳ。@ﾅﾆｶ懐ｶｼｲ響ｷｦ感じﾙ。","[UNTRANSLATED]"
s_001298,Alshark (System disk).hdm,0x07FC88,"珠ﾆ、カｰマｦ封じﾙﾖｳﾅｽごｲ力が、本当ﾆ秘ﾒﾗﾚﾃｲﾙﾝだﾛｳｶ？","[UNTRANSLATED]"
s_001299,Alshark (System disk).hdm,0x07FDCC,"有名ﾅ所だｶﾗﾅｧ。@前ﾆ、ジ‥‥ョｰｵじｻﾝﾓ勧ﾒﾗﾚﾀｺﾄがｱﾙﾝだﾅ、ｺﾚが0_4$","Yeah, it's a famous spot. Believe it or not, even Joe was told to go."
s_001300,Alshark (System disk).hdm,0x0804E2,"どｸｾｪ。@ｱﾝﾅ連中、締ﾒ上げﾃ、知ｯﾃﾙｺﾄｦ全部、ﾊｶｾﾁﾏｴば@手ｯﾄﾘ早ｲﾉﾆ。","[UNTRANSLATED]"
s_001301,Alshark (System disk).hdm,0x080A7F,"何ﾆｼﾃﾓ、ｵﾏｴ達ﾉ@ﾔﾛｳﾄｼﾃｲﾙｺﾄが、@何ﾅﾉｶ、ドゥムナﾉ棺ｦ見ﾂｹﾚば、ﾊｯｷﾘｽﾙだﾛｳ。0_4$","Whatever you're trying to do, you'll find your answers at We-Dumnah's coffin."
s_001302,Alshark (System disk).hdm,0x080B30,"マントｦ身ﾆﾂｹﾃｲﾙだｹで、何ｶｽごｲ力ｦ手ﾆｲﾚﾀﾖｳﾅ気持ﾁﾆｻｾﾗﾚﾙ。0_4$","[UNTRANSLATED]"
s_001303,Alshark (System disk).hdm,0x080D5F,"じｬｱ、ウュリア王国ﾆ行ｯﾃ@ﾐﾚば、何ｶ分ｶﾙｶﾓ知ﾚﾅｲﾜﾈ。0_4$","So, maybe we'll find some answers in the Ulyria Kingdom."
s_001304,Alshark (System disk).hdm,0x08114A,"シンジケｰト相手ﾆﾅﾝﾃ、本当ﾆ大丈夫ｶﾅｧ。0_4$","[UNTRANSLATED]"
s_001305,Alshark (System disk).hdm,0x081792,"苦労ｼﾃシンジケｰトｦﾔｯﾂｹﾀﾉﾆ、ｲｷﾅﾘﾓｳ次ﾉ任務が入ﾙﾅﾝﾃ！","[UNTRANSLATED]"
s_001306,Alshark (System disk).hdm,0x081A3B,"で任務ﾊ果ﾀｼﾀ。@ｻｯｻﾄ引ｷ上げﾙぞ。@ぐずぐずｽﾙﾅﾖ。","[UNTRANSLATED]"
s_001307,Alshark (System disk).hdm,0x081DE6,"ダイナﾉ村ｶ・・・@ｼｶｼ、ｵﾏｴ達ﾊ、どｳﾓﾖｸﾜｶﾝﾈｪｺﾄが多ｽぎﾙﾅ。0_4$","Dyna Village, eh... There's a lot I don't get about you guys."
s_001308,Alshark (System disk).hdm,0x082554,"酒場ﾆ行ｹば、情報屋がｲﾙﾊずじｬ。@奴ﾗﾅﾗﾅﾆｶ知ｯﾄﾙｶﾓｼﾚﾝﾜｲ。","[UNTRANSLATED]"
s_001309,Alshark (System disk).hdm,0x01751D,"荷物ｦ持ｯﾀﾗ、重ｲじ@ｬﾛｳが。@少ｼﾊ、整理ｼﾀﾗどｳﾅﾝじｬ@ｲ！！","Carrying all that junk will weigh you down! Organize it!"
s_001310,Alshark (System disk).hdm,0x01A035,"ファイターが撃墜された！","[UNTRANSLATED]"
s_001311,Alshark (System disk).hdm,0x0517A6,"２人ﾄﾓ、ﾅ～ﾝｶ様子が変ﾖ。ﾏｻｶ、隕石ｦ見ﾆ行ｺｳﾄｼﾃｲﾙﾝじｬﾅｲでｼｮｳﾈｪ！！","[UNTRANSLATED]"
s_001312,Alshark (System disk).hdm,0x0519CB,"母ｻﾝﾅﾗ、ﾏﾙで何ｶﾆﾄﾘﾂｶﾚでﾓｼﾀｶﾉﾖｳﾆフラフラﾄ町ｦ出ﾃｲｯﾀぞｨ。","[UNTRANSLATED]"
s_001313,Alshark (System disk).hdm,0x051AE9,"持ﾁ物が一杯ﾐﾀｲ。持ﾁ物ｦ整理ｼﾃｷﾃ頂戴。","[UNTRANSLATED]"
s_001314,Alshark (System disk).hdm,0x0521FC,"ショップﾆ頼ﾝどｲﾀ3カン詰ﾒ1ﾊﾏだ届ｶﾅｲﾉｶﾈｪ。","[UNTRANSLATED]"
s_001315,Alshark (System disk).hdm,0x0524F9,"無法者5気ﾏﾏﾆ生ｷﾙﾆｧｱ、世ﾉ中、でｷｱがﾘｽぎﾃﾙぜ。","[UNTRANSLATED]"
s_001316,Alshark (System disk).hdm,0x053518,"情報屋ﾅﾝｶﾔｯﾃ稼ｲでﾙﾉﾊミュントス人ｸﾗｲﾉﾓﾉﾖ。","[UNTRANSLATED]"
s_001317,Alshark (System disk).hdm,0x05397F,"ママ5景気が悪ｲｯﾃﾉﾊ嫌だﾈｪ。@心ﾏで貧ｼｸﾅｯﾁﾏｳﾖ。","[UNTRANSLATED]"
s_001318,Alshark (System disk).hdm,0x0539BC,"ミュントス人5#P","[UNTRANSLATED]"
s_001319,Alshark (System disk).hdm,0x054101,"が、機械ﾆ暗号ｦ打ﾁ込ﾝ6で、レバｰｦ引ｲﾀ。0?O","She punched in the code, pulling the lever."
s_001320,Alshark (System disk).hdm,0x0545C1,"若者5新天地で、ｷｯﾄ一旗上げﾃﾐｾﾙぜ！！","[UNTRANSLATED]"
s_001321,Alshark (System disk).hdm,0x054642,"カウンタｰ嬢5割ﾘ込ﾏﾅｲでｷﾁﾝﾄ並ﾝでｸだｻｲ。","[UNTRANSLATED]"
s_001322,Alshark (System disk).hdm,0x0548E1,"何ﾆﾓ・・・0@じｬｱ、廃坑ﾉ探検ﾆ出発ｼﾏｽｶ！！","[UNTRANSLATED]"
s_001323,Alshark (System disk).hdm,0x0550C6,"様。ｿﾉマｰズ人ﾆﾅﾗﾚﾃｶﾗ、勘がｵ鈍ﾘﾆﾅｯﾀﾖｳで・・・0_4$","[UNTRANSLATED]"
s_001324,Alshark (System disk).hdm,0x055B4B,"２人ﾉゾリアス兵ﾓ@6動ｲﾃｲﾀ。0_6シャイナｦ$","Two Zolius soldiers advanced on Shaina."
s_001325,Alshark (System disk).hdm,0x055CA4,"自分ﾆ言ｲ聞ｶｾﾙ6ﾖｳﾆﾂぶﾔｸﾄ、シャイナｦ@6助ｹ起ｺｼﾀ。0_6$","Muttering to himself, he helped Shaina to her feet."
s_001326,Alshark (System disk).hdm,0x055ED9,"仕方がﾅｲﾅ。0_4シャイナ5ｱﾉｳ、私ﾊ・・・0_4$","Sigh... Fine. My name is..."
s_001327,Alshark (System disk).hdm,0x0570D6,"テスウィルﾉアイテム屋ｻﾝ5ｲﾗｯｼｬｲ。@何ﾆｲﾀｼﾏｽｶ？0?N","Welcome! What can I get for you?"
s_001328,Alshark (System disk).hdm,0x057526,"コｰルガｰル5私ﾆﾄｯﾁｬｱ、世ﾉ中、ｵ金が全ﾃﾅﾝだﾖ。","[UNTRANSLATED]"
s_001329,Alshark (System disk).hdm,0x05765F,"じｻﾝ5海ｦ渡ﾙﾀﾒﾆﾊ、ジェットホバｰでﾓ手ﾆｲﾚﾙｼｶﾅｲﾅ。","[UNTRANSLATED]"
s_001330,Alshark (System disk).hdm,0x057873,"チンピラ5兄ﾁｬﾝ、どｳだｲ。@ｲｲ娘、紹介ｽﾙぜ！0_4$","Hey, mac! I can hook you up with a hot number!"
s_001331,Alshark (System disk).hdm,0x0596AD,"じｬｨ。@意外ﾄ早ｸ戻ｯﾃｷﾀﾅ。@ﾜｼﾓ無理ｼﾃでﾓ行ｸべｷ@だｯﾀｶﾅ。0_4$","You're back already? Heh. Guess I should've tagged along."
s_001332,Alshark (System disk).hdm,0x05A638,"見ｶｹﾅ‥‥‥@0ｵ、ｵﾏｴ達！チャウスノｰミュだﾅ！！@0ｸｯｿｰ、ﾔｯﾃﾔﾙぜ！?F","Who're you... Hey! You're those rebels! Blast it, time to die!"
s_001333,Alshark (System disk).hdm,0x05AEF0,"手遅ﾚだ。ｳﾝ、ｵﾏｴ達ﾓｱｿｺﾉ虫ﾀﾁが、ﾅﾝでﾓ食べﾃｼﾏｳｺﾄｦ知ｯﾃｲﾙだﾛ0_4$","[UNTRANSLATED]"
s_001334,Alshark (System disk).hdm,0x05B0E0,"店員5ｲﾗｯｼｬｲﾏｾ。@品物ﾊ、カウンタｰでどｳぞ。","[UNTRANSLATED]"
s_001335,Alshark (System disk).hdm,0x05B174,"だ？ｵﾏｴ達ﾊ。0@政府ﾉ犬が！ｾｲぜｲ寝首ｦｶｶﾚﾅｲﾖｳﾆ気ｦﾂｹﾙﾝだﾅ。","[UNTRANSLATED]"
s_001336,Alshark (System disk).hdm,0x05B581,"待ｯﾃｸﾚ。@ボスﾊ、ｺｺﾆﾊｲﾈｪﾝだ。@取引で、惑星ｶﾗ離ﾚﾃﾙﾝだ。0_4$","Whoa, hold up! The boss is gone. Left the planet for a deal."
s_001337,Alshark (System disk).hdm,0x05BB8E,"本当ﾆｱﾘがﾄｳござｲﾏｼﾀ。ｺﾚで、安心ｼﾃ暮ﾗｽｺﾄがでｷﾏｽ。","[UNTRANSLATED]"
s_001338,Alshark (System disk).hdm,0x05C39E,"ロイﾆ呼ばﾚﾃ、司令室ﾆ入ｯﾃ6ｷﾀﾉﾊ、ｱﾉ大女でｱｯﾀ。0_4$","Answering Roy's call, Werda entered the room."
s_001339,Alshark (System disk).hdm,0x05D54F,"辺ﾊ、私がﾂｲﾃﾏｽｶﾗ、ｺｲﾂﾗが、足手ﾏﾄｲﾆｻｴﾅﾗﾅｹﾚば大丈夫でｼｮｳ。0_4$","[UNTRANSLATED]"
s_001340,Alshark (System disk).hdm,0x05D772,"礼ﾉ言葉ﾅﾝぞﾖﾘﾓ、ｺｳ連続で任務ﾆﾂｶｻﾚﾀﾝでﾊ、ﾀﾏﾘﾏｾﾝでｽﾅｧ。0_4$","[UNTRANSLATED]"
s_001341,Alshark (System disk).hdm,0x05E5F9,"チャウスノｰミュﾉ実力ﾊ、ｳﾜｻ通ﾘﾄｲｳｺﾄでｽｶﾅ。","[UNTRANSLATED]"
s_001342,Alshark (System disk).hdm,0x060602,"本当ﾆｱﾘがﾄｳござｲﾏｼﾀ。ｱﾉモンスタｰｦ倒ｼﾃｸﾚﾀﾝでｽﾈ。","[UNTRANSLATED]"
s_001343,Alshark (System disk).hdm,0x06066B,"本当ﾆがﾝばｯﾀﾈｪ。@ｱﾝﾀ達ﾉｵｶげで、ｺﾉ星ﾓﾏﾀ平和ﾆﾅﾙだﾛｳﾖ。","[UNTRANSLATED]"
s_001344,Alshark (System disk).hdm,0x0613AC,"ばｻﾝ5ｲｲ学校ﾍｲｯﾃ、ｲｲ会社ﾆﾊｲｯﾃ、ｲｲｵ嫁ｻﾝｦﾓﾗｯﾃｲｲ子ｦﾂｸｯﾃ・・・0@ｲｲｵ墓ﾆﾊｲﾙﾉﾖ！","School, job, wife, kids... then you kick the bucket! That's the way it is!"
s_001345,Alshark (System disk).hdm,0x06168D,"メカニックがｲﾙﾝﾅﾗ、武器ｦ買ｳﾅﾝﾃバカﾅｺﾄｦｼﾃﾁｬｲｹﾈｪﾅ。","[UNTRANSLATED]"
s_001346,Alshark (System disk).hdm,0x062623,"世界で言ｳﾄｺﾛﾉ善ﾄ悪だﾄ考ｴﾃｸﾚﾃ問題ﾅｲﾄ思ｲﾏｽ。0_4$","[UNTRANSLATED]"
s_001347,Alshark (System disk).hdm,0x063129,"武器屋5ｲﾗｯｼｬｲﾏｾ。@ｵ好ﾐﾆｶﾅｳ物がｱﾙﾄ@ﾖﾛｼｲﾉでｽが・・・?N","Welcome. I trust you'll find something to your liking."
s_001348,Alshark (System disk).hdm,0x063184,"若ｲ方々が、ｺﾉジジイﾆ何ﾉご用事で。","[UNTRANSLATED]"
s_001349,Alshark (System disk).hdm,0x0646AE,"ばｻﾝ5ミュントスﾉ村ﾅﾗ、ｺﾉ町ｦ@南ﾍｲｯﾀ森ﾉ中ﾆｱﾙﾜﾖ。","[UNTRANSLATED]"
s_001350,Alshark (System disk).hdm,0x0654F1,"ドゥムナ老師ﾉ秘力でｽﾄ？！@‥‥‥どｺで、ｿﾚｦ‥‥‥0_4$","That's We-Dumnah's secret art! Where did you...?"
s_001351,Alshark (System disk).hdm,0x0663B5,"達ﾊ、コルレル老師ﾆ@6ｿﾉ印ｦ見ｾﾀ。@6ｿﾉ結果、$","We showed the mark to the elder."
s_001352,Alshark (System disk).hdm,0x0664B5,"でﾊ、次ﾉ試練ｦ受ｹﾙﾀﾒ、@ｺﾉ村ﾉ北、ミカｰﾉ村ｦ@ｵﾀずﾈﾅｻﾚ。0?C","Your next trial awaits in Mikaa, a village to the north."
s_001353,Alshark (System disk).hdm,0x06804E,"緑色ﾆ光ﾙ不思議ﾅ石がｱﾙ。@6ｼｶｼ、ｿﾉ石ﾉ意味ｦ$","[UNTRANSLATED]"
s_001354,Alshark (System disk).hdm,0x0681CB,"誰ﾓｲﾅｸﾅｯﾀ宮殿ﾆ、@6ザｰテﾉ玉座だｹが、ぽﾂﾝﾄ@6残ｻﾚﾃｲﾀ。","In the empty palace, only the king's throne remained."
s_001355,Alshark (System disk).hdm,0x0682DE,"でｱｯﾀｶ。@ｱｲﾔ、隣国ﾉ英雄でｱﾙﾅ。@望ﾐﾉ品ｦ申ｼﾃﾐﾖ。@褒美ﾄｼﾃﾄﾗｾﾖｳ。0_4$","So, you're the hero from the next kingdom. Name your prize."
s_001356,Alshark (System disk).hdm,0x0694A6,"毎日ｯﾃ‥‥、ｺｺｯﾃ、@一泊、３００クレジットﾓｽﾙﾝだぜ。0_4$","Whoa, 300 CREDIT a night? We can't stay here every day!"
s_001357,Alshark (System disk).hdm,0x06A556,"ばｻﾝ5ｳﾁﾉｵじｲｻﾝﾊ、昔、@氷山地帯で迷ｯﾃ、死ﾆｶｹﾀ@ｺﾄがｱﾙﾉﾖ。","My husband nearly died once, lost out in the ice fields."
s_001358,Alshark (System disk).hdm,0x06A5DA,"ばｱｻﾝ5ｺﾉ星ｦ観光ｽﾙﾄｼﾀﾗ、@ｱﾀｼﾅﾗ、断崖ﾉ切ﾘ立ｯﾀ@氷河ｦ勧ﾒﾙﾈ。","The best sight here? The glaciers and their sheer cliffs."
s_001359,Alshark (System disk).hdm,0x06C4CD,"町で手ﾆ入ﾗﾅｲ物ﾄ言ｯﾀﾗ、不老不死ぐﾗｲﾉﾓﾉﾖ。","[UNTRANSLATED]"
s_001360,Alshark (System disk).hdm,0x06D191,"王女様ﾉｵ部屋。@ｵﾏｴ達ﾉﾖｳﾅ者が立ﾁ入ﾙ@ｺﾄﾊ許ｼﾏｾﾝ！","[UNTRANSLATED]"
s_001361,Alshark (System disk).hdm,0x06D3E5,"達、ｲｯﾀｲどｺｶﾗ侵入ｼﾀ？！@0ﾅﾝだ、通行証ｦ持ｯﾃｲﾀﾉｶｺﾚﾊ、失礼ｼﾀ。","[UNTRANSLATED]"
s_001362,Alshark (System disk).hdm,0x06DA2F,"惑星ティルスﾆ戻ﾚば、全ﾃが@ﾊｯｷﾘｽﾙじｬﾛｳ。","[UNTRANSLATED]"
s_001363,Alshark (System disk).hdm,0x06DB52,"惑星ヒュリスﾍ行ｹば、全ﾃが@ﾊｯｷﾘｽﾙじｬﾛｳ。","[UNTRANSLATED]"
s_001364,Alshark (System disk).hdm,0x06F0A0,"マントｦｼﾃｲﾙﾄｺﾛｦ@見ﾙﾄ、ｵ主ﾊ、遺志ｦ継ぐ者@ﾅﾉだﾅ。0_4$","By that mantle you wear, you must be the chosen one."
s_001365,Alshark (System disk).hdm,0x06F1F6,"植民船が、ｲｯﾀｲどｺｶﾗﾔｯﾃｷﾀｶﾄｲｳｺﾄﾊ、ｺﾉ宇宙で知ｯﾃｲﾙ者ﾊ、誰ﾓｵﾙﾏｲ。0_4$","[UNTRANSLATED]"
s_001366,Alshark (System disk).hdm,0x06FCF8,"で、ｵ主、持ﾁ物が@ｲｯぱｲじｬﾅｲｶ！0@整理ｼﾃ出直ｼﾃｷﾅｻｲ！","Your bags are full! Sort your stuff and come back."
s_001367,Alshark (System disk).hdm,0x070BC4,"サイコリングｦ持ｯﾃｲﾙﾄｼﾃﾓ、無茶ﾆ決ﾏｯﾃﾙぜ。0_4$","[UNTRANSLATED]"
s_001368,Alshark (System disk).hdm,0x071798,"情報ﾊ、金額ﾅﾘﾉ価値がｱﾙ@ﾓﾝﾅﾝだぜ。@知ﾗﾅｷｬどｳｼﾖｳﾓﾅｲﾓﾉﾓｱﾙｼﾅ。","[UNTRANSLATED]"
s_001369,Alshark (System disk).hdm,0x071DE6,"ごｲ男だｯﾀﾖ。@ｵﾏｴﾓデュｰクﾉ息子ﾆ恥じﾅｲ男ﾆﾅﾚﾖ。","[UNTRANSLATED]"
s_001370,Alshark (System disk).hdm,0x0733CD,"スクラップ屋5ｲﾂでﾓご利用ｸだｻｲ。","[UNTRANSLATED]"
s_001371,Alshark (System disk).hdm,0x0744A9,"軍ﾉ実験用ﾆ体ｦ改造ｻﾚﾀ兵士だｯﾀﾝじｬﾖ。0_4$","[UNTRANSLATED]"
s_001372,Alshark (System disk).hdm,0x074B35,"達ﾊ、ﾎﾝﾄﾆｽげｪﾝだﾅ。@ﾏｻｶ、ララウェルｦ倒ｼﾁﾏｳﾄﾊ思ﾜﾅｶｯﾀぜ。","[UNTRANSLATED]"
s_001373,Alshark (System disk).hdm,0x0752FA,"ウュリアﾉ貴族5#B","[UNTRANSLATED]"
s_001374,Alshark (System disk).hdm,0x0754E2,"ヒルジャホテル5ｲﾂでﾓｵ立ﾁ寄ﾘｸだｻｲ。","[UNTRANSLATED]"
s_001375,Alshark (System disk).hdm,0x075A14,"アイテムショップ5ｱﾘがﾄｳござｲﾏｼﾀ。","[UNTRANSLATED]"
s_001376,Alshark (System disk).hdm,0x075C41,"が、ザイザｰ鉱ﾉ原石ｶ。ｼｶｼ、ﾏｻｶ本当ﾆｱﾙﾄﾊ、思ﾜﾅｶｯﾀぜｨ。0_4$","[UNTRANSLATED]"
s_001377,Alshark (System disk).hdm,0x07641B,"でﾊ、ゾリアスﾉ繁栄ﾄﾊ、宇宙ﾉ破滅ﾉｺﾄﾅﾉｶ？0_4$","[UNTRANSLATED]"
s_001378,Alshark (System disk).hdm,0x0767BB,"ラッセルガイヤｰﾊ、ｱﾄ２分で自爆ｽﾙ。0_4$","[UNTRANSLATED]"
s_001379,Alshark (System disk).hdm,0x0769EC,"マウンドキャスルﾉ最上部。@6$","[UNTRANSLATED]"
s_001380,Alshark (System disk).hdm,0x076B07,"待ｯﾃｲﾀぞ。@ドゥムナﾉ遺志ｦ継ぐ者ﾖ。0_6ﾅﾝﾄ、$","I've been waiting for you, We-Dumnah's heir."
s_001381,Alshark (System disk).hdm,0x07853A,"武器ｦ売ﾙﾉﾊﾔﾒﾀﾝだ0ｱﾄﾊ、自分達ﾉ力で頑張ｯﾃ@ｸﾚ。","[UNTRANSLATED]"
s_001382,Alshark (System disk).hdm,0x07C35A,"母ｻﾝﾔｯﾀﾖ。@ｱﾄﾊ、敵ﾉ主星系ｦ残ｽﾉﾐ。見ﾃｲﾃｸﾚ、母ｻﾝ。@俺ﾊ、必ず$","[UNTRANSLATED]"
s_001383,Alshark (System disk).hdm,0x07CAC0,"討ﾁ、@ウィスペラｰドｦカｰマﾉ手ｶﾗ守ｯﾃﾐｾﾙ！","[UNTRANSLATED]"
s_001384,Alshark (System disk).hdm,0x07D21F,"為ﾆﾊ、特殊精神波ｦ封じﾙ方法ｦ見ﾂｹﾙｼｶﾅｲ。","[UNTRANSLATED]"
s_001385,Alshark (System disk).hdm,0x07D824,"大ｼﾀｺﾀｧﾈｪが、@当面ﾊ、帝国ﾉ開発ｼﾀｺﾉ装甲ｦ使ﾜｾﾃﾓﾗｳﾄｽﾙｶ。0_4$","It ain't much, but this Imperial armor will do for now."
s_001386,Alshark (System disk).hdm,0x07E28A,"私ﾊ‥‥私ﾉ母ﾊ、マｰズ人ﾉ@コｰルガｰルだ‥‥ｯﾀﾗｼｲ。0_4$","My mother... she was a Martian call girl... apparently."
s_001387,Alshark (System disk).hdm,0x07E34E,"私ﾊ、ゾリアス人ﾄﾉ混血児ﾄｼﾃ生ﾏﾚﾀﾉだ。0_6$","[UNTRANSLATED]"
s_001388,Alshark (System disk).hdm,0x07E4A1,"私ｦ引ｷ取ｯﾀ‥‥ｲﾔ、利用ｼﾖｳﾄｼﾀﾉが、連邦軍@だｯﾀﾉだ。0_4$","The Federation military took me in... no, they used me."
s_001389,Alshark (System disk).hdm,0x07F2A5,"今ﾊ、アトライアｦ@取ﾘ戻ｽｺﾄが先決ﾖ。","[UNTRANSLATED]"
s_001390,Alshark (System disk).hdm,0x07F47D,"届ｹﾚば、ザｰテ皇太子ﾓ謁見ｦ許ｼﾃｸﾚﾙﾝじｬﾅｲｶｼﾗ。","[UNTRANSLATED]"
s_001391,Alshark (System disk).hdm,0x07F6F7,"秘力ｶ‥‥だｹど、ﾏだﾏだ使ｲｺﾅｽﾆﾊ、時間がｶｶﾘｿｳだﾅ。","[UNTRANSLATED]"
s_001392,Alshark (System disk).hdm,0x07F883,"５０００クレジットﾓ@ｸﾚﾙﾄﾊ、イｰル王ﾓ気前が@ｲｲﾜｨ。0_4$","5000 CREDIT! Can't complain about King Eele-Kose's pay."
s_001393,Alshark (System disk).hdm,0x08010A,"頼ﾘﾅｲミュントス人が何ｦ知ｯﾃﾙﾄｲｳﾝだ？0_4$","[UNTRANSLATED]"
s_001394,Alshark (System disk).hdm,0x0805C8,"アイテムﾅどﾉ準備ﾊ整ｴﾃ行ｯﾀﾎｳが良ｻｿｳﾈ。","[UNTRANSLATED]"
s_001395,Alshark (System disk).hdm,0x08062E,"俺が頑張ﾙｼｶﾅｲﾝだショｰコﾔ母ｻﾝﾆｺﾝﾅ所ｦ@歩ｶｾﾙﾜｹﾆﾊｲｶﾅｲ！","[UNTRANSLATED]"
s_001396,Alshark (System disk).hdm,0x08193F,"何ﾉ前触ﾚﾓﾅｸ、異常発生ｼﾀﾅどﾄｲｳﾉﾊ、どｳﾓ怪ｼｲﾓﾝだ。0_4$","[UNTRANSLATED]"
s_001397,Alshark (System disk).hdm,0x01757C,"格納庫がｲｯぱｲで、@どｺﾆﾓｼﾏｳｺﾄがでｷﾝぞ！","[UNTRANSLATED]"
s_001398,Alshark (System disk).hdm,0x01767A,"造ﾙﾀﾒﾆﾊ、@>>>>>>スクラップが必要だ@ﾅ。","To build it, I'm gonna need some SCRAP."
s_001399,Alshark (System disk).hdm,0x017751,"離陸ｽﾙﾄｽｯｶ。@じｬｱ、コクピットﾍ行ｸぞ！","[UNTRANSLATED]"
s_001400,Alshark (System disk).hdm,0x05165A,"ハンドガン1じｬﾅｲｶ！どｳｼﾃ、ｺﾝﾅ物ｦ持ｯﾃﾙﾝだﾖ？！0_4$","Is that a Handgun 1?! What are you doing with this?!"
s_001401,Alshark (System disk).hdm,0x051B94,"女ﾉ子ﾆ弱ｲﾝだｶﾗ・・・。@カルﾊ、どｳｽﾙﾉ？0_4$","You're a softy... What's your move, Kal?"
s_001402,Alshark (System disk).hdm,0x051FA1,"プロテクタｰ#P","[UNTRANSLATED]"
s_001403,Alshark (System disk).hdm,0x051FBE,"８０クレジット#P","[UNTRANSLATED]"
s_001404,Alshark (System disk).hdm,0x0522B6,"無法者5ｵ～ｲ、兄ﾁｬﾝ。@ﾏ～だ、見ﾂｶﾝﾈｪﾉｶｨ？！0陽が暮ﾚﾁﾏｳぜ。","Yo, kid! Ain't ya found it yet?! It's gettin' dark!"
s_001405,Alshark (System disk).hdm,0x0524CB,"じｻﾝ5ﾓｳ何年ｶｽﾚば、ｺﾉ星ﾓ緑で埋ﾒ尽ｸｻﾚﾙﾆ違ｲﾈｪ。","[UNTRANSLATED]"
s_001406,Alshark (System disk).hdm,0x052DC5,"カウンタｰﾉｵ姉ｻﾝ5#B","[UNTRANSLATED]"
s_001407,Alshark (System disk).hdm,0x052F43,"巨大ﾅ穴ﾉ底ﾆ隕石が白煙ｦｱげ6ﾃｲﾙ。","[UNTRANSLATED]"
s_001408,Alshark (System disk).hdm,0x053CE2,"コｰルガｰル5ｺﾉ世ﾉ中ﾆﾊ、不思議ﾅｺﾄがﾀｸｻﾝｱﾙﾜﾖﾈ。","[UNTRANSLATED]"
s_001409,Alshark (System disk).hdm,0x05430E,"ばｻﾝ5困ｯﾀﾜ。@マｰズ行ｷﾉ便ﾊ、ｺﾚｦ逃ｽﾄ３日後ﾏでﾅｲﾉﾖﾈ。","[UNTRANSLATED]"
s_001410,Alshark (System disk).hdm,0x054407,"じｻﾝ5キャンセル待ﾁﾅﾝﾃ、夢ﾉﾏﾀ夢だﾖ。","[UNTRANSLATED]"
s_001411,Alshark (System disk).hdm,0x0545E7,"ウュリア人5ｱﾃﾓﾅｸｻｽﾗｳﾉﾓ、無法者ﾆﾄｯﾁｬｱ仕事ﾉｳﾁｻ。","[UNTRANSLATED]"
s_001412,Alshark (System disk).hdm,0x05466A,"カウンタｰ嬢5#B","[UNTRANSLATED]"
s_001413,Alshark (System disk).hdm,0x05469B,"チケットｯﾀｯﾃ、ｱﾝﾅﾆ大勢並ﾝでﾁｬｱ買ｴﾔｼﾅｲじｬﾅｲｶ！0_4$","[UNTRANSLATED]"
s_001414,Alshark (System disk).hdm,0x055300,"どｳｲｳ了見でｨ。0_事ﾄ次第ﾆﾖｯﾁｬｱ、ｲｸﾗｵﾒｪでﾓ許ｽﾜｹﾆﾊｲｶﾈｪぜｨ！0?I","What's your game? You better have a good reason for this!"
s_001415,Alshark (System disk).hdm,0x058018,"兵士ﾉ像ﾆ隠ｻﾚﾀスイッチｦ@6発見ｼﾀ。0_4$","Found a hidden switch in the statue."
s_001416,Alshark (System disk).hdm,0x05A08D,"ポｰキンマｰト5ｲﾗｯｼｬ～ｲ。@ご入ﾘﾖｳﾉ品ﾊ、何でｽｶ？0?N","Welcome to Porkin Mart! What can I get ya?"
s_001417,Alshark (System disk).hdm,0x05A1C3,"シンジケｰト5#B","[UNTRANSLATED]"
s_001418,Alshark (System disk).hdm,0x05A253,"スクラッパｰ5#B","[UNTRANSLATED]"
s_001419,Alshark (System disk).hdm,0x05A327,"チンピラ5ﾅﾝだﾅﾝだ？@俺が何ｼﾀｯﾃﾝだ。","[UNTRANSLATED]"
s_001420,Alshark (System disk).hdm,0x05AE39,"泣ｲﾃﾃﾓｼｮｳがﾈｪだﾛ。ﾄﾘｱｴず、ハマックﾉ町ﾍ出ﾃ、$","[UNTRANSLATED]"
s_001421,Alshark (System disk).hdm,0x05B200,"武器屋5俺ｯﾁﾉ商品ｦ見ﾃ驚ｸﾝじｬﾈｪぞ！！0?N","My weapons'll blow your mind!"
s_001422,Alshark (System disk).hdm,0x05B677,"チェックアウトﾊ、１０時ﾏでﾆｵ願ｲｼﾏｽ。?C","[UNTRANSLATED]"
s_001423,Alshark (System disk).hdm,0x05CCF3,"ご苦労様。@司令官がｵ待ﾁｶﾈでｽﾖ。","[UNTRANSLATED]"
s_001424,Alshark (System disk).hdm,0x05CDC2,"兵士5司令官ﾉ命令で、ｺｺｦｵ通ｼ@ｽﾙｺﾄﾊでｷﾏｾﾝ。","[UNTRANSLATED]"
s_001425,Alshark (System disk).hdm,0x05D874,"だｼ！アトライアﾉ使用ﾊ、@禁止ｻｾﾃﾓﾗｳ。0_4$","From now on, the Atlia is grounded."
s_001426,Alshark (System disk).hdm,0x05D9A1,"ステｰションﾆ@部外者ﾊﾏずｲでｽﾖ。","[UNTRANSLATED]"
s_001427,Alshark (System disk).hdm,0x05DC12,"ステｰション内ﾆ警報が響ｷ6ﾜﾀﾙ。0?C","Alarms blare through the station."
s_001428,Alshark (System disk).hdm,0x05E135,"貴様ﾗｦ殺ﾚば、@２階級特進だぜ！0?F","I'll get a big promotion for this!"
s_001429,Alshark (System disk).hdm,0x05E429,"キドゥンﾊ、ゾリアスﾄ取ﾘ引ｷｻﾚﾃｲﾀﾗｼｲﾜ。0_4$","[UNTRANSLATED]"
s_001430,Alshark (System disk).hdm,0x05EA2F,"申ｼ訳ｱﾘﾏｾﾝ。@品物が届ｶﾅｸﾃ、在庫ｦ切ﾗｼﾃｲﾙﾝでｽ。","[UNTRANSLATED]"
s_001431,Alshark (System disk).hdm,0x05F700,"少女5陸地ｦｳﾛﾂｲﾃばｶﾘｲﾙﾄ、昆虫ﾄｶが時々ｵｿｯﾃｸﾙｶﾗ気ｦﾂｹﾃﾈ。","[UNTRANSLATED]"
s_001432,Alshark (System disk).hdm,0x060056,"カイナンズ　ショップ5ｲﾗｯｼｬｲﾏｾ。@何ﾆﾅｻｲﾏｽｶ？0?N","Welcome to Kainan's Shop. How may I help you?"
s_001433,Alshark (System disk).hdm,0x0606BB,"が、連邦ﾉエリｰト部隊ﾈ。感動ｼﾁｬｯﾀﾜ。","[UNTRANSLATED]"
s_001434,Alshark (System disk).hdm,0x0608B8,"アルシャｰク、ｵﾏｴが私ｦ殺ｽﾄｲｳﾉｶ！@ﾋｬｱｰﾊｯ、ｲｲだﾛｳ。@ﾔﾙがｲｲ！0_4$","So, you've come to kill me! Mwa ha ha! Give it your best shot!"
s_001435,Alshark (System disk).hdm,0x061C53,"ウュリアﾉ男5#B","[UNTRANSLATED]"
s_001436,Alshark (System disk).hdm,0x0626E6,"今、ｺﾉ宇宙ﾊ、カｰマﾉ手ﾆﾖｯﾃ、破滅ﾍﾉ道ｦﾀどﾛｳﾄｼﾃｲﾏｽ。0_4$","[UNTRANSLATED]"
s_001437,Alshark (System disk).hdm,0x062A3A,"だ、ｿﾝﾅバカﾅ話ｦｼﾃｲﾙﾉｶ？@ｱﾝﾅ連中、ﾋﾈﾘ潰ｼﾃﾔﾙ！0_6前ﾆ踏ﾐ出ｿｳﾄｽﾙ$","Are you serious? You think they're a threat? I'll wipe the floor with them!"
s_001438,Alshark (System disk).hdm,0x062ADE,"私ﾆ任ｾﾃ。@0ｲｲ。私が合図ｼﾀﾗ、目ｦ@ﾂぶｯﾃ後ﾛﾍ走ﾙﾉﾖ。0_4$","Leave this to me. On my signal, close your eyes and run!"
s_001439,Alshark (System disk).hdm,0x062CA6,"投げﾀ物体ﾊ、放物線ｦ6描ｲﾃ飛ﾝでｲｸ。@6ｿｼﾃ、ｿﾚｦ$","The object flies in a high arc... and..."
s_001440,Alshark (System disk).hdm,0x062D39,"目ｦ押ｻｴ@6ﾅがﾗﾓ不気味ﾅﾏでﾉ落ﾁﾂｷ6ぶﾘｦ見ｾﾃｲﾀ。0_4$","He clutched his eye, unnervingly calm."
s_001441,Alshark (System disk).hdm,0x0633C8,"ミュントス人ﾆ関ｽﾙ本が@6ﾅﾗﾝでｲﾙ。","[UNTRANSLATED]"
s_001442,Alshark (System disk).hdm,0x0647BF,"じｻﾝ5金ｦﾀﾒﾃ、エアカｰｦ手ﾆｲﾚﾖｳﾄ思ｯﾄﾙﾝだ。@ﾅﾝｾ、ｺﾉ星ﾊ広ｲｶﾗﾅ。","[UNTRANSLATED]"
s_001443,Alshark (System disk).hdm,0x066536,"方ﾆ、@サｰトス老師ﾉ御加護がｱﾘﾏｽﾖｳﾆ。","[UNTRANSLATED]"
s_001444,Alshark (System disk).hdm,0x0666A2,"今ｶﾗ、２５０年以上ﾓ昔ﾉｺﾄ0#P","[UNTRANSLATED]"
s_001445,Alshark (System disk).hdm,0x066AE0,"声がアトライアﾉ船内ﾆ響ｷ@6ﾜﾀﾙ。0_6『$","A voice echoed through the Atlia."
s_001446,Alshark (System disk).hdm,0x067555,"立派ﾆ遺志ｦ継ぐ者ﾄﾅﾙｺﾄがでｷﾙｺﾄでｼｮｳ。","[UNTRANSLATED]"
s_001447,Alshark (System disk).hdm,0x0675B3,"待ﾁ@6ｶﾏｴﾃｲﾀﾓﾉﾊ、巨大ﾅ戦闘6ロボットだｯﾀ。0_6ｿﾚﾊ、$","A giant battle robot lay in ambush!"
s_001448,Alshark (System disk).hdm,0x0697F6,"でｽｶ、エムリア様ﾊ、私ﾉｺﾄｦ覚ｴﾃｲﾃｸだｻｯﾀﾉでｽﾈ。","[UNTRANSLATED]"
s_001449,Alshark (System disk).hdm,0x0699E1,"イｰル王ﾉ世話ﾆ@ﾅｯﾃｲﾙ。@ﾕｴﾆ、貴様達ﾆ王ｦ殺ｻｾﾙ@ﾜｹﾆﾊｲｶﾇ！！0_4$","I owe King Eele-Kose my life! I can't let you kill him!"
s_001450,Alshark (System disk).hdm,0x06A651,"娘5極点ﾆ行ｸﾀﾒﾆﾊ、氷河地帯ｦ抜ｹﾃ行ｸｼｶﾅｲﾐﾀｲﾖ。","[UNTRANSLATED]"
s_001451,Alshark (System disk).hdm,0x06B18A,"星ﾊ、皇太子ﾉザｰテ様が@統治ｻﾚﾃｲﾙﾜ。","[UNTRANSLATED]"
s_001452,Alshark (System disk).hdm,0x06D0AD,"ウュリア国王ﾉ御前だぞ！@ﾋｶｴﾛ！","[UNTRANSLATED]"
s_001453,Alshark (System disk).hdm,0x06D245,"奥ﾊ、大臣ﾉｵ部屋だ。@勝手ﾆ通ﾙﾝじｬﾅｲ！","[UNTRANSLATED]"
s_001454,Alshark (System disk).hdm,0x06D2E0,"時ﾉ流ﾚﾊ、永遠ﾆｼﾃ限ﾘｱﾙﾓﾉ。@だｶﾗ、大切ﾆｼﾅｸﾃﾊﾅﾗﾅｲﾄ父ｶﾗ教ｴﾗﾚﾏｼﾀ。","[UNTRANSLATED]"
s_001455,Alshark (System disk).hdm,0x06DAB9,"達ｦ使ｯﾃ皇太子ｦ捕ﾏｴｻｾﾖｳﾄﾊ、ギｰデル殿ﾓﾔﾘｵﾙ。","[UNTRANSLATED]"
s_001456,Alshark (System disk).hdm,0x06E097,"面白ｲｺﾄﾄ存じﾏｽが、ｺｺﾊ、１ﾂ、私ﾒﾆ@考ｴがござｲﾏｽ。0_4$","An interesting proposal... but I have a better idea."
s_001457,Alshark (System disk).hdm,0x06FAF3,"が戦ｲ、経験ｦ@積ﾑｺﾄﾆﾖｯﾃ、次第ﾆ発揮@ｻﾚﾃｲｸｺﾄじｬﾛｳ。0_6$","Your power will grow with experience in battle."
s_001458,Alshark (System disk).hdm,0x07022B,"ウュリア兵5#U","[UNTRANSLATED]"
s_001459,Alshark (System disk).hdm,0x073B27,"状態じｬｱ、@ロックﾊ解除でｷﾅｲﾗｼｲぞ！","[UNTRANSLATED]"
s_001460,Alshark (System disk).hdm,0x075350,"ウュリアﾉ女5どﾁﾗ様でｽｶ？@初ﾒﾃｵ会ｲｼﾏｽﾖﾈ？","[UNTRANSLATED]"
s_001461,Alshark (System disk).hdm,0x075A39,"ウェポンショップ5ｲｲ加減ﾆｼﾃｸﾚ！！","[UNTRANSLATED]"
s_001462,Alshark (System disk).hdm,0x07606B,"ぞ、ｺｺﾏで来ﾀﾄﾎﾒﾃ@ﾔﾘﾀｲﾄｺﾛだが、君達ﾊ少ｼﾔﾘｽぎﾀﾖｳだ。0_4$","I'll admit, you've done well. But you've gone too far."
s_001463,Alshark (System disk).hdm,0x076D6F,"ど、我が大望ﾆ比ぶﾚば、何ﾎどﾉｺﾄﾓﾅｶﾛｳﾃ。0_4$","[UNTRANSLATED]"
s_001464,Alshark (System disk).hdm,0x078050,"達、知ｯﾃﾙｶｲ。@ゾリアス帝国ﾆﾊ、総帥ﾉ@$","[UNTRANSLATED]"
s_001465,Alshark (System disk).hdm,0x0783CF,"闇商人5持ﾁ物が、一杯ﾐﾀｲだぜ。","[UNTRANSLATED]"
s_001466,Alshark (System disk).hdm,0x07C754,"ラッセルガイヤｰが、ﾂｲﾆ動ｷだｼﾀﾉﾈ！@$","[UNTRANSLATED]"
s_001467,Alshark (System disk).hdm,0x07C98A,"戦略ﾉ天才ﾄ聞ｸが、奴ﾓﾔﾊﾘカｰマﾅﾉだﾛｳｶ‥‥。","[UNTRANSLATED]"
s_001468,Alshark (System disk).hdm,0x07CBE7,"心配ｽﾝﾅ、俺がﾂｲﾃﾙ。@ｲざｯﾃ時ﾊ、俺がｵﾒｪﾉ@身代ﾜﾘﾆﾅｯﾃ‥‥0_4$","Don't worry, I've got your back. I'll take the hit for ya..."
s_001469,Alshark (System disk).hdm,0x07CC50,"野郎ﾊ、@ﾄﾃﾂﾓﾅｲ強ｻだ。0心ｼﾃｶｶﾝﾈｪﾄ、反対ﾆ叩ｷ殺ｻﾚﾁﾏｳぞ！","[UNTRANSLATED]"
s_001470,Alshark (System disk).hdm,0x07D350,"恒星ｦ破壊ｼﾖｳだﾅﾝﾃ、帝国軍ﾊｲｯﾀｲ何ｦ考ｴﾃﾙﾉﾖ！","[UNTRANSLATED]"
s_001471,Alshark (System disk).hdm,0x07D74C,"ノｰザンﾉ砦ﾆ戻ｯﾃ、@今後ﾉ作戦ｦ練ﾙｺﾄﾆｽﾙｶ。","[UNTRANSLATED]"
s_001472,Alshark (System disk).hdm,0x07E1D0,"が、下ｦ向ｲﾀｶ6ﾄ思ｳﾄ、ｿﾉ頬ｦ涙が伝ｯﾃ床6ﾆ落ﾁﾀ。0_4$","She looked down, and a tear fell to the floor."
s_001473,Alshark (System disk).hdm,0x07E617,"言ｯﾀ特殊精神波ｯﾃﾔﾂが問題でﾈ。0_4$","[UNTRANSLATED]"
s_001474,Alshark (System disk).hdm,0x07E890,"微弱ﾅﾉでｻｴ、私ｦ@足止ﾒｽﾙﾆ充分だｯﾀﾄｲｳ@ｺﾄだ。0_6$","So, even that feeble power could hold me back."
s_001475,Alshark (System disk).hdm,0x07EAFC,"野郎、正気ﾆ戻ｯﾀﾗ、１発ぶﾝ殴ｯﾃﾔﾗﾝﾄ気がｽﾏﾝﾜｨ！0_4$","[UNTRANSLATED]"
s_001476,Alshark (System disk).hdm,0x07EE83,"どｲ目ﾆｱｯﾁﾏｯﾀぜ‥‥@ﾏだ、頭が、ガンガンｽﾙ。0_4$","Man, what a mess... My head's still killing me."
s_001477,Alshark (System disk).hdm,0x07F25D,"半端ﾅ気持ﾁでｲﾀﾗ、後で泣ｷｦ見ﾙｺﾄﾆﾅﾙぞ。0_4$","[UNTRANSLATED]"
s_001478,Alshark (System disk).hdm,0x07F6C0,"どｳﾓ、ｱﾉザｰテｯﾃ皇太子ﾉ言ｲ方‥‥ﾅﾆｶ引ｯｶｶﾙﾓﾉがｱﾙﾜ。","[UNTRANSLATED]"
s_001479,Alshark (System disk).hdm,0x07F801,"王ﾄ皇太子が対立ｼﾃｲﾙﾅﾝﾃｺﾉ国ﾊ、どｳﾅｯﾃﾝだ？！","[UNTRANSLATED]"
s_001480,Alshark (System disk).hdm,0x07F8BF,"スクラップﾆ変ｴﾃ、兵器ｦ開発ｽﾙｶﾉｫ。0_4$","[UNTRANSLATED]"
s_001481,Alshark (System disk).hdm,0x07FAF0,"珠が、どﾝﾅ力ｦ@持ｯﾃｲﾙﾉｶ、一度、分析ｻｾﾃﾐﾙ気ﾊﾈｪｶ。0_4$","Let me run some tests on that orb. See what it can do."
s_001482,Alshark (System disk).hdm,0x08019C,"誰が！@俺ﾆﾊ、ｵﾏｴ達ｦ監視ｽﾙ義務がｱﾙﾝだﾖ！0_4$","Like hell! It's my duty to keep an eye on you!"
s_001483,Alshark (System disk).hdm,0x0801F4,"ドゥムナﾊ、どｺｶﾆ@何ﾗｶﾉ手がｶﾘｦ残ｼﾃﾙﾊずﾖ。0_4$","We-Dumnah must've left us a hint somewhere."
s_001484,Alshark (System disk).hdm,0x0803B7,"コルレルﾉ村ﾊ、ヤｰクｰﾉ村ﾉ西ﾆｱﾙﾝじｬﾅ。","[UNTRANSLATED]"
s_001485,Alshark (System disk).hdm,0x080598,"最後ﾉ試練ﾅﾉだｶﾗ、ｷｯﾄ@今ﾏで以上ﾆ苦ｼﾒﾗﾚﾙﾜﾖ。0_4$","The final trial will be our hardest one yet."
s_001486,Alshark (System disk).hdm,0x080680,"俺ﾆ、ドゥムナﾉ秘力ｦ使ｳｺﾄﾅﾝﾃ、でｷﾙﾝだﾛｳｶ。","[UNTRANSLATED]"
s_001487,Alshark (System disk).hdm,0x0807AA,"でﾓ、サｰトス老師ｯﾃ、会ｲﾆ行ｸﾉﾊｲｲｹど、生ｷﾃﾙﾉｶｼﾗ？","[UNTRANSLATED]"
s_001488,Alshark (System disk).hdm,0x0812F8,"じ様、怒ﾝﾅｲﾉ。@ウェルダｻﾝﾓ言ｲ過ぎﾖ！0_4$","Joe, calm down. Werda, that's enough!"
s_001489,Alshark (System disk).hdm,0x08167F,"でﾓ、何ﾆｼﾃﾓショｰコが無事で良ｶｯﾀ。0_4$","[UNTRANSLATED]"
s_001490,Alshark (System disk).hdm,0x08299E,"任ｾﾄｶﾝｶｲ。@ｲﾂでﾓ限界ﾏで3カスタム1ｼﾃﾔﾙぞｲ！","Just leave it to me. I'll tune it to the max!"
s_001491,Alshark (System disk).hdm,0x083614,"ファイタｰｦ用意ｽﾙ@必要がｱﾘｿｳじｬﾅ。","[UNTRANSLATED]"
s_001492,Alshark (System disk).hdm,0x001E78,"解体ｽﾚば@     スクラップﾆﾅﾙぜ。","[UNTRANSLATED]"
s_001493,Alshark (System disk).hdm,0x001FC0,"ポイント@能力が上昇ｼﾀ。","[UNTRANSLATED]"
s_001494,Alshark (System disk).hdm,0x0511B2,"覚ｴﾃﾙﾖ。@だｯﾃ、スクラップでｲﾛﾝﾅ@ｵﾓﾁｬｦ作ｯﾃﾓﾗｯﾀｶﾗﾈ0_4$","I remember! You'd make me all sorts of toys from SCRAP."
s_001495,Alshark (System disk).hdm,0x0516FC,"意気地無ｼﾅﾝだｶﾗ・・・。男ﾉｸｾﾆ！！","[UNTRANSLATED]"
s_001496,Alshark (System disk).hdm,0x051CAB,"達ﾊ、隕石ﾉ落下地点ﾆ@6到着ｼﾀ。0?I","Arrived at the meteor crash site."
s_001497,Alshark (System disk).hdm,0x0525E5,"変態ジジイがｲﾃ、ｲﾂﾓ怪ｼげﾅ物ｦﾂｸｯﾃﾙﾗｼｲﾜ。","[UNTRANSLATED]"
s_001498,Alshark (System disk).hdm,0x052827,"年寄ﾘﾉ楽ｼﾐが理解でｷﾝ奴じｬ。","[UNTRANSLATED]"
s_001499,Alshark (System disk).hdm,0x053854,"女5ｱﾉ化ｹ物がでﾙﾖｳﾆﾅｯﾃｶﾗ、ｺﾉ町ﾆﾓ人が寄ﾘﾂｶﾅｸﾅｯﾁｬｯﾀﾜﾖ。","[UNTRANSLATED]"
s_001500,Alshark (System disk).hdm,0x0539DB,"コｰルガｰル5#P","[UNTRANSLATED]"
s_001501,Alshark (System disk).hdm,0x053C12,"厚化粧ﾉ女5ぼｳﾔ、私ﾄ遊ぶﾆﾊ、ﾁｮｯﾄ早ｲﾜﾈ。","[UNTRANSLATED]"
s_001502,Alshark (System disk).hdm,0x0542E0,"じｻﾝ5ﾁｷｼｮｳﾒ！@３日ﾓﾅﾗﾝで、キャンセル待ﾁｶﾖ！","[UNTRANSLATED]"
s_001503,Alshark (System disk).hdm,0x0543DF,"娘5ﾊｱ・・・、ﾏﾀチケットｦ買ｲｿｺﾈﾁｬｯﾀﾜ。","[UNTRANSLATED]"
s_001504,Alshark (System disk).hdm,0x054515,"若者5ﾜｸﾜｸ。@ぼｸﾊ、生ﾏﾚﾃﾊじﾒﾃ航宙船ﾆﾉﾙﾝだ。","[UNTRANSLATED]"
s_001505,Alshark (System disk).hdm,0x054541,"娘5ｵ兄ﾁｬﾝ、落ﾁﾂｲﾃﾈ。@田舎者だﾄ思ﾜﾚﾙでｼｮ。","[UNTRANSLATED]"
s_001506,Alshark (System disk).hdm,0x0553C1,"じｬﾅｲｶﾈ。相ﾓ変ﾜﾗず、薄汚ｲ格好ｦｼﾃｲﾙﾓﾉだﾅ。0_4$","[UNTRANSLATED]"
s_001507,Alshark (System disk).hdm,0x055972,"ばｶﾅ・・・0#Z","[UNTRANSLATED]"
s_001508,Alshark (System disk).hdm,0x055987,"失礼ｼﾏｼﾀﾈ、連邦ﾉｵ嬢ｻﾝﾓｳ、用事ﾊｽﾐﾏｼﾀｶﾗ、退散ｻｾﾃﾓﾗｲﾏｽﾖ。0?C","Pardon me, little miss Federation. My work here is done."
s_001509,Alshark (System disk).hdm,0x059479,"待ｯﾃｸﾚﾝｶｨ0ｺｺｦ、飛びﾅがﾗ渡ﾛｳｯﾃ@ｲｳﾉｶ？0_6皆ﾉ視線が、$","Whoa, hold up. You want us to fly across this?"
s_001510,Alshark (System disk).hdm,0x05A1E1,"コｰルガｰル5#B","[UNTRANSLATED]"
s_001511,Alshark (System disk).hdm,0x05A4A1,"待ｯﾃｸﾚ。@俺ﾊ、ｵﾏｴ達ｦ始末ｽﾙﾖｳﾆ命令ｻﾚﾀだｹで‥‥‥0_4$","Wait! I was only ordered to take you out..."
s_001512,Alshark (System disk).hdm,0x05B4EE,"バカ言ｯﾃﾝじｬﾈｪ！@誰が、ｵﾏｴﾗﾅﾝｶﾆ・・・0_4$","Are you kidding me?! Lose to you punks...?"
s_001513,Alshark (System disk).hdm,0x05B5DA,"俺達下ｯ端ﾆﾊﾜｶﾗﾈｪ。本当だ。信じﾃｸﾚ。0_4$","[UNTRANSLATED]"
s_001514,Alshark (System disk).hdm,0x05D424,"で、ﾜｼﾗﾆ、ｿﾉ密売組織ｦ調査ｼ、根絶ﾔｼﾆｼﾛｯﾃｺﾄﾅﾉｶｨ。0_4$","[UNTRANSLATED]"
s_001515,Alshark (System disk).hdm,0x05E2EC,"失礼だが、勤務中ﾆ話ｼｶｹﾅｲでﾓﾗｲﾀｲ！","[UNTRANSLATED]"
s_001516,Alshark (System disk).hdm,0x05EC89,"疲ﾚﾃｲﾙ。@俺達ﾄ行動ｦ共ﾆｽﾙﾉﾊ、無理ｯﾃﾓﾝだ。0_4$","You're worn out. You'd only slow us down."
s_001517,Alshark (System disk).hdm,0x05F66B,"少女5ｺﾝﾆﾁﾊ。@ｱﾅﾀ方ﾓ星間バスﾆ乗ﾙﾝでｽｶ？","[UNTRANSLATED]"
s_001518,Alshark (System disk).hdm,0x061179,"シャイナ5#B","[UNTRANSLATED]"
s_001519,Alshark (System disk).hdm,0x061277,"若者5ﾓｼ戦争ﾆでﾓﾅｯﾀﾗ、ｷｯﾄ俺ﾓ徴兵ｻﾚﾙﾝだﾛｳﾅ。","[UNTRANSLATED]"
s_001520,Alshark (System disk).hdm,0x061348,"ばｱｻﾝ5ｱﾀｼﾓパソコンｯﾃﾉｦ覚ｴﾖｳﾄｼﾃﾙﾝだｹどﾈｪ。@ｺﾘｬｱ、ﾑずｶｼｲﾈｪ。","[UNTRANSLATED]"
s_001521,Alshark (System disk).hdm,0x0617CA,"ウェイトレス5ｱﾗ、背ﾉ高ｲ方ﾈｪ。","[UNTRANSLATED]"
s_001522,Alshark (System disk).hdm,0x061ACA,"眼ｶﾗ大粒ﾉ涙が止ﾒどﾅｸｱﾌ6ﾚﾃﾊ、ｺぼﾚ落ﾁﾙ。0_6$","Tears welled up and streamed from their eyes."
s_001523,Alshark (System disk).hdm,0x061CEB,"酔ｯぱﾗｲﾉ貴族5#B","[UNTRANSLATED]"
s_001524,Alshark (System disk).hdm,0x062863,"ペンロｰズ博士が、どｳｶｼﾀﾉでｽｶ？0_4$","[UNTRANSLATED]"
s_001525,Alshark (System disk).hdm,0x0630A6,"アイテムショップ5ｲﾗｯｼｬ～ｧｲ。@何ﾆｼﾏｽｩ。?N","Item Shop! Welcome! What'll it be?"
s_001526,Alshark (System disk).hdm,0x0631A7,"学者5ﾜｼﾊ、ｲﾛﾝﾅ惑星ﾆ生ｴﾃｵﾙ植物ﾆﾂｲﾃ研究ｼﾃｵﾙ。","[UNTRANSLATED]"
s_001527,Alshark (System disk).hdm,0x063271,"ばｻﾝ5私ﾓ老後ﾊｺｺで過ごｿｳﾄ@思ｯﾃﾙﾝでｽﾖ。","[UNTRANSLATED]"
s_001528,Alshark (System disk).hdm,0x0634B5,"正面ﾉ本棚ﾆｱﾙ@#P","[UNTRANSLATED]"
s_001529,Alshark (System disk).hdm,0x063C5A,"我ﾉ命ﾆ従ｲ、ゾリアスﾆ仕ｴﾙﾉだ！0_6$","[UNTRANSLATED]"
s_001530,Alshark (System disk).hdm,0x0642B2,"ばｻﾝ5ｺｺｶﾗ、南西ﾆ歩ｸﾄ、ホグラﾉ町がｱﾙﾜ。","[UNTRANSLATED]"
s_001531,Alshark (System disk).hdm,0x0650AC,"村ﾊ、昔ﾓ今ﾓ変ﾜﾗﾅｲ。本当ﾆ平和ﾅﾄｺﾛだﾖ。","[UNTRANSLATED]"
s_001532,Alshark (System disk).hdm,0x065413,"ヤｰクｰ老師。@私ﾀﾁが、ｺｺｦ訪ﾚﾀﾉﾊ、@他でﾓｱﾘﾏｾﾝ。0_4$","Master Yaku. We've come here for one reason."
s_001533,Alshark (System disk).hdm,0x065B48,"レバｰｦ手前ﾆ引ｲﾀ6が、何ｶｦ拒ﾑﾖｳﾆ、ｿﾚﾊ@6びｸﾄﾓｼﾅｶｯﾀ。0_4$","You pull the lever, but it refuses to budge."
s_001534,Alshark (System disk).hdm,0x065D85,"村ﾉ北西、緑光ﾉ石ｦ目指ｽﾉでｽ。","[UNTRANSLATED]"
s_001535,Alshark (System disk).hdm,0x066A32,"成長ﾉ妨げﾆﾅﾙﾄ思ｯﾃｲﾀﾝだ。@‥‥ｿﾚが、ｺﾝﾅ結果ﾆﾅﾛｳﾄﾊ‥‥0_4$","I thought it would hold them back... I never imagined this."
s_001536,Alshark (System disk).hdm,0x066AA9,"俺ﾊ、必ず父ｻﾝﾖﾘﾓ強ｲ男ﾆﾅｯﾃﾐｾﾙ。0_6静ｶﾆ、ｼｶｼ、力強ｸ、$","[UNTRANSLATED]"
s_001537,Alshark (System disk).hdm,0x066D7A,"が仲間ﾆ加ﾜｯﾀ0#K","[UNTRANSLATED]"
s_001538,Alshark (System disk).hdm,0x06877C,"分ｶｯﾀ。@要ｽﾙﾆ、イｰル王ｦ殺ｼﾁﾏｴば、ｲｲﾜｹだﾅ。@ﾔｯﾃﾔﾛｳじｬﾈｪｶ！0_4$","Got it. So all we gotta do is waste King Eele-Kose. Let's go"
s_001539,Alshark (System disk).hdm,0x06964D,"ホテルでﾉ一夜ﾊ、@46最悪でｱｯﾀ。0_4$","That was the worst night ever."
s_001540,Alshark (System disk).hdm,0x069AE9,"攻撃ｦｶﾜｽﾄ、@6レイソｰドｦ横ﾍﾅｲだ。0_6ｿﾚｦ受ｹﾃ$","He dodged, then slashed with his Raysword."
s_001541,Alshark (System disk).hdm,0x069CF2,"だが、命だｹﾊ助ｹﾃｸﾚｨ。@ﾜｼﾗﾆﾊ、ﾊﾀｻﾆｬｱﾅﾗﾝ使命がｱﾙﾝじｬ！！0?C","Just let us live! We... we have a mission to finish!"
s_001542,Alshark (System disk).hdm,0x06A794,"言ﾜﾚﾏｼﾃﾓ・・・0#Q","[UNTRANSLATED]"
s_001543,Alshark (System disk).hdm,0x06AA40,"だが俺ﾉ代ﾜﾘﾆ、ｱﾉロボットどﾓｦﾔｯﾂｹﾃｸﾚﾖ。0_4$","[UNTRANSLATED]"
s_001544,Alshark (System disk).hdm,0x06B4EE,"私ﾊ、ｺﾉ町ﾉ警備ｦザｰテ様@ｶﾗ命じﾗﾚﾃｲﾙ。","[UNTRANSLATED]"
s_001545,Alshark (System disk).hdm,0x06B52A,"達、ｺﾉ町で何ｶ問題ｦ@起ｺｼﾀﾗ、容赦ｼﾅｲｶﾗﾅ。","[UNTRANSLATED]"
s_001546,Alshark (System disk).hdm,0x06B80E,"通ﾘﾀｹﾚば、身分ｦ証明でｷﾙﾓﾉｦ見ｾﾙﾝだ！0_4$","[UNTRANSLATED]"
s_001547,Alshark (System disk).hdm,0x06B925,"今ﾊ、イｰル王が直接、統治ｻﾚﾃｲﾙﾜ。","[UNTRANSLATED]"
s_001548,Alshark (System disk).hdm,0x06D7C8,"王宮ﾊ広ｸﾃｲｶﾝ。@どｺﾆ行ｸﾉﾓ一苦労じｬﾜ。","[UNTRANSLATED]"
s_001549,Alshark (System disk).hdm,0x06E460,"ザｰテｦ捕ﾗｴﾃｸﾙﾉだ0裏切ｯﾀﾄｷﾊ、ｱﾉ女ﾉ命ﾊ@ﾅｲﾄ思ｴ！0","Bring me Zate. Betray me, and the woman dies!"
s_001550,Alshark (System disk).hdm,0x06E7B8,"分ｶﾘﾏｼﾀ。@でﾊ、ｻｯｿｸ、惑星ヒュリスﾍ向ｶｳｺﾄﾆｼﾏｽ。0_4$","Yes, sir. I'll depart for Planet Hyuris right away."
s_001551,Alshark (System disk).hdm,0x06E927,"待ﾁﾜびﾃｵｯﾀぞ。@ｼﾃ、ラミュｰﾉ手がｶﾘｦﾂｶﾑｺﾄﾊでｷﾀｶﾅ？0_4$","Ah, you've returned. What have you learned of Lamew?"
s_001552,Alshark (System disk).hdm,0x06FC04,"ドゥムナﾉ遺志ﾄｱﾚば仕方ｱﾘﾏｾﾝ。0_4$","[UNTRANSLATED]"
s_001553,Alshark (System disk).hdm,0x071568,"がﾉ帝国軍ﾓｺｺﾏでﾊ、@発見でｷﾈｪだﾛｳ。","[UNTRANSLATED]"
s_001554,Alshark (System disk).hdm,0x0729FB,"だﾖ？！@アトライアﾆ戻ｯﾃどｳｽﾝだ！0?I","Go back to the Atlia?! For what?!"
s_001555,Alshark (System disk).hdm,0x073280,"レイサイトヘルムｦ手ﾆｲﾚﾀ。0","[UNTRANSLATED]"
s_001556,Alshark (System disk).hdm,0x0732CE,"メカ修理ボックスｦ手ﾆｲﾚﾀ。0","[UNTRANSLATED]"
s_001557,Alshark (System disk).hdm,0x07354C,"辺ﾘでアイテムｦ売ｯﾃｲﾙﾉﾊ、ｺｺだｹでｽﾖ。","[UNTRANSLATED]"
s_001558,Alshark (System disk).hdm,0x0751E3,"ウェポンショップ5ｱﾘがﾄﾖ！","[UNTRANSLATED]"
s_001559,Alshark (System disk).hdm,0x075481,"ウュリアﾉ女5女だｯﾃ、酒ｦ飲ﾑﾄｷﾊｱﾘﾏｽﾜ！","[UNTRANSLATED]"
s_001560,Alshark (System disk).hdm,0x0758A4,"ライトニングボム6ｦ手ﾆｲﾚﾀ！","[UNTRANSLATED]"
s_001561,Alshark (System disk).hdm,0x075CDB,"中ｶﾗ鉱ｦ取ﾘ@出ｽﾄ、十分ﾉ一ﾓ残ﾗﾈｪだﾛｳﾅ。0_4$","Once refined, there'll be barely 10% left."
s_001562,Alshark (System disk).hdm,0x0760A3,"私が、ｵﾄﾅｼｸ君達ﾆキｰｦ@手渡ｽﾄでﾓ思ｯﾃｲﾀﾉｶ？0_4$","You thought I'd just give you the key?"
s_001563,Alshark (System disk).hdm,0x07644C,"大望ｦ‥果ﾀｽﾀﾒﾆﾊ‥‥小ｻﾅ犠牲ﾊ‥‥仕方がﾅｲ。0_4$","[UNTRANSLATED]"
s_001564,Alshark (System disk).hdm,0x076C75,"自身ﾉ声ﾓ先ﾎどﾄﾊ、6ﾏﾙで違ｯﾃｲﾀ。@6戸惑ｳ$","His voice... it wasn't his own anymore."
s_001565,Alshark (System disk).hdm,0x076D32,"ケｰスﾊ初ﾒﾃﾐﾀﾜ。@ｱﾉカｰマﾆﾓ、ﾀだﾅﾗﾇ力ｦ感じﾙﾉﾆ‥‥0_4$","I've never seen a case like this. That Karma's power was immense, but this..."
s_001566,Alshark (System disk).hdm,0x076DA2,"強ｲ力だ。@ﾏｻﾆ、宇宙ｦ滅ｽﾙｺﾄﾉ@でｷﾙ力がｺｺﾆｱﾙ！！0?I","This is it! The power to obliterate the universe!"
s_001567,Alshark (System disk).hdm,0x07C68D,"開発ﾊ、順調ﾄﾊｲｴﾝが、@必ず間ﾆ合ﾜｾﾃﾐｾﾙ。0_4$","Development's rough, but I'll make it in time."
s_001568,Alshark (System disk).hdm,0x07D0F4,"今ﾊｿﾚｼｶ手がｶﾘがﾅｲﾝだ。@何ﾄｼﾃﾓ探ｼ出ｽｼｶﾈｪだﾛ","[UNTRANSLATED]"
s_001569,Alshark (System disk).hdm,0x07D169,"クソ野郎ｦ、ボコボコﾆｲﾜｾﾃﾔﾙぜ！","[UNTRANSLATED]"
s_001570,Alshark (System disk).hdm,0x07D61E,"敵ﾉ最新鋭艦ﾉ中ﾆ突入ｼﾀﾝだｶﾗﾅ！","[UNTRANSLATED]"
s_001571,Alshark (System disk).hdm,0x07D71C,"で、スクラップﾉ補給だｹﾊ、ｼｯｶﾘｼﾄｲﾃｸﾚﾖ。","[UNTRANSLATED]"
s_001572,Alshark (System disk).hdm,0x07D8CC,"アトライアﾆ目ｦﾂｹﾙﾄﾊ、連邦ﾓﾅｶﾅｶﾔﾙじｬﾈｪｶ。0_4$","[UNTRANSLATED]"
s_001573,Alshark (System disk).hdm,0x07D97C,"嬢ﾁｬﾝ、ｳｶﾂﾅｺﾄ言ｳﾓﾝじｬﾈｪ。@ｺｺﾊ、機会がｸﾙﾉｦじｯﾄ@待ﾂﾝだ。","[UNTRANSLATED]"
s_001574,Alshark (System disk).hdm,0x07DA0E,"次第ﾆﾖｯﾁｬｱ、俺ﾓ@だﾏｯﾁｬｲﾈｪ。@ｵ嬢ﾁｬﾝ、ｿﾝ時ﾊ覚悟ｼﾄｸﾝだﾅ。","[UNTRANSLATED]"
s_001575,Alshark (System disk).hdm,0x07DCA9,"帝国ﾉ技術力ﾓﾅｶﾅｶ@ｱﾅどﾘ難ｲﾓﾉがｱﾙﾖｳじｬﾅ。","[UNTRANSLATED]"
s_001576,Alshark (System disk).hdm,0x07DE4D,"Ｇ・ナックルﾊ、@最高だぜ、ｵｲ。0_4$","Hey, this G-Knuckle is the best!"
s_001577,Alshark (System disk).hdm,0x07DF8A,"カｰマﾄｶ関係ﾅｲ。@帝国ｿﾉﾓﾉｦ絶対ﾆ倒ｻﾅｸ@ﾁｬｲｹﾅｲﾉﾖ。","[UNTRANSLATED]"
s_001578,Alshark (System disk).hdm,0x07E09D,"分ｶｯﾃﾙﾜ‥‥でﾓ、カｰマﾆ精神ｦ奪ﾜﾚﾃｼﾏｯﾃｲﾃﾓ、私ﾆﾄｯﾃﾊ、ｵ父ｻﾏﾆｶﾜﾘﾊﾅｲﾉﾖ。0_4$","[UNTRANSLATED]"
s_001579,Alshark (System disk).hdm,0x07E174,"だｼ、他ﾉカｰマﾉ邪魔が入ｯﾃﾊ、難ｼｲﾜ。0_4$","[UNTRANSLATED]"
s_001580,Alshark (System disk).hdm,0x07F5B8,"王様ｦ暗殺ｽﾙｺﾄﾆﾅﾙﾉﾖﾈｪ。@ｿﾝﾅｺﾄｼﾃ、本当ﾆ大丈夫ﾅﾉｶｼﾗ。","[UNTRANSLATED]"
s_001581,Alshark (System disk).hdm,0x07F63D,"最近、キャラクタｰ@変ﾜｯﾀﾝじｬﾅｲｶ？0_4$","You've been acting different lately."
s_001582,Alshark (System disk).hdm,0x07F68C,"俺ﾆ任ｼﾄｷﾅ。@イｰル王ﾉ側近ﾅﾝﾃ、どｳｾ@大ｼﾀｺﾀｧﾈｪﾖ。","[UNTRANSLATED]"
s_001583,Alshark (System disk).hdm,0x07FAA6,"じｬﾈｪ！@俺ﾆﾊ、ジョｰｯﾃ立派ﾅ名前が‥‥‥0_4$","It's not 'Scrap'! I've got a real name... Joe!"
s_001584,Alshark (System disk).hdm,0x07FBC2,"手ﾆｲﾚﾙﾉﾆ、@ずｲぶﾝ苦労ｼﾀﾝだｶﾗﾅ。@早ｲﾄｺ頼ﾑぜ、ｵｲ。","[UNTRANSLATED]"
s_001585,Alshark (System disk).hdm,0x07FEEB,"困ｯﾀﾓﾝだﾖﾅｧ。@父ｻﾝ達ﾆ見ﾂｶﾗﾅｲﾖｳﾆ、気ｦﾂｹﾅｲﾄ・・・","[UNTRANSLATED]"
s_001586,Alshark (System disk).hdm,0x0802BC,"ドゥムナﾊ、ｺﾉ時が@来ﾙｺﾄｦ予期ｼﾃｲﾀﾉﾈ。0_4$","So We-Dumnah knew this day would come."
s_001587,Alshark (System disk).hdm,0x0807DF,"緑光ﾉ岩ｶ。@ｿﾝﾅ所ｶﾗ、遺跡ﾆﾂﾅがｯﾄﾙﾄﾊ、夢ﾆﾓ思ﾜﾝｶｯﾀﾜｨ","[UNTRANSLATED]"
s_001588,Alshark (System disk).hdm,0x0815A4,"がｱｯﾃﾐﾛ。ステｰションごﾄ叩ｷ潰ｼﾃﾔﾙ！！","[UNTRANSLATED]"
s_001589,Alshark (System disk).hdm,0x0816D1,"だ？！ｺｿｺｿｼｬべｯﾃﾝじｬﾈｪぞ！@ｵﾏｴﾗ、ﾅﾝｶ心当ﾀﾘがｱﾙﾝじｬﾅｲだﾛｳﾅ？0_4$","What's all this whispering?! You guys better not be hiding something!"
s_001590,Alshark (System disk).hdm,0x0817D0,"以上ﾊ、開ｷ直ｯﾃ任務ｦ遂行ｽﾙｼｶﾅｲじｬﾛｳ。0_4$","[UNTRANSLATED]"
s_001591,Alshark (System disk).hdm,0x081F2C,"どﾉｫ。@ﾏｻｶ、ｺﾉ年ﾆﾅｯﾃ、マｰズﾉ歴史ｦ紐解ｸｺﾄﾆﾅﾛｳﾄﾊ思ﾜﾝｶｯﾀﾜｨ。","[UNTRANSLATED]"
s_001592,Alshark (System disk).hdm,0x0829F4,"惑星マｰズ行ｷﾉ航宙船ﾆ乗ｯﾀｯﾃﾎﾝﾄｶｼﾗ。0_4$","[UNTRANSLATED]"
s_001593,Alshark (System disk).hdm,0x0833EA,"今ﾆ艦載用ﾉ兵器ﾓ開発ｼﾃﾔﾙｶﾗ、楽ｼﾐﾆｼﾄﾚﾖ！","[UNTRANSLATED]"
s_001594,Alshark (System disk).hdm,0x083569,"惑星ティルスﾆ行ｯﾃﾐﾙｼｶﾈｪだﾛｳが！","[UNTRANSLATED]"
s_001595,Alshark (System disk).hdm,0x083828,"悩ﾝでﾙ。@ザイザｰ鉱、精錬ｽﾙﾉ難ｼｲ。","[UNTRANSLATED]"
s_001596,Alshark (System disk).hdm,0x08387F,"じ様、帰ｯﾃｷﾃｶﾗ、悩ﾐ@続ｹﾃﾙｹど、大丈夫ｶｼﾗ。","[UNTRANSLATED]"
s_001597,Alshark (System disk).hdm,0x001EB6,"ｒｍ/>が、重量オーバーでｽ。","[UNTRANSLATED]"
s_001598,Alshark (System disk).hdm,0x002005,"気合ｲ入ﾚﾃ、パワｰアップｼﾃﾔﾙｶ！","[UNTRANSLATED]"
s_001599,Alshark (System disk).hdm,0x00B028,"特殊能力ﾊ、@１度ｼｶ使用でｷﾏｾﾝ。","[UNTRANSLATED]"
s_001600,Alshark (System disk).hdm,0x00DA48,"癌ｬP監W顰!_[2","[DATA CORRUPT]"
s_001601,Alshark (System disk).hdm,0x051181,"覚ｴﾃﾙﾉ？@昔、ずｲぶﾝ一緒ﾆ遊ﾝでﾓﾗｯﾀﾉﾖ。0_4$","Don't you remember? We used to play together."
s_001602,Alshark (System disk).hdm,0x051B4A,"仕事ﾊ、カウンタｰﾉｵ姉ｻﾝﾆ聞ｲﾃﾐﾃ。","[UNTRANSLATED]"
s_001603,Alshark (System disk).hdm,0x051D6B,"私ﾊ・・・ﾓｳ・・だﾒだ。0_4$","[UNTRANSLATED]"
s_001604,Alshark (System disk).hdm,0x052B0A,"金が足ﾘﾅｲﾐﾀｲでｽｹど・・・。","[UNTRANSLATED]"
s_001605,Alshark (System disk).hdm,0x052B26,"ご用ﾉ際ﾊ、ｲﾂでﾓｵ立ﾁ寄ﾘｸだｻｲネ。","[UNTRANSLATED]"
s_001606,Alshark (System disk).hdm,0x052C6A,"残念！@ｾｯｶｸ、バイト料ｦﾊずﾓｳﾄ思ｯﾀﾉﾆﾅｧ。","[UNTRANSLATED]"
s_001607,Alshark (System disk).hdm,0x05336B,"マｰズ野郎が、俺ﾆ話ｼｶｹﾝじｬﾈｪ！","[UNTRANSLATED]"
s_001608,Alshark (System disk).hdm,0x053727,"ばｶ言ｯﾃﾝじｬﾈｪ！@俺が売人ﾆ見ｴﾙﾉｶﾖ！","[UNTRANSLATED]"
s_001609,Alshark (System disk).hdm,0x05388E,"どｳでﾓｲｲｶﾗ、早ｲﾄｺｱﾉモンスタｰどﾓｦﾉｼﾁﾏｯﾃｸﾝﾅ。","[UNTRANSLATED]"
s_001610,Alshark (System disk).hdm,0x0539AD,"マスタｰ5#P","[UNTRANSLATED]"
s_001611,Alshark (System disk).hdm,0x0539FC,"ダンサｰ5#P","[UNTRANSLATED]"
s_001612,Alshark (System disk).hdm,0x0545A4,"ばｻﾝ5主人ﾄ結婚ｼﾃ正解だｯﾀﾜ。","[UNTRANSLATED]"
s_001613,Alshark (System disk).hdm,0x05482C,"乗ｯﾃﾐﾃｪだﾛｳ？@だがﾅｧ、残念ﾅがﾗｺｺﾆﾊﾅｲﾝだ。0_4$","Bet you wanna ride it. Too bad it's not here."
s_001614,Alshark (System disk).hdm,0x054F2A,"駄目だｺﾘｬ。@ﾁｮｯﾄﾔｿｯﾄじｬ起ｷｿｳﾆﾅｲﾔ・・・0_","[UNTRANSLATED]"
s_001615,Alshark (System disk).hdm,0x055A45,"突然、１発ﾉ銃声が鳴ﾘ響ｲﾀ。0?I","Suddenly, a gunshot rang out."
s_001616,Alshark (System disk).hdm,0x05793D,"鉄屑屋5#B","[UNTRANSLATED]"
s_001617,Alshark (System disk).hdm,0x057C3B,"人ﾉ足元見ﾔがｯﾃ！ﾁｮｯﾄ高ｽぎﾔｼﾈｪｶ？0@ｵｲ、ｲｸぞ、$","[UNTRANSLATED]"
s_001618,Alshark (System disk).hdm,0x0586DF,"私ﾉｺﾉ手で、ｵﾏｴ達ﾉﾊﾗﾜﾀｦ引ｷずﾘ出ｼﾃﾔﾙﾖ。@ｿﾚｦ考ｴﾙﾄｵｶｼｸﾃﾀﾏﾗﾝﾜ。0_4$","I'll rip out your guts myself. The very thought makes me giddy."
s_001619,Alshark (System disk).hdm,0x058A33,"戦ｲﾉｻﾅｶﾆ、@3サイコシｰルド6ｦ身ﾆﾂｹﾀ。0?I","A Psycho Shield appears mid-battle!"
s_001620,Alshark (System disk).hdm,0x05A14A,"が来ﾙ前ﾊ、ｽごｸｲｲ町だｯﾀﾝだｹどﾈ。","[UNTRANSLATED]"
s_001621,Alshark (System disk).hdm,0x05A1F4,"達ｦ狙ｯﾃﾙ連中がｲｯぱｲｲﾙｶﾗ、気ｦﾂｹﾙﾝだﾖ。","[UNTRANSLATED]"
s_001622,Alshark (System disk).hdm,0x05A21B,"無法者5#B","[UNTRANSLATED]"
s_001623,Alshark (System disk).hdm,0x05A6E5,"じﾒﾆ働ｺｳﾄ思ｳﾝでｽｹど、ﾅﾝｶ仕事ﾅｲでｽｶﾈ。","[UNTRANSLATED]"
s_001624,Alshark (System disk).hdm,0x05A72C,"良ｶｯﾀﾗ、ｵ茶でﾓ飲ﾐﾅがﾗｵじｲﾁｬﾝﾄｵ話ｼｼﾃｲｯﾃｸだｻｲﾅ。","[UNTRANSLATED]"
s_001625,Alshark (System disk).hdm,0x05C5D5,"科学者5#B","[UNTRANSLATED]"
s_001626,Alshark (System disk).hdm,0x05CE86,"支給ｽﾙﾓﾉがｱﾙ。@格納庫ｦ整理ｼﾀﾏｴ。","[UNTRANSLATED]"
s_001627,Alshark (System disk).hdm,0x05D947,"金ぐﾗｲ持ｯﾃｷﾅ！@ｺﾉ大馬鹿野郎！！","[UNTRANSLATED]"
s_001628,Alshark (System disk).hdm,0x05FC3F,"娘5私、惑星マｰズﾍ勉強ｼﾆｲｸﾉﾜｸﾜｸｼﾃﾙﾉﾖ。","[UNTRANSLATED]"
s_001629,Alshark (System disk).hdm,0x0602DF,"持ﾁ物ｦ整理ｼﾀ方が良ｻｿｳだﾈｪ。","[UNTRANSLATED]"
s_001630,Alshark (System disk).hdm,0x060AB5,"亡骸ｦ抱ｷ@6ｼﾒ、咆哮ｼﾀ。0_6ｿﾉ時‥‥‥0_‥‥シ‥ン‥‥‥$","He clutched the body and roared. Then... ...Si...on..."
s_001631,Alshark (System disk).hdm,0x060C05,"頭がｲｶﾚﾁﾏｯﾀﾉｶ？0_6皆が、心配ｼﾀﾉﾓ無理ﾊﾅｲ。6ｼｶｼ、$","Has he lost it? No wonder they were worried. But,"
s_001632,Alshark (System disk).hdm,0x0624C2,"何ﾉｺﾄだｶ、ｻｯぱﾘだ。@ﾓｯﾄ、具体的ﾆ教ｴﾃｸﾚｨ。0_4$","What are you talking about? Spit it out!"
s_001633,Alshark (System disk).hdm,0x062AA6,"聞ｲﾃﾁｮｳだｲ。@今、彼ﾗﾄ戦ｯﾃﾓ、私ﾀﾁﾆ@勝ﾁ目ﾊﾅｲﾜ。0_4$","Listen to me. If we fight them now, we can't win."
s_001634,Alshark (System disk).hdm,0x062BD9,"バカﾅｺﾄｦ言ｯﾃﾊｲｹﾏｾﾝ0ｱﾅﾀﾊ今、彼ﾗﾆ全ﾃ話ｼﾃｼﾏｯﾀでﾊｱﾘﾏｾﾝｶ。0_4$","Don't be ridiculous! You just spilled everything to them."
s_001635,Alshark (System disk).hdm,0x0634E2,"数ｱﾙ本ﾉ中ｶﾗ@#P","[UNTRANSLATED]"
s_001636,Alshark (System disk).hdm,0x063554,"本でｽじｬ0#P","[UNTRANSLATED]"
s_001637,Alshark (System disk).hdm,0x063CAC,"バカ‥!言ｯﾃ‥!ﾝじｬﾅｲﾖ‥‥‥!死ﾝだｯﾃ‥!ﾃﾒｴﾉ言ｲﾅﾘﾅﾝｶﾆｬｱ‥‥!ﾅﾗﾈｴ！0_6ｿﾚｦ受ｹﾀ$","[UNTRANSLATED]"
s_001638,Alshark (System disk).hdm,0x065169,"村ｦ西ﾍ向ｶｳﾄ@コルレルﾉ村ﾖ。","[UNTRANSLATED]"
s_001639,Alshark (System disk).hdm,0x065C79,"が、ｺﾉ試練ｦクリアｼﾀ印ﾅﾝでｼｮｳ。0_4$","[UNTRANSLATED]"
s_001640,Alshark (System disk).hdm,0x0668BA,"今ｺｿサｰトスﾉ遺跡ｦ@訪ﾚﾙﾉでｽ。0_4$","Now, to the ruins of Sathos"
s_001641,Alshark (System disk).hdm,0x066A89,"名ｦ、6初ﾒﾃ呼び捨ﾃで呼ﾝだ。0_4$","The first time you said my name."
s_001642,Alshark (System disk).hdm,0x066CEE,"シャイナﾄｲｳ娘が見ﾂｹﾃｸﾚﾃ、ﾜｼﾉﾄｺﾛﾆ送ｯﾃｸﾚﾀﾄｲｳﾜｹﾖ。0_4$","[UNTRANSLATED]"
s_001643,Alshark (System disk).hdm,0x0671DE,"俺ﾊ、マｰズ人が大嫌ｲだ。","[UNTRANSLATED]"
s_001644,Alshark (System disk).hdm,0x0674F2,"ヤｰクｰ老師が道ｦ示ｼﾃｸﾚﾙｺﾄでｼｮｳ。0?C","Let Master Yaku be your guide."
s_001645,Alshark (System disk).hdm,0x068120,"達ﾉﾖｳﾅ者が立ﾁ入ﾚﾙ場所でﾊｱﾘﾏｾﾝ。","[UNTRANSLATED]"
s_001646,Alshark (System disk).hdm,0x068B62,"下賎ﾉ者が、気安ｸ話ｼｶｹﾙ@ﾝじｬﾅｲ！","[UNTRANSLATED]"
s_001647,Alshark (System disk).hdm,0x068C73,"本来ﾅﾗ、ｵﾏｴ達ﾉﾖｳﾅ者がｺｺﾆ入ﾙｺﾄﾊ許ｻﾚﾅｲﾝでｽｶﾗﾈ！","[UNTRANSLATED]"
s_001648,Alshark (System disk).hdm,0x06946A,"ごｲ、ｽｯご～ｲ！！@ｺﾝﾅ所だｯﾀﾗ、毎日でﾓ@泊ﾏﾘﾀｲﾜﾈ、$","[UNTRANSLATED]"
s_001649,Alshark (System disk).hdm,0x069524,"シングルﾉベットﾊｷﾂｸﾃ@ｼｮｳがﾈｪｶﾗﾅ！0_4$","A single bed's way too cramped!"
s_001650,Alshark (System disk).hdm,0x06A33B,"ばｱｻﾝ5ｱﾀｼﾐﾀｲﾅ年寄ﾘﾆﾊ、ｺﾉ星ﾉ環境ﾊ厳ｼｽぎﾙﾏｽﾜｲ。","[UNTRANSLATED]"
s_001651,Alshark (System disk).hdm,0x06A7EE,"バｰツｻﾝ。@ｱﾚﾅﾗ、今、ｵ届ｹﾆ上がﾛｳﾄ思ｯﾃｲﾀﾄｺﾛでｽ。0_4$","Mr. Barts. Funny you should ask, I was just heading out."
s_001652,Alshark (System disk).hdm,0x06AD04,"クレジットが足ﾘﾅｲぜ。","[UNTRANSLATED]"
s_001653,Alshark (System disk).hdm,0x06B55C,"我ﾗがｺｺｦ守ｯﾃｲﾙ限ﾘ、@ｺﾉ町ﾊ安全だ。","[UNTRANSLATED]"
s_001654,Alshark (System disk).hdm,0x06B712,"マイクロチップｦ手ﾆｲﾚﾀ。","[UNTRANSLATED]"
s_001655,Alshark (System disk).hdm,0x06C45D,"通行証ｦ持ﾀﾇ者ｦ通ｽﾜｹﾆﾊｲｶﾇ！@帰ｯﾀ、帰ｯﾀ。","[UNTRANSLATED]"
s_001656,Alshark (System disk).hdm,0x06CB68,"ユ劼咫#G","[UNTRANSLATED]"
s_001657,Alshark (System disk).hdm,0x06CBDF,"クレジットが足ﾘﾅｲﾖｳでｽﾖ。","[UNTRANSLATED]"
s_001658,Alshark (System disk).hdm,0x06CD6A,"通行証ｦｵ持ﾁでｽﾈ。@ｿﾚでﾊ、ｵ通ﾘｸだｻｲ。0?I","Your papers are in order. Go ahead."
s_001659,Alshark (System disk).hdm,0x06D0DE,"達、少ｼﾊ自分ﾉ身分ｦ@ﾜｷﾏｴﾛ。@ｻｱ、帰ｯﾀ、帰ｯﾀ。","[UNTRANSLATED]"
s_001660,Alshark (System disk).hdm,0x06D8CB,"早ｸ出ﾃｲｷﾅｻｲ。@ｺﾝﾅ所ｦ兵士ﾆ見ﾂｶｯﾀﾗ、ﾀだでﾊｽﾐﾏｾﾝﾖ。","[UNTRANSLATED]"
s_001661,Alshark (System disk).hdm,0x06E23D,"良ｶﾛｳ。@ｺﾉ件ﾊ、$
。@ｵﾏｴﾆ全ﾃ任ｾﾀぞ！0_4$
5ﾊｲ。ｱﾘがﾄｳござｲﾏｽ。0_6$
ﾊ、$","Alright. The mission's all yours. Don't let me down! / Yes, sir. Thank you."
s_001662,Alshark (System disk).hdm,0x06E70A,"ば、惑星ヒュリスﾆ向ｶｳ@ｼｶｱﾙﾏｲ。0_4$","Our only choice is Planet Hyulis."
s_001663,Alshark (System disk).hdm,0x06E962,"全ﾃ、陛下ﾉｵｶげでｽ。@ｱﾘがﾄｳござｲﾏｼﾀ。0_4$","We owe it all to you, Your Majesty."
s_001664,Alshark (System disk).hdm,0x06EBE5,"ギｰデルﾊ、ｿﾁ達ﾄ@行動ｦ共ﾆｽﾙﾄｲｳﾉじｬﾅ。0_4$","So, Duke Giedel will accompany you?"
s_001665,Alshark (System disk).hdm,0x06F3E6,"アルシャｰクが母星ﾉ@ｺﾄﾖ。0_4$","Alshark is our homeworld."
s_001666,Alshark (System disk).hdm,0x07185D,"渡ｽ物がｱﾙｶﾗ、ﾏず荷物ｦ@整理ｼﾃｸﾚ。","[UNTRANSLATED]"
s_001667,Alshark (System disk).hdm,0x0732A8,"キャンプセットｦ手ﾆｲﾚﾀ。0","[UNTRANSLATED]"
s_001668,Alshark (System disk).hdm,0x0732F5,"超電磁フィｰルドｦ手ﾆｲﾚﾀ。0","[UNTRANSLATED]"
s_001669,Alshark (System disk).hdm,0x0734AD,"ゾリアスﾉ子供5ｵ父ｻﾝﾆ会ｲﾀｲﾖｫ。","[UNTRANSLATED]"
s_001670,Alshark (System disk).hdm,0x07381A,"不思議ﾅ力ｦ使ｳｿｳﾅﾉで気ｦﾂｹﾃｸだｻｲﾖ。","[UNTRANSLATED]"
s_001671,Alshark (System disk).hdm,0x073888,"待ｯﾃﾛﾖ。@何ｶデｰタが残ｯﾃｲﾅｲｶ調べﾃﾐﾙ。0?C","Hold on. I'll see if there's any data left."
s_001672,Alshark (System disk).hdm,0x073921,"アトライアﾆ戻ｯﾃ、研究ｼﾃﾐﾙｶ。0_6$","[UNTRANSLATED]"
s_001673,Alshark (System disk).hdm,0x074CDE,"惑星サｰタリアﾍ@行ｯﾃﾐﾙｼｶﾅｲだﾛｳﾅ。","[UNTRANSLATED]"
s_001674,Alshark (System disk).hdm,0x07572C,"２人ﾄﾓｺｺﾏでｸﾚば、ｱﾄﾊ6意地だｹだ！@06負ｹﾙﾅ、$","You've both come so far! It's all guts now!"
s_001675,Alshark (System disk).hdm,0x07625D,"彼ｺｿカｰマﾖ‥‥‥）0#Z","[UNTRANSLATED]"
s_001676,Alshark (System disk).hdm,0x076BFF,"強烈ﾅ精神波動ﾆ@6身震ｲｼﾀ。0_4$","Such a powerful psychic wave..."
s_001677,Alshark (System disk).hdm,0x07827F,"闇商人5#B","[UNTRANSLATED]"
s_001678,Alshark (System disk).hdm,0x07C454,"情報屋ﾉ話ﾊ、@ﾏﾙｷﾘ信憑性がﾅｲﾉｫ。","[UNTRANSLATED]"
s_001679,Alshark (System disk).hdm,0x07C798,"頑張ﾙ。@アトライア、負ｹﾅｲ！","[UNTRANSLATED]"
s_001680,Alshark (System disk).hdm,0x07CAF1,"アトライアﾆ戻ｯﾀﾗ、俺ﾉ所ﾆｷﾃｸﾚﾔ。","[UNTRANSLATED]"
s_001681,Alshark (System disk).hdm,0x07D069,"で、ｸﾖｸﾖｼﾃﾃﾓｼｮｳがﾈｪだﾛｳが！ｻｯｻﾄ引ｷ上げﾙぞ。","[UNTRANSLATED]"
s_001682,Alshark (System disk).hdm,0x07D9CC,"野郎、ﾅﾆ考ｴﾃﾔがﾝだｶ、俺が確ｶﾒﾃﾔﾙ！","[UNTRANSLATED]"
s_001683,Alshark (System disk).hdm,0x07DEE7,"バイデンﾉｺﾄが何ｶ分ｶﾙｶﾓｼﾚﾅｲﾅ。@ﾖｼ、行ｯﾃﾐﾙｶ。","[UNTRANSLATED]"
s_001684,Alshark (System disk).hdm,0x07ED90,"死ﾇｺﾄﾊﾅｲじｬﾛ。@ﾄﾆｶｸ、ノｰザンﾉ砦ﾆ戻ｯﾃ待ｯﾃﾐﾙｼｶﾅｲﾜｨ。","[UNTRANSLATED]"
s_001685,Alshark (System disk).hdm,0x07FD2F,"ラミュｰﾊ肉体ﾄ共ﾆ@滅ｽﾙ法ﾄｲｯﾃｲﾀﾅ。0_4$","He said the power dies with the body."
s_001686,Alshark (System disk).hdm,0x07FE0C,"チッ、ﾔｯぱﾘ、変ﾅ野郎だぜ。0_4$","[UNTRANSLATED]"
s_001687,Alshark (System disk).hdm,0x080222,"彼ﾅﾗ、ｺﾉ時が来ﾙｺﾄｦ予期ｼﾃｲﾀﾊずだﾓﾉ。","[UNTRANSLATED]"
s_001688,Alshark (System disk).hdm,0x080362,"早ｸﾓ、１人目ﾉ脱落者がでﾀﾄｲｳﾜｹﾈ。","[UNTRANSLATED]"
s_001689,Alshark (System disk).hdm,0x080448,"想像以上ﾆ、苦戦ｦ強ｲﾗﾚｿｳだﾜ。","[UNTRANSLATED]"
s_001690,Alshark (System disk).hdm,0x080753,"ヤｰクｰ老師ﾉ元ﾍ行ｷ、全ﾃｦ話ｼﾃﾓﾗｲﾏｼｮｳ。","[UNTRANSLATED]"
s_001691,Alshark (System disk).hdm,0x081086,"が嫌だｯﾀﾗ、銃ﾉ練習でﾓｼﾃｵｸﾝだﾅ！0_4$","[UNTRANSLATED]"
s_001692,Alshark (System disk).hdm,0x0813BF,"達がぐずぐず@ｼﾃﾔがﾙｶﾗ、ｺﾝﾅｺﾄﾆ@ﾅｯﾁﾏｳﾝだﾖ！0_4$","This is what happens when you drag your feet!"
s_001693,Alshark (System disk).hdm,0x081ADE,"惑星マｰズﾆ行ｹﾙﾉがｲﾔﾆｳﾚｼｿｳだｯﾀが、@ﾅﾝｶｱﾙﾉｶ？0_4$","He seemed awfully happy about going to Mars. Why?"
s_001694,Alshark (System disk).hdm,0x082914,"じｻﾏｯﾃ、ﾅﾝｶﾄｯﾂｷﾆｸｸｯﾃ・・・@でﾓ、面白ｲ人ﾖﾈ。","[UNTRANSLATED]"
s_001695,Alshark (System disk).hdm,0x082AAF,"俺が、惑星マｰズﾍ連ﾚﾃ行ｯﾃﾔﾙﾜｨ。","[UNTRANSLATED]"
s_001696,Alshark (System disk).hdm,0x083593,"で、次ｶﾗ次ｶﾗ、面倒ﾅ@ｺﾄﾆ巻ｷ込ﾏﾚﾁﾏｳﾝだﾖ！","[UNTRANSLATED]"
s_001697,Alshark (System disk).hdm,0x08379D,"ジョｰﾉ野郎が呼ﾝでﾙぜ。","[UNTRANSLATED]"
s_001698,Alshark (System disk).hdm,0x001D5E,"アイテムがｲｯぱｲだ！","[UNTRANSLATED]"
s_001699,Alshark (System disk).hdm,0x001E2F,"特殊能力ｦ使ｳｺﾄがでｷﾅｲ。","[UNTRANSLATED]"
s_001700,Alshark (System disk).hdm,0x0020A9,"重ｲﾓﾝ ｶﾂｲで行ける@ﾜｹﾅｲじｬﾛが！","[UNTRANSLATED]"
s_001701,Alshark (System disk).hdm,0x00A3BE,"スクラップが足ﾘﾅｲ！","[UNTRANSLATED]"
s_001702,Alshark (System disk).hdm,0x00EA34,"右>凝&#E^","[UNTRANSLATED]"
s_001703,Alshark (System disk).hdm,0x017555,"じｬｱ、@>>>>>>>>>ｦ格納庫ｶﾗ@搬出ｼﾃｵｸぞ。","OK, getting the >>>>>>>>> from the hangar."
s_001704,Alshark (System disk).hdm,0x01A5CE,"凝&#E^亀^","[UNTRANSLATED]"
s_001705,Alshark (System disk).hdm,0x01A5DA,"右^凝&#E","[UNTRANSLATED]"
s_001706,Alshark (System disk).hdm,0x0519A6,"どｳｼﾀ？@顔色が悪ｲぜ。@何ｶｱｯﾀﾉｶ？","[UNTRANSLATED]"
s_001707,Alshark (System disk).hdm,0x051D2E,"ぜ・・ｺｺﾆ・・・・。0_4$","[UNTRANSLATED]"
s_001708,Alshark (System disk).hdm,0x0527EB,"買ｳﾆﾊ、稼ぎが必要だﾅ！！","[UNTRANSLATED]"
s_001709,Alshark (System disk).hdm,0x0528CB,"所持金が足ﾘﾅｲﾖｳでｽが。","[UNTRANSLATED]"
s_001710,Alshark (System disk).hdm,0x05292C,"でﾊ、ｵ部屋ﾉ方ﾆご案内ｲﾀｼﾏｽ。0?C","Right this way to your room."
s_001711,Alshark (System disk).hdm,0x052B47,"未成年ﾉ飲酒ﾊ、禁じﾗﾚﾃｲﾏｽﾖ。","[UNTRANSLATED]"
s_001712,Alshark (System disk).hdm,0x053564,"久ｼぶﾘじｬﾅｲｶ。@今日ﾊ、何ｶ飲ﾑｶｨ？0_4$","Long time no see. What'll you have?"
s_001713,Alshark (System disk).hdm,0x0536FE,"じｻﾝ5ﾊｧ～ﾝ？@キドゥンﾅﾝﾃ知ﾗﾈｪﾝだﾖ。","[UNTRANSLATED]"
s_001714,Alshark (System disk).hdm,0x0539ED,"酔ｯぱﾗｲ5#P","[UNTRANSLATED]"
s_001715,Alshark (System disk).hdm,0x054342,"無法者5ｺﾝﾅ星で足止ﾒｸﾗｳﾄﾊ、ﾂｲﾃﾈｪﾔ。","[UNTRANSLATED]"
s_001716,Alshark (System disk).hdm,0x054870,"実ﾊ、ｺｺｶﾗ北ﾆｲｯﾀ所ﾆｱﾙ廃坑ﾆ隠ｼﾃｱﾙﾝだ。0_4$","[UNTRANSLATED]"
s_001717,Alshark (System disk).hdm,0x05504E,"壁越ｼﾆ、微ｶﾆ話ｼ声が聞ｺｴ6ﾃｸﾙ。0_4$","Muffled voices from the next room."
s_001718,Alshark (System disk).hdm,0x0582FD,"恐ﾚﾃｲﾀ遺志ｦ継ぐ者ｶｨ。@ｱｱ、ﾖ～ｸ聞ｲﾃｲﾙﾄﾓ。0_4$","The heir I feared... Yes, I've heard of you."
s_001719,Alshark (System disk).hdm,0x0595B8,"手ｦｵｲﾀ。0_6ｿﾉ掌が、青ﾉ粉で彩ﾗﾚﾙ。0_4$","His hand was coated in blue dust."
s_001720,Alshark (System disk).hdm,0x05A3D7,"少女5#B","[UNTRANSLATED]"
s_001721,Alshark (System disk).hdm,0x05A458,"じｬﾈｪﾖ！@どぶネズミが！！@$","[UNTRANSLATED]"
s_001722,Alshark (System disk).hdm,0x05A5C0,"頼ﾑ。全部ｼｬべｯﾀﾝだｶﾗ、見逃ｼﾃｸﾚ。0_4$","[UNTRANSLATED]"
s_001723,Alshark (System disk).hdm,0x05A7C5,"がﾄｳ。@ｱﾅﾀ達ﾉｵｶげで、ｺﾉ町ﾓ@平和ﾆﾅﾘﾏｽﾈ。","[UNTRANSLATED]"
s_001724,Alshark (System disk).hdm,0x05ABB8,"話ｽｳﾁﾆ、ｿﾚﾏで@6心ﾆ張ﾘﾂﾒﾃｲﾀﾓﾉが切ﾚﾀ6ﾉだﾛｳ。$","As he spoke, something inside him broke."
s_001725,Alshark (System disk).hdm,0x05AC07,"どｳｼﾁﾏｯﾀｯﾃﾝでｨ。@男ﾉ子が泣ｸﾓﾝじｬﾈｪﾔﾅ。0_4$","Hey, what's with the waterworks? Toughen up!"
s_001726,Alshark (System disk).hdm,0x05B289,"若者5#B","[UNTRANSLATED]"
s_001727,Alshark (System disk).hdm,0x05B4A2,"だｯﾃﾝだ。@ｺﾝﾅｺﾄｼﾃ、ﾀだでｽﾑﾄでﾓ思ｯﾃﾔがﾙﾉｶ？！0_4$","What the--! You think you can get away with this?!"
s_001728,Alshark (System disk).hdm,0x05B65A,"でﾓ気軽ﾆご利用ｸだｻｲ。","[UNTRANSLATED]"
s_001729,Alshark (System disk).hdm,0x05B8BD,"どｳｶｼﾀﾝでｽｶじｬﾈｪ！@ｵ嬢ﾁｬﾝが居ﾅｸﾅｯﾁﾏｯﾀﾝだﾖ！！0_4$","'What's wrong?' What's WRONG?! The girl is gone!"
s_001730,Alshark (System disk).hdm,0x05BACF,"がだﾈ。@ｿﾉ調子で頑張ﾝﾅﾖ。","[UNTRANSLATED]"
s_001731,Alshark (System disk).hdm,0x05BAE9,"ヨッ、大統領！！@寄ｯﾃｲｯﾃ下ｻｲﾖ！","[UNTRANSLATED]"
s_001732,Alshark (System disk).hdm,0x05C49B,"勤務中ﾅﾝだ。@ｽﾏﾅｲｹど、話ｼｶｹﾅｲでｸﾚ。","[UNTRANSLATED]"
s_001733,Alshark (System disk).hdm,0x05C57F,"新入ﾘｦ案内ｼﾃﾙﾝでﾈ。@失礼ｻｾﾃﾓﾗｳﾖ。","[UNTRANSLATED]"
s_001734,Alshark (System disk).hdm,0x05D918,"じｬｱ、１１００クレジットﾆ@ｼﾃﾔﾙﾖ。@ｺﾚﾅﾗｲｲだﾛ？","[UNTRANSLATED]"
s_001735,Alshark (System disk).hdm,0x05DB33,"バッカ野郎！！！@ﾉﾝびﾘｼﾃﾝじｬﾈｪ！）0_4$","You idiot! We don't have time for this!"
s_001736,Alshark (System disk).hdm,0x05DC39,"チッ、面倒ﾅｺﾄﾆﾅﾙ前ﾆ@行ｸぞ！！0?I","Tch! Let's go. This'll be a pain."
s_001737,Alshark (System disk).hdm,0x05E479,"可能性ﾊ、十分ﾆ考ｴﾗﾚﾙじｬﾛｳﾅ。0_4$","[UNTRANSLATED]"
s_001738,Alshark (System disk).hdm,0x05E9AB,"刻Δ咫#P","[UNTRANSLATED]"
s_001739,Alshark (System disk).hdm,0x0603E2,"残念じｬが、ｱﾚﾊ１個ｼｶ持ｯﾄﾗﾝﾉじｬ。","[UNTRANSLATED]"
s_001740,Alshark (System disk).hdm,0x060CA3,"心ｦ。@決ｼﾃ、悲ｼﾏﾅｲで。@私ﾊ、ｲﾂﾓｱﾅﾀﾄ一緒ﾆｲﾙﾜ。0_6ｿｼﾃ、$","Don't be sad. I'm always here, in your heart."
s_001741,Alshark (System disk).hdm,0x061537,"マｰズ連邦ﾆﾊ、ｺﾝﾅ大ｷﾅ@酒場ﾊﾅｶｯﾀﾛｳ？！","[UNTRANSLATED]"
s_001742,Alshark (System disk).hdm,0x061626,"人ﾉ噂ﾅﾝﾃ、所詮、ｲｲ加減ﾅﾉﾓﾉだﾜﾅｧ。","[UNTRANSLATED]"
s_001743,Alshark (System disk).hdm,0x0618D1,"ウュリアﾉ男5ｼ、死ﾇﾉﾊｲﾔだｧ～！！","[UNTRANSLATED]"
s_001744,Alshark (System disk).hdm,0x061B08,"頬ｦﾂﾀｳ涙ｦ親指で6ﾇぐｲ去ｯﾀ。0_4$","He brushed away her tears."
s_001745,Alshark (System disk).hdm,0x062499,"何ﾉｺﾄだ・・・？@何ﾅﾝだ？$","[UNTRANSLATED]"
s_001746,Alshark (System disk).hdm,0x062693,"ハッ！ばｶばｶｼｲ。@で、何ｦｼﾆｷﾀﾄｲｳﾝだ。0_4$","Hah! Ridiculous. What's your business here?"
s_001747,Alshark (System disk).hdm,0x0627EA,"信じﾗﾚﾅｲﾉﾓ無理ﾊｱﾘﾏｾﾝ。ｼｶｼ、ｺﾚﾊ本当ﾉｺﾄﾅﾉでｽ。0_4$","[UNTRANSLATED]"
s_001748,Alshark (System disk).hdm,0x0629FB,"彼ﾉ精神ﾊ、カｰマﾄ融合ｼﾃｲﾙﾜ。0_4$","[UNTRANSLATED]"
s_001749,Alshark (System disk).hdm,0x062B14,"ハッ！ばｶばｶｼｲ。@ｿﾝﾅｺﾄ・・・0_4$","Hah! Don't make me laugh."
s_001750,Alshark (System disk).hdm,0x062B71,"何ｦ相談ｼﾃｲﾙﾉでｽｶ。@ｻｱ、一緒ﾆ来ﾃﾓﾗｲﾏｼｮｳｶ。0_4$","Whatever you're plotting, it's over. Come along."
s_001751,Alshark (System disk).hdm,0x062D6E,"アルシャｰク。@今回ﾊ、ﾔﾗﾚﾀｺﾄﾆｼﾃｵｲﾃﾔﾛｳ。0_4$","Alshark. You got lucky this time."
s_001752,Alshark (System disk).hdm,0x063AEB,"だが、ｿﾚﾓ今日ﾏでﾉｺﾄ。@ｵﾓｼﾛｲ物ｦ見ｾﾃﾔﾛｳ！0_6$","But that ends today! Now for a real treat!"
s_001753,Alshark (System disk).hdm,0x064449,"今日ﾊ、ﾋﾄｯプロ浴びﾃ、ﾕｯｸﾘ寝ﾙﾄｽﾙｶ。0_4$","[UNTRANSLATED]"
s_001754,Alshark (System disk).hdm,0x0644F3,"今日ﾊ、１日中歩ｷﾄｵｼﾃ、ｽごｸ疲ﾚﾁｬｯﾀ。0_4$","[UNTRANSLATED]"
s_001755,Alshark (System disk).hdm,0x06471B,"娘5ホグラﾉ町ﾍﾖｳｺｿ。0@ｺﾚ、何ﾄﾅｸ使ｯﾃﾐﾀｶｯﾀﾉﾖﾈ。","Welcome to Hogura! ...Always wanted to say that."
s_001756,Alshark (System disk).hdm,0x0659FA,"仕方がｱﾘﾏｾﾝ。@上で待ｯﾃｲﾃｸだｻｲ。0_4$","Alright. I'll meet you upstairs."
s_001757,Alshark (System disk).hdm,0x065C32,"達ﾉ手ﾊ、緑色ﾉ粉で@6彩ﾗﾚﾃｲﾀ。0_4$","Green dust coated their hands."
s_001758,Alshark (System disk).hdm,0x0660B7,"で、俺がｺﾝﾅ所で待ｯﾃ@ﾅｸﾁｬｲｹﾈｪﾝだﾖ！@ﾁｸｼｮｳ！！","[UNTRANSLATED]"
s_001759,Alshark (System disk).hdm,0x067657,"気ｦﾂｹﾃ。@ｺﾉ先ﾆﾊ、ガスが立ﾁｺﾒﾃ@ｲﾙﾖｳだﾜ。0_4$","Be careful. There's a thick gas up ahead."
s_001760,Alshark (System disk).hdm,0x0678D6,"掌が、銀色ﾉ粉で彩ﾗﾚ6ﾙ。0_6$","The palm is dusted silver."
s_001761,Alshark (System disk).hdm,0x06792A,"男ﾅﾗ、ｺｺが正念場だぞ！","[UNTRANSLATED]"
s_001762,Alshark (System disk).hdm,0x0679D5,"渡ｽ物がｱﾙｶﾗ、持ﾁ物ｦ整理ｼﾛ。","[UNTRANSLATED]"
s_001763,Alshark (System disk).hdm,0x068BE7,"尻込ﾐｼﾃ、逃げ帰ｯﾃ来ﾙﾝ@じｬﾅｲﾖ！","[UNTRANSLATED]"
s_001764,Alshark (System disk).hdm,0x06A92C,"どﾅ。0@ﾖｼｯ、俺ﾆﾏｶｾﾄｷﾅ。@ｺﾉ裏で待ｯﾃﾃｸﾚ。@ｲｲ物ｦ持ｯﾃｷﾃﾔﾙﾖ！0?I","Alright, leave it to me. Wait back here. I'll bring ya the goods!"
s_001765,Alshark (System disk).hdm,0x06B99F,"町ﾉ執政ﾊ、イｰル王がｽﾙﾖｳﾆﾅﾙﾗｼｲ。","[UNTRANSLATED]"
s_001767,Alshark (System disk).hdm,0x06CBBE,"クレジットﾊどｳｼﾀﾝだ？！","[UNTRANSLATED]"
s_001768,Alshark (System disk).hdm,0x06CDB2,"ミｰア5#B","[UNTRANSLATED]"
s_001769,Alshark (System disk).hdm,0x06E7F2,"じｬ。@ギｰデル、餞別ｦ渡ｼﾃﾔﾚ。0_4$
5ﾊｯ！0_6$","Giedel, a parting gift. Yes, sir!"
s_001770,Alshark (System disk).hdm,0x06F6FE,"バカﾅ‥‥0#P","[UNTRANSLATED]"
s_001771,Alshark (System disk).hdm,0x06FC8A,"が、ドゥムナﾉ遺志ﾄｲｳ@ﾓﾉ。0_4$","But it is We-Dumnah's will."
s_001772,Alshark (System disk).hdm,0x070114,"達が利用でｷﾙﾄｺﾛでﾊﾅｲ！@ｻｯｻﾄ帰ﾚ！","[UNTRANSLATED]"
s_001773,Alshark (System disk).hdm,0x0704A2,"ドックﾉ利用ﾊ、ｲﾂでﾓ@でｷﾏｽｶﾗﾈ。","[UNTRANSLATED]"
s_001774,Alshark (System disk).hdm,0x0705B7,"操作ﾉ邪魔だ！@話ｼｶｹﾅｲでｸﾚ！","[UNTRANSLATED]"
s_001775,Alshark (System disk).hdm,0x0706FA,"兵士5#U","[UNTRANSLATED]"
s_001776,Alshark (System disk).hdm,0x0714B9,"素性ﾉﾊｯｷﾘｼﾈｪ野郎ｦ通ｽｺﾀｧでｷﾈｪﾝだ。","[UNTRANSLATED]"
s_001777,Alshark (System disk).hdm,0x071547,"以外ﾆﾓ、地下室がｱﾙﾗｼｲぜ。","[UNTRANSLATED]"
s_001778,Alshark (System disk).hdm,0x0715FC,"で、どﾝﾅ情報が欲ｼｲﾝだ？?N","[UNTRANSLATED]"
s_001779,Alshark (System disk).hdm,0x071B9F,"デュｰク、ｱﾝﾀﾓ物好ｷﾈｪ。一銭ﾆﾓﾅﾗﾅｲｺﾄｦ‥‥","[UNTRANSLATED]"
s_001780,Alshark (System disk).hdm,0x071E76,"Ｚ２５４恒星系ﾊ、今ｶﾅﾘ手薄ﾆﾅｯﾃｲﾙﾗｼｲぜ。","[UNTRANSLATED]"
s_001781,Alshark (System disk).hdm,0x0743A0,"バｰテン5ｲﾗｯｼｬｲ。@ﾄﾊ言ｯﾃﾓ、ｺｺﾆﾊﾛｸﾅ物がｱﾘｬｼﾈｪが‥‥","[UNTRANSLATED]"
s_001782,Alshark (System disk).hdm,0x0746B1,"だが、ｿﾚﾓｺｺﾏでﾖ。0_4ビｰスト・$","[UNTRANSLATED]"
s_001783,Alshark (System disk).hdm,0x07537A,"バｰテン5ｵ客ｻﾝ、ｺﾉ町ﾊ、初ﾒﾃでｽｶ？","[UNTRANSLATED]"
s_001784,Alshark (System disk).hdm,0x07541C,"酔ｯぱﾗｲ5#B","[UNTRANSLATED]"
s_001785,Alshark (System disk).hdm,0x075794,"酔ｯぱﾗｲ5ヘッ、腰抜ｹが！！","[UNTRANSLATED]"
s_001786,Alshark (System disk).hdm,0x075990,"ウュリアﾉ貴族5ﾔﾊﾘ、だﾒｶ。","[UNTRANSLATED]"
s_001787,Alshark (System disk).hdm,0x076173,"思念が、6警告ｦ告げﾙ。0_4$","A vision... a warning."
s_001788,Alshark (System disk).hdm,0x07C2A0,"強力ﾅ砲が必要だ。@ﾅﾝﾄｶｼﾈｪﾄ‥‥","[UNTRANSLATED]"
s_001789,Alshark (System disk).hdm,0x07C5F0,"アトライアﾆ戻ﾙぞ！0_4$","[UNTRANSLATED]"
s_001790,Alshark (System disk).hdm,0x07C65F,"が相手ﾄﾅﾙﾄｽごｸ不安だﾜ。","[UNTRANSLATED]"
s_001791,Alshark (System disk).hdm,0x07D4DD,"白兵戦ﾉ準備ﾆ取ﾘｶｶﾙぞ。","[UNTRANSLATED]"
s_001792,Alshark (System disk).hdm,0x07D641,"急ぐﾝだ。@残ｻﾚﾀ時間ﾊ少ﾅｲ。","[UNTRANSLATED]"
s_001793,Alshark (System disk).hdm,0x07DA49,"俺ﾉ宇宙船ﾆ乗ｯﾀﾗ、病ﾐﾂｷﾆﾅｯﾁﾏｳぜ。0_4$","[UNTRANSLATED]"
s_001794,Alshark (System disk).hdm,0x07DBFB,"能書ｷﾀﾚﾃﾙ暇がｱｯﾀﾗ、@ｻｯｻﾄ造ﾘｬｱｲｲだﾛｳが！0_4$","Quit your yappin' and get to work!"
s_001795,Alshark (System disk).hdm,0x07DF1C,"私‥‥絶対ﾆ帝国ﾉﾔﾘ方ｦ許ｾﾅｲﾜ。0_4$","[UNTRANSLATED]"
s_001796,Alshark (System disk).hdm,0x07E95D,"対策ﾊ練ｯﾀ方が良ｻ@ｿｳだﾅ。ﾓｼﾓ、$","[UNTRANSLATED]"
s_001797,Alshark (System disk).hdm,0x07E97E,"が、戦ｴﾅｸﾅｯﾀﾗ、苦戦ﾅﾝﾃﾓﾉじｬ済ﾏﾅｸﾅﾙぞ。0_4$","[UNTRANSLATED]"
s_001798,Alshark (System disk).hdm,0x07F20C,"マｰズﾆ属ｽﾙ宇宙港ﾆｼﾃﾓ@ｿｳだ。0_4$","It's the same at Mars's ports."
s_001799,Alshark (System disk).hdm,0x07F511,"ジジイﾄﾏで言ｳｺﾀｧﾈｪだﾛｳが！0_4$","[UNTRANSLATED]"
s_001800,Alshark (System disk).hdm,0x07F799,"で追ｲ込ﾑ奴がｲﾙﾄﾊ、思ﾜﾅｶｯﾀだｹﾖ。","[UNTRANSLATED]"
s_001801,Alshark (System disk).hdm,0x07FE47,"でｷﾀﾗ、後ﾊ暴ﾚﾙだｹ暴ﾚﾙｼｶﾈｪだﾛｳが！@ｴ？$","[UNTRANSLATED]"
s_001802,Alshark (System disk).hdm,0x07FEBA,"俺ﾊ、腕ｦ磨ｸｺﾄだｹｦ考ｴﾖｳ。@今ﾊｿﾚｼｶﾅｲﾝだ。","[UNTRANSLATED]"
s_001803,Alshark (System disk).hdm,0x07FF54,"コスマﾉ町ﾆ戻ｯﾃ、母ｻﾝﾆｺﾉｺﾄｦ話ｿｳ。","[UNTRANSLATED]"
s_001804,Alshark (System disk).hdm,0x080667,"俺が、遺志ｦ継ぐ者？0_4$","[UNTRANSLATED]"
s_001805,Alshark (System disk).hdm,0x0808CE,"喧嘩ｼﾃﾙｹど、２人ﾄﾓ@ﾎﾝﾄﾊ仲がｲｲﾝじｬﾅｲ？0_4$","You two bicker, but you're friends, right?"
s_001806,Alshark (System disk).hdm,0x080B6C,"だｹど、ﾎﾝﾄﾆｺﾉ力ｦ使ｲ@ｺﾅｽｺﾄがでｷﾙﾉだﾛｳｶ。","[UNTRANSLATED]"
s_001807,Alshark (System disk).hdm,0x080C06,"じ様ｯﾃ、見ｶｹﾆﾖﾗず、@人脈がｱﾙﾉﾈ。0_4$","The old man's surprisingly connected."
s_001808,Alshark (System disk).hdm,0x080EAA,"考ｴﾃﾝだｶ！@どｳｾ、ﾔﾛｳﾄ考ｴﾃﾙｺﾄﾊ同じﾅﾝだﾛ？0_4$","What's to think about? We want the same thing!"
s_001809,Alshark (System disk).hdm,0x0814BB,"が！@ｻｯｻﾄポｰキンﾉ町ﾍ行ｸぞ！","[UNTRANSLATED]"
s_001810,Alshark (System disk).hdm,0x0814D7,"トｰミュﾉ野郎。@ｷﾀﾈｪ手ﾂｶｲﾔがｯﾃ。0_4$","Tomyu, that scum... what a low blow."
s_001811,Alshark (System disk).hdm,0x081913,"フン、ｱﾝﾅザコ。@簡単ﾆﾋﾈﾘ潰ｼﾃﾔﾙﾖ！0_4$","Hmph. These chumps? I'll crush 'em!"
s_001812,Alshark (System disk).hdm,0x081978,"鉱山ﾆｿﾉ秘密が隠ｻﾚﾃﾙﾝでｼｮｳﾈ。","[UNTRANSLATED]"
s_001813,Alshark (System disk).hdm,0x08199A,"鉱山ﾉ中ｦｼﾗﾐﾂぶｼﾆ調査ｽﾙぞ！","[UNTRANSLATED]"
s_001814,Alshark (System disk).hdm,0x081BA6,"達ﾊ、ｻｯｿｸビデオレタ6ｰｦ見ﾃﾐﾙｺﾄﾆｼﾀ。0_6$","They watched the video letter right away."
s_001815,Alshark (System disk).hdm,0x082697,"ぐだぐだ言ｯﾃﾈｪで、@ｻｯｻﾄ歩ｶﾈｪｶ！","[UNTRANSLATED]"
s_001816,Alshark (System disk).hdm,0x0832FA,"アトライア、発進ｼﾏｽ。0?I","Atlia, all systems go."
s_001817,Alshark (System disk).hdm,0x083AE4,"威力ﾊ保証付ｷだぜ。","[UNTRANSLATED]"
s_001818,Alshark (System disk).hdm,0x001E98,"何ﾓアイテムｦ持ｯﾃｲﾏｾﾝ。","[UNTRANSLATED]"
s_001819,Alshark (System disk).hdm,0x001F29,"レベルアップ！！1@0$","Level Up!!"
s_001820,Alshark (System disk).hdm,0x0175A5,"じｬｲ。@格納でｷﾙﾖｳﾅﾓﾝﾊ、持ｯﾄ@ﾗﾝじｬﾅｲｶ。","[UNTRANSLATED]"
s_001821,Alshark (System disk).hdm,0x051308,"１８ﾆﾓﾅｯﾃ子供扱ｲｼﾃｸﾚﾙﾝだｶﾗ、失礼ｼﾁｬｳﾜ。0_4$","[UNTRANSLATED]"
s_001822,Alshark (System disk).hdm,0x0515D9,"じｬｱ、決ﾏﾘﾈ。0@ﾅﾆ、どｳｼﾀﾉ・・・？0_4$","Then it's settled. ...What's the matter?"
s_001823,Alshark (System disk).hdm,0x05163B,"大丈夫ﾖ。ﾎﾗ・・・。0_4$","[UNTRANSLATED]"
s_001824,Alshark (System disk).hdm,0x051D51,"早ｸ手当ｦｼﾅｲﾄ・・・。0_4$","[UNTRANSLATED]"
s_001825,Alshark (System disk).hdm,0x05289B,"町ﾆｱﾙ街灯ﾉ数ﾊｲｸﾂだﾄ思ｳ？","[UNTRANSLATED]"
s_001826,Alshark (System disk).hdm,0x0529F6,"ジェｰン5ｱﾗ、何ｶ御用ｶｼﾗ？","[UNTRANSLATED]"
s_001827,Alshark (System disk).hdm,0x052BEF,"ぱﾘ、ジュｰスﾊ、3生1ﾆ限ﾙﾅ！","[UNTRANSLATED]"
s_001828,Alshark (System disk).hdm,0x052E94,"廳3カン詰ﾒ1ｦ届ｹﾃｸﾚﾀﾝじｬﾅｶｯﾀﾉｶｲ？","[UNTRANSLATED]"
s_001829,Alshark (System disk).hdm,0x052EBF,"カン詰ﾒ1届ｹﾃｸﾚﾃ、どｳﾓｱﾘがﾄｳ。","[UNTRANSLATED]"
s_001830,Alshark (System disk).hdm,0x0531FC,"じｬｱ、コスマﾉ町ﾆ戻ｯﾃﾐﾏｼｮｳ。","[UNTRANSLATED]"
s_001831,Alshark (System disk).hdm,0x053547,"俺ﾊ、情報屋じｬﾈｪﾝだﾖ！！","[UNTRANSLATED]"
s_001832,Alshark (System disk).hdm,0x05359B,"ハッ！@ガキﾆ教ｴﾙｺﾄﾅﾝざ１ﾂﾓﾈｪﾖ！！","[UNTRANSLATED]"
s_001833,Alshark (System disk).hdm,0x0537C8,"惑星がどｳﾅﾛｳﾄ、@俺ﾉ知ｯﾀｺｯﾁｬﾈｪﾖ。","[UNTRANSLATED]"
s_001834,Alshark (System disk).hdm,0x053F2D,"持ﾁ物がｲｯぱｲﾐﾀｲだぜ。","[UNTRANSLATED]"
s_001835,Alshark (System disk).hdm,0x054D06,"だﾄ！@間違ｲﾅｲﾝだﾅ、二人ﾄﾓ。0_4$","You're sure? Both of you?"
s_001836,Alshark (System disk).hdm,0x0553F0,"パパ・・・どｳｼﾁｬｯﾀﾉ？0_6$","[UNTRANSLATED]"
s_001837,Alshark (System disk).hdm,0x055426,"が現ﾚ6ﾀ。ｿﾉ顔ﾊ、不安ﾆ包ﾏﾚﾃｲ6ﾙ。0_4$","He appeared, looking deeply troubled."
s_001838,Alshark (System disk).hdm,0x0558F9,"ゾリアス兵5ｵｯﾄ、銃ﾊｼﾏｯﾃｵｲﾃｸﾚﾖ。0_6ｼｶｼ、$","Zolius Soldier: Easy now. No need for guns."
s_001839,Alshark (System disk).hdm,0x055E0F,"一歩前ﾆ進ﾐ出ﾙﾄ@6名ｦﾅﾉｯﾀ。ｼｶｼ、$","[UNTRANSLATED]"
s_001840,Alshark (System disk).hdm,0x0568C6,"だ、ｺｲﾂﾊ‥‥。@ﾅﾝで、ｿﾝﾅｺﾄﾏで聞ｷﾔがﾙﾝだ？）0_4$","(Blast it... Why does he need to know that?)"
s_001841,Alshark (System disk).hdm,0x0571C1,"兵士5ﾅﾝだ？俺ﾆ何ｶﾖｳがｱﾙﾉｶ","[UNTRANSLATED]"
s_001842,Alshark (System disk).hdm,0x057398,"ＦＲＡＭＥ＆ＥＮＧＩＮＥ5ｻﾃ、どﾉﾖｳﾅパｰツがｵ好ﾐでｼｮｳｶ？0?N","FRAME & ENGINE: So, what kind of parts are you looking for?"
s_001843,Alshark (System disk).hdm,0x0576E4,"ばｻﾝ5実際、宇宙ｯﾃﾉﾊ、ﾄ～ｯﾃﾓ広ｲﾓﾉﾖﾈｪ。","[UNTRANSLATED]"
s_001844,Alshark (System disk).hdm,0x057B6D,"でﾊ、ｵ部屋ﾆご案内ｲﾀｼﾏｼｮｳ。0?C","Right this way to your room."
s_001845,Alshark (System disk).hdm,0x05857C,"手で、ｿｺﾆｲﾙ連中ｦ片づｹﾃｵｼﾏｲ！0_4$","[UNTRANSLATED]"
s_001846,Alshark (System disk).hdm,0x05871F,"ヒャｰッハッ！！@ｻｱ、誰ｶﾗﾆｼﾖｳｶﾈｪ。0?C","Gwahaha! Now, who wants to die first?"
s_001847,Alshark (System disk).hdm,0x058A04,"精神波ﾊ、私ﾆ@通用ｼﾅｲﾖ！！0_4$","Your mind tricks won't work!"
s_001848,Alshark (System disk).hdm,0x058ACD,"ビュｰドスﾉキｰ6ｦ手ﾆｲﾚﾀ。","[UNTRANSLATED]"
s_001849,Alshark (System disk).hdm,0x059530,"でｲﾜﾚﾝでﾓ。0@・・・ｺｺでﾏｯﾄﾙﾖ。0?C","You don't gotta tell me. I'll wait."
s_001850,Alshark (System disk).hdm,0x05A057,"ポｰキンマｰト5ｲﾗｯｼｬｲﾏｾ～。@何ﾆﾅｻｲﾏｽｶ？0?N","Welcome to Porkin Mart! What'll it be?"
s_001851,Alshark (System disk).hdm,0x05A26D,"者ﾄﾊ商売ｼﾅｲｺﾄﾆｼﾃﾝだ。@他ｦ当ﾀｯﾃｸﾚ。","[UNTRANSLATED]"
s_001852,Alshark (System disk).hdm,0x05A355,"ハッ！ｺﾝﾅﾄｺﾛﾏで、ﾉｺﾉｺ来ﾔがｯﾃ！！@ｵｲ、ｺｲﾂﾗｦｶﾜｲがｯﾃﾔﾝﾅ！！0?F","Hah! Look what the cat dragged in! Boys, show 'em a good time!"
s_001853,Alshark (System disk).hdm,0x05A3B5,"頼ﾑﾖ、何ﾄｶｼﾃ、ｱﾉ連中ｦ追ｲ出ｼﾃｸﾚ！","[UNTRANSLATED]"
s_001854,Alshark (System disk).hdm,0x05A949,"だ。@ｵﾒｪ達ﾐﾃｪﾅ、坊ﾁｬﾝ、嬢ﾁｬﾝﾆ知合ｲﾊ、ｲﾈｪﾔ。0_4$","I don't know any pampered brats like you."
s_001855,Alshark (System disk).hdm,0x05B0B2,"アイテム屋5ｲﾗｯｼｬｲﾏｾ～。@何ﾆﾅｻｲﾏｽｶ。0?N","Item Shop! Welcome! What can I get you?"
s_001856,Alshark (System disk).hdm,0x05C3D3,"ど、ｵ目付ｹﾅﾗﾇ、監視役ﾄｲｳﾜｹｶ。0_4$","[UNTRANSLATED]"
s_001857,Alshark (System disk).hdm,0x05C860,"君達ﾉ活躍ｦ期待ｼﾃｲﾙ。","[UNTRANSLATED]"
s_001858,Alshark (System disk).hdm,0x05C9A5,"兵士5どｳぞ、ｵ通ﾘｸだｻｲ。","[UNTRANSLATED]"
s_001859,Alshark (System disk).hdm,0x05CAC6,"取引ﾆでﾓ使ｵｳﾄｼﾃｲﾀﾉでﾊﾅｲだﾛｳｶ。0_4$","[UNTRANSLATED]"
s_001860,Alshark (System disk).hdm,0x05D628,"チッ、ﾏｧﾀ、ゾリアスｶｨ。0_4$","[UNTRANSLATED]"
s_001861,Alshark (System disk).hdm,0x05D81B,"チッ、ﾏﾀ、ガキどﾓﾉｵ守ﾘｯﾃﾜｹｶ。0_4$","[UNTRANSLATED]"
s_001862,Alshark (System disk).hdm,0x05E096,"ハッ！@貴様ﾗがｺｺﾏでﾔﾙﾄﾊﾅ。0_4$","Hmph! You're better than I thought."
s_001863,Alshark (System disk).hdm,0x05E0D5,"どｳｶﾅ。@貴様ﾗﾆﾊ、ｺｺで死ﾝでﾓﾗｳ0?F","It's over. Now you die"
s_001864,Alshark (System disk).hdm,0x05E240,"怪ｼｲ動ｷがｱｯﾀﾗ、ｽぐﾆ連絡ｼﾏｽﾜ。","[UNTRANSLATED]"
s_001865,Alshark (System disk).hdm,0x05E52E,"任務、ご苦労ｻﾏでｽ。","[UNTRANSLATED]"
s_001866,Alshark (System disk).hdm,0x05EA6B,"どｳｼﾀﾉ、冴ｴﾅｲ顔ｼﾃ。@ﾏﾙで、通夜ﾐﾀｲﾖ。0?C","What's wrong? This isn't a funeral."
s_001867,Alshark (System disk).hdm,0x05ECB9,"でｽﾈ。@私がｲﾃﾊ、足手ﾏﾄｲﾆﾅﾘｶﾈﾅｲでｼｮｳｼ。0_4$","You're right. I'd only slow you down."
s_001868,Alshark (System disk).hdm,0x0604EC,"モンスタｰどﾓﾊ、ｺｺｶﾗﾜｷ出ｼﾃｲﾙﾄｲｳﾜｹｶ。0_4$","[UNTRANSLATED]"
s_001869,Alshark (System disk).hdm,0x0606F0,"所ﾆﾓ抜ｹ道がｱﾙﾐﾀｲだぞ。","[UNTRANSLATED]"
s_001870,Alshark (System disk).hdm,0x060EA9,"カｰマﾆﾄﾘﾂｶﾚﾀ兵士達ﾆ@6向ｹﾗﾚﾙ。0_4$","The possessed soldiers take aim..."
s_001871,Alshark (System disk).hdm,0x061384,"若者5ﾓｳ、勉強、勉強ｯﾃ、ｳﾙｻｲﾖﾅｧ、ｯﾀｸ。","[UNTRANSLATED]"
s_001872,Alshark (System disk).hdm,0x061A52,"抱ｷﾂｸﾄ6大声ｦｱげﾃ泣ｷじｬｸｯﾀ。0@6ｿﾉ$","She hugged him and burst into tears."
s_001873,Alshark (System disk).hdm,0x061B28,"安心ｼﾃ、俺ﾊ平気だｶﾗ。0@ｶｱｻﾝﾊ‥‥0_6$","Don't worry, I'm okay. But Mom..."
s_001874,Alshark (System disk).hdm,0x062A7C,"が制ｼﾀ。@6ｿｼﾃ、小声でｼｬべﾘｶｹﾙ。0_4$","But he stopped them and whispered..."
s_001875,Alshark (System disk).hdm,0x063299,"じｲｻﾝ5ｺｺﾊ本当ﾆｲｲ町じｬぞ。","[UNTRANSLATED]"
s_001876,Alshark (System disk).hdm,0x063B1A,"得体ﾉ知ﾚﾅｲ機械6ｦﾄﾘだｼﾀ。0_4$","He pulled out a weird gadget."
s_001877,Alshark (System disk).hdm,0x063D38,"ば、俺ﾉ指先でﾋﾈﾘ潰ｼﾃｸﾚﾖｳｶ！！0_6$","[UNTRANSLATED]"
s_001878,Alshark (System disk).hdm,0x064475,"ば、ｵじ様ｯﾃ、ｵ風呂ﾆｱﾝﾏﾘ入ﾘﾏｾﾝﾈ。0_4$","[UNTRANSLATED]"
s_001879,Alshark (System disk).hdm,0x0651C7,"老師ﾊ、ｿﾉ奥ﾉ家ﾆ住ﾝでｵﾗﾚﾙ。","[UNTRANSLATED]"
s_001880,Alshark (System disk).hdm,0x065A83,"旧式ﾉ@マシンじｬﾈｪｶ。0_4$","This thing's an antique!"
s_001881,Alshark (System disk).hdm,0x065C12,"だｧ、何ｶ変ﾅ粉が手ﾆﾂｲ@ﾁｬｯﾀ！0_6$","Gah! Weird powder on my hand!"
s_001882,Alshark (System disk).hdm,0x065CF4,"試練ｦ突破ｽﾙｺﾄがでｷﾀﾜ。0_4$","[UNTRANSLATED]"
s_001883,Alshark (System disk).hdm,0x0665D7,"本当ﾆﾖｸ効ｸ薬草ﾅﾝでｽﾖ。","[UNTRANSLATED]"
s_001884,Alshark (System disk).hdm,0x066B54,"落ﾁ込ﾝでﾃﾓｼｮｳがﾈｪﾔ！！@ｺﾝﾅ時ﾉﾀﾒﾆﾄｯﾃｵｲﾀ、ﾜｼﾉﾄｯﾃｵｷｦ見ｾﾃﾔﾛｳ0_6ｿｳｲｳﾄ、$","No use mopin' around! I've got just the thing for a time like this"
s_001885,Alshark (System disk).hdm,0x0672ED,"方ﾅﾗ、ｷｯﾄ@成ｼ遂げﾗﾚﾙｺﾄﾄ信じﾃ@ｵﾘﾏｽﾖ。0?C","I have no doubt you'll succeed."
s_001886,Alshark (System disk).hdm,0x0675E5,"が近づｸﾄ突然@6襲ｲｶｶｯﾃｷﾀ。0?F","It lunged without warning!"
s_001887,Alshark (System disk).hdm,0x0676BB,"２人ﾄﾓｺｺで待ｯﾃｲﾙﾝだ。俺がｲｯﾃｸﾙ！0_4$","[UNTRANSLATED]"
s_001888,Alshark (System disk).hdm,0x0676F9,"１人だｹ、行ｶｾﾙﾅﾝﾃｺﾄがでｷﾙﾄ思ｯﾃ？0_4$","[UNTRANSLATED]"
s_001889,Alshark (System disk).hdm,0x0681AF,"皇太子ﾉ御前でｽﾖ！@ﾋｶｴﾅｻｲ！","[UNTRANSLATED]"
s_001890,Alshark (System disk).hdm,0x068ABD,"通行許可証ｦ手ﾆｲﾚﾀ。0?I","Got a Passage Permit!"
s_001891,Alshark (System disk).hdm,0x068C2E,"ザｰテ様ﾊ、首ｦ長ｸｼﾃｵ待ﾁﾆﾅｯﾃｵﾗﾚﾏｽ。","[UNTRANSLATED]"
s_001892,Alshark (System disk).hdm,0x068D27,"早ｸ。@ザｰテ様ﾓｵ待ﾁｶﾈでｼｮｳ。","[UNTRANSLATED]"
s_001893,Alshark (System disk).hdm,0x0694E5,"ケチﾅﾝだｶﾗ！@ｵ金ﾅﾗ、ﾀｸｻﾝ持ｯﾃﾙ@でｼｮｯ！0_4$","Quit being a cheapskate! You're rolling in it!"
s_001894,Alshark (System disk).hdm,0x069B5D,"髪6ﾉ先端が、焦げﾃｲﾀ。0_6$","Its hair-tips are singed."
s_001895,Alshark (System disk).hdm,0x06AB29,"今度、ﾕｯｸﾘ酒でﾓ@飲ﾓｳぜ。","[UNTRANSLATED]"
s_001896,Alshark (System disk).hdm,0x06B967,"ザｰテ様ﾓバカﾅｺﾄｦｼﾀﾓﾉだ。","[UNTRANSLATED]"
s_001897,Alshark (System disk).hdm,0x06B980,"今でﾊ、牢獄ﾆ閉じｺﾒﾗﾚﾃｲﾙﾗｼｲ。","[UNTRANSLATED]"
s_001898,Alshark (System disk).hdm,0x06CFC0,"レジットﾊどｳｼﾀﾝだ？！","[UNTRANSLATED]"
s_001899,Alshark (System disk).hdm,0x06D131,"不届ｷ者が！@成敗ｼﾃｸﾚﾙ！！0?F","Insolent cur! I'll end you!"
s_001900,Alshark (System disk).hdm,0x06D70F,"達ﾉﾖｳﾆ自由ﾆ生ｷﾗ@ﾚﾙ奴ﾗがｳﾗﾔﾏｼｲﾖ。","[UNTRANSLATED]"
s_001901,Alshark (System disk).hdm,0x06D733,"何だｯﾃ？@ｺﾉ歳ﾆﾅﾙﾄ、耳が遠ｸﾅｯﾃｲｶﾝﾜｨ。","[UNTRANSLATED]"
s_001902,Alshark (System disk).hdm,0x06D8AE,"勝手ﾆｺﾝﾅ所ﾆ入ｯﾃｺﾅｲでﾁｮｳだｲ！","[UNTRANSLATED]"
s_001903,Alshark (System disk).hdm,0x06DAF8,"王が、ｵ待ﾁｶﾈだ。@早ｸ行ｹ。","[UNTRANSLATED]"
s_001904,Alshark (System disk).hdm,0x06E72E,"惑星ヒュリス？0_4$","[UNTRANSLATED]"
s_001905,Alshark (System disk).hdm,0x06EADE,"分ｶﾘﾏｼﾀ。@一度、足ｦ運ﾝでﾐﾙｺﾄﾆｼﾏｽ。0_4$","All right. I'll go take a look."
s_001906,Alshark (System disk).hdm,0x06EB39,"戦場で会ｳﾄｷﾓｱﾛｳ。ｿﾉ時ﾏで。0","[UNTRANSLATED]"
s_001907,Alshark (System disk).hdm,0x06ECFB,"だ？勝手ﾆ入ｯﾃ来ﾙﾝじｬﾅｲ！","[UNTRANSLATED]"
s_001908,Alshark (System disk).hdm,0x06F038,"驚ｲﾀ。@ｺﾝﾅ所ﾆ人が訪ﾈﾃｸﾙﾄﾊ…0_6驚ｲﾀﾉﾊ、$","Well, I'll be. A visitor, way out here..."
s_001909,Alshark (System disk).hdm,0x06F274,"主ﾊ、ラルアﾉ戦士ｶ。0_4$","[UNTRANSLATED]"
s_001910,Alshark (System disk).hdm,0x06FD3C,"宝珠ﾊ、大切ﾅﾓﾉじｬｶﾗｲﾂﾓ持ｯﾃｵｸﾖｳﾆﾅ。","[UNTRANSLATED]"
s_001911,Alshark (System disk).hdm,0x070D66,"俺ﾓｿﾛｿﾛノｰザンﾉ砦ﾆ戻ﾙﾄｽﾙｶﾅ。","[UNTRANSLATED]"
s_001912,Alshark (System disk).hdm,0x07189E,"情報ﾊ早ｽぎﾙﾖｳだぜ。","[UNTRANSLATED]"
s_001913,Alshark (System disk).hdm,0x071B7F,"新ｼｲ情報が入ｯﾀﾗ@教ｴﾃﾔﾙﾖ。","[UNTRANSLATED]"
s_001914,Alshark (System disk).hdm,0x072285,"スイッチｦ起動ｼﾀ！","[UNTRANSLATED]"
s_001915,Alshark (System disk).hdm,0x073193,"ウィｰガｰ装甲ｦ手ﾆｲﾚﾀ！0?I","Obtained Wieger Armor!"
s_001916,Alshark (System disk).hdm,0x073213,"格納庫がｲｯぱｲだｯﾀ！！06$","[UNTRANSLATED]"
s_001917,Alshark (System disk).hdm,0x073A75,"Ｇ・ナックル6ｦ手ﾆｲﾚﾀ！0_4$","You got the G-Knuckle"
s_001918,Alshark (System disk).hdm,0x073B81,"ロックｦ解除ｽﾙぞ。!!","[UNTRANSLATED]"
s_001919,Alshark (System disk).hdm,0x07462F,"司令室ﾍﾉ橋がｶｶｯﾀﾊｽだ！","[UNTRANSLATED]"
s_001920,Alshark (System disk).hdm,0x0755E2,"酔ｯぱﾗｲﾉ飲ﾐｸﾗべ6が始ﾏｯﾀ！！0_4$","The drunks' drinking match is on!"
s_001921,Alshark (System disk).hdm,0x075672,"額ﾆ汗が浮ｷ始ﾒﾀ。0@6少ｼ、$","He's starting to sweat..."
s_001922,Alshark (System disk).hdm,0x075CA6,"慌ﾃﾙﾝじｬﾈｪﾖ！@見ﾂｹﾀﾄｲｯﾃﾓ、ｺｲﾂﾊ@原石だ。0_4$","Easy there! He's got potential, but he's raw."
s_001923,Alshark (System disk).hdm,0x076E41,"願ﾜｸば、我ﾆｿﾉ力ｦ@与ｴ給ｴ。0?F","I pray, grant me this power!"
s_001924,Alshark (System disk).hdm,0x07837C,"闇商人5ｲﾂでﾓ、待ｯﾃﾙぜ。","[UNTRANSLATED]"
s_001925,Alshark (System disk).hdm,0x078396,"闇商人5金がﾅｷｬ、話ﾆﾅﾗﾈｪﾅ。","[UNTRANSLATED]"
s_001926,Alshark (System disk).hdm,0x07C6F4,"ヘルバスタｰｦ忘ﾚﾙﾅﾖ。","[UNTRANSLATED]"
s_001927,Alshark (System disk).hdm,0x07C8B6,"倒ｽ。@ボルアﾉキｰｦ手ﾆｲﾚﾙ！","[UNTRANSLATED]"
s_001928,Alshark (System disk).hdm,0x07CA2D,"惑星ビュｰドスﾍ@ｲｸ！！","[UNTRANSLATED]"
s_001929,Alshark (System disk).hdm,0x07CC22,"ばｧ～ｶ、縁起でﾓﾅｲｺﾄ言ｳﾝじｬﾅｲﾖ！！","[UNTRANSLATED]"
s_001930,Alshark (System disk).hdm,0x07D126,"が同行ｼﾃｸﾚﾙﾄﾊ、ﾅﾝﾄﾓ心強ｲじｬﾈｪｶ！","[UNTRANSLATED]"
s_001931,Alshark (System disk).hdm,0x07D935,"だｶﾗ、ｺｺﾊ軍ｦ利用ｽﾙﾉﾓ１ﾂﾉ手だﾜﾅ。","[UNTRANSLATED]"
s_001932,Alshark (System disk).hdm,0x07E211,"チッ、ﾏｯﾀｸ、聞ｲﾃﾗﾝﾈｪﾖ‥‥ｵ父ｻﾏだ、ｶｱｻﾝだ？ｿﾝﾅﾓﾉﾊ‥‥0_4$","[UNTRANSLATED]"
s_001933,Alshark (System disk).hdm,0x07E256,"生ｲ立ﾁｯﾃﾅｧ、聞ｲﾀｺﾄがﾅｶｯﾀﾅ。@ﾓｼ良ｶｯﾀﾗ、聞ｶｾﾃｸﾚﾔ0_4$","You know, I never asked about your past. Care to share?"
s_001934,Alshark (System disk).hdm,0x07E2F5,"だ。@ｲﾂｶﾊ、話ｻﾈばﾅﾗﾅｲﾄ@思ｯﾃｲﾀ。@だｶﾗ、聞ｲﾃｸﾚ。0_6$","I knew I'd have to talk about it someday. So, listen up."
s_001935,Alshark (System disk).hdm,0x07EB95,"言ｯﾃﾝでｽｶ。@ｲざｯﾃ時ﾆﾊ、ﾐﾝﾅが助ｹﾃｸﾚﾏｽﾖ。0_4$","Don't say that! We'll all help you out."
s_001936,Alshark (System disk).hdm,0x07EEF2,"君、ｲﾛｲﾛ迷惑ｦｶｹﾃｼﾏｯﾀﾖｳだﾈ。@本当ﾆｽﾏﾅｲｺﾄｦｼﾀ。0_4$","I've been a real burden. Please, forgive me."
s_001937,Alshark (System disk).hdm,0x07F4F0,"呆ﾚﾀジジイだぜ。0_4$","[UNTRANSLATED]"
s_001938,Alshark (System disk).hdm,0x07F535,"だ！@ザｰテﾉ所ﾍ行ｯﾃﾐﾙﾝだﾖ！","[UNTRANSLATED]"
s_001939,Alshark (System disk).hdm,0x07F55B,"世話ﾔｶｾﾔがｯﾃ、情ｹﾈｪｵｯｻﾝだぜ。0_4$","[UNTRANSLATED]"
s_001940,Alshark (System disk).hdm,0x080337,"戦ｳｺﾄｼｶﾄﾘｴがﾅｲｸｾﾆ、肝心ﾅﾄｷﾆ役ﾆ@立ﾀﾝ！","[UNTRANSLATED]"
s_001941,Alshark (System disk).hdm,0x0803FC,"残ｻﾚﾀ試練ﾊｱﾄ２ﾂ。@どﾝﾅｺﾄｦｼﾃﾓ、ｺﾚｦ乗ﾘ越ｴﾅｸﾃﾊ。","[UNTRANSLATED]"
s_001942,Alshark (System disk).hdm,0x080470,"３人ﾆﾅｯﾁｬｯﾀﾉﾈ。@私、ｽごｸ不安だﾜ。","[UNTRANSLATED]"
s_001943,Alshark (System disk).hdm,0x080497,"どｳでﾓｲｲｹど、ｺﾉ掌ﾆﾂｲﾀ粉、何ﾄｶﾅﾗﾅｲﾉｶｼﾗ。","[UNTRANSLATED]"
s_001944,Alshark (System disk).hdm,0x0805F7,"最後ﾉ試練ﾈ。@ﾖｰｼ、頑張ﾙﾜﾖ。","[UNTRANSLATED]"
s_001945,Alshark (System disk).hdm,0x0809A6,"マント、@ｽごｸ似合ｯﾃﾙﾜﾖ。0_4$","That cape looks great on you."
s_001946,Alshark (System disk).hdm,0x080A5B,"氷ﾆ阻ﾏﾚﾀ、過酷ﾅ星じｬｶﾗﾉｫ。","[UNTRANSLATED]"
s_001947,Alshark (System disk).hdm,0x0810AE,"で、どﾉ辺ｶﾗ調査ｽﾙﾝでｽｶ？0_4$","[UNTRANSLATED]"
s_001948,Alshark (System disk).hdm,0x0811E1,"ハッ、バカバカｼｲ！0_4$","[UNTRANSLATED]"
s_001949,Alshark (System disk).hdm,0x081368,"俺ﾉﾔﾘ方ｦﾖ～ｸ見ﾃ、勉強ｽﾙﾝだﾅ！","[UNTRANSLATED]"
s_001950,Alshark (System disk).hdm,0x081440,"チッ、ｳﾙｾｪﾝだﾖ！@ｺﾉクソ爺ｲ！！0_4$","Tch, shut your trap, you old coot"
s_001951,Alshark (System disk).hdm,0x0815F2,"一時ﾊどｳﾅﾙｶﾄ思ｯﾀｹど、ﾐﾝﾅｱﾘがﾄｳ。","[UNTRANSLATED]"
s_001952,Alshark (System disk).hdm,0x081D7A,"早ｸダイナﾉ村ﾍ行ｷﾏｼｮｳ！","[UNTRANSLATED]"
s_001953,Alshark (System disk).hdm,0x082887,"最近、独ﾘ言が増ｴﾀｶﾅ。","[UNTRANSLATED]"
s_001954,Alshark (System disk).hdm,0x083451,"じ様が自慢ｽﾙﾉﾓｳﾅずｹﾙﾜ。","[UNTRANSLATED]"
s_001955,Alshark (System disk).hdm,0x00202A,"ぼﾜｼが天才でﾓ、ｺﾚ以上ﾉレベルアップﾊ不可能じｬﾜｲ","[UNTRANSLATED]"
s_001958,Alshark (System disk).hdm,0x01734F,"恒星名@所属国@敵戦力@惑星数  >衛星数","STAR / NATION / ENEMY / PLANETS >MOONS"
s_001959,Alshark (System disk).hdm,0x0175CE,"じｬｱ、@>>>>>>>>>ｦ格納庫ﾆ@ｼﾏｯﾃｵｸぞ。","Alright, >>>>>>>>> goes in the hangar."
s_001960,Alshark (System disk).hdm,0x0176E8,"造ｯﾀ>>>>>>>>>ﾊ、@格納庫ﾆｼﾏｯﾃｵｸぞ！","Your new >>>>>>>>> is in the hangar!"
s_001961,Alshark (System disk).hdm,0x0184BF,"ラッセルガイヤーに接舷、@これより白兵戦に突入します","[UNTRANSLATED]"
s_001965,Alshark (System disk).hdm,0x051212,"喜ぶだﾛｳ。0@じｬｱ、行ｯﾃｸﾙﾖ。0?I","She's gonna love this. See ya."
s_001966,Alshark (System disk).hdm,0x05129F,"昨日ﾉ隕石ﾊｽごｶｯﾀﾜﾈ。0_4$","[UNTRANSLATED]"
s_001967,Alshark (System disk).hdm,0x051966,"一緒ﾆ母ｻﾝｦ探ｼﾆ行ｺｳｶ。0_4$","[UNTRANSLATED]"
s_001968,Alshark (System disk).hdm,0x052725,"バｰテン5何ｶ、ｵ飲ﾐﾆﾅﾘﾏｽｶ？?N","What'll it be?"
s_001969,Alshark (System disk).hdm,0x0528B7,"レベルｦ上げﾅｷｬﾅ。","[UNTRANSLATED]"
s_001970,Alshark (System disk).hdm,0x052E72,"忙ｼｿｳﾆ見ｴﾃ、実ﾊ暇だｯﾀﾘｽﾙﾉﾖﾈ。","[UNTRANSLATED]"
s_001971,Alshark (System disk).hdm,0x052EE3,"便利ﾅ世ﾉ中ﾆﾅｯﾀﾓﾝだﾈｪ。","[UNTRANSLATED]"
s_001972,Alshark (System disk).hdm,0x0531CA,"離ﾚﾙﾄｼﾖｳ。ﾓｼｶｽﾙﾄ、奴ﾗが戻ｯﾃｸﾙｶﾓ知ﾚﾅｲ。0_4$","[UNTRANSLATED]"
s_001973,Alshark (System disk).hdm,0x0536D1,"だ？ｺｺﾊ、ｵﾏｴﾗﾉﾖｳﾅ連中ﾉｸﾙﾄｺﾛじｬﾈｪ！0@帰ﾝﾅ。","[UNTRANSLATED]"
s_001974,Alshark (System disk).hdm,0x054397,"若者5ｵﾈがｲだｧ～。@早ｸｼﾃｸﾚｰ！！","[UNTRANSLATED]"
s_001975,Alshark (System disk).hdm,0x056F73,"間ﾆ、戦力ｦ蓄ｴﾙｺﾄだ。0?C","We must build our power."
s_001976,Alshark (System disk).hdm,0x0571DC,"女5ｻ～ｱ、今日ﾓ稼ぐﾜﾖｫ！","[UNTRANSLATED]"
s_001977,Alshark (System disk).hdm,0x057441,"ミュントス人5マｰズ人達が、ﾔｯﾃ来ﾙ以前ﾊｺﾉ惑星ﾆﾊ我々ﾉ祖先が栄ｴﾃｲﾀﾄｲｳが‥‥","[UNTRANSLATED]"
s_001978,Alshark (System disk).hdm,0x0581EF,"私ﾉ待ﾂ祭壇ﾍ来ﾙﾉでｽ!サンタナ神ﾍﾉ生ｹﾆｴﾄｼﾃ、ｵﾏｴ達ﾉ血ｦ祭壇ﾆ捧げﾙﾀﾒﾆ‥‥0_4$","[UNTRANSLATED]"
s_001979,Alshark (System disk).hdm,0x058385,"思念が6強ｸ語ﾘｶｹﾃｷﾀ。0_4$","A powerful mental cry..."
s_001980,Alshark (System disk).hdm,0x058425,"どｺﾏで堪ｴﾙｺﾄがでｷﾙｶｼﾗﾈｪ。0_6$","[UNTRANSLATED]"
s_001981,Alshark (System disk).hdm,0x058443,"が、精神ｦ集中ｽﾙ。0?I","Focusing my mind..."
s_001983,Alshark (System disk).hdm,0x05A231,"組織ﾆ逆ﾗｯﾃ生ｷﾃﾗﾚﾙﾄ思ｯﾃﾝﾉｶ？","[UNTRANSLATED]"
s_001984,Alshark (System disk).hdm,0x05A2C1,"出ﾃｲｯﾃｸだｻｲ。迷惑ﾅﾝでｽ。","[UNTRANSLATED]"
s_001985,Alshark (System disk).hdm,0x05A70B,"分ｶﾗﾅｲｺﾄがｱｯﾀﾗ、@何でﾓ聞ｲﾃｸﾚﾖﾅ。","[UNTRANSLATED]"
s_001986,Alshark (System disk).hdm,0x05B2C8,"女ﾉ子5湖ﾆ沿ｯﾃ南ﾆ歩ｲﾀ後、東ﾍ少ｼ行ｸﾄポｰキンﾉ町がｱﾙﾉﾖ","[UNTRANSLATED]"
s_001987,Alshark (System disk).hdm,0x05B7DB,"金持ｯﾃﾅｲﾉ？@ﾁｮｯﾄ勘弁ｼﾃｸだｻｲﾖ。","[UNTRANSLATED]"
s_001988,Alshark (System disk).hdm,0x05BBC1,"がだﾅ。@ｳﾜｻ通ﾘﾉｲｲ腕ｼﾃﾙぜ。","[UNTRANSLATED]"
s_001989,Alshark (System disk).hdm,0x05BCB2,"名前だｯﾀﾊずだ。0_4$","[UNTRANSLATED]"
s_001990,Alshark (System disk).hdm,0x05C212,"通常、ｱﾉﾖｳﾅ密造艦ﾊ発見ｻﾚｼだｲ破壊ｻﾚﾃｼﾏｳﾓﾉでｿﾉ乗組員ﾆｲﾀｯﾃﾊ、厳重ﾅ処罰ｦ受ｹﾙﾄｺﾛだが‥‥0_4$","[UNTRANSLATED]"
s_001991,Alshark (System disk).hdm,0x05C82B,"加減ﾆｼﾛ。@早ｸ、行ｸぞ！！","[UNTRANSLATED]"
s_001992,Alshark (System disk).hdm,0x05CC81,"活躍が見ﾗﾚﾙﾝでｽﾓﾉ。0_4$","[UNTRANSLATED]"
s_001993,Alshark (System disk).hdm,0x05D69D,"何ｼﾛ、奴ﾗﾊ軍事国家だｶﾗﾅ0ｲｶﾆ、科学力でマｰズが勝ﾙﾄﾊ言ｯﾃﾓ、総合的ﾅ戦闘力でﾊﾏだﾏだ・・・0_4$","They're a military state. Our tech is better, but their war machine is something else..."
s_001994,Alshark (System disk).hdm,0x05D977,"休暇ﾊ、ｵ楽ｼﾐﾆﾅﾚﾏｼﾀｶ0ｱﾗ、ｿﾁﾗﾉ女性ﾊ？@$","[UNTRANSLATED]"
s_001995,Alshark (System disk).hdm,0x05E16B,"悪ｲが、ｺｺで死ﾝでﾓﾗｵｳ。0?F","Sorry, but you die now."
s_001996,Alshark (System disk).hdm,0x05E3D4,"連中、ﾅﾝで@ｵ嬢ﾁｬﾝｦｻﾗｯﾀﾝだ？0_4$","Why'd they snatch the girl?"
s_001997,Alshark (System disk).hdm,0x05E454,"ゾリアスだｯﾃ？！@ｯﾃｺﾄﾊ、ﾓｼｶｼﾃ0_4$","Zolius?! Wait a sec... could it be?"
s_001998,Alshark (System disk).hdm,0x05E655,"びﾘ構ｴﾃﾗﾚﾙﾉﾓ今ﾉｳﾁだｹだ。","[UNTRANSLATED]"
s_001999,Alshark (System disk).hdm,0x05E95C,"ワンプシャｰﾉ司政官5ゾリアス軍が完全ﾆ居ﾅｸﾅﾚばｺﾉ町ﾆﾓ昔ﾉ活気が戻ｯﾃｸﾙﾉだが‥‥","[UNTRANSLATED]"
s_002000,Alshark (System disk).hdm,0x05F5D5,"ウュリアﾉ貴族5マｰズ連邦ﾓ聞ｷｼﾆ勝ﾙ繁栄ぶﾘじｬが、我ﾗが主星ウュルトリアﾆﾊ、ﾏだﾏだ及ばﾝﾃ・・・","[UNTRANSLATED]"
s_002001,Alshark (System disk).hdm,0x05F7B7,"惑星ザジル@惑星ステア@惑星ジュｰク@ﾔﾒﾙ","Zajil, Stea, Juke... Cancel"
s_002002,Alshark (System disk).hdm,0x0604B4,"右がﾜﾆﾓ抜ｹ道がｱﾙﾐﾀｲﾖ。","[UNTRANSLATED]"
s_002003,Alshark (System disk).hdm,0x060822,"誰が私ｦ殺ｽﾝだ？@$","[UNTRANSLATED]"
s_002004,Alshark (System disk).hdm,0x06097A,"で@6抵抗ｽﾙｺﾄがでｷﾅｶｯﾀ。0_6$","Resistance was futile."
s_002005,Alshark (System disk).hdm,0x060B88,"だ、ｿﾉ声が@6聞ｺｴ続ｹﾃｲﾀ。0_$","But the voice wouldn't stop."
s_002006,Alshark (System disk).hdm,0x060BA6,"悲ｼﾝじｬｲｹﾅｲ。@私ﾊ、ｲﾂﾓｱﾅﾀﾄ一緒ﾆｲﾙﾜ‥‥0_4$","Don't be sad. I'm always with you..."
s_002007,Alshark (System disk).hdm,0x060D9A,"今ﾖ！@カｰマｦ封じﾙﾉﾖ！0_4$","Do it now! Seal Karma!"
s_002008,Alshark (System disk).hdm,0x06132E,"じｻﾝ5ﾜﾘｲﾅ。仕事中ﾅﾝだ。","[UNTRANSLATED]"
s_002009,Alshark (System disk).hdm,0x06148D,"でﾓ来ﾃﾁｮｳだｲ。@歓迎ｽﾙﾜ。","[UNTRANSLATED]"
s_002010,Alshark (System disk).hdm,0x0614EE,"勝手ﾆ人ﾉ物ｦ取ﾙﾜｹﾆ@ｲｶﾅｲｶ。","[UNTRANSLATED]"
s_002011,Alshark (System disk).hdm,0x0617AA,"バｰテン5ﾏｱ、ﾕｯｸﾘｼﾃ行ｯﾃｸだｻｲﾖ。","[UNTRANSLATED]"
s_002012,Alshark (System disk).hdm,0x0619B2,"がｺｺﾛ打ﾁ拉がﾚﾃｲﾙ6ﾉｦ知ﾘﾅがﾗﾓ、父親ﾉ無事ｦ6知ｯﾀﾄｷ、思ﾜず駆ｹ出ｼﾃｼ6ﾏｯﾀ$","Heartbroken, but knowing Dad was safe... I had to run to him."
s_002013,Alshark (System disk).hdm,0x0623F9,"私ﾉ話ｽｺﾄｦ落ﾁﾂｲﾃ聞ｲﾃｸだｻｲ。0_4$","[UNTRANSLATED]"
s_002014,Alshark (System disk).hdm,0x062469,"でﾊﾅｸﾅﾘﾏｼﾀ。@ｲｴ、正確ﾆ言ｴば、$","[UNTRANSLATED]"
s_002015,Alshark (System disk).hdm,0x06271F,"危機ｦ伝ｴ、ｿｼﾃ、私ﾄ同じ、ラルアﾉ戦士でｱｯﾀウェｰ・ドゥムナが残ｼﾃｲﾙﾊずﾉ秘力ｦﾓﾁｲﾃカｰマｦ倒ｽﾀﾒﾆ0_4$","[UNTRANSLATED]"
s_002016,Alshark (System disk).hdm,0x062BA0,"分ｶﾘﾏｼﾀ。私が行ｷﾏｼｮｳ0だｶﾗ、$","[UNTRANSLATED]"
s_002017,Alshark (System disk).hdm,0x062C14,"秘密ｦ知ﾗﾚﾀ以上、ﾎｯﾃﾊ@ｵｹﾏｾﾝﾈ。0_4$","You know too much to be left alive."
s_002018,Alshark (System disk).hdm,0x062C87,"達ﾊ、目ｦﾂぶｯﾃ、駆ｹ6出ｼﾀ。0_6$","We shut our eyes and bolted."
s_002019,Alshark (System disk).hdm,0x0638B6,"金ﾅｲﾝでｽｶｧ。@じｬｱ、売ﾚﾅｲでｽﾈｪ。","[UNTRANSLATED]"
s_002020,Alshark (System disk).hdm,0x063B78,"が頭ｦ押ｻｴﾃ@6苦ｼﾐﾊじﾒﾀ。0_4$","His head... a sudden agony!"
s_002021,Alshark (System disk).hdm,0x0643DB,"金がﾅｲ？@ｲｲ加減ﾆｼﾃ下ｻｲ！！","[UNTRANSLATED]"
s_002022,Alshark (System disk).hdm,0x0643FD,"でﾊ、ごﾕｯｸﾘｵ過ごｼ@下ｻｲ。0?C","Enjoy your stay."
s_002023,Alshark (System disk).hdm,0x0644B5,"どｳﾘでﾅﾝｶ臭ｳﾄ思ｯﾀぜ！0_4$","[UNTRANSLATED]"
s_002024,Alshark (System disk).hdm,0x0646EA,"三ﾂ葉ﾉ紋章ﾅﾗ、地下酒場で@手ﾆﾊｲﾙﾄｲｳ話じｬが・・・","[UNTRANSLATED]"
s_002025,Alshark (System disk).hdm,0x0648A0,"持ﾁ物がｲｯぱｲﾅﾉで@ｱｷﾗﾒﾀ。","[UNTRANSLATED]"
s_002027,Alshark (System disk).hdm,0x065043,"者ﾆ用ﾊﾅｲ！@速ﾔｶﾆ、立ﾁ去ﾗﾚﾖ。","[UNTRANSLATED]"
s_002028,Alshark (System disk).hdm,0x065811,"次ﾉ試練ﾍﾄ導ｲﾃｸﾚﾙでｼｮｳ。0?C","Your next trial awaits."
s_002029,Alshark (System disk).hdm,0x0658CD,"達だｹで@頑張ｯﾃｸﾚ。","[UNTRANSLATED]"
s_002030,Alshark (System disk).hdm,0x0659B4,"俺ﾊｺﾚ以上、進ﾑ@ｺﾄﾊでｷﾝ！0_4$","This is as far as I go!"
s_002031,Alshark (System disk).hdm,0x065AFD,"でﾊﾜｶﾗﾈｪが、@ｺｲﾂｦ止ﾒﾁﾏｴば、ｲｲﾝだﾛｳ。0_4$","I dunno the details. Just gotta stop it."
s_002032,Alshark (System disk).hdm,0x065B2E,"レバｰｦ引ｹば止ﾏﾙﾅ。0_6$","[UNTRANSLATED]"
s_002033,Alshark (System disk).hdm,0x065C54,"本当だ。@ｱﾚ？ｺｲﾂ取ﾚﾅｲぞ‥‥‥0_4$","You're right. What? It's stuck!"
s_002034,Alshark (System disk).hdm,0x0661AA,"サｰトス老師ﾄｲｳﾉﾊ、私ﾀﾁﾉ偉大ﾅ老師で、マｰズﾉ創始者ドゥムナ老師ﾉ親友だｯﾀﾉでｽ","[UNTRANSLATED]"
s_002035,Alshark (System disk).hdm,0x06692B,"サｰトス老師ｺｿ、@遺志ｦ継ぐ者ｦドゥムナ老師ﾉ元ﾍﾄ導ｲﾃｸだｻﾙｺﾄでｼｮｳ0_4$","Master Satos will lead the one who carries the will to We-Dumnah."
s_002036,Alshark (System disk).hdm,0x066BFE,"どｳでｨ、ﾜｼﾉ腕ﾊ大ｼﾀﾓﾝじｬﾛｳ。0_6$","[UNTRANSLATED]"
s_002037,Alshark (System disk).hdm,0x067804,"だｼ、ｱﾅﾀが、ｼばﾗｸｼﾃ戻ﾗﾅｶｯﾀﾄｷﾊ、私ﾓ@ｲｷﾏｽｶﾗﾈ。0_4$","And if you're not back soon, I'm coming for you."
s_002038,Alshark (System disk).hdm,0x067A21,"本当ﾆ無事で、ﾖｶｯﾀｧ。","[UNTRANSLATED]"
s_002039,Alshark (System disk).hdm,0x068286,"ば、ｿﾁ達ﾉ素性ｦ@聞ｶｾﾃﾊﾓﾗｴﾇｶ。0_4$","And who might you be?"
s_002040,Alshark (System disk).hdm,0x068C17,"達がどｺﾏでﾔﾚﾙｺﾄでｼｮｳ。","[UNTRANSLATED]"
s_002041,Alshark (System disk).hdm,0x068CA7,"育ﾁﾉ悪ｲ者ﾊ、礼儀ﾓｼﾘﾏｾﾝｶ！","[UNTRANSLATED]"
s_002042,Alshark (System disk).hdm,0x069CC4,"待ｯﾃｸﾚ。@ｺｺﾊ、ﾜｼﾗﾉ負ｹじｬｲ。@好ｷﾆｽﾙがｲｲ。0_4$","All right, you win. Just get it over with."
s_002043,Alshark (System disk).hdm,0x069DB3,"言ﾜﾚﾀ通ﾘﾆｽﾙﾝじｬｲ。0_6仕方ﾅｸ、$","[UNTRANSLATED]"
s_002044,Alshark (System disk).hdm,0x06A434,"がﾄｳござｲﾏｼﾀ。@ﾏﾀ来ﾃｸだｻｲﾈ。","[UNTRANSLATED]"
s_002045,Alshark (System disk).hdm,0x06AAD7,"バｰツ、ｱﾘがﾄﾖ。@恩ﾆｷﾙぜ。0?C","Thanks, pal. I owe ya."
s_002046,Alshark (System disk).hdm,0x06ACD5,"何ﾄｶｳﾏｸｲｯﾀぜ。@じｬｱ、頑張ﾚﾖ。0?I","Looks like it worked. Good luck."
s_002047,Alshark (System disk).hdm,0x06B1DC,"だﾄ、南西ﾉ方角ﾆﾅﾘﾏｽﾈ。","[UNTRANSLATED]"
s_002048,Alshark (System disk).hdm,0x06B946,"でﾓ、今でﾊ、誰ﾓｲﾅｸﾅｯﾃｼﾏｯﾀｿｳでｽ。","[UNTRANSLATED]"
s_002049,Alshark (System disk).hdm,0x06C8D2,"無理ｼﾃ、金ｦ使ｲｽぎﾝﾖｳﾆﾅ。","[UNTRANSLATED]"
s_002050,Alshark (System disk).hdm,0x06CAD0,"艦載大型砲塔@艦載小型砲塔@フレｰム@エンジン@店ｦ出ﾙ","Heavy Cannon Small Cannon Frame Engine Exit"
s_002051,Alshark (System disk).hdm,0x06CDD7,"本当ﾆｱﾘがﾄｳござｲﾏｼﾀ。","[UNTRANSLATED]"
s_002052,Alshark (System disk).hdm,0x06D542,"我ﾗﾉ優秀ﾅﾙ宙軍艦隊ｦﾓｯﾃｼﾃﾓ、ラッセルガイヤｰｦ旗艦ﾄｽﾙ帝国主力艦隊ﾄ正面ｶﾗ@ぶﾂｶｯﾃﾊ、危ｳｲｶﾓｼﾚﾇ","[UNTRANSLATED]"
s_002053,Alshark (System disk).hdm,0x06DB14,"謁見ﾊｽﾝだﾉｶ。@ﾅﾗ、早ｸ行ｹ。0?I","Finished? Then get a move on."
s_002054,Alshark (System disk).hdm,0x06E16C,"ザｰテｦｶ？0_4$
5左様で。0_4$","Zaate, you say? / That's right."
s_002055,Alshark (System disk).hdm,0x06E679,"目配ｾｻﾚ、6前ﾆ進ﾐ出ﾀ。0_4$","He was signaled forward."
s_002056,Alshark (System disk).hdm,0x06E8D4,"ザｰテ皇太子ﾉ親衛隊だｯﾀ@女兵士達ﾊ、ウィガﾉ町ﾉ警備ｦイｰル王ｶﾗ仰ｾﾂｶｯﾀﾗｼｲ","[UNTRANSLATED]"
s_002057,Alshark (System disk).hdm,0x06EB86,"達が惑星ポレダﾆ向ｶｯﾀﾄ聞ｷ、部隊ｦ率ｲﾃ向ｶﾜｾﾀﾊずじｬが‥‥0_4$","[UNTRANSLATED]"
s_002058,Alshark (System disk).hdm,0x06ECE3,"死ﾝだﾉｶ。@ｲｲ気味だﾜ！","[UNTRANSLATED]"
s_002059,Alshark (System disk).hdm,0x06FF0B,"次第ﾆ発揮@ｻﾚﾃｲｸｺﾄじｬﾛｳ。0_6$","It will manifest in due time."
s_002060,Alshark (System disk).hdm,0x0701BC,"Ｅ・ＪＵＮ5ﾏｯ、ｺﾝﾅｺﾄﾓｱﾗｧﾈ。0決ｼﾃ手抜ｷでﾊﾅｲ","[UNTRANSLATED]"
s_002061,Alshark (System disk).hdm,0x070217,"でﾓ、ご利用ｸだｻｲ。","[UNTRANSLATED]"
s_002062,Alshark (System disk).hdm,0x070791,"ウュリアﾉｵばｱｻﾝ5ｺﾉ惑星ﾆﾊ、何万年ﾓ前ﾆ@ｶﾅﾘﾉ文明ｦ持ｯﾀ種族がｲﾀﾗｼｲﾝじｬが、ｿﾉ遺跡ﾗｼｲﾓﾉﾊ、隠ｻﾚﾃｲﾃ見ﾂｶﾗﾇ","[UNTRANSLATED]"
s_002063,Alshark (System disk).hdm,0x070CD8,"ぼ完全ﾆ制圧ｻﾚﾃｼﾏｯﾀ。","[UNTRANSLATED]"
s_002064,Alshark (System disk).hdm,0x0714F7,"デュｰクｦ知ｯﾃｲﾙﾉｶ。@ﾖｼ、通ｼﾃﾔﾙ。0?I","You know Duke? All right, pass."
s_002065,Alshark (System disk).hdm,0x0715A1,"情報屋ﾆﾊ、ﾄﾆｶｸ金ｦ握ﾗｾﾙｼｶﾅｲﾜﾖ。","[UNTRANSLATED]"
s_002066,Alshark (System disk).hdm,0x071628,"冷ﾔｶｼﾊ御免だぜ！","[UNTRANSLATED]"
s_002067,Alshark (System disk).hdm,0x071639,"帝国軍ﾉ最近ﾉ動向@近辺惑星ﾉ敵軍戦力@惑星サｰタリアﾉ謎@新兵器ﾆ関ｽﾙ情報@特ﾆﾅｼ","Zolius movements Regional forces About Sartaria New weapons Ask later"
s_002069,Alshark (System disk).hdm,0x0735A9,"安ｲ酒ｦ頼ﾑ@高ｲ酒ｦ頼ﾑ@世間話ｦｽﾙ@帝国ﾉ情報ｦ聞ｸ@何ﾓ頼ﾏﾅｲ","Cheap Drink / Top Shelf / Gossip / Empire Intel / Leave"
s_002070,Alshark (System disk).hdm,0x073657,"客ｻﾝ、冷ﾔｶｼﾊ勘弁ｼﾃ@ｸだｻｲﾖ。","[UNTRANSLATED]"
s_002071,Alshark (System disk).hdm,0x07375F,"客ｻﾝ、ﾓｳ金が足ﾘﾅｲ@ﾐﾀｲでｽﾖ。","[UNTRANSLATED]"
s_002072,Alshark (System disk).hdm,0x073A54,"持ﾁ物がｲｯぱｲじｬﾈｪｶ。","[UNTRANSLATED]"
s_002073,Alshark (System disk).hdm,0x073A99,"ぼｼｲﾓﾝﾊ、@ﾅｻｿｳだ。@引ｷ上げﾙﾄｽﾙｶ。","[UNTRANSLATED]"
s_002075,Alshark (System disk).hdm,0x0743E8,"どﾝﾅデｰタが残ｻﾚﾃｲﾙｶｲﾉｫ。0?C","Let's see what data's here."
s_002076,Alshark (System disk).hdm,0x0744DA,"が改造ｻﾚﾙｺﾄﾆﾅｯﾀｷｯｶｹﾊ、演習中ﾉ@事故で胸ｶﾗ下ｦ吹ｷ飛ばｻﾚﾀﾄｲｳｺﾄﾆﾅｯﾄﾙﾗｼｲが…0_4$","Rumor is he was in a training accident. Got blown in half below the chest."
s_002077,Alshark (System disk).hdm,0x075582,"ヒルジャホテル5クレジットが不足ｼﾃｲﾙﾖｳ@でｽｹど‥‥","[UNTRANSLATED]"
s_002078,Alshark (System disk).hdm,0x0759E8,"アイテムショップ5クレジットｦ払ｯﾃ頂ｶﾅｲﾄ‥","[UNTRANSLATED]"
s_002079,Alshark (System disk).hdm,0x076121,"帝国宙軍ﾉ総司令室でｱﾙ@6ラッセルガイヤｰﾉ第１艦橋で、6$","On the bridge of the Russelgaia, Zolius High Command..."
s_002080,Alshark (System disk).hdm,0x0767A1,"ボルアﾉキｰ6ｦ手ﾆｲﾚﾀ！0_4$","You got the Borua Key!"
s_002081,Alshark (System disk).hdm,0x076B3A,"玉座ﾓﾛﾄﾓ、空中ﾆ浮ｲﾃ6ｲﾀ。0_4$","He floated, throne and all."
s_002082,Alshark (System disk).hdm,0x076BE8,"中で何ｶが変ﾜｯﾀ。@6$","[UNTRANSLATED]"
s_002083,Alshark (System disk).hdm,0x0770DB,"Ｚ・ブラスタｰ@ザイザｰキャノン@ザイザｰシｰルド@ザイザｰフレｰム@ザイザｰスパｰク","Z-Blaster / Zaiser Cannon / Zaiser Shield / Zaiser Frame / Zaiser Spark"
s_002085,Alshark (System disk).hdm,0x0781E7,"ウェｰ・ドゥムナﾊ、得体ﾉ知ﾚﾅｲ不可思議ﾅ力ｦﾌﾙｯﾀﾄｶ","[UNTRANSLATED]"
s_002086,Alshark (System disk).hdm,0x07826E,"エロじじｲが！！","[UNTRANSLATED]"
s_002087,Alshark (System disk).hdm,0x0782AE,"ど品ｦ切ﾗｼﾃﾙ@ﾝだ。@ﾏﾀ覗ｲﾃﾐﾃｸﾚﾈｪｶ。","[UNTRANSLATED]"
s_002089,Alshark (System disk).hdm,0x07C33E,"ノｰザンﾉ砦ﾆ戻ｯﾃﾐﾙｶ。","[UNTRANSLATED]"
s_002090,Alshark (System disk).hdm,0x07C56B,"宝石ﾊ、何ﾆ使ｳ物ﾅﾉｶｼﾗ‥‥。0_4$","[UNTRANSLATED]"
s_002091,Alshark (System disk).hdm,0x07C58B,"塔で見ﾂｶｯﾀ物ﾅﾝじｬｶﾗ、ｺﾚで情報屋ﾉ言ｯﾃｲﾀ火山ｦ見ﾂｹﾙ事がでｷﾙﾝじｬﾈｪｶ0_4$","[UNTRANSLATED]"
s_002092,Alshark (System disk).hdm,0x07C5D5,"適当ﾅ野郎だ！","[UNTRANSLATED]"
s_002093,Alshark (System disk).hdm,0x07C711,"野郎！@覚悟ｼﾃﾔがﾚ！！","[UNTRANSLATED]"
s_002094,Alshark (System disk).hdm,0x07C72C,"不安ﾊｱﾙｹど、ｺｺﾏでｷﾀﾗｱﾄﾊﾔﾙだｹｼｶﾅｲ！","[UNTRANSLATED]"
s_002095,Alshark (System disk).hdm,0x07C81A,"持ｯﾃｲﾙキｰｦ奪ｲ取ﾙﾆﾊ、ｿﾚｼｶ手ﾊﾅｲｶﾗﾅ。0_4$","[UNTRANSLATED]"
s_002096,Alshark (System disk).hdm,0x07C938,"第１艦橋ﾆ@ｲﾙﾊずだ。0_4$","He's on the main bridge."
s_002097,Alshark (System disk).hdm,0x07CAA5,"父ｻﾝ、見ﾃﾃｸﾚ。@俺ﾊ、必ず$","[UNTRANSLATED]"
s_002098,Alshark (System disk).hdm,0x07CFE7,"心配ｽﾝﾅ、俺がﾂｲﾃﾙ。@ｲざｯﾃZ","[UNTRANSLATED]"
s_002099,Alshark (System disk).hdm,0x07D292,"ドクウェルｯﾃ人が言ｯﾃｲﾀ@サイコリングｻｴｱﾚば‥‥","[UNTRANSLATED]"
s_002100,Alshark (System disk).hdm,0x07D781,"聞ｺｴﾃﾙｶｨ。@俺ﾊ、ｷｯﾄ父ｻﾝｦ越ｴﾙ男ﾆﾅｯﾃﾐｾﾙﾖ）","[UNTRANSLATED]"
s_002101,Alshark (System disk).hdm,0x07D86A,"げｪ装甲ｦ開発ｼﾃﾔﾙﾖ。","[UNTRANSLATED]"
s_002102,Alshark (System disk).hdm,0x07D8FD,"じｻﾝ、ｿﾝﾅ悠長ﾅｺﾄ言ｯﾃﾃｲｲﾝでｽｶ？0_4$","[UNTRANSLATED]"
s_002103,Alshark (System disk).hdm,0x07DE27,"がｲﾙ。@ｶﾅﾘ苦戦ｽﾙ事ﾆﾅﾘｿｳだﾅ","[UNTRANSLATED]"
s_002104,Alshark (System disk).hdm,0x07DE8A,"今ﾆ見ﾃﾛ‥‥ｺﾉ大女が！）","[UNTRANSLATED]"
s_002105,Alshark (System disk).hdm,0x07E32D,"達ﾆ向ｷ直ﾙ6ﾄ、ｱﾗﾀﾒﾃ口ｦ開ｲﾀ。0_4$","Turning to them, he spoke again."
s_002106,Alshark (System disk).hdm,0x07EA7D,"じｬｲ。@ｲﾂｶﾗｿﾝﾅ心配症ﾆﾅｯﾀﾝじｬｲ。0_4$","Since when'd you get so jumpy?"
s_002107,Alshark (System disk).hdm,0x07EC0D,"雑魚ﾉカｰマﾊ任ｾﾀﾜﾖ。0_4$","[UNTRANSLATED]"
s_002108,Alshark (System disk).hdm,0x07ED15,"じｬﾛ、ｿｳじｬﾛｫ。@ｵﾏｴﾓ大人ﾆﾅｯﾀﾗ、ﾜｼﾉﾖｳﾆﾅﾗﾝﾄｲｶﾝぞ。0_4$","That's right, kid. You'd better grow up to be like me."
s_002109,Alshark (System disk).hdm,0x07EFCA,"何でﾓﾅｲ‥‥気ﾆｼﾅｲでｸだｻｲ。","[UNTRANSLATED]"
s_002110,Alshark (System disk).hdm,0x07F0EA,"俺ﾀﾁｬｱ、２回目だｶﾗ、ﾅﾝﾄﾓﾈｪぜ。@ﾅｧ、$","[UNTRANSLATED]"
s_002111,Alshark (System disk).hdm,0x07F663,"ジジイﾉ次ﾊｵｯｻﾝｶｨ。@ﾓｳ好ｷﾆｼﾃｸﾚ！","[UNTRANSLATED]"
s_002112,Alshark (System disk).hdm,0x07FB6D,"どｳﾅﾝだ？@ｿﾉ珠ｦ持ﾂﾄ、ﾅﾝｶでｷｿｳﾅﾉｶ？0_4$","So? Can you do anything with that orb?"
s_002113,Alshark (System disk).hdm,0x07FB9A,"だ、ぼｸﾆｺﾚｦ使ｲ@ｺﾅｽ力ﾊﾅｲﾖｳでｽ。0_4$","I... I can't wield this thing."
s_002114,Alshark (System disk).hdm,0x07FBF8,"宝珠ｦ手ﾆ入ﾚﾊｼﾀｹﾚど、@私ﾀﾁﾉ力だｹでﾊどｳｼﾖｳﾓﾅｲ部分がｱﾙｼ、ｲｯﾀﾝ、@イｰル王ﾉ元ﾆ戻ｯﾃﾐﾏｼｮｳ0_4$","We've got the orb, but we're at a dead end. We should report back to King Eele-Kose."
s_002115,Alshark (System disk).hdm,0x07FDA5,"ジョｰｵじｻﾝ、知ｯﾃﾙﾝでｽｶ？0_4$","[UNTRANSLATED]"
s_002116,Alshark (System disk).hdm,0x07FE92,"が本当ﾉ戦ｲﾆﾅﾙﾜ。@心ｼﾃｶｶﾙﾉﾖ。","[UNTRANSLATED]"
s_002117,Alshark (System disk).hdm,0x080139,"今ﾊｿﾚｼｶ手がｶﾘがﾅｲﾉでｽｶﾗ。0_4$","[UNTRANSLATED]"
s_002118,Alshark (System disk).hdm,0x08017C,"だｯﾀﾗ、ｺﾉﾏﾏ帰ﾚばｲｲだﾛｳが。0_4$","[UNTRANSLATED]"
s_002119,Alshark (System disk).hdm,0x08077D,"湖ﾉ底ﾆミュントスﾉ遺跡が沈ﾝでｲﾀﾅﾝﾃ・・・0_4$","[UNTRANSLATED]"
s_002120,Alshark (System disk).hdm,0x080865,"だ？！@ショｰコ、どｳｶｼﾀﾉｶ？0_4$","Shoko! Are you all right?"
s_002121,Alshark (System disk).hdm,0x080ACD,"時ﾆ、私ﾉ行動ﾓ決ﾒｻｾﾃﾓﾗｳﾖ。","[UNTRANSLATED]"
s_002122,Alshark (System disk).hdm,0x080E89,"が野暮ｯﾀｿｳﾆ6口ｦ開ｲﾀ。0_4$","He spoke gruffly."
s_002123,Alshark (System disk).hdm,0x081046,"足手ﾏﾄｲﾆﾅﾙﾖｳだｯﾀﾗ、ｻｯｻﾄ放ﾘ出ｼﾁﾏｳｶﾗﾅ！0_4$","[UNTRANSLATED]"
s_002124,Alshark (System disk).hdm,0x0811CD,"カッコイイ！！0_4$","[UNTRANSLATED]"
s_002125,Alshark (System disk).hdm,0x081250,"じ様ﾓ素敵だｯﾀﾜ。0_4$","[UNTRANSLATED]"
s_002126,Alshark (System disk).hdm,0x081284,"意外ﾄｱｯｻﾘ片がﾂｲﾀﾓﾝだ。0_4$","[UNTRANSLATED]"
s_002127,Alshark (System disk).hdm,0x081669,"見ﾙﾉが妥当だﾛｳ。0_4$","[UNTRANSLATED]"
s_002128,Alshark (System disk).hdm,0x0816AD,"でｱｲﾂがﾜｼﾗﾉ動ｷｦﾂｶﾝどﾙﾝじｬｲ。0_4$","[UNTRANSLATED]"
s_002129,Alshark (System disk).hdm,0x08181A,"惑星ビュｰトﾊ、ｵﾏｴﾗが住ﾝでｲﾀ惑星ホムﾉｱﾙ恒星系@Ｍ８６１ﾆｱﾙ植民惑星ﾉｺﾄだ0_4$","Vyute is a colony world in the M861 system, same as your home planet Hom."
s_002130,Alshark (System disk).hdm,0x081BFB,"映像が映ｼ出ｻﾚﾀ。0_4$","[UNTRANSLATED]"
s_002131,Alshark (System disk).hdm,0x081DA4,"俺達ﾆ連絡ｦﾄｯﾃｸﾙﾄﾊ思ﾜﾅｶｯﾀﾅ。0_4$","[UNTRANSLATED]"
s_002132,Alshark (System disk).hdm,0x082868,"一人で、ｱﾚｺﾚ考ｴﾃﾃﾓ@ﾗﾁがｱｶﾅｲﾅ。","[UNTRANSLATED]"
s_002133,Alshark (System disk).hdm,0x082986,"パワｰアップｼﾃﾓﾗｳ。0_4$","[UNTRANSLATED]"
s_002134,Alshark (System disk).hdm,0x082A6B,"捜ｽ。@宇宙港ﾆ行ｯﾃﾐﾙ。","[UNTRANSLATED]"
s_002135,Alshark (System disk).hdm,0x082A85,"惑星マｰズﾍ行ｸ。@$","[UNTRANSLATED]"
s_002136,Alshark (System disk).hdm,0x083391,"時間がﾅｸﾃ、ｱﾏﾘ手ｦ加ｴﾃｵﾗﾝﾉじｬが、ｺﾉ艦ﾊ様々ﾅパｰツｦ取ﾘ変ｴﾙｺﾄで戦闘力ｦ無限大ﾆ上げﾚﾙﾝじｬ0_4$","[UNTRANSLATED]"
s_002137,Alshark (System disk).hdm,0x08376D,"話がｱﾙﾝじｬが、ｺｯﾁﾍ来ﾃｸﾚﾝｶ。","[UNTRANSLATED]"
s_002138,Alshark (System disk).hdm,0x08378A,"じ様が呼ﾝでﾙﾐﾀｲﾖ。","[UNTRANSLATED]"
s_002139,Alshark (System disk).hdm,0x083996,"ザイザｰ鉱ﾉ@ｺﾄｦ聞ｲﾃﾐﾙｶ。","[UNTRANSLATED]"
s_002143,Alshark (System disk).hdm,0x0983C5,"ブラッジﾉデｰタｯﾃﾉﾊ、理論だｹで、実際ﾉ設計図がｱﾙﾜｹじｬﾅｲｶﾗ、ﾓｳ``","[UNTRANSLATED]"
s_002147,Alshark (System disk).hdm,0x0B4E14,"跏觚跏g跏ﾇBBﾚﾅ跚W跏詒詒W鈬g絽g觚跏跏bcdg跏詁","*KZZT*...trans...mission...*BZZT*...lost..."
s_002148,Alshark (System disk).hdm,0x0B8F1F,"モモモヱ髄垂モモモモモモモモモヱ00 0
 0","...the...minds...they...scream..."
s_002149,Alshark (System disk).hdm,0x0B901D,"モモモモモモヱ緒梳モモモモモモモ","[UNTRANSLATED]"
s_002150,Alshark (System disk).hdm,0x0B905C,"垂モヱ垂モモモ÷÷モモモモモモモモ","[UNTRANSLATED]"
s_002151,Alshark (System disk).hdm,0x0B909D,"ヱ垂÷ヱ垂モモモモモモモヱ垂モモモ","[UNTRANSLATED]"
s_002152,Alshark (System disk).hdm,0x0BE46D,"駐楓楓楓楓楓楓楓楓楓楓楓楓楓楓楓楓楓楓蕪","[UNTRANSLATED]"
s_002153,Alshark (System disk).hdm,0x0BE65A,"燈抹抹湯湯yyyyyy猪楓楓楓楓蕪湯楓楓楓楓楓馳","[UNTRANSLATED]"
s_002154,Alshark (System disk).hdm,0x0BF07E,"楓楓楓楓楓楓楓駐楓楓楓楓楓楓楓楓楓楓楓楓","[UNTRANSLATED]"
s_002155,Alshark (System disk).hdm,0x0BFE63,"燈抹抹抹抹抹抹抹抹抹抹抹抹抹抹","[UNTRANSLATED]"
s_002161,Alshark (System disk).hdm,0x0D58FA,"戒晗ﾗ晗ﾗ晗ﾗ匀洄晗ﾗ洄洄晗ﾗ洄戒孖ｧ洄洄ﾖﾗ洄匀洄ﾖﾗ洄洄洄洄洄洄戒洄洄洄ﾖﾗ","[UNTRANSLATED]"
s_002169,Alshark (System disk).hdm,0x0E113F,"寞沺沺沺ｮ寫麹豪棍棍棍棍寫麹腰惆懸棍ｭ

沺沺ｭ寫麹麹","[UNTRANSLATED]"
s_002171,Alshark (System disk).hdm,0x0E11BF,"尨栢ｭ穴滑剄麹麹麹麹腰uu剄麹麹麹麹麹麹麹麹麹麹麹麹騎R","Mars Federation Colony: Hom"
s_002182,Alshark (System disk).hdm,0x0E9260,"滑滑滑滑滑滑滑滑滑滑滑滑滑滑柿```ﾀ","[UNTRANSLATED]"
s_002184,Alshark (System disk).hdm,0x0EBAE1,"滑滑滑滑滑滑滑滑滑滑滑滑滑滑滑滑滑滑滑","[UNTRANSLATED]"
s_002185,Alshark (System disk).hdm,0x0F5821,"撈撈撈撈撈撈撈撈撈撈撈撈撈撈撈","[UNTRANSLATED]"
s_002189,Alshark (System disk).hdm,0x12C9FF,"寞11111122寫麹麹麹麹麹麹麹麹麹麹麹麹朽","Raysword"
s_002190,Alshark (System disk).hdm,0x12CA7D,"瑞寞11111122寫麹麹麹麹麹麹麹麹麹麹麹麹朽","PRICE: 12000 CREDIT"
s_002191,Alshark (System disk).hdm,0x12CABD,"瑞寞00000022寫麹麹麹麹麹麹麹麹麹麹麹麹朽","YOURS: 850 CREDIT"
s_002196,Alshark (System disk).hdm,0x12D0C0,"聽聽聽聽聽聽聽聽聽聽聽聽聽聽聽碪聽聽聽聽聽聽聽聽聽聽聽聽聽聽聽","[UNTRANSLATED]"
s_002198,Alshark (System disk).hdm,0x12DAED,"璢聽聽聽聽聽絏眠ｴｸ粢鴫ｴ襲聽聽聽聽聽聽痼","[UNTRANSLATED]"
s_002200,Alshark (System disk).hdm,0x12E0BB,"眠ｴｸ磽雎ｱ≒璢聽聽聽聽聽聽聽聽聽聽瞶ｾssrﾖ/j9KMKM9j/厨","The signal's gone! What happened?"
s_002202,Alshark (System disk).hdm,0x001DB8,"隊列ｦ変更ｼﾏｽ。","[UNTRANSLATED]"
s_002203,Alshark (System disk).hdm,0x0177F2,"じｬｲ！@どｺﾓ壊ﾚﾄﾘｬｾﾝぞ！","[UNTRANSLATED]"
s_002204,Alshark (System disk).hdm,0x0510C8,"ぼｸﾓ、隕石見ﾃﾐﾀｲﾔ。0_4$","[UNTRANSLATED]"
s_002205,Alshark (System disk).hdm,0x0510FF,"だ子供ﾅﾝだｶﾗ。0_4$","[UNTRANSLATED]"
s_002206,Alshark (System disk).hdm,0x0518A8,"母ｻﾝﾊ、どｺﾍ行ｯﾀﾝだ？0_4$","[UNTRANSLATED]"
s_002207,Alshark (System disk).hdm,0x0518EC,"何ﾓ言ﾜﾅｲで出ｶｹﾀ。0_4$","[UNTRANSLATED]"
s_002208,Alshark (System disk).hdm,0x051903,"行ｸ先ﾓ言ﾜﾅｲでｶ？0_4$","[UNTRANSLATED]"
s_002209,Alshark (System disk).hdm,0x05284F,"頑張ﾙﾝじｬぞ！","[UNTRANSLATED]"
s_002210,Alshark (System disk).hdm,0x052887,"池ﾉ回ﾘｦ一周ｼﾃｷﾅ。","[UNTRANSLATED]"
s_002211,Alshark (System disk).hdm,0x052BBD,"でﾓ商売でｽｶﾗﾈｪ。","[UNTRANSLATED]"
s_002212,Alshark (System disk).hdm,0x0534C4,"話ｼｶｹﾃﾓ返事ﾊ帰ｯﾃｺﾅｶ6ｯﾀ。","[UNTRANSLATED]"
s_002213,Alshark (System disk).hdm,0x053BE0,"客ｻﾝ、ｺﾉ星ﾊﾎﾝﾄﾆｲｲﾄｺﾛでｼｮ。@ﾏｱ、ﾕｯｸﾘｼﾃｲｯﾃｸだｻｲﾖ。","[UNTRANSLATED]"
s_002214,Alshark (System disk).hdm,0x053F52,"じｬｱ、町ﾉ外ﾍｵｲﾄｸぜ。","[UNTRANSLATED]"
s_002215,Alshark (System disk).hdm,0x0540E2,"２人ﾄﾓ、ｺﾚｦ見ﾃ腰抜ｶｽﾅﾖ！！0_6$","[UNTRANSLATED]"
s_002216,Alshark (System disk).hdm,0x0544C6,"若者5ダァｰ！！","[UNTRANSLATED]"
s_002217,Alshark (System disk).hdm,0x05480B,"宇宙船、どｺﾆｱﾙ？0_4$","[UNTRANSLATED]"
s_002218,Alshark (System disk).hdm,0x055E30,"が、彼ﾉ名ｦ知ﾙﾜｹﾓﾅｲ。0_4$","[UNTRANSLATED]"
s_002219,Alshark (System disk).hdm,0x0567F6,"失礼ｼﾀ。0@私ﾉ名ﾊ、$","[UNTRANSLATED]"
s_002220,Alshark (System disk).hdm,0x057AF4,"でﾓｵ立ﾁ寄ﾘｸだｻｲ。","[UNTRANSLATED]"
s_002221,Alshark (System disk).hdm,0x057B97,"げｪｲｲ部屋じｬﾝ！ﾔｯﾀﾈ、$","[UNTRANSLATED]"
s_002222,Alshark (System disk).hdm,0x057CED,"金ぐﾗｲ用意ｼﾃｶﾗｷﾅ。","[UNTRANSLATED]"
s_002223,Alshark (System disk).hdm,0x057D4A,"ご来店ｦｵ待ﾁｲﾀｼﾃｵﾘﾏｽ。","[UNTRANSLATED]"
s_002224,Alshark (System disk).hdm,0x057DB5,"他ﾉ品物ﾊ、ｲｶｶでｼｮｳ？0","[UNTRANSLATED]"
s_002225,Alshark (System disk).hdm,0x0589E3,"がﾕｯｸﾘﾄ立ﾁ上がｯ6ﾀ。0_4$","[UNTRANSLATED]"
s_002226,Alshark (System disk).hdm,0x0594C3,"じ様ﾆﾊ、ﾁｮｯﾄ無理ｶﾓ@ｼﾚﾏｾﾝﾈ。0_4$","[UNTRANSLATED]"
s_002227,Alshark (System disk).hdm,0x05A6B7,"だﾖ。@ｽごｸｲｲ町だﾖ。","[UNTRANSLATED]"
s_002228,Alshark (System disk).hdm,0x05A6CE,"達、ﾎﾝﾄイカスﾖ。","[UNTRANSLATED]"
s_002229,Alshark (System disk).hdm,0x05A760,"達ﾊ、ﾜｼﾉ若ｲ頃ﾆｿｯｸﾘじｬﾜｲ。","[UNTRANSLATED]"
s_002230,Alshark (System disk).hdm,0x05A8D2,"金が足ﾘﾅｲﾖｳだﾅ。","[UNTRANSLATED]"
s_002231,Alshark (System disk).hdm,0x05AD8C,"でﾓ、ぼｸﾓ見ﾀﾝだ。0_4$","[UNTRANSLATED]"
s_002232,Alshark (System disk).hdm,0x05AE6A,"足取ﾘｦ洗ｯﾃﾐﾙﾄｼﾖｳじｬﾈｪｶ。0_4$","[UNTRANSLATED]"
s_002233,Alshark (System disk).hdm,0x05B7BC,"気が向ｲﾀﾗ、ﾏﾀ覗ｲﾃﾐﾃｸﾚ。","[UNTRANSLATED]"
s_002234,Alshark (System disk).hdm,0x05B82B,"じｬﾈｪぞ！！@ﾃﾒｪﾗ、ぶｯ殺ｼﾃﾔﾙ！！0?F","[UNTRANSLATED]"
s_002235,Alshark (System disk).hdm,0x05BAB6,"だ、何ｶ用がｱﾙﾉｶ？","[UNTRANSLATED]"
s_002236,Alshark (System disk).hdm,0x05BB0C,"ばﾗｸ、ｺｺﾆ滞在ｼﾃﾐﾙｺﾄﾆｼﾀﾝでｽﾖ。","[UNTRANSLATED]"
s_002237,Alshark (System disk).hdm,0x05BB2A,"連邦ﾓｹｯｺｳ頼ﾚﾙﾝだﾈ。","[UNTRANSLATED]"
s_002238,Alshark (System disk).hdm,0x05C3FF,"子守役ﾄｲｳﾝだﾅ。0_4$","[UNTRANSLATED]"
s_002239,Alshark (System disk).hdm,0x05C7BA,"通信が入ｯﾀ。0_4$","[UNTRANSLATED]"
s_002240,Alshark (System disk).hdm,0x05C844,"用がﾅｲﾉﾅﾗ、ｳﾛﾂｶﾅｲでｸだｻｲﾈ。","[UNTRANSLATED]"
s_002241,Alshark (System disk).hdm,0x05CDA6,"でﾓｵ好ｷﾅﾄｷﾆ声ｦ@ｶｹﾃｸだｻｲﾈ。","[UNTRANSLATED]"
s_002242,Alshark (System disk).hdm,0x05E545,"所で、ﾉﾝびﾘｼﾃｲﾃ@ｲｲﾝでｽｶ？","[UNTRANSLATED]"
s_002243,Alshark (System disk).hdm,0x05E55F,"ゾリアス帝国がｲﾂ攻ﾒﾃｷﾃﾓ万全ﾉ体制ｦﾓｯﾃ迎ｴ打ﾁﾏｽ","[UNTRANSLATED]"
s_002244,Alshark (System disk).hdm,0x05E673,"俺ﾆ話ｼｶｹﾃｸﾙﾅﾝﾃ、@ｵﾏｴﾓ相当ﾋﾈｸﾚﾃﾝﾅ！","[UNTRANSLATED]"
s_002245,Alshark (System disk).hdm,0x05EEB1,"従兄弟でﾊﾅｶｯﾀｶ？0_4$","[UNTRANSLATED]"
s_002246,Alshark (System disk).hdm,0x05EF71,"ャｰクﾊ、どｳｼﾀﾝだ？0_4$","[UNTRANSLATED]"
s_002247,Alshark (System disk).hdm,0x05F2C4,"ご利用ｦ@ｵ待ﾁｲﾀｼﾃｵﾘﾏｽ。","[UNTRANSLATED]"
s_002248,Alshark (System disk).hdm,0x060250,"ばｱｻﾝが、ｲｲﾓﾉｦ@持ｯﾄﾙｶﾗ、ｻがｼﾃﾓﾗｯﾃｷﾅｻｲ。","[UNTRANSLATED]"
s_002249,Alshark (System disk).hdm,0x0603BF,"金稼ｲで、ﾏﾀ来ﾃｸﾝﾅ。","[UNTRANSLATED]"
s_002250,Alshark (System disk).hdm,0x0603D3,"がﾝばﾙﾝじｬぞ。","[UNTRANSLATED]"
s_002251,Alshark (System disk).hdm,0x060447,"下ﾆ抜ｹ道がｱﾙﾐﾀｲﾖ。","[UNTRANSLATED]"
s_002252,Alshark (System disk).hdm,0x0606A4,"何ﾆｼﾃﾓ本当ﾆ良ｶｯﾀﾜｨ。","[UNTRANSLATED]"
s_002253,Alshark (System disk).hdm,0x060749,"所ﾏで@ｲﾗｯｼｬﾙﾄﾊ、思ｲﾓﾖﾘ@ﾏｾﾝでｼﾀﾖ。0_4$","[UNTRANSLATED]"
s_002254,Alshark (System disk).hdm,0x0608F7,"殺ｽ？@誰がｿﾝﾅｺﾄｦ言ｲﾏｼﾀｶ。0?I","[UNTRANSLATED]"
s_002255,Alshark (System disk).hdm,0x060CDB,"声ﾊ途絶ｴﾀ。06ﾄ、ｿﾉ時、$","[UNTRANSLATED]"
s_002256,Alshark (System disk).hdm,0x060DD6,"時でｱｯﾀ。@6突然、$","[UNTRANSLATED]"
s_002257,Alshark (System disk).hdm,0x061400,"奴だﾅ、ﾎｯﾄｲﾃｸﾚｯﾃ言ｯﾃﾙだﾛ。","[UNTRANSLATED]"
s_002258,Alshark (System disk).hdm,0x0614C4,"チェッ、見ﾂｶｯﾀｶ。","[UNTRANSLATED]"
s_002259,Alshark (System disk).hdm,0x06198E,"思ﾜず駆ｹ出ｼﾃｲﾀ。0_4$","[UNTRANSLATED]"
s_002260,Alshark (System disk).hdm,0x0619F6,"責ﾒﾙｺﾄﾊ、6誰ﾆﾓでｷﾅｲだﾛｳ。0_4$","[UNTRANSLATED]"
s_002261,Alshark (System disk).hdm,0x061A2F,"父ｻﾏ‥‥@本当ﾆｵ父ｻﾏﾅﾉﾈ。0_6$","[UNTRANSLATED]"
s_002262,Alshark (System disk).hdm,0x061A95,"私‥‥私ﾅﾝﾃ言ｯﾀﾗｲｲﾉｶ‥‥‥ごﾒﾝﾅｻｲ。0_6$","[UNTRANSLATED]"
s_002263,Alshark (System disk).hdm,0x062156,"じｻﾝ5ｿﾚﾆｼﾃﾓ、ｺﾉ村ﾊﾉどｶだﾈｪ。","[UNTRANSLATED]"
s_002264,Alshark (System disk).hdm,0x0623B7,"何が起ｺｯﾀﾄｲｳﾝじｬｲ！0_4$","[UNTRANSLATED]"
s_002265,Alshark (System disk).hdm,0x062B3D,"願ｲ。@ｵば様ﾉ言ｳﾄｵﾘﾆｼﾃ。0_4$","[UNTRANSLATED]"
s_002266,Alshark (System disk).hdm,0x062B5A,"チッ、勝手ﾆｼﾛ！！0_4$","[UNTRANSLATED]"
s_002267,Alshark (System disk).hdm,0x062C64,"向ｶ6ｯﾃ何ｶｦ投げﾂｹﾀ。0_4$","[UNTRANSLATED]"
s_002268,Alshark (System disk).hdm,0x062F4B,"ご来店ｦｵ待ﾁｲﾀｼﾃ@ｵﾘﾏｽ。","[UNTRANSLATED]"
s_002269,Alshark (System disk).hdm,0x062F63,"金ぐﾗｲﾊ、持ｯﾃｷﾃ@ｲﾀだｶﾅｲﾄ。","[UNTRANSLATED]"
s_002270,Alshark (System disk).hdm,0x063B3B,"が何だｶ分ｶﾙｶ？@ｺｲﾂﾊﾅｧ‥‥0_4$","[UNTRANSLATED]"
s_002271,Alshark (System disk).hdm,0x063B5A,"ぐｯ‥‥ぐﾜｧｰｰｰｯ！！0_6突然、$","[UNTRANSLATED]"
s_002272,Alshark (System disk).hdm,0x063BFF,"見ﾃ、満足ｼｷｯﾀ@6ﾖｳだｯﾀ。0_4$","[UNTRANSLATED]"
s_002273,Alshark (System disk).hdm,0x063D1E,"向ｶｯﾃ指ｦ突ｷ6出ｼﾀ。0_4$","[UNTRANSLATED]"
s_002274,Alshark (System disk).hdm,0x063DB6,"連ﾚﾃ逃げﾙﾝだ！0_4$","[UNTRANSLATED]"
s_002275,Alshark (System disk).hdm,0x064428,"ご利用ｦｵ待ﾁｲﾀｼﾃ@ｵﾘﾏｽ。","[UNTRANSLATED]"
s_002276,Alshark (System disk).hdm,0x064623,"金ぐﾗｲ用意ｼﾃｷﾅ！","[UNTRANSLATED]"
s_002277,Alshark (System disk).hdm,0x0658F0,"音‥‥‥@0ﾅﾝｶ変ﾅ音がｼﾅｲ？0_4$","[UNTRANSLATED]"
s_002278,Alshark (System disk).hdm,0x06598A,"暗ｲﾄｺﾛが恐ｲﾜｹでﾊｱﾙﾏｲ。0_4$","[UNTRANSLATED]"
s_002279,Alshark (System disk).hdm,0x065AE1,"何ｶ@関係がｱｯﾀﾉｶｼﾗ？0_4$","[UNTRANSLATED]"
s_002280,Alshark (System disk).hdm,0x065B87,"錆ﾂｲﾁﾏｯﾃ、動ｷｬｼﾈｪ。ﾐﾝﾅ、手伝ｯﾃｸﾚ！0_4$","[UNTRANSLATED]"
s_002281,Alshark (System disk).hdm,0x066397,"私ﾆ、ｿﾉ印ｦｵ見ｾ頂ｷﾀｲ。0?C","[UNTRANSLATED]"
s_002282,Alshark (System disk).hdm,0x06647D,"好運ｦ祈ﾘﾏｽぞ。","[UNTRANSLATED]"
s_002283,Alshark (System disk).hdm,0x06768D,"入ｯﾃ行ｹﾙ@ﾜｹがﾅｲじｬﾅｲ！0_4$","[UNTRANSLATED]"
s_002284,Alshark (System disk).hdm,0x067846,"私ﾀﾁﾊ、上で待ｯﾃｲﾙﾜ。0_6ｿｼﾃ、$","[UNTRANSLATED]"
s_002285,Alshark (System disk).hdm,0x067A04,"フン、大ｼﾀﾓﾝだﾖ。","[UNTRANSLATED]"
s_002286,Alshark (System disk).hdm,0x068863,"朗報ｦ待ｯﾃｵﾙぞ。0?I","[UNTRANSLATED]"
s_002287,Alshark (System disk).hdm,0x068C50,"気安ｸ話ｼｶｹﾅｲで！","[UNTRANSLATED]"
s_002288,Alshark (System disk).hdm,0x068CD1,"化ｹﾉ皮がﾊがﾚﾏｽﾖ！","[UNTRANSLATED]"
s_002289,Alshark (System disk).hdm,0x06A283,"じｻﾝ5ｺﾉ惑星ﾉ極点一帯ﾊ、険ｼｲ氷ﾉ山で囲ﾏﾚﾀ難所ﾆﾅｯﾃｲﾙ","[UNTRANSLATED]"
s_002290,Alshark (System disk).hdm,0x06AD59,"油断ｽﾙﾅﾖ。@何がｱﾙｶﾜｶﾗﾈｪｶﾗﾅ。0?C","[UNTRANSLATED]"
s_002291,Alshark (System disk).hdm,0x06B4B9,"金が足ﾘﾅｲぜ。","[UNTRANSLATED]"
s_002292,Alshark (System disk).hdm,0x06B519,"警備ﾉじｬﾏだ。","[UNTRANSLATED]"
s_002293,Alshark (System disk).hdm,0x06C9F6,"どｳぞ、ｵ通ﾘｸだｻｲ。","[UNTRANSLATED]"
s_002294,Alshark (System disk).hdm,0x06CB3F,"一般ツｰル@特殊ツｰル@攻撃ツｰル@店ｦ出ﾙ","[UNTRANSLATED]"
s_002295,Alshark (System disk).hdm,0x06D7B4,"で、何ﾉ話じｬｯﾀｹ？","[UNTRANSLATED]"
s_002296,Alshark (System disk).hdm,0x06D97F,"勝手ﾆ通ﾙがｲｲ！","[UNTRANSLATED]"
s_002297,Alshark (System disk).hdm,0x06D9B6,"達ﾓバカﾅｺﾄｦｼﾀ@ﾓﾉだ。","[UNTRANSLATED]"
s_002298,Alshark (System disk).hdm,0x06E2E5,"私が、残ﾘﾏｼｮｳ。0_4$
5良ｶﾛｳ。0_4$","[UNTRANSLATED]"
s_002299,Alshark (System disk).hdm,0x06E4CA,"ずｶｯﾃｲﾀ女ｦ引ｷ@渡ｿｳ。0?C","[UNTRANSLATED]"
s_002300,Alshark (System disk).hdm,0x06E578,"遠慮ﾊｲﾗﾇ。@何ﾅﾘﾄ申ｼﾃﾐﾖ。0_4$","[UNTRANSLATED]"
s_002301,Alshark (System disk).hdm,0x06E79B,"以上ﾉｺﾄﾊ、朕ﾆﾓ分ｶﾘｶﾈﾙ。0_4$","[UNTRANSLATED]"
s_002302,Alshark (System disk).hdm,0x06E9A9,"で、ｵﾏｴ達、ｺﾚｶﾗ@どｳｽﾙﾂﾓﾘﾅﾉだ？0_4$","[UNTRANSLATED]"
s_002303,Alshark (System disk).hdm,0x06EB61,"参ｯﾀﾅ。@ﾄｺﾛで、$
ﾊどｳｼﾀﾉじｬ。0_4$","[UNTRANSLATED]"
s_002304,Alshark (System disk).hdm,0x06EC16,"じｬが、ｸﾚぐﾚﾓ気ｦﾂｹﾙ@ﾖｳﾆﾅ。0_4$","[UNTRANSLATED]"
s_002305,Alshark (System disk).hdm,0x06F6EA,"が、マｰズ人ﾖ。0_4$","[UNTRANSLATED]"
s_002306,Alshark (System disk).hdm,0x071FAC,"物好ｷﾈｪ。一銭ﾆﾓﾅﾗﾅｲｺﾄｦ‥‥","[UNTRANSLATED]"
s_002307,Alshark (System disk).hdm,0x076CA2,"思念が6語ﾘｶｹﾙ。0_4$","[UNTRANSLATED]"
s_002308,Alshark (System disk).hdm,0x0783B3,"闇商人5ｱﾘがﾄﾖ。","[UNTRANSLATED]"
s_002309,Alshark (System disk).hdm,0x07C068,"倒ｽﾄｷがｷﾀﾖｳﾈ。@頑張ﾘﾏｼｮｳ、$","[UNTRANSLATED]"
s_002310,Alshark (System disk).hdm,0x07C0F0,"用心ｽﾙﾆ越ｼﾀｺﾄﾊﾅｻｿｳだﾜｨ。","[UNTRANSLATED]"
s_002311,Alshark (System disk).hdm,0x07C77A,"大丈夫ﾖﾈ。@勝ﾃﾙﾜﾖﾈ。","[UNTRANSLATED]"
s_002312,Alshark (System disk).hdm,0x07C951,"一気ﾆｲｸぞ！！@怯ﾑﾅﾖ、$","[UNTRANSLATED]"
s_002313,Alshark (System disk).hdm,0x07CA57,"奴ﾓﾅｶﾅｶﾉ男だぜ。@$","[UNTRANSLATED]"
s_002314,Alshark (System disk).hdm,0x07D6D4,"俺ﾊ、ﾓｳｵﾏｴﾆ言ｳｺﾀｧ@ﾈｪﾖ。@だがﾅｧ、$","[UNTRANSLATED]"
s_002315,Alshark (System disk).hdm,0x07D8B5,"野郎ｦ@ぶｯ殺ｼﾃﾔﾙ！","[UNTRANSLATED]"
s_002316,Alshark (System disk).hdm,0x07DB1B,"２人ﾄﾓ。@で、どｺﾆｱﾙﾝでｼﾀｯｹ？0_4$","[UNTRANSLATED]"
s_002317,Alshark (System disk).hdm,0x07DD54,"最近ｽごｸ男ﾗｼｸﾅｯﾀﾐﾀｲ。","[UNTRANSLATED]"
s_002318,Alshark (System disk).hdm,0x07E138,"助ｹﾙｺﾄがでｷﾙｶﾓｼﾚﾅｲﾜ。ﾀだｼ‥‥0_4$","[UNTRANSLATED]"
s_002319,Alshark (System disk).hdm,0x07E1BC,"心配ﾅｲﾜ。0_6突然、$","[UNTRANSLATED]"
s_002320,Alshark (System disk).hdm,0x07E6BD,"要ｽﾙﾆ、王ﾉ命ﾆ従ﾜﾅｲﾜｹﾆﾊｲｶﾅｲﾉｻ。0_6$","[UNTRANSLATED]"
s_002321,Alshark (System disk).hdm,0x07E7CD,"が、ゾリアス6ﾉ幹部ﾉ前でﾊﾏｯﾀｸﾄ言ｯﾃ6ｲｲﾎど役ﾆ立ﾀﾅｲﾄｲｳﾉだ0_4$","[UNTRANSLATED]"
s_002322,Alshark (System disk).hdm,0x07EDD2,"言ｯﾃｼﾏｳﾄ、ｵﾏｴが遺志ｦ継ぐ者がどｳｼﾀｺｳｼﾀﾅﾝﾃｺﾄﾆ、縛ﾗﾚﾃ生ｷﾙ必要ﾊﾅｲﾄ思ｯﾄﾙ0_4$","[UNTRANSLATED]"
s_002323,Alshark (System disk).hdm,0x07EED5,"チッ、ｲﾁｲﾁｼｬｸﾆ触ﾙぜ！","[UNTRANSLATED]"
s_002324,Alshark (System disk).hdm,0x07FB25,"だﾒﾖ、ｵじｻﾏ！@ﾓｼ、壊ﾚﾁｬｯﾀﾗどｳｽﾙﾉ0_4$","[UNTRANSLATED]"
s_002325,Alshark (System disk).hdm,0x080732,"私ﾊ、ｵﾏｴﾉｺﾄｦ@見直ｼﾀぞ。","[UNTRANSLATED]"
s_002326,Alshark (System disk).hdm,0x0809E9,"少ｼﾊ、信じﾙ気ﾆﾅｯﾃｷﾀｶﾖ？0_4$","[UNTRANSLATED]"
s_002327,Alshark (System disk).hdm,0x080A06,"ハッ、ばｶばｶｼｲ。","[UNTRANSLATED]"
s_002328,Alshark (System disk).hdm,0x080F93,"が、ニヤｯﾄ笑ｳ。0_4$","[UNTRANSLATED]"
s_002329,Alshark (System disk).hdm,0x0810CC,"調査ﾅﾝﾃ生温ｲｺﾄﾔｯﾃﾗﾚﾙｶﾖ！0_4$","[UNTRANSLATED]"
s_002330,Alshark (System disk).hdm,0x081179,"任ｾﾄｷﾅ。@死ﾇﾄｼﾃﾓｵﾒｪﾗだｹだﾖ！","[UNTRANSLATED]"
s_002331,Alshark (System disk).hdm,0x0812DF,"ば、馬鹿ﾄﾊﾅﾝじｬｲ！0_4$","[UNTRANSLATED]"
s_002332,Alshark (System disk).hdm,0x08141E,"がｻﾗﾜﾚﾃﾓ気がﾂｶﾅｶｯﾀｸｾｼﾔがｯﾃ！0_4$","[UNTRANSLATED]"
s_002333,Alshark (System disk).hdm,0x081B4B,"母ｻﾝだ？！@チッ。$","[UNTRANSLATED]"
s_002334,Alshark (System disk).hdm,0x081B8C,"だｯﾀﾗ、俺ﾓ協力ｼﾃﾔﾙﾖ。","[UNTRANSLATED]"
s_002335,Alshark (System disk).hdm,0x08253A,"でﾓ、どｳｽﾚばｲｲﾝだｶ。0_4$","[UNTRANSLATED]"
s_002336,Alshark (System disk).hdm,0x082841,"でﾓ遊びﾆ行ｯﾃﾐﾖｳｶﾅ。","[UNTRANSLATED]"
s_002337,Alshark (System disk).hdm,0x0829DC,"宇宙港ﾆ向ｶｯﾀﾗｼｲﾅ。0_4$","[UNTRANSLATED]"
s_002338,Alshark (System disk).hdm,0x08314E,"ぞ！@黙ｯﾃ操縦ｼﾃﾛ！！","[UNTRANSLATED]"
s_002339,Alshark (System disk).hdm,0x0B8FDC,"垂モモモモモ÷ヱ髄垂モモ÷モモモ","[UNTRANSLATED]"
s_002340,Alshark (System disk).hdm,0x0BE4CF,"駐楓楓楓楓楓楓楓楓楓楓楓蕪馳yyyy","[UNTRANSLATED]"
s_002341,Alshark (System disk).hdm,0x0BF7BB,"燈抹抹抹抹抹抹亦湯亦抹抹抹湯","[UNTRANSLATED]"
s_002342,Alshark (System disk).hdm,0x0C02ED,"楓楓楓楓楓楓楓楓楓楓楓楓楓楓ffffy","[UNTRANSLATED]"
s_002345,Alshark (System disk).hdm,0x0E1048,"寫麹豪鵫鳬鴆寫麹麹豪
OOOOO
寞xOOOy寫麹麹","[UNTRANSLATED]"
s_002346,Alshark (System disk).hdm,0x0ED5E1,"麹麹麹恒麹麹麹麹麹麹訣麹麹P麹ｻ","[UNTRANSLATED]"
s_002347,Alshark (System disk).hdm,0x0F4A01,"瀦瀦桝瑞瑞瑞瑞77瑞瑞瑞瑞走瀦瀦","[UNTRANSLATED]"
s_002348,Alshark (System disk).hdm,0x0F4A21,"瀦瀦走走走走走77桝桝桝桝桝瀦瀦","[UNTRANSLATED]"
s_002349,Alshark (System disk).hdm,0x0F4A41,"瀦瀦舞桝桝桝末77末走走走葬瀦瀦","[UNTRANSLATED]"
s_002350,Alshark (System disk).hdm,0x0F4A61,"瀦瀦楓走走走走77桝桝桝桝亦瀦瀦","[UNTRANSLATED]"
s_002351,Alshark (System disk).hdm,0x0F4A81,"瀦瀦荘荘荘荘荘77荘荘荘荘荘瀦瀦","[UNTRANSLATED]"
s_002352,Alshark (System disk).hdm,0x0F4B41,"瀦荘走瑞瑞瑞瑞77瑞瑞瑞瑞桝荘瀦","[UNTRANSLATED]"
s_002353,Alshark (System disk).hdm,0x0F4B61,"瀦末末荘荘荘荘77荘荘荘荘末末瀦","[UNTRANSLATED]"
s_002354,Alshark (System disk).hdm,0x12CA49,"寫麹麹麹麹麹麹麹麹麹麹麹麹朽","[UNTRANSLATED]"
s_002355,Alshark (System disk).hdm,0x001E5B,"ジョー@","[UNTRANSLATED]"
s_002356,Alshark (System disk).hdm,0x008D2F,"撮皐晒撒算餐伺四屍飼叱遮呪","[UNTRANSLATED]"
s_002358,Alshark (System disk).hdm,0x05113D,"所ﾍ連ﾚﾃ行ｯﾃﾔﾛｳｶ。0_4$","[UNTRANSLATED]"
s_002359,Alshark (System disk).hdm,0x0511F0,"じｻﾝﾉｺﾄ好ｷだﾖ。0_4$","[UNTRANSLATED]"
s_002360,Alshark (System disk).hdm,0x0518D4,"ば様ﾊ、出ｶｹﾁｬｯﾀﾉ？0_4$","[UNTRANSLATED]"
s_002361,Alshark (System disk).hdm,0x051BC3,"一緒ﾆ働ｸ。0_4$","[UNTRANSLATED]"
s_002362,Alshark (System disk).hdm,0x05298E,"立ﾁ寄ﾘｦｵ待ﾁｲﾀｼﾃｵﾘﾏｽ。","[UNTRANSLATED]"
s_002363,Alshark (System disk).hdm,0x0529C2,"名前じｬﾅｲ。@ﾖﾛｼｸﾈ、$","[UNTRANSLATED]"
s_002364,Alshark (System disk).hdm,0x053314,"私ﾉ顔ﾆ何ｶﾂｲﾃﾙｶｼﾗ？","[UNTRANSLATED]"
s_002365,Alshark (System disk).hdm,0x053813,"ぜｲ頑張ﾝﾅ。","[UNTRANSLATED]"
s_002366,Alshark (System disk).hdm,0x05396B,"だ、店ｱｹﾃﾅｲﾝでｽﾖ。","[UNTRANSLATED]"
s_002367,Alshark (System disk).hdm,0x053DCB,"ハイグレネｰド@エアカｰ@三ﾂ葉ﾉ紋章","[UNTRANSLATED]"
s_002368,Alshark (System disk).hdm,0x0540C8,"動ｶｼ方がﾜｶﾗﾅ6ｲ。1","[UNTRANSLATED]"
s_002369,Alshark (System disk).hdm,0x054681,"隠ｼ扉ﾊ開ｶﾚﾃｲﾙ。","[UNTRANSLATED]"
s_002370,Alshark (System disk).hdm,0x05472B,"航宙艦？！0_4$","[UNTRANSLATED]"
s_002371,Alshark (System disk).hdm,0x054D27,"死ﾝだｯﾃ忘ﾚﾙﾓﾉｶ！！0_4$","[UNTRANSLATED]"
s_002372,Alshark (System disk).hdm,0x054DC3,"銃ｦ手渡ｼﾀ。0_4$","[UNTRANSLATED]"
s_002373,Alshark (System disk).hdm,0x055A82,"何ﾄｲｳｺﾄだﾛｳｶ。@6後ｶﾗ$","[UNTRANSLATED]"
s_002374,Alshark (System disk).hdm,0x056FB7,"持ﾁ物がｲｯぱｲでサイコリング6が持ﾃﾅｲｺﾄﾆ$","[UNTRANSLATED]"
s_002375,Alshark (System disk).hdm,0x057A48,"毎度！@ﾏﾀ、ｵ待ﾁｼﾃﾏｯｾ！","[UNTRANSLATED]"
s_002376,Alshark (System disk).hdm,0x057D99,"達ﾆ売ﾙﾓﾝﾊ、ｺｺﾆﾊ置ｲﾃﾈｪﾖ！！","[UNTRANSLATED]"
s_002377,Alshark (System disk).hdm,0x057DCD,"客ｻﾝ、金ﾓﾅｲﾉﾆｶﾗｶｯﾃﾓﾗｯﾁｬｱ困ﾘﾏｽﾈ。","[UNTRANSLATED]"
s_002378,Alshark (System disk).hdm,0x057FDF,"どｯｶで聞ｲﾀｺﾄﾉｱﾙﾖｳﾅ‥‥0@ﾏ、ｲｯｶ！","[UNTRANSLATED]"
s_002379,Alshark (System disk).hdm,0x0584D9,"だﾄ？！0_6突然、$","[UNTRANSLATED]"
s_002380,Alshark (System disk).hdm,0x0586B3,"ホッホッホッ‥‥@ヒｰッ、ヒッヒヒヒ‥‥0_4$","[UNTRANSLATED]"
s_002381,Alshark (System disk).hdm,0x05962F,"じｻﾝｦ連ﾚﾃ@帰ﾛｳ。0?C","[UNTRANSLATED]"
s_002382,Alshark (System disk).hdm,0x05A855,"でﾓどｳぞ。","[UNTRANSLATED]"
s_002383,Alshark (System disk).hdm,0x05A89B,"がﾄｳござｲﾏｼﾀ。","[UNTRANSLATED]"
s_002384,Alshark (System disk).hdm,0x05AB8F,"じｻﾝ、違ｳﾝだ！@‥‥‥ｸｯ‥‥‥‥！！0_6$","[UNTRANSLATED]"
s_002385,Alshark (System disk).hdm,0x05AC86,"が死ﾝだｧ？！@ｼｶﾓ、$","[UNTRANSLATED]"
s_002386,Alshark (System disk).hdm,0x05ACEB,"でｽ。ｵ父ｻﾏが‥‥‥$","[UNTRANSLATED]"
s_002387,Alshark (System disk).hdm,0x05AD01,"父ｻﾝｦ‥‥‥殺ｼﾀﾝでｽ。0_4$","[UNTRANSLATED]"
s_002388,Alshark (System disk).hdm,0x05AD27,"嬢ﾁｬﾝ、バカﾅｺﾄｲｯﾁｬｲｹﾈｪ。0_$","[UNTRANSLATED]"
s_002389,Alshark (System disk).hdm,0x05AE8A,"前ﾆ、父ｻﾝ達が死ﾝでｼﾏｯﾀ時ﾊ、気が動転ｼﾃｲﾃ、ﾅｷ骸ｦﾎｯﾀﾗｶｼﾆｼﾃ来ﾃｼﾏｯﾀｶﾗ‥‥‥0_4$","[UNTRANSLATED]"
s_002390,Alshark (System disk).hdm,0x05B779,"金ぐﾗｲ持ｯﾃｺｲﾖﾅ。","[UNTRANSLATED]"
s_002391,Alshark (System disk).hdm,0x05B878,"起ｷﾙﾝだ！！@ﾃｪﾍﾝﾅｺﾄﾆﾅｯﾁﾏｯﾀぞ0_4$","[UNTRANSLATED]"
s_002392,Alshark (System disk).hdm,0x05B8A4,"じｻﾝ、どｳｶｼﾀﾝでｽｶ？0_4$","[UNTRANSLATED]"
s_002393,Alshark (System disk).hdm,0x05BD0D,"だ？知ｯﾃﾙ奴ﾅﾉｶ？0_4$","[UNTRANSLATED]"
s_002394,Alshark (System disk).hdm,0x05C17E,"噂ﾊ、ｶﾈがﾈｳｶがｯﾃｵﾘﾏｽﾖ。0_6$","[UNTRANSLATED]"
s_002395,Alshark (System disk).hdm,0x05CC5D,"元気ｲｲじｬﾅｲｶ。0_4$","[UNTRANSLATED]"
s_002396,Alshark (System disk).hdm,0x05D845,"がﾅｲﾝじｬﾅｲでｽｶ。0_4$","[UNTRANSLATED]"
s_002397,Alshark (System disk).hdm,0x05D96D,"品切ﾚだ。","[UNTRANSLATED]"
s_002398,Alshark (System disk).hdm,0x05E366,"ぜｲがﾝばﾙｺｯﾀﾅ。","[UNTRANSLATED]"
s_002399,Alshark (System disk).hdm,0x05E623,"がﾝばｯﾃｸだｻｲ。","[UNTRANSLATED]"
s_002400,Alshark (System disk).hdm,0x05E754,"だ？！ｱﾉ連中ﾊ‥‥0?I","[UNTRANSLATED]"
s_002401,Alshark (System disk).hdm,0x05EB9D,"死ﾝだﾖ。0_4$
5ｿｳｶ、ｿｳだｯﾀﾉｶ‥‥@!ｽﾏﾅｶｯﾀﾅ、$","[UNTRANSLATED]"
s_002402,Alshark (System disk).hdm,0x05EBD8,"だ。@気ｦﾂｶﾜﾅｲでｸﾚ。0?C","[UNTRANSLATED]"
s_002403,Alshark (System disk).hdm,0x060C37,"真剣ｿﾉﾓﾉ@6だｯﾀ。0_$","[UNTRANSLATED]"
s_002404,Alshark (System disk).hdm,0x061BCE,"通ﾘだぜ！！0_4$","[UNTRANSLATED]"
s_002405,Alshark (System disk).hdm,0x062253,"どﾉｸﾗｲﾏﾁ続ｹﾀだﾛｳｶ。0_4$","[UNTRANSLATED]"
s_002406,Alshark (System disk).hdm,0x062A21,"言ｯﾀｯﾃ、どｳｽﾚば！0_4$","[UNTRANSLATED]"
s_002407,Alshark (System disk).hdm,0x062F88,"一緒ﾆ来ﾃﾓﾗｲﾏｼｮｳｶ。0_4$","[UNTRANSLATED]"
s_002408,Alshark (System disk).hdm,0x06342A,"が、持ﾃﾅｲﾉでｱｷﾗﾒﾀ。","[UNTRANSLATED]"
s_002409,Alshark (System disk).hdm,0x0639EC,"達ﾉ6前ﾆ現ｼﾀ。0_4$","[UNTRANSLATED]"
s_002410,Alshark (System disk).hdm,0x064523,"明日ﾊﾓｯﾄｷﾂｸﾅﾙぜ！0_4$","[UNTRANSLATED]"
s_002411,Alshark (System disk).hdm,0x06460A,"でﾓﾉぞｲﾃ見ﾃｸﾚﾔ。","[UNTRANSLATED]"
s_002412,Alshark (System disk).hdm,0x06493B,"代ﾊどｳｽﾙﾝで@ｼｮｳｶ？","[UNTRANSLATED]"
s_002413,Alshark (System disk).hdm,0x065CDA,"無事だｯﾀｶ。0_4$","[UNTRANSLATED]"
s_002414,Alshark (System disk).hdm,0x0662A8,"びｯｸﾘｽﾙじｬﾈｪｶ。0@ﾅﾝｶ用ｶ？","[UNTRANSLATED]"
s_002415,Alshark (System disk).hdm,0x0669F0,"口止ﾒｻﾚﾃ@ｲﾀﾝだ。0_4$","[UNTRANSLATED]"
s_002416,Alshark (System disk).hdm,0x06711C,"必ず戻ｯﾃｷﾃﾈ。","[UNTRANSLATED]"
s_002417,Alshark (System disk).hdm,0x06775F,"女ﾉ子だ。0_4$","[UNTRANSLATED]"
s_002418,Alshark (System disk).hdm,0x067A3A,"老師ﾉ元ﾍ。","[UNTRANSLATED]"
s_002419,Alshark (System disk).hdm,0x067FE3,"がﾎﾝﾄﾆｱﾙﾉｶどｳｶ、ﾊｯｷﾘｼﾅｲﾝだ。0H","[UNTRANSLATED]"
s_002420,Alshark (System disk).hdm,0x06818C,"勝手ﾆ、通ﾘﾅｻｲ。","[UNTRANSLATED]"
s_002421,Alshark (System disk).hdm,0x0687D2,"本気ﾅﾝでｽｶ？！0_4$","[UNTRANSLATED]"
s_002422,Alshark (System disk).hdm,0x068A00,"ばｼ、ｺｺで待ﾀﾚﾖ。0?I","[UNTRANSLATED]"
s_002423,Alshark (System disk).hdm,0x068C63,"見ｼﾃ歩ｸﾝじｬﾅｲ！","[UNTRANSLATED]"
s_002424,Alshark (System disk).hdm,0x068D43,"マｰズ人ﾓﾅｶﾅｶﾔﾘﾏｽﾈ。","[UNTRANSLATED]"
s_002425,Alshark (System disk).hdm,0x068EB5,"殺ｾ、殺ｾ、殺ｼﾃｼﾏｴｰ！！0?F","[UNTRANSLATED]"
s_002426,Alshark (System disk).hdm,0x069825,"黄金ﾉ仮面ﾉ下ﾆ隠ｻﾚﾀ@素顔ﾊ、誰ﾓ知ﾗﾅｲﾗｼｲｹどｷｯﾄｵ美ｼｲﾆ決ﾏｯﾃﾏｽﾜ","[UNTRANSLATED]"
s_002427,Alshark (System disk).hdm,0x069CA7,"左肩ﾆ6ｸｲ込ﾓｳﾄｼﾃｲﾀ。0_4$","[UNTRANSLATED]"
s_002428,Alshark (System disk).hdm,0x06A4B0,"金貯ﾒﾃ、ﾏﾀ来ﾃｸﾚﾔ。","[UNTRANSLATED]"
s_002429,Alshark (System disk).hdm,0x06A8B8,"懐ｶｼｲﾅｧ。@ｵｲ、ｲﾏ何ﾔｯﾃﾝだﾖ。0_4$","[UNTRANSLATED]"
s_002430,Alshark (System disk).hdm,0x06ACA4,"じｬｱ、ｻｯｿｸ修理ｼﾃｸﾙ。0?I","[UNTRANSLATED]"
s_002431,Alshark (System disk).hdm,0x06C281,"遠ｲﾄｺﾛﾏで、@ﾖｸｲﾗｯｼｬｲﾏｼﾀ。@何ﾆﾅｻｲﾏｽｩ？0?N","[UNTRANSLATED]"
s_002432,Alshark (System disk).hdm,0x06C57F,"老人ﾉﾊｶﾅｲ夢ｶﾓｼﾚﾏｾﾝﾈ。","[UNTRANSLATED]"
s_002433,Alshark (System disk).hdm,0x06C9B6,"だ、イｰル王ﾉｵ許ｼﾅｸ、@外出がでｷﾅｲﾉで、暇ｦ持ﾃ@余ｼﾃｵﾗﾚﾙﾄｶ‥‥","[UNTRANSLATED]"
s_002434,Alshark (System disk).hdm,0x06CC70,"ごﾕｯｸﾘどｳぞ。0?C","[UNTRANSLATED]"
s_002435,Alshark (System disk).hdm,0x06CDF3,"頑張ｯﾃｸだｻｲﾈ。","[UNTRANSLATED]"
s_002436,Alshark (System disk).hdm,0x06D22C,"何ﾆｼﾃﾓ腹ﾉ立ﾂｺﾄﾖ。","[UNTRANSLATED]"
s_002437,Alshark (System disk).hdm,0x06D531,"ぞ！@ｲｲ加減ﾆｼﾛ！","[UNTRANSLATED]"
s_002438,Alshark (System disk).hdm,0x06D9CB,"少ｼﾊ、場所ｦﾜｷﾏｴﾛ！","[UNTRANSLATED]"
s_002439,Alshark (System disk).hdm,0x06E9CD,"特ﾆｱﾃがｱﾙﾜｹでﾊｱﾘﾏｾﾝ。0_4$","[UNTRANSLATED]"
s_002440,Alshark (System disk).hdm,0x06F30B,"達ﾆﾊ想像ﾓﾂｶﾅｶｯﾀ。0_4$","[UNTRANSLATED]"
s_002441,Alshark (System disk).hdm,0x0705DA,"他ﾆｽﾙｺﾄが@ｱﾙﾝじｬﾅｲﾉｶ？！","[UNTRANSLATED]"
s_002442,Alshark (System disk).hdm,0x070D45,"金が足ﾘﾏｾﾝﾖ。","[UNTRANSLATED]"
s_002443,Alshark (System disk).hdm,0x071A86,"だが、ｱｿｺﾉ前線基地ﾆﾊ、@帝国星軍総司令ﾉ$","[UNTRANSLATED]"
s_002444,Alshark (System disk).hdm,0x073266,"物が落ﾁﾃﾀ。0","[UNTRANSLATED]"
s_002445,Alshark (System disk).hdm,0x074439,"ぶﾗずﾆ教ｴﾛﾖ。0_4$","[UNTRANSLATED]"
s_002446,Alshark (System disk).hdm,0x074795,"奴ﾊ‥‥ｺﾉ惑星ﾉ‥軌道上で‥‥ｵﾏｴ達ｦ‥待ﾁｶﾏｴﾃｲﾙ‥‥‥‥0_4ビｰスト・$","[UNTRANSLATED]"
s_002447,Alshark (System disk).hdm,0x0755C0,"が受ｹﾃ立ｯﾃ@ﾔﾙﾜｨ！！0?C","[UNTRANSLATED]"
s_002448,Alshark (System disk).hdm,0x075607,"負ｹﾙﾝじｬﾈｪぞ！0_4$","[UNTRANSLATED]"
s_002449,Alshark (System disk).hdm,0x076853,"私ﾊ‥‥ｺｺﾆ残ﾙ。0ｻｱ、早ｸｲｹ！0_4$","[UNTRANSLATED]"
s_002450,Alshark (System disk).hdm,0x07CBCF,"見守ｯﾃｸﾚﾃﾙﾆ違ｲﾈｪ！0_4$","[UNTRANSLATED]"
s_002451,Alshark (System disk).hdm,0x07DAE4,"どｺｶﾆ穴ﾄｶ開ｲﾃﾀﾘｼﾃ。0_4$","[UNTRANSLATED]"
s_002452,Alshark (System disk).hdm,0x07E022,"どｳｼﾃﾓ、ｵ父ｻﾏｦ殺ｼﾃ@ｼﾏｳｼｶﾅｲﾉ？0_4$","[UNTRANSLATED]"
s_002453,Alshark (System disk).hdm,0x07E2C9,"悪ｲｺﾄｦ聞ｲﾁﾏｯﾀｶﾅ。@ｽﾏﾝ、許ｼﾃｸﾚ。0_4$","[UNTRANSLATED]"
s_002454,Alshark (System disk).hdm,0x07E8C2,"悔ｼｿｳﾆ拳ｦ握ﾘ6ｼﾒﾀ。0_4$","[UNTRANSLATED]"
s_002455,Alshark (System disk).hdm,0x07E942,"分ﾏで戦ｯﾃ@ﾐｾﾙﾜ。0_4$","[UNTRANSLATED]"
s_002456,Alshark (System disk).hdm,0x07EA28,"だｶﾗ、心配ﾅｲｯﾃ。0_4$","[UNTRANSLATED]"
s_002457,Alshark (System disk).hdm,0x07EAD6,"口ﾉﾍﾗﾈｪｵｯｻﾝだぜ。0_4$","[UNTRANSLATED]"
s_002458,Alshark (System disk).hdm,0x07ECC0,"じｻﾝだｹで、ｳﾗﾔﾏｼｲﾖ。0_4$","[UNTRANSLATED]"
s_002459,Alshark (System disk).hdm,0x07EEC0,"借ﾘがでｷﾁﾏｯﾀﾅ。0_4$","[UNTRANSLATED]"
s_002460,Alshark (System disk).hdm,0x07F119,"時ﾊ、苦労ｻｾﾗﾚﾏｼﾀｶﾗﾈｪ。0_4$","[UNTRANSLATED]"
s_002461,Alshark (System disk).hdm,0x07FB53,"がﾈｪ、ｵｯｻﾝだぜ。","[UNTRANSLATED]"
s_002462,Alshark (System disk).hdm,0x07FC4F,"チッ、ﾏｧﾀ、ギｰデルﾉ野郎ﾄ会ｳﾉｶﾄ思ｳﾄ虫酸がﾊｼﾙぜ","[UNTRANSLATED]"
s_002463,Alshark (System disk).hdm,0x07FFBD,"仕方がﾅｲ。@$","[UNTRANSLATED]"
s_002464,Alshark (System disk).hdm,0x07FFCB,"じｻﾝｦ捜ｼﾃ、助ｹﾃﾓﾗｵｳ。","[UNTRANSLATED]"
s_002465,Alshark (System disk).hdm,0x07FFE2,"早ｲﾄｺ頼ﾑぜ、ｵｲ。","[UNTRANSLATED]"
s_002466,Alshark (System disk).hdm,0x080158,"ハッ、ﾏｯﾀｸ、ｵﾏｴﾗﾆﾊ@ﾂｲﾃ行ｹﾈｪﾖ！0_4$","[UNTRANSLATED]"
s_002467,Alshark (System disk).hdm,0x08024D,"奥ﾆ、ｲｯﾀｲ何がｱﾙｯﾃｲｳﾉｶｼﾗ。","[UNTRANSLATED]"
s_002468,Alshark (System disk).hdm,0x080270,"力ｦ試ｿｳｯﾃﾉｶｨ。ｵﾓｼﾚｪ。@ﾔｯﾃﾔﾛｳじｬﾈｪｶ！","[UNTRANSLATED]"
s_002469,Alshark (System disk).hdm,0x080388,"コルレルﾉ試練ｯﾃ、今度ﾊ、@何がｱﾙﾉｶｼﾗ・・・","[UNTRANSLATED]"
s_002470,Alshark (System disk).hdm,0x0806BD,"げﾙﾄ信じﾃﾀﾜ。","[UNTRANSLATED]"
s_002471,Alshark (System disk).hdm,0x0808F9,"ばｶ言ｯﾃﾝじｬﾈｪ！","[UNTRANSLATED]"
s_002472,Alshark (System disk).hdm,0x0811A7,"強ｿｳだﾅ。@ｺｺﾊ、ｵﾄﾅｼｸｼﾄｸﾆｶぎﾙﾅ。","[UNTRANSLATED]"
s_002473,Alshark (System disk).hdm,0x081230,"誰ｶ忘ﾚﾄﾙﾝじｬﾅｲﾝｶｲ！0_4$","[UNTRANSLATED]"
s_002474,Alshark (System disk).hdm,0x08147A,"加減ﾆｼﾃ@ｸだｻｲ！0_4$","[UNTRANSLATED]"
s_002475,Alshark (System disk).hdm,0x0814FC,"見ﾂｹﾀﾗ、ぎｯﾀぎﾀﾆｼﾃ、頭ｶﾁ割ｯﾃ、内臓引ｷずﾘ出ｼﾃ・・・0_4$","[UNTRANSLATED]"
s_002476,Alshark (System disk).hdm,0x081558,"黒幕がｵｯﾀﾜｹｶ。0_4$","[UNTRANSLATED]"
s_002477,Alshark (System disk).hdm,0x081618,"奴ﾗがｵ嬢ﾁｬﾝｦｻﾗｯﾀｺﾄﾆゾリアスが関係ｼﾃｲﾙﾄﾅﾙﾄ・・・0_4$","[UNTRANSLATED]"
s_002478,Alshark (System disk).hdm,0x081A83,"ば様ｦ捜ｼ@ﾏｼｮｳ。","[UNTRANSLATED]"
s_002479,Alshark (System disk).hdm,0x081B32,"母ｻﾝがｲﾙｶﾓ知ﾚﾅｲﾉ。0_4$","[UNTRANSLATED]"
s_002480,Alshark (System disk).hdm,0x081B65,"だ乳離ﾚｼﾃﾈｪﾉｶ！ｯﾀｸ。0_4$","[UNTRANSLATED]"
s_002481,Alshark (System disk).hdm,0x081E6A,"力でﾓどｳﾆﾓﾅﾗﾝﾉｶｨ。0_4$","[UNTRANSLATED]"
s_002482,Alshark (System disk).hdm,0x08237E,"じｻﾝﾉｺﾄ知ｯﾃﾙﾝだｯｹ？0_4$","[UNTRANSLATED]"
s_002483,Alshark (System disk).hdm,0x0828A1,"誰ﾆ相談ｼﾖｳｶﾅ。","[UNTRANSLATED]"
s_002484,Alshark (System disk).hdm,0x082949,"早ｸ仕事ｽﾙ。@ｿｼﾃ、$","[UNTRANSLATED]"
s_002485,Alshark (System disk).hdm,0x0839BD,"作戦ｦ練ｯﾃｵｸｶ。","[UNTRANSLATED]"
s_002486,Alshark (System disk).hdm,0x0B4D94,"誨P誨PW跏ﾇBBBAP跏跏gWgW鉗gW鉞Wg鉞詒跏f觚詒詛","[UNTRANSLATED]"
s_002487,Alshark (System disk).hdm,0x0B90DA,"垂モ◇垂モ÷モモヱ垂モヱ髄髄､武ｃｃｃ","[UNTRANSLATED]"
s_002488,Alshark (System disk).hdm,0x0BEB47,"燈抹抹抹抹抹抹抹抹抹抹抹湯","[UNTRANSLATED]"
s_002489,Alshark (System disk).hdm,0x0BF0F0,"燈抹抹抹抹抹抹亦燈抹抹抹亦","[UNTRANSLATED]"
s_002490,Alshark (System disk).hdm,0x0BF6F9,"燈抹抹抹抹抹抹抹抹抹抹鱒湯yyyyyyyyy","[UNTRANSLATED]"
s_002491,Alshark (System disk).hdm,0x0C00A9,"楓楓楓楓楓楓楓馳猪楓楓楓蒜y!  32","[UNTRANSLATED]"
s_002494,Alshark (System disk).hdm,0x0F48A1,"瀦瀦桝77瑞瑞瑞瑞瑞瑞瑞77走瀦瀦","[UNTRANSLATED]"
s_002495,Alshark (System disk).hdm,0x0F48C1,"瀦瀦桝77桝荘荘荘荘荘走77走瀦瀦","[UNTRANSLATED]"
s_002496,Alshark (System disk).hdm,0x0F4901,"瀦瀦桝77桝駐駐荘舶舶走77走瀦瀦","[UNTRANSLATED]"
s_002497,Alshark (System disk).hdm,0x0F4921,"瀦瀦桝77桝駐駐瀦舶舶走77走瀦瀦","[UNTRANSLATED]"
s_002498,Alshark (System disk).hdm,0x0F49C1,"瀦瀦桝77荘荘荘荘荘荘荘77走瀦瀦","[UNTRANSLATED]"
s_002499,Alshark (System disk).hdm,0x0F6EE1,"麹P麹訓a牛麹麹麹麹訓a牛麹麹麹ｻ","[UNTRANSLATED]"
s_002500,Alshark (System disk).hdm,0x0F6F01,"撈P撈弃a屎撈撈撈撈弃a屎撈撈撈","[UNTRANSLATED]"
s_002502,Alshark (System disk).hdm,0x12C9BF,"寞KNNNNNNM寫麹麹麹麹腰uu剄麹麹麹麹麹","[UNTRANSLATED]"
s_002504,Alshark (System disk).hdm,0x12D5E6,"瑞説聽聽聽聽聽聽聽聽Q眠ｴｸ簫雎ｱ≒","[UNTRANSLATED]"
s_002505,Alshark (System disk).hdm,0x001E63,"解体ｼﾏｽｶ？","[UNTRANSLATED]"
s_002506,Alshark (System disk).hdm,0x001FEA,"修得ｼﾀ。","[UNTRANSLATED]"
s_002507,Alshark (System disk).hdm,0x051C27,"店員ｻﾝﾆ@6ﾅﾘﾏｼﾀ。","[UNTRANSLATED]"
s_002508,Alshark (System disk).hdm,0x0529EB,"頑張ｯﾃﾙ？","[UNTRANSLATED]"
s_002509,Alshark (System disk).hdm,0x052C9B,"忙ｼｲ、忙ｼｲ。","[UNTRANSLATED]"
s_002510,Alshark (System disk).hdm,0x052DB5,"早ｸ、届ｹﾃｷﾃﾈ。","[UNTRANSLATED]"
s_002511,Alshark (System disk).hdm,0x05321F,"舞台ﾉ上で派手ﾆ踊ﾘ46ﾏｸﾙダンサｰﾆ、目ｦ奪ﾜﾚﾀ","[UNTRANSLATED]"
s_002512,Alshark (System disk).hdm,0x05358E,"今日ﾊﾔﾒﾄｸﾖ。","[UNTRANSLATED]"
s_002513,Alshark (System disk).hdm,0x053603,"出直ｼﾃｷﾅ！！","[UNTRANSLATED]"
s_002514,Alshark (System disk).hdm,0x0536BA,"出直ｿｳ。","[UNTRANSLATED]"
s_002515,Alshark (System disk).hdm,0x053B5B,"確ｶﾆ、渡ｼﾀﾖ。","[UNTRANSLATED]"
s_002516,Alshark (System disk).hdm,0x054821,"どｳだ？$","[UNTRANSLATED]"
s_002517,Alshark (System disk).hdm,0x054913,"ゴｰイ！！0_4$","[UNTRANSLATED]"
s_002518,Alshark (System disk).hdm,0x05495C,"ダッ、ｻ～ｲ。0_4$","[UNTRANSLATED]"
s_002519,Alshark (System disk).hdm,0x054DFD,"了解！！0_6$","[UNTRANSLATED]"
s_002520,Alshark (System disk).hdm,0x055586,"だ、だﾏﾚｪｰｰ！！！0_$","[UNTRANSLATED]"
s_002521,Alshark (System disk).hdm,0x05559F,"どｳｼﾁﾏｯﾀｯﾃﾝだﾖｫｰ。$","[UNTRANSLATED]"
s_002522,Alshark (System disk).hdm,0x055A1D,"逃がｽｶ！！!?I","[UNTRANSLATED]"
s_002523,Alshark (System disk).hdm,0x055BAB,"エアロックﾉ油圧が抜ｹﾃｲｸ音6ﾆ混じｯﾃ、$","[UNTRANSLATED]"
s_002524,Alshark (System disk).hdm,0x055C17,"待ﾁﾔがﾚ！！0?I","[UNTRANSLATED]"
s_002525,Alshark (System disk).hdm,0x055DFC,"俺ﾉｺﾄじｬｲ。0_6$","[UNTRANSLATED]"
s_002526,Alshark (System disk).hdm,0x056861,"見ﾀﾄｺﾛ、君ﾊ、純粋ﾅ@ゾリアス人でﾊﾅｲﾖｳだが‥‥0_4$","[UNTRANSLATED]"
s_002527,Alshark (System disk).hdm,0x0568B0,"名ﾊ、何ﾄｲｳ。0_4$","[UNTRANSLATED]"
s_002528,Alshark (System disk).hdm,0x056FDF,"気が6ﾂｲﾀ。","[UNTRANSLATED]"
s_002529,Alshark (System disk).hdm,0x05710D,"店員5ｲﾗｯｼｬｲﾏｾｰ！","[UNTRANSLATED]"
s_002530,Alshark (System disk).hdm,0x0578A2,"間ﾆ合ｯﾃﾏｽｶﾗ！","[UNTRANSLATED]"
s_002531,Alshark (System disk).hdm,0x057CE1,"頑張ｯﾃﾐﾅ。","[UNTRANSLATED]"
s_002532,Alshark (System disk).hdm,0x057E1A,"でﾓ覗ｲﾃﾐﾃｸﾚ。","[UNTRANSLATED]"
s_002533,Alshark (System disk).hdm,0x058943,"達ｦ助ｹﾀｲﾄ。0?C","[UNTRANSLATED]"
s_002534,Alshark (System disk).hdm,0x05898A,"何ｦｼﾀﾝだｨ。0_4$","[UNTRANSLATED]"
s_002535,Alshark (System disk).hdm,0x0594B4,"集中ｽﾙ。0_4$","[UNTRANSLATED]"
s_002536,Alshark (System disk).hdm,0x059512,"仕方ﾅｲｶｼﾗ？0_4$","[UNTRANSLATED]"
s_002537,Alshark (System disk).hdm,0x05A443,"何ﾉｺﾄだ！0_4$","[UNTRANSLATED]"
s_002538,Alshark (System disk).hdm,0x05A4D6,"命令ｻﾚﾀ？！0_4$","[UNTRANSLATED]"
s_002539,Alshark (System disk).hdm,0x05A7ED,"頑張ﾚﾖ。","[UNTRANSLATED]"
s_002540,Alshark (System disk).hdm,0x05A918,"だ？ﾃﾒｪ達ﾊ‥‥‥0_4$","[UNTRANSLATED]"
s_002541,Alshark (System disk).hdm,0x05A92E,"どｳﾓ、ﾊじﾒﾏｼﾃ。0_4$","[UNTRANSLATED]"
s_002542,Alshark (System disk).hdm,0x05AA11,"どｳｼﾀﾝだ、ｲｯﾀｲ。0_4$","[UNTRANSLATED]"
s_002543,Alshark (System disk).hdm,0x05AA38,"会ｲﾆ来ﾀ。0_4$","[UNTRANSLATED]"
s_002544,Alshark (System disk).hdm,0x05AE26,"困ﾘ果ﾃﾀ。0_4$","[UNTRANSLATED]"
s_002545,Alshark (System disk).hdm,0x05AF95,"違ｳﾝだ！@‥‥‥ｸｯ‥‥‥‥！！0_6$","[UNTRANSLATED]"
s_002546,Alshark (System disk).hdm,0x05BA71,"起ｷﾃ。@朝ﾆﾅｯﾀﾜﾖ！0_4$","[UNTRANSLATED]"
s_002547,Alshark (System disk).hdm,0x05BB75,"ぼ、ぼｸﾊ、ｿﾝﾅﾉﾔｯﾀｺﾄﾅｲﾖ。","[UNTRANSLATED]"
s_002548,Alshark (System disk).hdm,0x05C73D,"兵士5アトライアﾊ、点検中ﾉﾀﾒ、ｺｺｦｵ通ｼｽﾙｺﾄﾊでｷﾏｾﾝ0?I","[UNTRANSLATED]"
s_002549,Alshark (System disk).hdm,0x05CC45,"任ｾﾃｸだｻｲ！0_4$","[UNTRANSLATED]"
s_002550,Alshark (System disk).hdm,0x05DB5F,"どｳﾅｯﾃﾓｼﾗﾝぞ！）","[UNTRANSLATED]"
s_002551,Alshark (System disk).hdm,0x05E418,"だ、ﾅﾝだﾖ。0_4$","[UNTRANSLATED]"
s_002552,Alshark (System disk).hdm,0x05F3CA,"気ｦﾂｹﾃ@行ｯﾃﾗｯｼｬｲﾏｾ。","[UNTRANSLATED]"
s_002553,Alshark (System disk).hdm,0x0604D4,"どｳﾓ、ｺｺﾉﾖｳだﾅ。0_4$","[UNTRANSLATED]"
s_002554,Alshark (System disk).hdm,0x060541,"行ｸぞ！！0?I","[UNTRANSLATED]"
s_002555,Alshark (System disk).hdm,0x060718,"勘弁ｼﾃｸﾚﾖ。","[UNTRANSLATED]"
s_002556,Alshark (System disk).hdm,0x060B1A,"声じｬﾅｲ！）0_4$","[UNTRANSLATED]"
s_002557,Alshark (System disk).hdm,0x060BDB,"どｺﾆｲﾙﾝだ、ｶｱｻﾝｯ！0_4$","[UNTRANSLATED]"
s_002558,Alshark (System disk).hdm,0x0614D8,"持ﾃﾅｲﾉで、ｱｷﾗﾒﾀ。","[UNTRANSLATED]"
s_002559,Alshark (System disk).hdm,0x06150B,"何ﾓﾅｲﾖｳだ。","[UNTRANSLATED]"
s_002560,Alshark (System disk).hdm,0x0617EC,"どｳだｯﾀ？@ｳﾏｸｲｯﾀｶｨ、ﾍﾍﾍ‥‥","[UNTRANSLATED]"
s_002561,Alshark (System disk).hdm,0x061C95,"呼ばﾚﾃｲﾙ。","[UNTRANSLATED]"
s_002562,Alshark (System disk).hdm,0x062395,"心配ｻｾﾃｼﾏｯﾀﾐﾀｲﾈ。0_4$","[UNTRANSLATED]"
s_002563,Alshark (System disk).hdm,0x062488,"でﾓｱﾙﾉでｽ。0_4$","[UNTRANSLATED]"
s_002564,Alshark (System disk).hdm,0x0627C5,"ぷｯ、ﾊｰｯﾊｯﾊｯﾊｯ！@ｿｲﾂﾊ、ｹｯｻｸだ。0_4$","[UNTRANSLATED]"
s_002565,Alshark (System disk).hdm,0x0634C9,"取ｯﾃ@ｲﾀだｹﾏｽｶﾅ。","[UNTRANSLATED]"
s_002566,Alshark (System disk).hdm,0x0638A8,"来ﾃ下ｻｲﾈｪ。","[UNTRANSLATED]"
s_002567,Alshark (System disk).hdm,0x0639C3,"身ﾉ丈６メｰトル以上ﾓｱﾙ@6化ｹ物が、ｿﾉ巨体ｦ$","[UNTRANSLATED]"
s_002568,Alshark (System disk).hdm,0x063DA5,"私ﾆ任ｾﾛ！@ｵﾏｴﾊ$","[UNTRANSLATED]"
s_002569,Alshark (System disk).hdm,0x0643C9,"来ﾃ下ｻｲﾈ。","[UNTRANSLATED]"
s_002570,Alshark (System disk).hdm,0x06547C,"どｳｲｳｺﾄでｽｶﾅ？0_4$","[UNTRANSLATED]"
s_002571,Alshark (System disk).hdm,0x065727,"無理ﾊﾅｻﾚﾇﾖｳﾆ。","[UNTRANSLATED]"
s_002572,Alshark (System disk).hdm,0x065887,"でﾓ来ﾃｵｸﾚﾖ。","[UNTRANSLATED]"
s_002573,Alshark (System disk).hdm,0x066B39,"魂ﾆ、語ﾘ6ｶｹﾃｲﾀ。0_4$","[UNTRANSLATED]"
s_002574,Alshark (System disk).hdm,0x066C66,"でﾓ、どｳｼﾃ？0_4$","[UNTRANSLATED]"
s_002575,Alshark (System disk).hdm,0x067649,"どｲ臭ｲ。0_4$","[UNTRANSLATED]"
s_002576,Alshark (System disk).hdm,0x067773,"俺ﾉｲｳｺﾄｦ聞ｲﾃ@ﾓﾗｳﾖ。0_6$","[UNTRANSLATED]"
s_002577,Alshark (System disk).hdm,0x0677F7,"ば様！0_4$","[UNTRANSLATED]"
s_002578,Alshark (System disk).hdm,0x0678C5,"手ｦ@6触ﾚﾀ。0_6$","[UNTRANSLATED]"
s_002579,Alshark (System disk).hdm,0x06794F,"持ｯﾃ行ｹ。0_4$","[UNTRANSLATED]"
s_002580,Alshark (System disk).hdm,0x068078,"達6ﾊ知ﾗﾅｲ。","[UNTRANSLATED]"
s_002581,Alshark (System disk).hdm,0x068F46,"裏切ﾘｵｯﾀﾅ！！0_4$","[UNTRANSLATED]"
s_002582,Alshark (System disk).hdm,0x06955A,"ぶｯ殺ｽ！！0_4$","[UNTRANSLATED]"
s_002583,Alshark (System disk).hdm,0x069680,"どｳｼﾀﾝだ？$","[UNTRANSLATED]"
s_002584,Alshark (System disk).hdm,0x069712,"金ﾓ持ｯﾄﾗﾝﾉｶ！！","[UNTRANSLATED]"
s_002585,Alshark (System disk).hdm,0x06AB69,"大事ﾆｼﾃｸﾚﾖ。","[UNTRANSLATED]"
s_002586,Alshark (System disk).hdm,0x06CBF9,"ビップルｰム@ダブル@シングル@ﾔﾒﾃｵｸ","[UNTRANSLATED]"
s_002587,Alshark (System disk).hdm,0x06CE5A,"安ｶｯﾀでｼｮｳ？","[UNTRANSLATED]"
s_002588,Alshark (System disk).hdm,0x06CED3,"ヘルメット@シｰルド@スｰツ@店ｦ出ﾙ","[UNTRANSLATED]"
s_002589,Alshark (System disk).hdm,0x06DA23,"運ﾉｲｲ奴ﾗﾖ。","[UNTRANSLATED]"
s_002590,Alshark (System disk).hdm,0x06DC14,"気がﾂｲﾀ。","[UNTRANSLATED]"
s_002591,Alshark (System disk).hdm,0x06F473,"困惑ｼﾀ。0_6ｼｶｼ、$","[UNTRANSLATED]"
s_002592,Alshark (System disk).hdm,0x071A19,"金ｦ払ｯﾃﾓﾗｯﾀ@ｶﾗﾓｳｲｲﾖ。","[UNTRANSLATED]"
s_002593,Alshark (System disk).hdm,0x071E17,"惜ｼｲ男ｦﾅｸｼﾀﾖ。","[UNTRANSLATED]"
s_002594,Alshark (System disk).hdm,0x0738C4,"奴ﾗ、ｿｳﾄｳ慌ﾃﾃｲﾀﾗｼｲﾅ。0_4$","[UNTRANSLATED]"
s_002595,Alshark (System disk).hdm,0x073A08,"だ？@どｳｶｼﾀﾉｶ、$","[UNTRANSLATED]"
s_002596,Alshark (System disk).hdm,0x07448B,"どｳｲｳｺﾄﾅﾉ、ｵじｻﾏ。0_4$","[UNTRANSLATED]"
s_002597,Alshark (System disk).hdm,0x076157,"達ｦ待ﾁｶﾏｴﾃｲﾀ。0_6$","[UNTRANSLATED]"
s_002598,Alshark (System disk).hdm,0x0763DB,"戸惑ｯﾀ。0_4$","[UNTRANSLATED]"
s_002599,Alshark (System disk).hdm,0x076912,"ばだ！！0?I","[UNTRANSLATED]"
s_002600,Alshark (System disk).hdm,0x07C249,"負ｹﾅｲ。@だｶﾗ、$","[UNTRANSLATED]"
s_002601,Alshark (System disk).hdm,0x07C55A,"登ﾙぞ！！","[UNTRANSLATED]"
s_002602,Alshark (System disk).hdm,0x07C6CC,"攻略ﾊ、@タンクﾅｼでﾊ、絶対ﾆ無理だぞ0_4$","[UNTRANSLATED]"
s_002603,Alshark (System disk).hdm,0x07C9BD,"忘ﾚﾃﾅｲでｼｮｳﾈ。0_4$","[UNTRANSLATED]"
s_002604,Alshark (System disk).hdm,0x07CA72,"思ｳだﾛ？","[UNTRANSLATED]"
s_002605,Alshark (System disk).hdm,0x07CB9D,"信じﾃﾙ。@ｷｯﾄ、$","[UNTRANSLATED]"
s_002606,Alshark (System disk).hdm,0x07D6BE,"がﾄｳ。頼ﾘﾆｼﾃﾙﾖ。","[UNTRANSLATED]"
s_002607,Alshark (System disk).hdm,0x07D7FC,"強ｲ。@ﾓｯﾄﾓｯﾄ強ｸﾅﾙ。@$","[UNTRANSLATED]"
s_002608,Alshark (System disk).hdm,0x07D9F3,"父ｻﾏがｲﾙｶﾓｼﾚﾅｲﾉﾈ。0_4$","[UNTRANSLATED]"
s_002609,Alshark (System disk).hdm,0x07DFB9,"行ｸﾝでｼｮ。0_4$","[UNTRANSLATED]"
s_002610,Alshark (System disk).hdm,0x07E15C,"だｼ、ﾅﾝじｬｲ！0_4$","[UNTRANSLATED]"
s_002611,Alshark (System disk).hdm,0x07E8E0,"情ｹﾅｲ話ｻ。0_4$","[UNTRANSLATED]"
s_002612,Alshark (System disk).hdm,0x07EC47,"心配ｼﾅｸﾃ@ｲｲﾉ。@$","[UNTRANSLATED]"
s_002613,Alshark (System disk).hdm,0x07EC5C,"私ﾆ任ｾﾃｵｷﾅｻｲ。","[UNTRANSLATED]"
s_002614,Alshark (System disk).hdm,0x07F766,"だ？！@ｵｯｻﾝ、ﾅﾝｶ知ｯﾃﾝﾉｶ？0_4$","[UNTRANSLATED]"
s_002615,Alshark (System disk).hdm,0x07FA0E,"嬢ﾁｬﾝ。@ｿﾝﾅｺﾀｱ、気ﾆｽﾙｺｧﾈｪ0_4$","[UNTRANSLATED]"
s_002616,Alshark (System disk).hdm,0x07FA91,"言ｳじｬﾈｪｶ！0_4$","[UNTRANSLATED]"
s_002617,Alshark (System disk).hdm,0x07FAD9,"ジョｰｵｯｻﾝ。","[UNTRANSLATED]"
s_002618,Alshark (System disk).hdm,0x08126F,"じｬﾛ、ｿｳじｬﾛｳ。","[UNTRANSLATED]"
s_002619,Alshark (System disk).hdm,0x0814A0,"助ｹﾃｶﾗﾆｼﾃｸだｻｲ！0_4$","[UNTRANSLATED]"
s_002620,Alshark (System disk).hdm,0x08174F,"気ﾉｾｲじｬﾛ。","[UNTRANSLATED]"
s_002621,Alshark (System disk).hdm,0x081806,"消息ｦ@ﾂｶﾒﾙｶﾓｼﾚﾝｼﾅ。","[UNTRANSLATED]"
s_002622,Alshark (System disk).hdm,0x081BCD,"が、ビデオレタｰﾉスイッ6チｦ入ﾚﾙﾄ、ｿｺﾆﾊ懐ｶｼｲ6$","[UNTRANSLATED]"
s_002623,Alshark (System disk).hdm,0x081E29,"話ｼﾃﾓﾗｳぜ。","[UNTRANSLATED]"
s_002624,Alshark (System disk).hdm,0x082903,"じｻﾝｦ捜ｻﾅｲﾄ。","[UNTRANSLATED]"
s_002625,Alshark (System disk).hdm,0x082A20,"行ｯﾃﾐﾘｬｱﾜｶﾙだﾛｳ。","[UNTRANSLATED]"
s_002626,Alshark (System disk).hdm,0x0838D1,"ザイザｰ鉱石ﾉ分析ﾆﾊ、@ﾓｳ少ｼ時間がｶｶﾘｿｳだﾜｨ0_4$","[UNTRANSLATED]"
s_002627,Alshark (System disk).hdm,0x0B4CA7,"跏詒Wg詒觚詒觚詒bccccd詒踟跚W銷鉉","[UNTRANSLATED]"
s_002628,Alshark (System disk).hdm,0x0B91D2,"垂モモモモモヱ垂ヱ垂モモ","[UNTRANSLATED]"
s_002629,Alshark (System disk).hdm,0x0B9252,"モモモモモモヱ00垂モモモヱ","[UNTRANSLATED]"
s_002630,Alshark (System disk).hdm,0x0BE7D0,"燈抹抹抹抹抹抹抹抹抹抹土","[UNTRANSLATED]"
s_002631,Alshark (System disk).hdm,0x0BEA87,"楓楓楓楓楓楓楓断f楓楓楓馳","[UNTRANSLATED]"
s_002632,Alshark (System disk).hdm,0x0BEEF7,"猪楓楓楓楓楓楓楓蕪yy0 %$燈抹亦""! 32","[UNTRANSLATED]"
s_002633,Alshark (System disk).hdm,0x0BF452,"湯抹抹抹湯燈抹抹抹抹抹湯","[UNTRANSLATED]"
s_002634,Alshark (System disk).hdm,0x0BF5E1,"猪楓楓楓楓馳yyy鋳抹抹抹湯湯yy","[UNTRANSLATED]"
s_002635,Alshark (System disk).hdm,0x0BFE04,"燈抹抹抹抹抹抹抹抹抹抹抹","[UNTRANSLATED]"
s_002636,Alshark (System disk).hdm,0x0BFFF8,"駐楓楓楓冨!332燈抹抹抹抹抹亦","[UNTRANSLATED]"
s_002640,Alshark (System disk).hdm,0x0D6373,"鉗鉗鉗鉗鉗鉗鉗鉗鉗鉗鉗鉗","[UNTRANSLATED]"
s_002643,Alshark (System disk).hdm,0x0EDC46,"牛麹麹牛麹麹麹麹轟麹麹轟a","[UNTRANSLATED]"
s_002644,Alshark (System disk).hdm,0x0EDC66,"屎撈撈屎撈撈撈撈撩撈撈撩a","[UNTRANSLATED]"
s_002645,Alshark (System disk).hdm,0x0F4B21,"瀦荘走77荘荘荘77荘荘荘77桝荘瀦","[UNTRANSLATED]"
s_002647,Alshark (System disk).hdm,0x0F5DE1,"麹麹麹轟P麹麹策麹麹麹麹麹P","[UNTRANSLATED]"
s_002651,Alshark (System disk).hdm,0x054740,"スクラップで出来ﾃﾀﾘﾄｶ・・・0_4$","[UNTRANSLATED]"
s_002652,Alshark (System disk).hdm,0x0555B4,"俺ﾀﾁｬｱ、無二ﾉ親友同士だｯﾀじｬﾈｪｶ気でﾓﾌﾚﾁﾏｯﾀｯﾃｪﾉｶｧ0_4$","[UNTRANSLATED]"
s_002653,Alshark (System disk).hdm,0x05A2E8,"がﾓｳ少ｼ若ｹﾚば、ｱﾝﾅ連中、ｺﾉ拳一ﾂで退治ｼﾃﾔﾙﾓﾉｦ‥‥‥","[UNTRANSLATED]"
s_002654,Alshark (System disk).hdm,0x05CC0A,"今回ﾊ、モンスタｰ相手だｶﾗ、思ｲｯｷﾘ暴ﾚﾃｷﾃｸﾚﾀﾏｴ0_4$","[UNTRANSLATED]"
s_002655,Alshark (System disk).hdm,0x05F31E,"手持ﾁﾉ金額が足ﾘﾅｲﾖｳでｽが・・・","[UNTRANSLATED]"
s_002656,Alshark (System disk).hdm,0x05F462,"チケットｦｵ持ﾁでﾅｲﾖｳでｽが・・・","[UNTRANSLATED]"
s_002657,Alshark (System disk).hdm,0x0665EF,"別ﾆ商売ｼﾃﾙﾜｹじｬﾅｲﾝでｽｹど、ﾀだでﾊ・・・","[UNTRANSLATED]"
s_002658,Alshark (System disk).hdm,0x06771F,"母ｻﾝが、ﾀﾄｴラルアﾉ戦士でｱｯﾀﾄｼﾃﾓ、俺ﾆﾄｯﾃﾊ@母ｻﾝﾆｶﾜﾘﾊﾅｲﾝだｼ、@$","[UNTRANSLATED]"
s_002659,Alshark (System disk).hdm,0x06789E,"洞窟ﾉ岩壁ｦ切ﾘ出ｼﾃ作ﾗﾚﾀ6テｰブルﾉ上ﾆ、$","[UNTRANSLATED]"
s_002660,Alshark (System disk).hdm,0x06AFD6,"言ｲﾆｸｲﾝだが、どｳｼﾃﾓ@取ﾘ替ｴﾙ必要ﾉｱﾙパｰツが々","[UNTRANSLATED]"
s_002661,Alshark (System disk).hdm,0x06E6D7,"意志ｦ継ぐ者ﾄﾊ‥‥単ﾅﾙ伝説ﾄばｶﾘ思ｯﾃｵｯﾀが‥‥0_4$","[UNTRANSLATED]"
s_002662,Alshark (System disk).hdm,0x06E9E9,"だ、少ｼﾊ秘力ｦ使ｴﾙﾖｳﾆﾅｯﾀﾄｲｯﾃﾓ、ﾏだﾏだ未熟でｱﾙｺﾄﾆ変ﾜﾘﾊｱﾘﾏｾﾝ0_4$","[UNTRANSLATED]"
s_002663,Alshark (System disk).hdm,0x0802EB,"純粋ﾅミュントス人ﾆ@ｿﾚｦ託ｽﾄﾊ、ｻｽがじｬﾜｨ","[UNTRANSLATED]"
s_002664,Alshark (System disk).hdm,0x081760,"任務ﾓ片づｲﾀｺﾄだｼＣＳステｰションﾆ戻ﾙﾄｽﾙｶ","[UNTRANSLATED]"
s_002665,Alshark (System disk).hdm,0x0B4217,"跏詒觚詒跏e跏g跏觚貂0{PDEF輌ｰCCRｾ@6Bj00ﾔj00P跚","[UNTRANSLATED]"
s_002666,Alshark (System disk).hdm,0x0B4270,"鉗g2ZBBBBBBR銷g觚q{Pq{PW跏詒2ZBBBBBB54W跏詒跏觚u跏跏W","[UNTRANSLATED]"
s_002667,Alshark (System disk).hdm,0x0B4D13,"誨ｰj0ｰj0P貮BBBBj{0P觚觚詒觚跂g躙緘觚rsssstW跏","[UNTRANSLATED]"
s_002668,Alshark (System disk).hdm,0x0B8EDE,"垂モ÷モモモモモモ÷モモ÷÷モ÷","[UNTRANSLATED]"
s_002669,Alshark (System disk).hdm,0x0BE593,"猪楓楓楓楓楓楓楓楓蕪馳yyyy","[UNTRANSLATED]"
s_002670,Alshark (System disk).hdm,0x0BF02C,"湯湯燈抹抹抹抹抹抹抹幌yyyy","[UNTRANSLATED]"
s_002671,Alshark (System disk).hdm,0x0BF146,"燈楓楓楓楓楓楓楓楓楓駐","[UNTRANSLATED]"
s_002672,Alshark (System disk).hdm,0x0BF631,"湯燈抹抹抹抹亦燈抹抹亦fff","[UNTRANSLATED]"
s_002673,Alshark (System disk).hdm,0x0BF75E,"燈抹抹抹亦fff駐楓楓楓楓馳yyyyyyy","[UNTRANSLATED]"
s_002674,Alshark (System disk).hdm,0x0BFECD,"楓楓楓楓楓楓楓楓楓楓蕪","[UNTRANSLATED]"
s_002678,Alshark (System disk).hdm,0x0E81E1,"撈撈P撈撈撈撈撈撈撈撈撈","[UNTRANSLATED]"
s_002680,Alshark (System disk).hdm,0x0F4821,"荘荘荘荘荘荘UdDDT5荘荘荘荘荘","[UNTRANSLATED]"
s_002681,Alshark (System disk).hdm,0x0F5BC1,"麹P麹麹径牛麹麹麹麹麹P轟P","[UNTRANSLATED]"
s_002682,Alshark (System disk).hdm,0x0F5BE1,"撈P撈撈彗屎撈撈撈撈撈P撩P","[UNTRANSLATED]"
s_002683,Alshark (System disk).hdm,0x0F6E28,"ブ撈撈撈抉掀Pブ撈撈抉撈","[UNTRANSLATED]"
s_002684,Alshark (System disk).hdm,0x1088A4,"白灯武葬灯武葬灯武葬灯","[UNTRANSLATED]"
s_002685,Alshark (System disk).hdm,0x1088E4,"給給給給給給給給給給給","[UNTRANSLATED]"
s_002686,Alshark (System disk).hdm,0x12CB86,"穴鎌麹麹豪\\\\\寞\\\\寫麹麹麹朽","[UNTRANSLATED]"
s_002687,Alshark (System disk).hdm,0x12CC38,"瑞璢辮菅倶與22o蒿寫麹麹朽","[UNTRANSLATED]"
s_002688,Alshark (System disk).hdm,0x12D6FB,"眠ｴｸ簫鴫ｴ襲聽聽聽聽聽聽痼","[UNTRANSLATED]"
s_002689,Alshark (System disk).hdm,0x009260,"背秤剥泊晩卑披緋飛琵","[UNTRANSLATED]"
s_002690,Alshark (System disk).hdm,0x054EB6,"グ、ｦｫｰ・・・グ、がごｫｰ・・・Ｚｚｚｚ0_4$","[UNTRANSLATED]"
s_002691,Alshark (System disk).hdm,0x059555,"意外ﾅﾄｺﾛで、ｼｶﾓ意外ﾅ@6理由で脱落ｼﾀ$","[UNTRANSLATED]"
s_002692,Alshark (System disk).hdm,0x05F2DB,"惑星マｰズ@惑星ステア@買ﾜﾅｲ","[UNTRANSLATED]"
s_002693,Alshark (System disk).hdm,0x0648B9,"一般ツｰル@攻撃ツｰル@店ｦでﾙ","[UNTRANSLATED]"
s_002694,Alshark (System disk).hdm,0x06CE72,"ソｰド@ガン@ミサイル@店ｦ出ﾙ","[UNTRANSLATED]"
s_002695,Alshark (System disk).hdm,0x074703,"俺が‥‥虫ｹﾗどﾓﾆ‥‥虫ﾉ息ﾆｻﾚﾙﾄﾊﾅ‥‥‥0_4ビｰスト・$","[UNTRANSLATED]"
s_002696,Alshark (System disk).hdm,0x07EBC7,"特殊精神波ｦ打ﾁ破ﾙ@方法がｱﾙｶﾓｼﾚﾅｲｼ‥‥0_4$","[UNTRANSLATED]"
s_002697,Alshark (System disk).hdm,0x082A35,"ばｻﾏﾊ、どｳｼﾃ惑星マｰズﾆ向ｶｯﾀﾉｶｼﾗ・・・","[UNTRANSLATED]"
s_002698,Alshark (System disk).hdm,0x0B43E2,"糯q0P銷銷g23ZBBBBBBBBBBB54觚W觚詒W詒W觚詒qｰ@BBBBBBBBBB5ZBBBBR跏","[UNTRANSLATED]"
s_002699,Alshark (System disk).hdm,0x0B4A2C,"觚詒詒詒詒f詁疇矣矣觚q0{BBBB1","[UNTRANSLATED]"
s_002700,Alshark (System disk).hdm,0x0B4BAA,"詒觚觚軾觚詒誨ｽcElPW跏W輌PgWg絽","[UNTRANSLATED]"
s_002701,Alshark (System disk).hdm,0x0B8F6A,"モモモモヱ垂モモモヱ0","[UNTRANSLATED]"
s_002702,Alshark (System disk).hdm,0x0B9154,"ヱ0 垂モヱ死モヱ垂モヱ","[UNTRANSLATED]"
s_002703,Alshark (System disk).hdm,0x0BE833,"趨楓楓楓楓楓楓楓楓断10   32y","[UNTRANSLATED]"
s_002704,Alshark (System disk).hdm,0x0BF4B1,"湯抹抹亦土yyy駐猪楓楓蕪","[UNTRANSLATED]"
s_002705,Alshark (System disk).hdm,0x0BF6A3,"楓楓楓楓楓楓楓楓楓馳yyyyy","[UNTRANSLATED]"
s_002706,Alshark (System disk).hdm,0x0BFB27,"燈抹抹土yyyy燈抹抹抹亦y土]NNAPP","[UNTRANSLATED]"
s_002707,Alshark (System disk).hdm,0x0BFB89,"楓楓楓y楓楓楓楓楓楓楓","[UNTRANSLATED]"
s_002708,Alshark (System disk).hdm,0x0BFBEA,"楓楓楓楓楓楓楓楓楓断fy","[UNTRANSLATED]"
s_002709,Alshark (System disk).hdm,0x0BFD44,"燈抹抹抹抹抹抹抹抹抹","[UNTRANSLATED]"
s_002710,Alshark (System disk).hdm,0x0C0049,"燈抹抹抹抹抹葬ff楓楓冨yfy","[UNTRANSLATED]"
s_002715,Alshark (System disk).hdm,0x0D68B0,"聽聽聽聽聽聽聽聽聽聽","[UNTRANSLATED]"
s_002716,Alshark (System disk).hdm,0x0D6910,"鉗鉗鉗鉗鉗鉗鉗鉗鉗鉗","[UNTRANSLATED]"
s_002717,Alshark (System disk).hdm,0x0D69D2,"蒿蒿蒿蒿蒿蒿蒿蒿蒿蒿","[UNTRANSLATED]"
s_002722,Alshark (System disk).hdm,0x0E9DE8,"牛恒麹麹繋牛P麹轟麹麹ｻ","[UNTRANSLATED]"
s_002723,Alshark (System disk).hdm,0x0EA145,"牛麹繋DSTq牛恒繋牛麹麹繋","[UNTRANSLATED]"
s_002724,Alshark (System disk).hdm,0x0EA165,"屎撈捍g抔q屎抉Wq屎撈撈徠","[UNTRANSLATED]"
s_002725,Alshark (System disk).hdm,0x0EA247,"牛P麹訣麹訣麹源ｹｹ轟0q輝垢","[UNTRANSLATED]"
s_002727,Alshark (System disk).hdm,0x0F6BC3,"牛麹麹麹轟a/aDSTPa牛麹麹麹径","[UNTRANSLATED]"
s_002728,Alshark (System disk).hdm,0x12C57D,"瑞寞棍棍棍椚寫麹麹朽","[UNTRANSLATED]"
s_002729,Alshark (System disk).hdm,0x12C73D,"瑞尨滑悚梃滑剄麹麹朽","[UNTRANSLATED]"
s_002731,Alshark (System disk).hdm,0x008D11,"降骨差郊塞郊裁郊鷺","[UNTRANSLATED]"
s_002732,Alshark (System disk).hdm,0x01161B,"ゾﾘｱｽ帝国星軍前線基地","[UNTRANSLATED]"
s_002733,Alshark (System disk).hdm,0x011631,"ゾﾘｱｽ帝国宙軍補給基地","[UNTRANSLATED]"
s_002734,Alshark (System disk).hdm,0x01168C,"ゾﾘｱｽ帝国星軍総司令部","[UNTRANSLATED]"
s_002736,Alshark (System disk).hdm,0x052BD5,"ゴクゴクゴク・・・0_4$","[UNTRANSLATED]"
s_002737,Alshark (System disk).hdm,0x052C11,"グビグビグビ・・・0_4$","[UNTRANSLATED]"
s_002738,Alshark (System disk).hdm,0x054D9C,"背中ｶﾗ大ｷﾅボンベ6ﾐﾀｲﾅ物ｦ背負ｳﾄ、$","[UNTRANSLATED]"
s_002739,Alshark (System disk).hdm,0x0573D9,"フレｰム@エンジン@何ﾓ買ﾜﾅｲ","[UNTRANSLATED]"
s_002740,Alshark (System disk).hdm,0x0579C5,"５ＣＲＥＤＩＴ@4　　　　6↑　　　　　3２キｰ@4　　　3８キｰ　　　　　6↓@4　　　　　　　　6１ＳＣＲＡＰ@46＜3スペｰスキｰ6で加速＞?I","[UNTRANSLATED]"
s_002741,Alshark (System disk).hdm,0x0583AB,"気ｦﾂｹﾃ‥‥彼女ﾊ‥‥強力ﾅカｰマﾆ支配ｻﾚﾃｲﾙﾜ‥‥）0_4$","[UNTRANSLATED]"
s_002742,Alshark (System disk).hdm,0x058615,"次ﾉ瞬間、ｻﾗﾆ激ｼｲ精神波ﾉ6嵐が$","[UNTRANSLATED]"
s_002743,Alshark (System disk).hdm,0x05895D,"ヒェッヒェッヒェッ‥‥0_4$","[UNTRANSLATED]"
s_002744,Alshark (System disk).hdm,0x05BFE1,"入ｯﾀばｶﾘﾉホットニュｰスｦ教ｴﾃﾔﾙﾖ／","I'll tell you about the hot news that just arrived."
s_002745,Alshark (System disk).hdm,0x05C792,"宇宙船ﾉ発着作業ﾓ楽じｬﾅｲﾖ","[UNTRANSLATED]"
s_002746,Alshark (System disk).hdm,0x05EE9A,"ば、ゾリアス帝国総帥$","[UNTRANSLATED]"
s_002747,Alshark (System disk).hdm,0x05F404,"惑星マｰズ@惑星ステア@ﾔﾒﾙ","[UNTRANSLATED]"
s_002748,Alshark (System disk).hdm,0x05FC8A,"惑星マｰズ@惑星ジュｰク@ﾔﾒﾙ","[UNTRANSLATED]"
s_002749,Alshark (System disk).hdm,0x0618F2,"ウュリアﾉ娘5ｵ、ｵ願ｲ、命だｹﾊ助ｹﾃ‥‥","[UNTRANSLATED]"
s_002750,Alshark (System disk).hdm,0x06221A,"達ﾊ、ドゥムナﾉ石碑ﾉ前6で、$","[UNTRANSLATED]"
s_002751,Alshark (System disk).hdm,0x063CF9,"顔が紅潮6ｼﾀｶﾄ思ｳﾄ、右手ｦ振ﾘｱげ6ﾃ、$","[UNTRANSLATED]"
s_002752,Alshark (System disk).hdm,0x066C8A,"時ﾊ、気が動転ｼﾃﾐﾝﾅ@気づｶﾅｶｯﾀﾝじｬが、$","[UNTRANSLATED]"
s_002753,Alshark (System disk).hdm,0x06A3E8,"クレジットが足ﾘﾅｲﾖｳでｽが","[UNTRANSLATED]"
s_002754,Alshark (System disk).hdm,0x06CCA6,"客様、宿泊料ﾊ、前金で頂ｷ@ﾏｾﾝﾄ‥‥","[UNTRANSLATED]"
s_002755,Alshark (System disk).hdm,0x070CB8,"惑星ポレダﾊ、ｱﾉビｰスト・@$","[UNTRANSLATED]"
s_002756,Alshark (System disk).hdm,0x0763F2,"ゾリアス帝国ﾉ@繁栄‥ﾉﾀﾒﾆ‥‥決ﾏｯﾃｲﾙ0_4$","[UNTRANSLATED]"
s_002757,Alshark (System disk).hdm,0x07DDFC,"Ｚ１２７恒星系ｶ‥‥@要塞バルバスﾆﾊ、$","[UNTRANSLATED]"
s_002758,Alshark (System disk).hdm,0x07EA45,"じｬﾅｸｯﾃ、何ｶ良ｸﾅｲｺﾄが起ｺﾙﾖｳﾅ‥‥嫌ﾅ予感がｽﾙﾉ‥‥0_4$","[UNTRANSLATED]"
s_002759,Alshark (System disk).hdm,0x07F593,"チッ、ウィガﾉ司政官ﾉｺﾄだﾖ","[UNTRANSLATED]"
s_002760,Alshark (System disk).hdm,0x07FD87,"惑星ノｰミケﾉノｰザンﾉ砦ｶｧ0_4$","[UNTRANSLATED]"
s_002761,Alshark (System disk).hdm,0x080E5C,"達が、どｳｼﾃｲｲﾓﾉｶ6判断でｷﾅｸﾅﾘ、黙ﾘ込ﾝで@6ｲﾙﾄ$","[UNTRANSLATED]"
s_002762,Alshark (System disk).hdm,0x081128,"惑星ザジルｯﾃどﾝﾅﾄｺﾛｶｼﾗ・・・0_4$","[UNTRANSLATED]"
s_002763,Alshark (System disk).hdm,0x08156E,"が無事でｲﾃｸﾚﾙﾄ@ｲｲﾝだｹど・・・0_4$","[UNTRANSLATED]"
s_002764,Alshark (System disk).hdm,0x081E3B,"父ｻﾏが、カｰマﾆ乗ｯ取ﾗﾚﾃｲﾀﾅﾝﾃ・・・0_4$","[UNTRANSLATED]"
s_002765,Alshark (System disk).hdm,0x0834F7,"何ﾄｼﾃﾓラミュｰﾉ手がｶﾘｦﾂｶﾏﾅｹﾚば‥‥@急ぐﾉﾖ、$","[UNTRANSLATED]"
s_002766,Alshark (System disk).hdm,0x0A2BDD,"通路ｦ走ｯﾃﾓ間ﾆ合ﾜﾅｲだﾛｳが、私ﾉ後ﾛﾆｱﾙ@","[UNTRANSLATED]"
s_002767,Alshark (System disk).hdm,0x0B4328,"觚詒觚軻WgW輹uWqP詒f詛鉞W詒","[UNTRANSLATED]"
s_002768,Alshark (System disk).hdm,0x0B4605,"詒觚觚g詒W詒謖繋ｰ@BBBBBBBBBBBRQCR詒跏W","[UNTRANSLATED]"
s_002770,Alshark (System disk).hdm,0x0B8FA9,"垂モモモモ◇垂モモヱ","[UNTRANSLATED]"
s_002771,Alshark (System disk).hdm,0x0BE531,"駐楓楓楓楓楓楓楓楓ffyyyyyyy","[UNTRANSLATED]"
s_002772,Alshark (System disk).hdm,0x0BEF58,"猪楓楓楓楓楓楓蕪馳","[UNTRANSLATED]"
s_002773,Alshark (System disk).hdm,0x0BF1A7,"猪楓楓楓楓楓楓楓蕪","[UNTRANSLATED]"
s_002774,Alshark (System disk).hdm,0x0BF1C1,"猪楓楓楓楓楓楓楓馳","[UNTRANSLATED]"
s_002775,Alshark (System disk).hdm,0x0BF9F2,"髄舞嵩y楓楓楓楓楓楓","[UNTRANSLATED]"
s_002777,Alshark (System disk).hdm,0x0BFB69,"燈抹抹湯""""!32燈抹抹抹葬","[UNTRANSLATED]"
s_002778,Alshark (System disk).hdm,0x0BFC4B,"楓楓楓楓楓楓楓蕪断ffyL","[UNTRANSLATED]"
s_002779,Alshark (System disk).hdm,0x0BFDA7,"燈抹抹抹抹抹抹抹抹","[UNTRANSLATED]"
s_002780,Alshark (System disk).hdm,0x0BFF2F,"楓楓楓楓楓楓楓楓蒜y","[UNTRANSLATED]"
s_002781,Alshark (System disk).hdm,0x0C6466,"裼b_跏鉚鉚蛟モモモモ","[UNTRANSLATED]"
s_002787,Alshark (System disk).hdm,0x0D6314,"聽聽聽聽聽聽聽聽綮","[UNTRANSLATED]"
s_002788,Alshark (System disk).hdm,0x0D667F,"鉗鉗逅%鉗鉗鉗鉗鉗逅%3","[UNTRANSLATED]"
s_002792,Alshark (System disk).hdm,0x0DFF8F,"柘操シvCF{FFEvW操操チTzzzzUS詑ﾀ瑞柘","[UNTRANSLATED]"
s_002794,Alshark (System disk).hdm,0x0E10D6,"寫麹豪沺沺沺ｭ

ﾅﾅﾅﾅﾅ寫麹麹","[UNTRANSLATED]"
s_002795,Alshark (System disk).hdm,0x0E1116,"寫麹豪棍棍棍ｭ

ﾉﾉﾉﾉﾉ寫麹麹","[UNTRANSLATED]"
s_002796,Alshark (System disk).hdm,0x0E7641,"麹麹P麹麹麹麹梱ｬ麹ｻDT麹Pｻ","[UNTRANSLATED]"
s_002797,Alshark (System disk).hdm,0x0E79A7,"試z{殺H試殺zy試試試試試```ﾀ","[UNTRANSLATED]"
s_002798,Alshark (System disk).hdm,0x0ED6E1,"麹麹轟a牛麹麹恒麹轟Pa/a","[UNTRANSLATED]"
s_002799,Alshark (System disk).hdm,0x0EDCCC,"ブ撈撈撈撈撈撈撈撈","[UNTRANSLATED]"
s_002800,Alshark (System disk).hdm,0x0EE3AD,"撈掎撈撈撈撈撈撈撈","[UNTRANSLATED]"
s_002801,Alshark (System disk).hdm,0x0EE629,"封gW封封蛭W封封封封封","[UNTRANSLATED]"
s_002802,Alshark (System disk).hdm,0x0EF941,"麹麹P麹訣麹P麹轟0撚QQQQQQQQQQQ魯SSSS","[UNTRANSLATED]"
s_002803,Alshark (System disk).hdm,0x0F596B,"麹麹麹麹麹麹麹麹策Pa","[UNTRANSLATED]"
s_002804,Alshark (System disk).hdm,0x0F6A21,"麹P麹麹麹麹麹DSSSSSTa牛麹麹ｻ","[UNTRANSLATED]"
s_002806,Alshark (System disk).hdm,0x10A4C4,"滑蛙滑滑?滑0滑^滑滑?滑","[UNTRANSLATED]"
s_002808,Alshark (System disk).hdm,0x12C53F,"寞沺沺沺洒寫麹麹朽","[UNTRANSLATED]"
s_002809,Alshark (System disk).hdm,0x12C593,"聽聽聽絏瑞寫麹麹朽","[UNTRANSLATED]"
s_002811,Alshark (System disk).hdm,0x009CC3,"拿拌搖抬擲攅旻暎","[UNTRANSLATED]"
s_002812,Alshark (System disk).hdm,0x011607,"超重力ｼｰﾙド放射基地","[UNTRANSLATED]"
s_002813,Alshark (System disk).hdm,0x01167B,"ズ連邦軍総司令部","[UNTRANSLATED]"
s_002814,Alshark (System disk).hdm,0x043B68,"恵漑ｿ惞叝竢竢竢窶","[UNTRANSLATED]"
s_002815,Alshark (System disk).hdm,0x043D26,"紐兇紐瓦ｼz瓦紐兇紐｡","[UNTRANSLATED]"
s_002816,Alshark (System disk).hdm,0x04EF93,"勘ｪ勘ｪ勘ｪ｢ｪ巻ｪｨｪ｢ｪ勘ｪ勘ｪ勘ｪ巻UQU","[UNTRANSLATED]"
s_002817,Alshark (System disk).hdm,0x05111E,"明日ﾊ久ｼぶﾘﾆ休ﾐが取ﾚｿｳだｶﾗ、$","[UNTRANSLATED]"
s_002818,Alshark (System disk).hdm,0x0525C8,"排気処理場ﾉダストﾆﾊ、@$","[UNTRANSLATED]"
s_002819,Alshark (System disk).hdm,0x0548A3,"ぱﾘ、簡単ﾆﾊ手ﾆ入ﾗﾅｲｯﾃﾜｹｶ・・・）0_4$","[UNTRANSLATED]"
s_002820,Alshark (System disk).hdm,0x0554D5,"パパ・・本当ﾆパパﾅﾉﾈ0_4$","[UNTRANSLATED]"
s_002821,Alshark (System disk).hdm,0x057D09,"砲塔@ミサイル@店ｦでﾙ","[UNTRANSLATED]"
s_002822,Alshark (System disk).hdm,0x0582D7,"来ﾀﾈ、サンタナ教ﾉ祭壇ﾍ0_4$","[UNTRANSLATED]"
s_002823,Alshark (System disk).hdm,0x0594E4,"踏ﾐ外ｾば、命ｦ落ﾄｽｺﾄﾆﾓﾅﾘｶﾈﾅｲｼ・・・0_4$","[UNTRANSLATED]"
s_002824,Alshark (System disk).hdm,0x059598,"石ｦ切ﾘ出ｼﾃ造ﾗﾚﾀテｰブル6ﾉ上ﾆ、$","[UNTRANSLATED]"
s_002825,Alshark (System disk).hdm,0x05A7F6,"武器ｦ買ｳ@防具ｦ買ｳ@店ｦでﾙ","[UNTRANSLATED]"
s_002826,Alshark (System disk).hdm,0x05B6C9,"金ｦ持ｯﾃｲﾅｲ方ﾊ遠慮ｼﾃ頂ｲﾃｲﾙﾉでｽが","[UNTRANSLATED]"
s_002827,Alshark (System disk).hdm,0x05C90B,"交代時間ﾊﾏだｶｼﾗ・・・","[UNTRANSLATED]"
s_002828,Alshark (System disk).hdm,0x05E9D0,"アイテムショップ5","[UNTRANSLATED]"
s_002829,Alshark (System disk).hdm,0x05EA0B,"ウェポンショップ5","[UNTRANSLATED]"
s_002830,Alshark (System disk).hdm,0x06034B,"金が足ﾘﾅｲﾝでｽｹど・・・","[UNTRANSLATED]"
s_002831,Alshark (System disk).hdm,0x060955,"先ﾎどﾉ戦ｲで傷ﾂｷ、ﾎﾄﾝど6力ｦ失ｯﾀ$","[UNTRANSLATED]"
s_002832,Alshark (System disk).hdm,0x061918,"ワンプシャｰﾉ司政官5","[UNTRANSLATED]"
s_002833,Alshark (System disk).hdm,0x061967,"が、頭ｦ押ｻｴﾅがﾗ@6上半身ｦ起ｺｼﾀﾄｷ、$","[UNTRANSLATED]"
s_002834,Alshark (System disk).hdm,0x061C64,"要塞バルバスﾉ司令$","[UNTRANSLATED]"
s_002835,Alshark (System disk).hdm,0x0625AD,"ティリュｰト・・・0_4$","[UNTRANSLATED]"
s_002836,Alshark (System disk).hdm,0x06396B,"金がﾅｲﾄ、ｺﾁﾗﾓ商売ﾅﾝで・・・","[UNTRANSLATED]"
s_002837,Alshark (System disk).hdm,0x0670CE,"ヤｰクｰﾉ試練ﾆｱﾝﾅﾓﾉｻｴﾅｹﾚば・・・","[UNTRANSLATED]"
s_002838,Alshark (System disk).hdm,0x06AB12,"スクラップ屋ﾉ主人5","[UNTRANSLATED]"
s_002839,Alshark (System disk).hdm,0x06E64A,"意志ｦ継ぐ者‥‥@ｿﾚでﾊ、ｿﾅﾀ達ﾉ中ﾆ‥‥0_6$","[UNTRANSLATED]"
s_002840,Alshark (System disk).hdm,0x0715D4,"ウュリア人ﾉ情報屋5","[UNTRANSLATED]"
s_002841,Alshark (System disk).hdm,0x0737F8,"サンタナ教ﾉ教祖でﾓｱﾙ$","[UNTRANSLATED]"
s_002842,Alshark (System disk).hdm,0x075D6B,"何ｶ変ﾜｯﾀコレクションﾊﾅｲﾓﾉｶﾉｫ‥‥","[UNTRANSLATED]"
s_002843,Alshark (System disk).hdm,0x07C312,"少ｼで、完成でｷﾙﾄ思ｳ@ﾝだが‥‥","[UNTRANSLATED]"
s_002844,Alshark (System disk).hdm,0x07C3A4,"ザイザｰ鉱ｦ手ﾆｲﾚﾙｺﾄが@でｷﾚば‥‥0_4$","[UNTRANSLATED]"
s_002845,Alshark (System disk).hdm,0x07C621,"ノｰザンﾉ砦で聞ｲﾀ２ﾂﾉキｰｦ手ﾆｲﾚﾅｲﾄ、$","[UNTRANSLATED]"
s_002846,Alshark (System disk).hdm,0x07D14C,"特殊精神波ｻｴ防ｲじﾏｴば、@ｱﾉ$","[UNTRANSLATED]"
s_002847,Alshark (System disk).hdm,0x07F9E3,"私ﾀﾁマｰズ人が創ﾗﾚﾀ者だｯﾀﾅﾝﾃ‥‥0_4$","[UNTRANSLATED]"
s_002848,Alshark (System disk).hdm,0x07FF1C,"父ｻﾏが、ｱﾝﾅｺﾄｦｽﾙﾅﾝﾃ・・・@私どｳｽﾚばｲｲﾉ、$","[UNTRANSLATED]"
s_002849,Alshark (System disk).hdm,0x0809C4,"遺志ｦ継ぐ者ｶ・・・0_4$","[UNTRANSLATED]"
s_002850,Alshark (System disk).hdm,0x080BD7,"腕ｺｿ、俺ﾆ比べﾁｬｼｮｳが@ﾈｪが、ﾎﾝﾄﾆｲｲ奴ﾅﾝだﾖ0_4$","[UNTRANSLATED]"
s_002851,Alshark (System disk).hdm,0x081B15,"惑星マｰズﾆﾊ、行方不明ﾆﾅｯﾀ$","[UNTRANSLATED]"
s_002852,Alshark (System disk).hdm,0x098D22,"百翻凡S 僕yS昧枚Slzb{Sｶ┯ゴb|祉Sｦ","[UNTRANSLATED]"
s_002854,Alshark (System disk).hdm,0x0B42EF,"鉗23ZBBBBBBﾖP觚鉗觚g跏觚跏g觚","[UNTRANSLATED]"
s_002855,Alshark (System disk).hdm,0x0B436A,"觚軾233ZBBBBBBBBAg詒跏W軾W跏詒WQ@BBBBBBBB53342ZBC54詒","[UNTRANSLATED]"
s_002856,Alshark (System disk).hdm,0x0B4B1E,"趙ﾇBBBBBBBBR觚g詒詒Wg詒WuQRf貪R跏跏gQjｺ0ｺ0Pg'","[UNTRANSLATED]"
s_002857,Alshark (System disk).hdm,0x0B8EA7,"モモモモヱ垂モヱ0","[UNTRANSLATED]"
s_002858,Alshark (System disk).hdm,0x0B911B,"モヱ梳モモモモヱ","[UNTRANSLATED]"
s_002859,Alshark (System disk).hdm,0x0BE791,"猪楓楓楓楓楓楓蕪","[UNTRANSLATED]"
s_002860,Alshark (System disk).hdm,0x0BE895,"髄楓楓楓舞趨楓蕪","[UNTRANSLATED]"
s_002861,Alshark (System disk).hdm,0x0BF398,"燈抹抹抹抹抹亦土","[UNTRANSLATED]"
s_002862,Alshark (System disk).hdm,0x0BF50C,"燈抹抹抹抹抹抹亦","[UNTRANSLATED]"
s_002863,Alshark (System disk).hdm,0x0BF56D,"湯抹抹抹抹抹抹亦","[UNTRANSLATED]"
s_002864,Alshark (System disk).hdm,0x0BF880,"猪楓馳yy髄楓楓楓蕪yy","[UNTRANSLATED]"
s_002865,Alshark (System disk).hdm,0x0C018D,"猪楓蕪猪楓楓楓断ffMAP@PR","[UNTRANSLATED]"
s_002866,Alshark (System disk).hdm,0x0C03C1,"当楓楓楓楓楓楓楓y","[UNTRANSLATED]"
s_002867,Alshark (System disk).hdm,0x0C65EB,"梹0桴垂モヱ垂÷モモ","[UNTRANSLATED]"
s_002868,Alshark (System disk).hdm,0x0D4118,"靴C月気U割ﾗBBBBBBD9髄荘99爪ﾝﾜﾝ999999999E瓦TｂCｸｶCD999999999999","[UNTRANSLATED]"
s_002871,Alshark (System disk).hdm,0x0D537B,"訣儀UD裹堤钁-./-.E鉉韃怺｢ﾀ","[UNTRANSLATED]"
s_002872,Alshark (System disk).hdm,0x0D6195,"蒿蒿蒿蒿蒿蒿蒿蒿","[UNTRANSLATED]"
s_002873,Alshark (System disk).hdm,0x0D672C,"蒿蒿蒿蒿蒿蒿蒿范","[UNTRANSLATED]"
s_002874,Alshark (System disk).hdm,0x0DA274,"甥刳\\\l""""""#赴結鍬""=旧旧範","[UNTRANSLATED]"
s_002876,Alshark (System disk).hdm,0x0DC55E,"待待ャャャуｄ荘帯巣`""SyUrs""2","[UNTRANSLATED]"
s_002878,Alshark (System disk).hdm,0x0DD46A,"克克{z克寫耳{z麹孜yｨy{!""""""""""""#ⅰ8!髄","[UNTRANSLATED]"
s_002880,Alshark (System disk).hdm,0x0DF10F,"ャャャャо操操操操","[UNTRANSLATED]"
s_002883,Alshark (System disk).hdm,0x0E1464,"璢聽縲菅麹麹郷ｽｽｽｽｽｽｽｽｽｽｽｽｭ寞","[UNTRANSLATED]"
s_002884,Alshark (System disk).hdm,0x0E2387,"竦瑞説聽聽聽聽縲","[UNTRANSLATED]"
s_002885,Alshark (System disk).hdm,0x0E76A1,"撈撈P撈撈撈撈效ﾂGGG屆GGPG","[UNTRANSLATED]"
s_002886,Alshark (System disk).hdm,0x0E8181,"麹麹P麹麹麹麹麹麹ｻDSSSS","[UNTRANSLATED]"
s_002887,Alshark (System disk).hdm,0x0E9928,"牛麹麹麹麹麹麹轟000000","[UNTRANSLATED]"
s_002888,Alshark (System disk).hdm,0x0EDCAE,"麹麹麹麹麹麹麹麹ｻ","[UNTRANSLATED]"
s_002889,Alshark (System disk).hdm,0x0EDE2D,"牛P麹麹麹麹麹麹麹ｻ","[UNTRANSLATED]"
s_002890,Alshark (System disk).hdm,0x0EDE4E,"抉撈撈撈撈撈撈撈","[UNTRANSLATED]"
s_002891,Alshark (System disk).hdm,0x0EE2E1,"恒麹麹P窄麹麹麹轟","[UNTRANSLATED]"
s_002892,Alshark (System disk).hdm,0x0EFB2E,"麹麹麹麹麹麹麹P砂","[UNTRANSLATED]"
s_002894,Alshark (System disk).hdm,0x0F59CB,"恒麹麹麹麹麹麹策P","[UNTRANSLATED]"
s_002895,Alshark (System disk).hdm,0x0F5E01,"撈撈撈撩ブ撈撈撈vGGGGGGGGGGP","[UNTRANSLATED]"
s_002896,Alshark (System disk).hdm,0x0F6E0A,"麹麹麹恒策PP麹麹P砂","[UNTRANSLATED]"
s_002897,Alshark (System disk).hdm,0x0FFEED,"血血0血懼滑滑滑噛","[UNTRANSLATED]"
s_002898,Alshark (System disk).hdm,0x109227,"滑0滑?滑滑蛙滑滑滑?","[UNTRANSLATED]"
s_002899,Alshark (System disk).hdm,0x1094E7,"滑滑褐血0血穴蛙噛","[UNTRANSLATED]"
s_002900,Alshark (System disk).hdm,0x109684,"滑?滑滑^滑000滑?滑滑^噛","[UNTRANSLATED]"
s_002901,Alshark (System disk).hdm,0x12C4BF,"寞11111112寫麹麹黍-q,o-q,o-q,o寫麹麹","[UNTRANSLATED]"
s_002902,Alshark (System disk).hdm,0x12C5FD,"瑞寞楮ﾈ棍ｸﾈｭ寫麹麹朽","[UNTRANSLATED]"
s_002903,Alshark (System disk).hdm,0x12C66A,"瑞寫麹麹釧洄橳朽","[UNTRANSLATED]"
s_002904,Alshark (System disk).hdm,0x12CDC6,"穴鎌麹麹腰滑滑怙","[UNTRANSLATED]"
s_002906,Alshark (System disk).hdm,0x12D8D6,"竦説聽聽聽聽聽絏","[UNTRANSLATED]"
s_002908,Alshark (System disk).hdm,0x001D88,"戦闘用特殊能力〉","[UNTRANSLATED]"
s_002909,Alshark (System disk).hdm,0x001D9B,"通常用特殊能力〉","[UNTRANSLATED]"
s_002910,Alshark (System disk).hdm,0x00CDE9,"審錚#Z","[UNTRANSLATED]"
s_002911,Alshark (System disk).hdm,0x011653,"ゾﾘｱｽ資源発掘基地","[UNTRANSLATED]"
s_002912,Alshark (System disk).hdm,0x011666,"ゾﾘｱｽ燃料精錬基地","[UNTRANSLATED]"
s_002913,Alshark (System disk).hdm,0x043C4C,"薯紐樺紐樺稗盾","[UNTRANSLATED]"
s_002914,Alshark (System disk).hdm,0x043FC5,"瓦r漑詳猟淋ｧ竏笂b､:","[UNTRANSLATED]"
s_002917,Alshark (System disk).hdm,0x0510E1,"フフフ・・・だﾒﾖ、$","[UNTRANSLATED]"
s_002918,Alshark (System disk).hdm,0x051C6D,"だｧ、気味悪ｲｶﾗ早ｸ片づｹﾁｬｯﾃﾖ、$","[UNTRANSLATED]"
s_002919,Alshark (System disk).hdm,0x052F1D,"酒@ジュｰス@ミルク","[UNTRANSLATED]"
s_002920,Alshark (System disk).hdm,0x053A74,"どｳｼﾃ、ぼｸﾉ名前ｦ・・・0_4$","[UNTRANSLATED]"
s_002921,Alshark (System disk).hdm,0x053A90,"フン、ずｲぶﾝﾄ有名ﾆﾅｯﾀﾓﾝじｬﾅｲｶ、$","[UNTRANSLATED]"
s_002922,Alshark (System disk).hdm,0x0540AB,"何ｶﾉ機械が設置ｻﾚﾃｲﾙが@6$","[UNTRANSLATED]"
s_002923,Alshark (System disk).hdm,0x054F12,"ヒンブンﾊｲﾗﾝ・・・0_4$","[UNTRANSLATED]"
s_002924,Alshark (System disk).hdm,0x058238,"ヒｰ、ヒッヒッヒッ‥‥!?C","[UNTRANSLATED]"
s_002925,Alshark (System disk).hdm,0x05EECE,"が本当ﾉｺﾄだﾄ@ｽﾘｬｱ、ｿｲﾂｦ見ﾂｹだｾば‥‥0_4$","[UNTRANSLATED]"
s_002926,Alshark (System disk).hdm,0x05F3E4,"どﾁﾗ行ｷﾉ星間バスでｼｮｳｶ?N","[UNTRANSLATED]"
s_002927,Alshark (System disk).hdm,0x060515,"でﾓ、ｺﾉ奥ﾆｲｯﾀｲ何がｱﾙｯﾃｲｳﾉｶｼﾗ・・・0_4$","[UNTRANSLATED]"
s_002928,Alshark (System disk).hdm,0x062BBD,"達ﾆﾊ、手ｦ出ｻﾅｲで・・・0_4$","[UNTRANSLATED]"
s_002929,Alshark (System disk).hdm,0x062FD9,"バカﾅｺﾄｦ言ｯﾃﾊｲｹﾏｾﾝ0ｱﾅﾀﾊ今、彼ﾗﾆ全ﾃ話ｼﾃｼN","[UNTRANSLATED]"
s_002930,Alshark (System disk).hdm,0x06350E,"マｰズ連邦史百科』","[UNTRANSLATED]"
s_002931,Alshark (System disk).hdm,0x06352C,"アイテムがｲｯぱｲだ","[UNTRANSLATED]"
s_002932,Alshark (System disk).hdm,0x065913,"ば、ﾅﾝだｶ耳鳴ﾘ@ﾐﾀｲﾅ音が聞ｺｴﾃｸﾙ‥‥‥0_4$","[UNTRANSLATED]"
s_002933,Alshark (System disk).hdm,0x067428,"御無事で・・・","[UNTRANSLATED]"
s_002934,Alshark (System disk).hdm,0x068937,"ウュリアﾉ女兵士5","[UNTRANSLATED]"
s_002935,Alshark (System disk).hdm,0x06AB42,"調子ﾊ最高だ@修理ｼﾃｸﾚ","[UNTRANSLATED]"
s_002936,Alshark (System disk).hdm,0x06B2F9,"父王ﾉ言ｲﾂｹﾆｿﾑｷ、ｺﾉ星ﾆ追放ｻﾚﾃｼﾏｯﾀﾉじｬｶﾗ","[UNTRANSLATED]"
s_002937,Alshark (System disk).hdm,0x06B6F3,"ウィガﾉ町ﾉ司政官5","[UNTRANSLATED]"
s_002938,Alshark (System disk).hdm,0x06DBF7,"アイテムがｲｯぱｲだﾄｲｳｺﾄ6ﾆ、$","[UNTRANSLATED]"
s_002939,Alshark (System disk).hdm,0x06EFE5,"ギｰデルﾊ、ｿﾁ達ﾄ@行動ｦ共ﾆｽﾙﾄ","[UNTRANSLATED]"
s_002940,Alshark (System disk).hdm,0x071D24,"ドクウェルﾉ奴ﾊ見ﾂｶｯﾀｶｨ","[UNTRANSLATED]"
s_002941,Alshark (System disk).hdm,0x07C842,"白兵戦ﾉ準備ﾓ充分ﾆｼﾃｵｹﾖ","[UNTRANSLATED]"
s_002942,Alshark (System disk).hdm,0x07C970,"帝国宙軍総司令$","[UNTRANSLATED]"
s_002943,Alshark (System disk).hdm,0x07D9B3,"ゾリアスだｶﾅﾝだｶｼﾗﾈｪが$","[UNTRANSLATED]"
s_002944,Alshark (System disk).hdm,0x07DC35,"で、惑星サチﾍ行ｸぞ$","[UNTRANSLATED]"
s_002945,Alshark (System disk).hdm,0x07EAA8,"がｵﾙｶぎﾘ、大船ﾆ乗ｯﾀﾂﾓﾘで、どｰﾝﾄ‥‥0_4$","[UNTRANSLATED]"
s_002946,Alshark (System disk).hdm,0x07F384,"脳天気ﾅ野郎だぜ","[UNTRANSLATED]"
s_002947,Alshark (System disk).hdm,0x08029A,"チッ、ﾅｧﾝｶ嫌ﾅ予感がｽﾙぜ","[UNTRANSLATED]"
s_002948,Alshark (System disk).hdm,0x08164F,"ぱﾘ、ｵ父様が・・・0_4$","[UNTRANSLATED]"
s_002950,Alshark (System disk).hdm,0x09A0B6,"達辰XｰP朧Xｪ｡ｪ｣X霸H更愆惶XH","[UNTRANSLATED]"
s_002952,Alshark (System disk).hdm,0x0B1307,"跏觚跏g跏跏ｸBB6BBBBBBBj0ｰ@BjP躙銷q0ｰ@BBBBBBBBBBBBBBBBBBBﾖﾏ","[UNTRANSLATED]"
s_002953,Alshark (System disk).hdm,0x0B1488,"觚詒跏g跏234跏跏跏","[UNTRANSLATED]"
s_002954,Alshark (System disk).hdm,0x0B26E2,"殄J)g跏g踟觚詒跏2ZBBBBB54銷W","[UNTRANSLATED]"
s_002955,Alshark (System disk).hdm,0x0B407A,"踟g觚躄BBBBBBBBBB@6R觚跏詛跏Wg","[UNTRANSLATED]"
s_002956,Alshark (System disk).hdm,0x0B4902,"貊6BBBBBBB5334觚詒觚跏W跏觚qv6BBBBBB54","[UNTRANSLATED]"
s_002957,Alshark (System disk).hdm,0x0B492B,"詒誦誨P跏W誨P襯Ed輌0v@@BBBBBBBR'","[UNTRANSLATED]"
s_002958,Alshark (System disk).hdm,0x0B4AAF,"觚絽觚詁2ｴ誦24襾詒W2Z@A@@AW","[UNTRANSLATED]"
s_002959,Alshark (System disk).hdm,0x0B4EA2,"跏g躙鉗W軾躙觚g肆g","[UNTRANSLATED]"
s_002960,Alshark (System disk).hdm,0x0B9193,"モ÷÷モモ÷モモ÷モモ","[UNTRANSLATED]"
s_002961,Alshark (System disk).hdm,0x0B9291,"垂モモモヱ垂ヱ
 0","[UNTRANSLATED]"
s_002962,Alshark (System disk).hdm,0x0BE554,"楓楓楓楓楓楓馳y0 ccUUUUpUUWW     VW   %$","[UNTRANSLATED]"
s_002963,Alshark (System disk).hdm,0x0BE5B4,"湯抹抹抹抹抹湯","[UNTRANSLATED]"
s_002964,Alshark (System disk).hdm,0x0BE5F7,"楓楓楓楓楓蕪馳yyy","[UNTRANSLATED]"
s_002965,Alshark (System disk).hdm,0x0BE615,"湯趨楓楓楓楓駐y","[UNTRANSLATED]"
s_002966,Alshark (System disk).hdm,0x0BE6C9,"楓楓楓楓楓楓楓","[UNTRANSLATED]"
s_002967,Alshark (System disk).hdm,0x0BE7F1,"猪楓楓楓馳y楓馳","[UNTRANSLATED]"
s_002968,Alshark (System disk).hdm,0x0BEBAD,"抹抹抹抹抹抹抹yy","[UNTRANSLATED]"
s_002969,Alshark (System disk).hdm,0x0BEE9E,"猪楓楓楓楓楓馳","[UNTRANSLATED]"
s_002970,Alshark (System disk).hdm,0x0BF15F,"湯燈抹抹抹抹湯","[UNTRANSLATED]"
s_002971,Alshark (System disk).hdm,0x0BF581,"燈抹抹抹抹抹亦","[UNTRANSLATED]"
s_002972,Alshark (System disk).hdm,0x0BF8E9,"髄楓楓楓楓楓酎yyyyyfff","[UNTRANSLATED]"
s_002973,Alshark (System disk).hdm,0x0BFA5C,"楓楓楓楓楓楓蕪y""! 32","[UNTRANSLATED]"
s_002974,Alshark (System disk).hdm,0x0BFCAE,"楓楓楓楓楓楓断fffML","[UNTRANSLATED]"
s_002975,Alshark (System disk).hdm,0x0C012B,"駐楓楓楓楓楓断fffy","[UNTRANSLATED]"
s_002976,Alshark (System disk).hdm,0x0C0671,"抹抹抹抹抹抹抹]","[UNTRANSLATED]"
s_002977,Alshark (System disk).hdm,0x0C64A8,"跏裹趺褂褻0垂ヱ-.-ｃ.","[UNTRANSLATED]"
s_002985,Alshark (System disk).hdm,0x0D4224,"ｂ訣給ｸｶ５C月気CｂCTｂ@@ｧUD-./荘999皮闡D999","[UNTRANSLATED]"
s_002987,Alshark (System disk).hdm,0x0D453A,"ттчT訣気ャUч｢TC訣気U｢T訣気CUттчd","[UNTRANSLATED]"
s_002993,Alshark (System disk).hdm,0x0D578D,"鋳鋳鋳鋳鋳鋳駐","[UNTRANSLATED]"
s_002994,Alshark (System disk).hdm,0x0D6435,"蒿蒿蒿蒿蒿蒿蒿","[UNTRANSLATED]"
s_002998,Alshark (System disk).hdm,0x0DBAB5,"赴激""""""щ券!"""",ヶ末末沫#ﾍ","[UNTRANSLATED]"
s_003000,Alshark (System disk).hdm,0x0DE441,"克y/y/{克y/y/{惚耳{z惚詩寰ｨ{ｭ","[UNTRANSLATED]"
s_003001,Alshark (System disk).hdm,0x0DE466,"惚克寰ｨ{ﾞﾟ(z麹寺寫試ｨy{","[UNTRANSLATED]"
s_003002,Alshark (System disk).hdm,0x0DEFD5,"ｄ帯ﾁ摺摺寸ｰｰｰ｡ﾀ鋳ｱ｢ﾑﾁ瑞ｲﾑ操","[UNTRANSLATED]"
s_003003,Alshark (System disk).hdm,0x0E14CB,"菅麹麹饗ﾀﾀﾀﾀﾀﾀﾀﾀﾂ寫麹極ﾉﾉ","[UNTRANSLATED]"
s_003004,Alshark (System disk).hdm,0x0E484F,"亦鋳貯瑞瑞利髄DB","[UNTRANSLATED]"
s_003006,Alshark (System disk).hdm,0x0E9025,"麹麹77P麹麹7麹麹7麹ｻ","[UNTRANSLATED]"
s_003007,Alshark (System disk).hdm,0x0E9ACC,"牛麹ｻ牛麹ｻ牛麹砂","[UNTRANSLATED]"
s_003008,Alshark (System disk).hdm,0x0EC491,"覧覧覧覧覧覧覧
```ﾀr","[UNTRANSLATED]"
s_003009,Alshark (System disk).hdm,0x0ED901,"麹麹麹麹麹恒策a","[UNTRANSLATED]"
s_003010,Alshark (System disk).hdm,0x0EDDD1,"麹麹麹麹麹麹砂","[UNTRANSLATED]"
s_003011,Alshark (System disk).hdm,0x0EDDEB,"Ｂ/PPP撈撈撈撈撈撈撈","[UNTRANSLATED]"
s_003012,Alshark (System disk).hdm,0x0EE8C8,"撈撈撈撈撈撩q､､00､､撚Q","[UNTRANSLATED]"
s_003013,Alshark (System disk).hdm,0x0EFDEE,"麹恒轟a姆彗牛P麹ｻ","[UNTRANSLATED]"
s_003014,Alshark (System disk).hdm,0x0F5AEB,"麹麹麹麹麹麹策P","[UNTRANSLATED]"
s_003015,Alshark (System disk).hdm,0x0F5EE4,"末DTPa屎撈撈PW撈撈撈(οﾎﾎﾌa","[UNTRANSLATED]"
s_003016,Alshark (System disk).hdm,0x1092C9,"血血血0血血血00血","[UNTRANSLATED]"
s_003017,Alshark (System disk).hdm,0x109527,"聽聽聽聽聽聽聽\n]","[UNTRANSLATED]"
s_003019,Alshark (System disk).hdm,0x10A32A,"滑蛙滑滑?滑蛙滑02","[UNTRANSLATED]"
s_003020,Alshark (System disk).hdm,0x12C949,"寫麹麹恐ｰｰｰｰｰｰｰｰｰｱｱｱ寫麹麹","[UNTRANSLATED]"
s_003021,Alshark (System disk).hdm,0x12D517,"聽聽聽聽聽聽聽Q","[UNTRANSLATED]"
s_003023,Alshark (System disk).hdm,0x001ED2,"戦闘離脱失敗","[UNTRANSLATED]"
s_003025,Alshark (System disk).hdm,0x009CDF,"曩朦枌啅杣櫁","[UNTRANSLATED]"
s_003027,Alshark (System disk).hdm,0x0109CD,"赤外線照準器","[UNTRANSLATED]"
s_003028,Alshark (System disk).hdm,0x010CDC,"ズ連邦史百科","[UNTRANSLATED]"
s_003029,Alshark (System disk).hdm,0x010CE9,"三つ葉の紋章","[UNTRANSLATED]"
s_003030,Alshark (System disk).hdm,0x010D0A,"ザｲザｰ鉱の破片","[UNTRANSLATED]"
s_003031,Alshark (System disk).hdm,0x010E95,"陽電子速射砲","[UNTRANSLATED]"
s_003032,Alshark (System disk).hdm,0x010F12,"超時空振動弾","[UNTRANSLATED]"
s_003033,Alshark (System disk).hdm,0x011436,"要塞バﾙバｽ中枢","[UNTRANSLATED]"
s_003034,Alshark (System disk).hdm,0x011579,"宇宙要塞バﾙバｽ","[UNTRANSLATED]"
s_003037,Alshark (System disk).hdm,0x0177DD,"どﾚｦ応急修理ｽﾙﾝじｬ","[UNTRANSLATED]"
s_003038,Alshark (System disk).hdm,0x01794B,"跖4跖槫閹禳粳ﾃQ｡","[UNTRANSLATED]"
s_003039,Alshark (System disk).hdm,0x019A61,"鏝楨J愑鞋&ｰu韈霄","[UNTRANSLATED]"
s_003040,Alshark (System disk).hdm,0x01A163,"鵆皺s鳬皺k鴦瘧","[UNTRANSLATED]"
s_003041,Alshark (System disk).hdm,0x043864,"個㍍､直駐笂Bｮさb鍛","[UNTRANSLATED]"
s_003042,Alshark (System disk).hdm,0x043B24,"渉話里箸里里","[UNTRANSLATED]"
s_003046,Alshark (System disk).hdm,0x052EFB,"武器@防具@店ｦでﾙ","[UNTRANSLATED]"
s_003047,Alshark (System disk).hdm,0x0537EB,"ミュントス人5","[UNTRANSLATED]"
s_003048,Alshark (System disk).hdm,0x053DB1,"ミュントスﾉ男5","[UNTRANSLATED]"
s_003049,Alshark (System disk).hdm,0x054FEF,"船体ﾉ識別コｰドﾊ、","[UNTRANSLATED]"
s_003050,Alshark (System disk).hdm,0x055C86,"チッ、ﾓｳ追ｲﾂｹﾅｲｶ・・・0_6$","[UNTRANSLATED]"
s_003051,Alshark (System disk).hdm,0x056FF0,"来ﾙ途中、@最終兵","[UNTRANSLATED]"
s_003052,Alshark (System disk).hdm,0x05BE92,"マｰズ人ﾉ情報屋5","[UNTRANSLATED]"
s_003053,Alshark (System disk).hdm,0x05E379,"ガイスト司令5","[UNTRANSLATED]"
s_003054,Alshark (System disk).hdm,0x05E3A9,"本当ﾆ無事で良ｶｯﾀ0_4$","[UNTRANSLATED]"
s_003055,Alshark (System disk).hdm,0x05E3F7,"が、私ﾆﾓﾖｸﾜｶﾗﾅｲﾉ0ﾀだ・・・0_4$","[UNTRANSLATED]"
s_003056,Alshark (System disk).hdm,0x05E9FA,"パｰツショップ5","[UNTRANSLATED]"
s_003057,Alshark (System disk).hdm,0x05EA1F,"アｰマｰショップ5","[UNTRANSLATED]"
s_003058,Alshark (System disk).hdm,0x05F34A,"用意ｼﾏｼﾀﾉﾆ持ﾃﾅｲﾝじｬ仕方ｱﾘﾏｾﾝﾈ","[UNTRANSLATED]"
s_003059,Alshark (System disk).hdm,0x06349E,"マｰズ史研究家5","[UNTRANSLATED]"
s_003060,Alshark (System disk).hdm,0x065858,"ミュントスﾉ女5","[UNTRANSLATED]"
s_003061,Alshark (System disk).hdm,0x0662C4,"コルレル老師5","[UNTRANSLATED]"
s_003062,Alshark (System disk).hdm,0x066B1E,"どｺｶで彼ﾗｦ見守ｯ6ﾃｲﾙでｱﾛｳ$","[UNTRANSLATED]"
s_003063,Alshark (System disk).hdm,0x06B5BE,"無事でｲﾃｸﾚﾚばｲｲﾉだが…","[UNTRANSLATED]"
s_003064,Alshark (System disk).hdm,0x06B8D3,"ウュリアﾉ若者5","[UNTRANSLATED]"
s_003065,Alshark (System disk).hdm,0x06CA17,"ウュリアﾉ貴族5","[UNTRANSLATED]"
s_003066,Alshark (System disk).hdm,0x06CA28,"ウュリアﾉ兵士5","[UNTRANSLATED]"
s_003067,Alshark (System disk).hdm,0x06D3B3,"ウュリアﾉ大臣5","[UNTRANSLATED]"
s_003068,Alshark (System disk).hdm,0x06D3C4,"エムリアﾉ侍女5","[UNTRANSLATED]"
s_003069,Alshark (System disk).hdm,0x06D885,"私ﾉｺﾄｦ分ｶｯﾃｸﾚﾀﾉﾊ、ミｰアだｹだｯﾀ‥‥","[UNTRANSLATED]"
s_003070,Alshark (System disk).hdm,0x0701E9,"ドック責任者5","[UNTRANSLATED]"
s_003071,Alshark (System disk).hdm,0x070FF2,"サイコリング‥","[UNTRANSLATED]"
s_003072,Alshark (System disk).hdm,0x0781D0,"ぼｳﾔ、今度一人でｲﾗｯｼｬｲ","[UNTRANSLATED]"
s_003073,Alshark (System disk).hdm,0x07C80B,"帝国宙軍司令$","[UNTRANSLATED]"
s_003074,Alshark (System disk).hdm,0x07D665,"決戦ﾉ時迫ﾙｯﾃ感じﾈ","[UNTRANSLATED]"
s_003075,Alshark (System disk).hdm,0x07D6FA,"仇ﾊ、帝国ｦ叩ｷﾂぶｼﾃ晴ﾗｼﾃﾔﾙ0_4$","[UNTRANSLATED]"
s_003076,Alshark (System disk).hdm,0x07D963,"場合@じｬﾅｲﾉﾆ・・・0_4$","[UNTRANSLATED]"
s_003077,Alshark (System disk).hdm,0x07ED61,"人が@強ｸﾃﾓ、ｱﾝﾅ化ｹ物ﾆ勝ﾃﾙｶｼﾗ‥‥0_4$","[UNTRANSLATED]"
s_003078,Alshark (System disk).hdm,0x07F3DD,"早ｸ、秘力ﾉ奥義ｦ手ﾆｲﾚﾅｲﾄ‥‥","[UNTRANSLATED]"
s_003079,Alshark (System disk).hdm,0x07FF76,"母ｻﾝﾏでｲﾅｸﾅｯﾁﾏｳﾅﾝﾃ、ｲｯﾀｲ何が起ｺｯﾃﾙﾝだ","[UNTRANSLATED]"
s_003080,Alshark (System disk).hdm,0x0806D8,"が正念場じｬぞ0_4$","[UNTRANSLATED]"
s_003081,Alshark (System disk).hdm,0x080CCD,"３００年ﾓ昔ﾆ生ｷﾃｲﾀ人ｦ@どｳﾔｯﾃ捜ｾｯﾃｲｳﾉｶｼﾗ0_4$","[UNTRANSLATED]"
s_003083,Alshark (System disk).hdm,0x0B1389,"詒跏跏觚覯@jﾙ6@@@B@jP誨0{Pg24qｰ@@@@BBBBBBBBBBBBBBBB1","[UNTRANSLATED]"
s_003084,Alshark (System disk).hdm,0x0B25EA,"躙跚g鉞W踟g2Z534觚詒W","[UNTRANSLATED]"
s_003085,Alshark (System disk).hdm,0x0B3801,"觚鉞qｰ@BBBBjﾏ跏詒踟W詒Wg","[UNTRANSLATED]"
s_003086,Alshark (System disk).hdm,0x0B42A9,"跏W鉗TUVW輌SSPg0vjPW誨P鉞跏W","[UNTRANSLATED]"
s_003087,Alshark (System disk).hdm,0x0B4483,"跏gW詒詒跏Wqｰ@@B@BBBBBBBBBBBBR觚詒f","[UNTRANSLATED]"
s_003088,Alshark (System disk).hdm,0x0B4500,"詒跏W詒W躙鉞WgWq0ｰjｰ@BBBBBBBBBBB54g鉗e","[UNTRANSLATED]"
s_003089,Alshark (System disk).hdm,0x0B4680,"覯BB534詒詒觚詒跏","[UNTRANSLATED]"
s_003090,Alshark (System disk).hdm,0x0B4F22,"觚鉗g躙gW鉞g軾鉗W","[UNTRANSLATED]"
s_003091,Alshark (System disk).hdm,0x0B7EAF,"赳覯BBBBBjP跏W誨{誨{v66BBBB@R跏W","[UNTRANSLATED]"
s_003092,Alshark (System disk).hdm,0x0B88E5,"鈑鈑裼趺裼ﾄssxxxxxxx_蔗E","[UNTRANSLATED]"
s_003093,Alshark (System disk).hdm,0x0B8925,"褻蠣鈑裼褻ﾌsｵｲxsxxxxqe褪E","[UNTRANSLATED]"
s_003094,Alshark (System disk).hdm,0x0B8E6A,"モモモモモモ","[UNTRANSLATED]"
s_003095,Alshark (System disk).hdm,0x0B9D65,"時 0蔕髄圉髄梳","[UNTRANSLATED]"
s_003096,Alshark (System disk).hdm,0x0B9E44,"擽ｲxxxxｴ/Zm記L瓜_趺あモ｡","[UNTRANSLATED]"
s_003097,Alshark (System disk).hdm,0x0B9E99,"晴ｃｱａ 噫｡モ†bNVZm_趺髄蔕","[UNTRANSLATED]"
s_003098,Alshark (System disk).hdm,0x0B9F85,"髄髄 梳モモヱ","[UNTRANSLATED]"
s_003100,Alshark (System disk).hdm,0x0BE643,"猪楓楓楓楓断fffffy","[UNTRANSLATED]"
s_003101,Alshark (System disk).hdm,0x0BE72F,"楓楓楓楓楓冨","[UNTRANSLATED]"
s_003102,Alshark (System disk).hdm,0x0BF20A,"猪楓楓楓楓冨","[UNTRANSLATED]"
s_003103,Alshark (System disk).hdm,0x0BF229,"湯燈抹抹抹亦","[UNTRANSLATED]"
s_003104,Alshark (System disk).hdm,0x0BF51F,"駐猪楓楓楓楓y","[UNTRANSLATED]"
s_003106,Alshark (System disk).hdm,0x0BF695,"駐駐楓楓楓馳","[UNTRANSLATED]"
s_003107,Alshark (System disk).hdm,0x0BF92F,"楓楓楓蕪""!%$fff楓蕪","[UNTRANSLATED]"
s_003108,Alshark (System disk).hdm,0x0BFC2D,"燈抹亦y燈抹吐f100          3","[UNTRANSLATED]"
s_003109,Alshark (System disk).hdm,0x0BFCEC,"楓楓楓楓楓蕪","[UNTRANSLATED]"
s_003110,Alshark (System disk).hdm,0x0BFD0E,"瀦抹抹抹抹亦fffy]N]^A","[UNTRANSLATED]"
s_003111,Alshark (System disk).hdm,0x0BFF49,"楓楓楓楓蕪断ffy","[UNTRANSLATED]"
s_003112,Alshark (System disk).hdm,0x0BFFA8,"抹抹抹抹抹土","[UNTRANSLATED]"
s_003113,Alshark (System disk).hdm,0x0C0069,"猪楓楓楓楓馳ffyyyyy","[UNTRANSLATED]"
s_003114,Alshark (System disk).hdm,0x0C00CA,"燈抹抹抹抹亦fy","[UNTRANSLATED]"
s_003115,Alshark (System disk).hdm,0x0C0610,"楓楓楓楓楓楓","[UNTRANSLATED]"
s_003116,Alshark (System disk).hdm,0x0C6351,"捶xxxxｴｵｵ_蒟Ry鉗ﾖﾕLLLLLLLLLLLLLLLLo艢モモ","[UNTRANSLATED]"
s_003117,Alshark (System disk).hdm,0x0C63E2,"鋏\mﾓLLLL荷ﾕLﾒ鎰Lo蛟モモ","[UNTRANSLATED]"
s_003119,Alshark (System disk).hdm,0x0CC744,"詒躙疊躙軾鉗W","[UNTRANSLATED]"
s_003120,Alshark (System disk).hdm,0x0D3581,"糊ﾐCC糊６｢TﾐCC撃ﾐCU┐T訣気Cﾐﾐ６D髄","[UNTRANSLATED]"
s_003121,Alshark (System disk).hdm,0x0D40AC,"皮鳧皮鳧9剩鉉","[UNTRANSLATED]"
s_003122,Alshark (System disk).hdm,0x0D4190,"皮韃9窒ｂｒｂｂE瓦D99999奪99奪","[UNTRANSLATED]"
s_003123,Alshark (System disk).hdm,0x0D57C1,"封封封ﾂﾃ封封楓","[UNTRANSLATED]"
s_003124,Alshark (System disk).hdm,0x0D5F55,"蒿蒿蒿蒿蒿蒿","[UNTRANSLATED]"
s_003125,Alshark (System disk).hdm,0x0D6758,"蒿蒿蒿蒿蒿范","[UNTRANSLATED]"
s_003127,Alshark (System disk).hdm,0x0DA218,"克y{""""""#･末末末末末","[UNTRANSLATED]"
s_003131,Alshark (System disk).hdm,0x0DC9F2,"ャуャャя操荘栖ﾑ","[UNTRANSLATED]"
s_003132,Alshark (System disk).hdm,0x0DCBA9,"操ﾒﾂﾑ｢荘唾ﾐ操ャヤ","[UNTRANSLATED]"
s_003133,Alshark (System disk).hdm,0x0DD564,"赴激""""""щ券!""""""""""""#･末末沫""#","[UNTRANSLATED]"
s_003134,Alshark (System disk).hdm,0x0DE4E6,"炎}y|炎]ﾜﾝ8･末末末末","[UNTRANSLATED]"
s_003135,Alshark (System disk).hdm,0x0DEC5D,"晴瑞瑞逝ﾒﾑ操ﾑ荘","[UNTRANSLATED]"
s_003136,Alshark (System disk).hdm,0x0DED1B,"帯｡瑞巣 妲妍FFFJF3シ","[UNTRANSLATED]"
s_003137,Alshark (System disk).hdm,0x0DEF97,"唾ﾁ瑞瑞瑞ｰ｡ｰ鋳荘","[UNTRANSLATED]"
s_003138,Alshark (System disk).hdm,0x0DFE19,"操帯ﾀ晴栖ﾑ荘荘","[UNTRANSLATED]"
s_003140,Alshark (System disk).hdm,0x0E137F,"寞ﾙﾛﾛﾙﾛﾛ

--p寫麹豪ﾂﾂﾂﾂooﾂﾂﾂﾂ寫麹","[UNTRANSLATED]"
s_003142,Alshark (System disk).hdm,0x0E144B,"菅麹麹喰RRﾀR麹豪9","[UNTRANSLATED]"
s_003143,Alshark (System disk).hdm,0x0E9EAE,"麹P麹麹砂麹襲a","[UNTRANSLATED]"
s_003144,Alshark (System disk).hdm,0x0EDA51,"麹麹麹麹麹P策a","[UNTRANSLATED]"
s_003145,Alshark (System disk).hdm,0x0EE8A8,"牛麹麹麹麹轟q","[UNTRANSLATED]"
s_003146,Alshark (System disk).hdm,0x0EF628,"牛麹a牛麹麹麹ｻ","[UNTRANSLATED]"
s_003147,Alshark (System disk).hdm,0x0EF6D2,"ブ撈撈撈撈撈ﾛP","[UNTRANSLATED]"
s_003148,Alshark (System disk).hdm,0x0EF8D3,"牛麹麹麹麹麹","[UNTRANSLATED]"
s_003149,Alshark (System disk).hdm,0x0F0286,"ブ撈撈撈撈抉a","[UNTRANSLATED]"
s_003150,Alshark (System disk).hdm,0x0F02B0,"麹麹轟a牛麹麹Pa","[UNTRANSLATED]"
s_003151,Alshark (System disk).hdm,0x0F4841,"駐駐藻部部部","[UNTRANSLATED]"
s_003152,Alshark (System disk).hdm,0x0F4852,"駐駐駐駐藻部","[UNTRANSLATED]"
s_003153,Alshark (System disk).hdm,0x0F4861,"荘荘桝荘荘荘","[UNTRANSLATED]"
s_003154,Alshark (System disk).hdm,0x0F4872,"荘荘荘荘桝荘","[UNTRANSLATED]"
s_003155,Alshark (System disk).hdm,0x0F4881,"瀦瀦桝777777777777777777走瀦瀦","[UNTRANSLATED]"
s_003156,Alshark (System disk).hdm,0x0F4AA1,"瀦瀦走777777777777777777桝瀦瀦","[UNTRANSLATED]"
s_003157,Alshark (System disk).hdm,0x0F5061,"試至試至試字","[UNTRANSLATED]"
s_003158,Alshark (System disk).hdm,0x0F5072,"且試且試且時","[UNTRANSLATED]"
s_003160,Alshark (System disk).hdm,0x0F5E93,"麹麹麹麹麹径","[UNTRANSLATED]"
s_003162,Alshark (System disk).hdm,0x0F6772,"牛麹麹麹麹訓a","[UNTRANSLATED]"
s_003163,Alshark (System disk).hdm,0x0F6792,"屎撈撈撈撈弃a","[UNTRANSLATED]"
s_003164,Alshark (System disk).hdm,0x0F6A81,"麹麹麹麹麹麹ｻ/οﾎﾎﾎﾎﾎﾎﾎﾎﾎﾎﾎﾎﾌa","[UNTRANSLATED]"
s_003165,Alshark (System disk).hdm,0x0F6BEC,"彗/agGWPa屎撈撈撈彗","[UNTRANSLATED]"
s_003166,Alshark (System disk).hdm,0x10212A,"灯庖灯庖灯庖","[UNTRANSLATED]"
s_003168,Alshark (System disk).hdm,0x109CC4,"滑?滑滑^滑滑滑","[UNTRANSLATED]"
s_003169,Alshark (System disk).hdm,0x12C5D2,"秉\\\\\\ﾒ瑞寫麹麹朽","[UNTRANSLATED]"
s_003170,Alshark (System disk).hdm,0x12C612,"箴ｼｼｼｼｼｼﾒ瑞寫麹麹朽","[UNTRANSLATED]"
s_003171,Alshark (System disk).hdm,0x12C652,"篩ｿｿｿｿｿｿﾒ瑞寫麹麹朽","[UNTRANSLATED]"
s_003172,Alshark (System disk).hdm,0x12C692,"箜ｱｱｱｱｱｱﾒ瑞寫麹麹朽","[UNTRANSLATED]"
s_003173,Alshark (System disk).hdm,0x12C712,"箍ｰｰｰｰｱｱﾒ瑞寫麹麹朽","[UNTRANSLATED]"
s_003175,Alshark (System disk).hdm,0x12C769,"穴鎌麹麹腰栢","[UNTRANSLATED]"
s_003176,Alshark (System disk).hdm,0x12CC59,"瑞寫麹麹麹喰\","[UNTRANSLATED]"
s_003177,Alshark (System disk).hdm,0x12CCBB,"靭寞11111122寫麹麹朽","[UNTRANSLATED]"
s_003178,Alshark (System disk).hdm,0x12CCD9,"瑞寫麹麹麹愚","[UNTRANSLATED]"
s_003179,Alshark (System disk).hdm,0x12CCFB,"辱寞00000022寫麹麹朽","[UNTRANSLATED]"
s_003180,Alshark (System disk).hdm,0x12CD19,"瑞寫麹麹麹愚","[UNTRANSLATED]"
s_003181,Alshark (System disk).hdm,0x12CD3B,"尻寞00000022寫麹麹朽","[UNTRANSLATED]"
s_003182,Alshark (System disk).hdm,0x12CD59,"瑞寫麹麹麹愚","[UNTRANSLATED]"
s_003183,Alshark (System disk).hdm,0x12CD7B,"瑞寞00000022寫麹麹朽","[UNTRANSLATED]"
s_003184,Alshark (System disk).hdm,0x12CD99,"瑞寫麹麹麹朽","[UNTRANSLATED]"
s_003186,Alshark (System disk).hdm,0x12E27B,"眠ｴｸ粢鴫ｴ準鴫ｴ準","[UNTRANSLATED]"
s_003189,Alshark (System disk).hdm,0x001EFE,"クレジット 3(","[UNTRANSLATED]"
s_003190,Alshark (System disk).hdm,0x001F0E,"スクラップ 3(","[UNTRANSLATED]"
s_003191,Alshark (System disk).hdm,0x003CB3,"迂巧選5?肘扞｡Iﾇ<","[UNTRANSLATED]"
s_003192,Alshark (System disk).hdm,0x00500B,"晃集糎標糎","[UNTRANSLATED]"
s_003193,Alshark (System disk).hdm,0x008ABE,"燻ﾘ実ﾃ借実VWQY_^ﾃ諫","[UNTRANSLATED]"
s_003194,Alshark (System disk).hdm,0x009244,"亭捗剃諦追","[UNTRANSLATED]"
s_003195,Alshark (System disk).hdm,0x00928A,"婦泊晩判追","[UNTRANSLATED]"
s_003197,Alshark (System disk).hdm,0x009542,"精(OVW隅串隸ﾟ_^ﾃV隅ｳ","[UNTRANSLATED]"
s_003198,Alshark (System disk).hdm,0x00B34D,"獏ﾑ筋錦ﾑ獏ﾑﾑ獏ﾑ","[UNTRANSLATED]"
s_003200,Alshark (System disk).hdm,0x00CB80,"ね塚寨ｫﾋｾﾋﾋﾋﾗﾋ醉ｾﾋ灰","[UNTRANSLATED]"
s_003202,Alshark (System disk).hdm,0x0108AF,"火炎放射器","[UNTRANSLATED]"
s_003203,Alshark (System disk).hdm,0x010CFF,"通行許可証","[UNTRANSLATED]"
s_003204,Alshark (System disk).hdm,0x010E63,"パｰ素粒子砲","[UNTRANSLATED]"
s_003205,Alshark (System disk).hdm,0x010E6F,"中性子ビｰﾑ砲","[UNTRANSLATED]"
s_003206,Alshark (System disk).hdm,0x01118B,"飛燕落とし","[UNTRANSLATED]"
s_003207,Alshark (System disk).hdm,0x01128E,"ガドﾓｽ・バｲデﾝ","[UNTRANSLATED]"
s_003208,Alshark (System disk).hdm,0x011460,"ザジﾙ宇宙港","[UNTRANSLATED]"
s_003209,Alshark (System disk).hdm,0x0116AE,"ザｰﾃ・ｺｾの宮殿","[UNTRANSLATED]"
s_003210,Alshark (System disk).hdm,0x0116D3,"ゾﾘｱｽ兵器工場","[UNTRANSLATED]"
s_003211,Alshark (System disk).hdm,0x0116E2,"ゾﾘｱｽバｲｵ研究所","[UNTRANSLATED]"
s_003212,Alshark (System disk).hdm,0x011737,"ザｲザﾙの火口","[UNTRANSLATED]"
s_003213,Alshark (System disk).hdm,0x014BC9,"間嬉ﾑﾒ竿岩ｫ糅Y_","[UNTRANSLATED]"
s_003214,Alshark (System disk).hdm,0x014C19,"間嬉ﾑﾚ竿岩ｫ糅Y_","[UNTRANSLATED]"
s_003215,Alshark (System disk).hdm,0x014F3F,"諫2ﾀ諧諧諧諧ｸ","[UNTRANSLATED]"
s_003216,Alshark (System disk).hdm,0x015BC0,"靦靦靦閭胙ﾑ","[UNTRANSLATED]"
s_003217,Alshark (System disk).hdm,0x015FBB,"葭獏獏煖獏","[UNTRANSLATED]"
s_003218,Alshark (System disk).hdm,0x01613D,"葭獏獏煖ﾘﾑ獏","[UNTRANSLATED]"
s_003219,Alshark (System disk).hdm,0x016C4C,"獏獏獏煖獏","[UNTRANSLATED]"
s_003220,Alshark (System disk).hdm,0x01B148,"獏獏獏獏煖ﾆ","[UNTRANSLATED]"
s_003221,Alshark (System disk).hdm,0x01B78D,"燼w､wﾜw檜檜檜檜ｾ2w","[UNTRANSLATED]"
s_003222,Alshark (System disk).hdm,0x039528,"劇軍ｲﾜ頡劦豸","[UNTRANSLATED]"
s_003223,Alshark (System disk).hdm,0x03DCB4,"詛&詛&詛&詛&貳","[UNTRANSLATED]"
s_003224,Alshark (System disk).hdm,0x040928,"獎獎獎獎璧","[UNTRANSLATED]"
s_003226,Alshark (System disk).hdm,0x043D88,"暈ｻ忞忞悅增","[UNTRANSLATED]"
s_003230,Alshark (System disk).hdm,0x04ED59,"巻*ｨｪｨｪｪ巻巻ｪｨｪ｢ｪ巻巻*ｪUTUQUQUEU","[UNTRANSLATED]"
s_003231,Alshark (System disk).hdm,0x05115C,"ダストﾆ住ﾝでﾙ$","[UNTRANSLATED]"
s_003232,Alshark (System disk).hdm,0x052F0C,"ツｰルｦ買ｳ@店ｦでﾙ","[UNTRANSLATED]"
s_003233,Alshark (System disk).hdm,0x052FEF,"ぱﾘ、ジュｰスﾊ、3生","[UNTRANSLATED]"
s_003234,Alshark (System disk).hdm,0x053BB7,"店ﾓｱﾝﾏﾘ儲ｶﾗﾅｸﾃﾈ0ﾀﾀﾝじﾏｵｳｶﾄ思ｯﾃﾙﾝだ","[UNTRANSLATED]"
s_003235,Alshark (System disk).hdm,0x055FBA,"が抜ｹﾃｲｸ音6ﾆ混じｯﾃ、$","[UNTRANSLATED]"
s_003236,Alshark (System disk).hdm,0x055FEC,"以上、ﾏﾄﾜﾘﾂｹば、今度","[UNTRANSLATED]"
s_003237,Alshark (System disk).hdm,0x056F8E,"ベックﾊｿﾉ場ｶﾗ去ｯﾃｲｯﾀ0?I","[UNTRANSLATED]"
s_003238,Alshark (System disk).hdm,0x057CAA,"武器ｦ買ｳ@店ｦでﾙ","[UNTRANSLATED]"
s_003239,Alshark (System disk).hdm,0x05A8EB,"金がﾅｲﾄ話ｼﾆﾅﾗﾅｲﾝでｽｹど‥‥‥","[UNTRANSLATED]"
s_003240,Alshark (System disk).hdm,0x05AF3D,"死ﾝじﾏｯﾀ者ﾊ、ｼｮｳがﾈｪｿﾚﾖﾘﾓﾏずﾊ$","[UNTRANSLATED]"
s_003241,Alshark (System disk).hdm,0x05B481,"シンジケｰト5","[UNTRANSLATED]"
s_003242,Alshark (System disk).hdm,0x05B78A,"防具ｦ買ｳ@店ｦでﾙ","[UNTRANSLATED]"
s_003243,Alshark (System disk).hdm,0x05EA5F,"ゾリアス兵5","[UNTRANSLATED]"
s_003244,Alshark (System disk).hdm,0x05EA96,"ノｰザンﾉ砦で$","[UNTRANSLATED]"
s_003245,Alshark (System disk).hdm,0x05F3B7,"カウンタｰ嬢5","[UNTRANSLATED]"
s_003246,Alshark (System disk).hdm,0x061560,"今日ﾊ、酔ｯぱﾗｯﾀぜｨ","[UNTRANSLATED]"
s_003247,Alshark (System disk).hdm,0x0623D0,"母ｻﾝ、俺ﾊ・・・0_4$","[UNTRANSLATED]"
s_003248,Alshark (System disk).hdm,0x065895,"慈善事業ﾔｯﾃﾝじｬﾅｲｶﾗｻ","[UNTRANSLATED]"
s_003249,Alshark (System disk).hdm,0x06620B,"側ﾆ寄ﾗﾅｲで、父ﾆ叱ﾗﾚﾏｽ","[UNTRANSLATED]"
s_003250,Alshark (System disk).hdm,0x066B0A,"立派ﾅ男だぜ』06$","[UNTRANSLATED]"
s_003251,Alshark (System disk).hdm,0x0675A2,"洞窟ﾉ奥深ｸで、$","[UNTRANSLATED]"
s_003252,Alshark (System disk).hdm,0x067E2C,"情報屋ﾉ元締ﾒ5","[UNTRANSLATED]"
s_003253,Alshark (System disk).hdm,0x06894A,"ザｰテ・コセ5","[UNTRANSLATED]"
s_003254,Alshark (System disk).hdm,0x068FAB,"ザｰテｦ捕ﾗｴﾙｺﾄﾆ成功ｼﾀ6$","[UNTRANSLATED]"
s_003255,Alshark (System disk).hdm,0x06962E,"でﾊ、ごﾕｯｸﾘｵ過ごｼ下ｻｲ0?C","Enjoy your stay."
s_003256,Alshark (System disk).hdm,0x06AC84,"俺ﾓｱﾏﾘ金持ﾁじｬﾅｲﾝでﾅ","[UNTRANSLATED]"
s_003257,Alshark (System disk).hdm,0x06B4C9,"ウュリアﾉ娘5","[UNTRANSLATED]"
s_003258,Alshark (System disk).hdm,0x06B9C0,"事でｲﾃｸﾚﾚばｲｲﾉだが…","[UNTRANSLATED]"
s_003259,Alshark (System disk).hdm,0x06C640,"王ﾉ気ﾏぐﾚﾆﾓ困ｯﾀﾓﾉじｬ","[UNTRANSLATED]"
s_003260,Alshark (System disk).hdm,0x06CA8B,"ウュリアﾉ男5","[UNTRANSLATED]"
s_003261,Alshark (System disk).hdm,0x06CA9A,"ウュリアﾉｵばｱｻﾝ5","[UNTRANSLATED]"
s_003262,Alshark (System disk).hdm,0x06CE1D,"ツｰルｦ買ｳ@店ｦ出ﾙ","[UNTRANSLATED]"
s_003263,Alshark (System disk).hdm,0x070204,"ウュリア兵5","[UNTRANSLATED]"
s_003264,Alshark (System disk).hdm,0x070D55,"ドクウェル5","[UNTRANSLATED]"
s_003265,Alshark (System disk).hdm,0x0761A8,"カｰマﾆ融合ｻﾚﾃｲﾅｲ‥‥@‥‥気ｦﾂｹﾙﾉﾖ‥‥‥）0_4$","[UNTRANSLATED]"
s_003266,Alshark (System disk).hdm,0x07D604,"で来ﾀﾗ、後ﾆﾊ引ｹﾅｲぞ、$","[UNTRANSLATED]"
s_003267,Alshark (System disk).hdm,0x07E926,"が@戦ｴﾅｸﾅｯﾃﾓ、ｿﾉ時ﾊ私が$","[UNTRANSLATED]"
s_003268,Alshark (System disk).hdm,0x07F730,"ば様が人質ﾆﾄﾗﾚﾁｬｳﾅﾝﾃ‥‥","[UNTRANSLATED]"
s_003269,Alshark (System disk).hdm,0x0801CD,"だｶﾝだ言ｯﾃ、ﾂｲﾃ@来ﾙﾝじｬﾈｪｶ）","[UNTRANSLATED]"
s_003270,Alshark (System disk).hdm,0x0803E1,"チッ、面倒ﾅｺﾄﾆﾅｯﾃｷﾀぜ","[UNTRANSLATED]"
s_003271,Alshark (System disk).hdm,0x080FE1,"艪ﾗﾁｬｼｮｳが@ﾈｪが、ﾎﾝﾄﾆｲｲ奴ﾅﾝだﾖ0@","[UNTRANSLATED]"
s_003272,Alshark (System disk).hdm,0x081399,"嬢ﾁｬﾝが@ｻﾗﾜﾚﾁﾏｳﾄﾊ・・・0_4$","[UNTRANSLATED]"
s_003273,Alshark (System disk).hdm,0x0813FF,"野郎、ｵﾒｪｺｿ偉ｿｳﾅｺﾄ言ｯﾃｲﾅがﾗ、$","[UNTRANSLATED]"
s_003274,Alshark (System disk).hdm,0x08230D,"早ｸ、隕石ｦ見ﾃﾐﾀｲﾜ楽ｼﾐﾈ、$","[UNTRANSLATED]"
s_003275,Alshark (System disk).hdm,0x0828F0,"早ｲﾄｺ仕事ｦ片づｹﾃ$","[UNTRANSLATED]"
s_003277,Alshark (System disk).hdm,0x0B120A,"觚跏觚跏2ZBBBBBBBBBBBBBBBBR跏Q@BBBBBBBBBBBBBBBBB5ZBBBﾖﾏ'g","[UNTRANSLATED]"
s_003279,Alshark (System disk).hdm,0x0B1B87,"酩BBB53ZBBBBBBR銷W鉗躄66BBRqｰ@jﾎﾏ輌ﾔjP","[UNTRANSLATED]"
s_003280,Alshark (System disk).hdm,0x0B1C06,"躙Q@BBBBBBBBBBB54銷W鉗q{ﾔ@B54q0PQ~銷鉗qP","[UNTRANSLATED]"
s_003281,Alshark (System disk).hdm,0x0B2387,"銷2ZB54輌0ｺP跏g鉞2ZBBBBBBBBBBBBBBBBB@R琦ｭ8","[UNTRANSLATED]"
s_003282,Alshark (System disk).hdm,0x0B2C68,"踟qﾔ@@@jP觚銷誨{BBBA銷","[UNTRANSLATED]"
s_003283,Alshark (System disk).hdm,0x0B4123,"跏觚詒ｷBBBjP鉗W244詁ｸvBBBBBBBBBBjPW","[UNTRANSLATED]"
s_003284,Alshark (System disk).hdm,0x0B41A3,"觚詒跏gｷ@BR鉗軾Qｵ33ｴ2ZBBB@@BB@@jP'","[UNTRANSLATED]"
s_003285,Alshark (System disk).hdm,0x0B4585,"觚g軾觚gWg觚qPqｰ@BBBBBBBBBBB5423ｴ觚","[UNTRANSLATED]"
s_003286,Alshark (System disk).hdm,0x0B4982,"貂v@BBBBBBBBB53g跏Wg觚g跏Wg覯@@BBBBBBR","[UNTRANSLATED]"
s_003287,Alshark (System disk).hdm,0x0B49AC,"跏躙觚觚gW跏fTUt","[UNTRANSLATED]"
s_003288,Alshark (System disk).hdm,0x0B4A02,"跏qｰ@ABB@BBBBBB54詒跏g觚詒q0ｰBBBBBB54","[UNTRANSLATED]"
s_003289,Alshark (System disk).hdm,0x0B4FA9,"詒跏跏跏詒","[UNTRANSLATED]"
s_003290,Alshark (System disk).hdm,0x0B92E2,"モモモモ＄ｃｃ操","[UNTRANSLATED]"
s_003291,Alshark (System disk).hdm,0x0B9321,"垂モヱ髄髄","[UNTRANSLATED]"
s_003292,Alshark (System disk).hdm,0x0B9BCE,"棍垂モモヱ","[UNTRANSLATED]"
s_003293,Alshark (System disk).hdm,0x0B9C11,"モヱ髄 垂モ","[UNTRANSLATED]"
s_003294,Alshark (System disk).hdm,0x0B9EC5,"髄鉞蛟∫∵髄髄","[UNTRANSLATED]"
s_003295,Alshark (System disk).hdm,0x0BA123,"梳モモモ÷ヱx｣","[UNTRANSLATED]"
s_003296,Alshark (System disk).hdm,0x0BA164,"垂ヱ髄垂ヱ","[UNTRANSLATED]"
s_003297,Alshark (System disk).hdm,0x0BA330,"裹ﾁR蛟馳蜷然$","[UNTRANSLATED]"
s_003298,Alshark (System disk).hdm,0x0BE4F1,"楓楓楓駐断ffffffy","[UNTRANSLATED]"
s_003299,Alshark (System disk).hdm,0x0BE723,"楓楓楓楓楓y","[UNTRANSLATED]"
s_003300,Alshark (System disk).hdm,0x0BEA28,"楓楓楓楓冨","[UNTRANSLATED]"
s_003301,Alshark (System disk).hdm,0x0BECCA,"駐馳猪楓楓","[UNTRANSLATED]"
s_003302,Alshark (System disk).hdm,0x0BED85,"燈抹抹抹亦","[UNTRANSLATED]"
s_003303,Alshark (System disk).hdm,0x0BEDE4,"燈抹抹抹幌y0    32y","[UNTRANSLATED]"
s_003304,Alshark (System disk).hdm,0x0BEE43,"駐楓楓楓蕪","[UNTRANSLATED]"
s_003305,Alshark (System disk).hdm,0x0BEFBB,"楓楓楓馳馳","[UNTRANSLATED]"
s_003306,Alshark (System disk).hdm,0x0BEFCD,"燈抹抹亦吐y","[UNTRANSLATED]"
s_003307,Alshark (System disk).hdm,0x0BF595,"楓楓蕪駐駐","[UNTRANSLATED]"
s_003308,Alshark (System disk).hdm,0x0BF64F,"駐楓楓楓馳yyyyy]]","[UNTRANSLATED]"
s_003309,Alshark (System disk).hdm,0x0BF81D,"草抹抹抹湯y","[UNTRANSLATED]"
s_003310,Alshark (System disk).hdm,0x0BF94C,"趨楓楓舞嵩vffffffff","[UNTRANSLATED]"
s_003311,Alshark (System disk).hdm,0x0BF990,"髄楓楓楓蕪","[UNTRANSLATED]"
s_003312,Alshark (System disk).hdm,0x0BFC8F,"燈抹抹抹湯10    VFrUpttpW 3","[UNTRANSLATED]"
s_003313,Alshark (System disk).hdm,0x0BFD71,"瀦抹抹抹湯","[UNTRANSLATED]"
s_003314,Alshark (System disk).hdm,0x0BFEEB,"楓楓楓楓断ffy","[UNTRANSLATED]"
s_003315,Alshark (System disk).hdm,0x0C01F4,"燈抹抹抹貿MN^","[UNTRANSLATED]"
s_003316,Alshark (System disk).hdm,0x0C0361,"楓楓楓楓楓fffffy""!   3","[UNTRANSLATED]"
s_003317,Alshark (System disk).hdm,0x0C0428,"抹抹抹抹抹","[UNTRANSLATED]"
s_003318,Alshark (System disk).hdm,0x0C0485,"燈抹抹抹抹","[UNTRANSLATED]"
s_003319,Alshark (System disk).hdm,0x0C05AE,"楓楓楓楓楓ffffy","[UNTRANSLATED]"
s_003320,Alshark (System disk).hdm,0x0C0734,"楓楓楓楓蒜ff","[UNTRANSLATED]"
s_003321,Alshark (System disk).hdm,0x0C497B,"髄駐註葬湯","[UNTRANSLATED]"
s_003322,Alshark (System disk).hdm,0x0C53BB,"髄髄楓楓楓","[UNTRANSLATED]"
s_003323,Alshark (System disk).hdm,0x0C66AA,"髄
 0垂｡｡ヱ垂モ","[UNTRANSLATED]"
s_003324,Alshark (System disk).hdm,0x0CA5EF,"鉗g鉞詒鉞觚","[UNTRANSLATED]"
s_003325,Alshark (System disk).hdm,0x0CC6E1,"躙礦W鉗觚躙","[UNTRANSLATED]"
s_003326,Alshark (System disk).hdm,0x0CF991,"燈燈､粕粕白","[UNTRANSLATED]"
s_003327,Alshark (System disk).hdm,0x0CF9D5,"燈巳粕粕担","[UNTRANSLATED]"
s_003335,Alshark (System disk).hdm,0x0D5615,"蒿蒿蒿茴｡蒿","[UNTRANSLATED]"
s_003336,Alshark (System disk).hdm,0x0D5621,"蒿蒿蒿蒿蒿","[UNTRANSLATED]"
s_003337,Alshark (System disk).hdm,0x0D6627,"聽聽聽聽聽","[UNTRANSLATED]"
s_003338,Alshark (System disk).hdm,0x0D666E,"鉗逅%%鉗鉗鉗","[UNTRANSLATED]"
s_003339,Alshark (System disk).hdm,0x0D6747,"蒿蒿#%""蒿蒿范","[UNTRANSLATED]"
s_003340,Alshark (System disk).hdm,0x0D6DEC,"蒿蒿蒿蒿臾","[UNTRANSLATED]"
s_003343,Alshark (System disk).hdm,0x0D94D4,"麹耳克寫施ｶｷﾆﾇ","[UNTRANSLATED]"
s_003346,Alshark (System disk).hdm,0x0DA1E1,"旧旧旧旧旧","[UNTRANSLATED]"
s_003347,Alshark (System disk).hdm,0x0DA201,"克克克克克ｨ{ｽ","[UNTRANSLATED]"
s_003348,Alshark (System disk).hdm,0x0DA8A4,"麹施z麹詩試yｨ{ｭ","[UNTRANSLATED]"
s_003349,Alshark (System disk).hdm,0x0DAA14,"禦禦建禦嚮","[UNTRANSLATED]"
s_003350,Alshark (System disk).hdm,0x0DAA34,"克屁麹寫試ｨ{","[UNTRANSLATED]"
s_003351,Alshark (System disk).hdm,0x0DAA74,"末末末末末","[UNTRANSLATED]"
s_003353,Alshark (System disk).hdm,0x0DAE01,"甥渇恰甥括ﾀﾀﾀﾁ｡｡｢8!","[UNTRANSLATED]"
s_003354,Alshark (System disk).hdm,0x0DAE41,"麹詩耳克施ﾞﾟｽ","[UNTRANSLATED]"
s_003357,Alshark (System disk).hdm,0x0DB7C1,"克y克ｨ克寫施ﾍ","[UNTRANSLATED]"
s_003358,Alshark (System disk).hdm,0x0DBA84,"旧禦結光発","[UNTRANSLATED]"
s_003361,Alshark (System disk).hdm,0x0DC726,"ャャуヤ操ﾒ操","[UNTRANSLATED]"
s_003362,Alshark (System disk).hdm,0x0DCB76,"シvC{FEvWﾑ庁ﾒャо槽ヤﾒｱ","[UNTRANSLATED]"
s_003363,Alshark (System disk).hdm,0x0DCB92,"操操チ""SyyU""2ｱ崇柘","[UNTRANSLATED]"
s_003364,Alshark (System disk).hdm,0x0DD4F0,"末末沫#赴血","[UNTRANSLATED]"
s_003365,Alshark (System disk).hdm,0x0DDA65,"赴血激""""""髄荘","[UNTRANSLATED]"
s_003366,Alshark (System disk).hdm,0x0DDC01,"給旧囹旧血","[UNTRANSLATED]"
s_003367,Alshark (System disk).hdm,0x0DDC41,"麹克屁克試ｨ{","[UNTRANSLATED]"
s_003368,Alshark (System disk).hdm,0x0DE1E7,"末末末末沫#ﾞﾟ","[UNTRANSLATED]"
s_003370,Alshark (System disk).hdm,0x0DEC11,"荘操操荘ﾒﾑ｡ｰ晴ｰ","[UNTRANSLATED]"
s_003371,Alshark (System disk).hdm,0x0DEFC7,"操ﾐ帯柘曹ヤ","[UNTRANSLATED]"
s_003372,Alshark (System disk).hdm,0x0DF231,"ャуャャャヤ","[UNTRANSLATED]"
s_003373,Alshark (System disk).hdm,0x0DF66D,"諤ャуャャャо","[UNTRANSLATED]"
s_003375,Alshark (System disk).hdm,0x0DFE37,"操操帯ﾀ晴ﾑﾑ荘","[UNTRANSLATED]"
s_003377,Alshark (System disk).hdm,0x0E140C,"寫麹豪ﾀﾀﾀﾀﾀﾀﾀﾀﾀﾂ寫麹","[UNTRANSLATED]"
s_003378,Alshark (System disk).hdm,0x0E142A,"菅麹麹彊ｮｮｮｮｮｮｮｮｮｮｮｮｭ寞","[UNTRANSLATED]"
s_003380,Alshark (System disk).hdm,0x0E773C,"牛麹麹溝餞SSSTP","[UNTRANSLATED]"
s_003382,Alshark (System disk).hdm,0x0E98CB,"牛麹恒麹轟PP","[UNTRANSLATED]"
s_003383,Alshark (System disk).hdm,0x0E98EB,"屎撈捩撈撩PP","[UNTRANSLATED]"
s_003384,Alshark (System disk).hdm,0x0E9C31,"轟q牛麹繋牛Pｻ","[UNTRANSLATED]"
s_003385,Alshark (System disk).hdm,0x0EA044,"牛麹麹麹轟q/PPP","[UNTRANSLATED]"
s_003386,Alshark (System disk).hdm,0x0EDA86,"訣麹麹麹径","[UNTRANSLATED]"
s_003387,Alshark (System disk).hdm,0x0EDAA6,"悃撈撈撈彗","[UNTRANSLATED]"
s_003388,Alshark (System disk).hdm,0x0EDC0D,"抉挌撈撈P掀PPPPP","[UNTRANSLATED]"
s_003389,Alshark (System disk).hdm,0x0EF469,"撈撈撈旡抔sg","[UNTRANSLATED]"
s_003390,Alshark (System disk).hdm,0x0EF5D2,"麹麹麹麹訓PPｦP","[UNTRANSLATED]"
s_003391,Alshark (System disk).hdm,0x0EF612,"撈撈撈撈弃PP","[UNTRANSLATED]"
s_003392,Alshark (System disk).hdm,0x0EF694,"麹麹麹麹麹","[UNTRANSLATED]"
s_003393,Alshark (System disk).hdm,0x0EF815,"麹麹麹麹轟P","[UNTRANSLATED]"
s_003394,Alshark (System disk).hdm,0x0F0248,"麹麹麹麹恒a","[UNTRANSLATED]"
s_003396,Alshark (System disk).hdm,0x0F572B,"甥迚甥迚7ｺ甥","[UNTRANSLATED]"
s_003397,Alshark (System disk).hdm,0x0F5934,"屎撈撈撈抉a","[UNTRANSLATED]"
s_003398,Alshark (System disk).hdm,0x0F5AA1,"撈撈抉掀撩GGGGGGGGGGGGGGGﾛP","[UNTRANSLATED]"
s_003399,Alshark (System disk).hdm,0x0F5DAB,"撈撈撈撈抔GGGGGGGGva","[UNTRANSLATED]"
s_003400,Alshark (System disk).hdm,0x0F6009,"撩撈撈撈旱PPPPοﾎﾏﾎﾎﾌa","[UNTRANSLATED]"
s_003401,Alshark (System disk).hdm,0x0F6282,"牛麹麹麹轟aﾚGGGPGGGGG","[UNTRANSLATED]"
s_003402,Alshark (System disk).hdm,0x0F62A2,"屎撈撈撈撩a","[UNTRANSLATED]"
s_003403,Alshark (System disk).hdm,0x0F62E1,"麹麹麹麹P策a/aDTPaDTP","[UNTRANSLATED]"
s_003404,Alshark (System disk).hdm,0x0F6301,"撈撈撈撈P掀a/agWPagWPοﾎﾌοﾎﾌa","[UNTRANSLATED]"
s_003405,Alshark (System disk).hdm,0x0F6483,"麹麹麹麹麹","[UNTRANSLATED]"
s_003406,Alshark (System disk).hdm,0x0F6673,"麹麹麹麹策Pa","[UNTRANSLATED]"
s_003407,Alshark (System disk).hdm,0x0F6762,"牛麹麹轟a牛Pｻ","[UNTRANSLATED]"
s_003408,Alshark (System disk).hdm,0x0F6782,"屎撈撈撩a屎P","[UNTRANSLATED]"
s_003409,Alshark (System disk).hdm,0x0F93E0,"興-``糾糾給<葛","[UNTRANSLATED]"
s_003410,Alshark (System disk).hdm,0x0FD056,"魚壘Da銜呶瀇","[UNTRANSLATED]"
s_003411,Alshark (System disk).hdm,0x0FE361,"滑?滑滑蛙噛","[UNTRANSLATED]"
s_003412,Alshark (System disk).hdm,0x101873,"試肢試肢試","[UNTRANSLATED]"
s_003413,Alshark (System disk).hdm,0x101F65,"蛹試懼2試懈","[UNTRANSLATED]"
s_003415,Alshark (System disk).hdm,0x1098E4,"滑滑?滑滑^滑","[UNTRANSLATED]"
s_003416,Alshark (System disk).hdm,0x10A1ED,"血0血穴滑00滑","[UNTRANSLATED]"
s_003417,Alshark (System disk).hdm,0x10A46A,"蛙滑滑滑滑","[UNTRANSLATED]"
s_003418,Alshark (System disk).hdm,0x10AA60,"晴聡囹髄棲","[UNTRANSLATED]"
s_003420,Alshark (System disk).hdm,0x11112A,"浄}鉎檐s杖}鉎","[UNTRANSLATED]"
s_003421,Alshark (System disk).hdm,0x123196,"臨Jﾋｽ宵柯*麌ﾂ｢_d将","[UNTRANSLATED]"
s_003423,Alshark (System disk).hdm,0x12C47F,"寞ﾔﾔO,-OJJ寫麹麹黍-","[UNTRANSLATED]"
s_003424,Alshark (System disk).hdm,0x12C6AA,"瑞寫麹麹朽","[UNTRANSLATED]"
s_003425,Alshark (System disk).hdm,0x12CBC7,"囹燕麹麹軌OOOO","[UNTRANSLATED]"
s_003426,Alshark (System disk).hdm,0x12CBDB,"寫麹麹麹朽","[UNTRANSLATED]"
s_003427,Alshark (System disk).hdm,0x12CC7F,"寞ooo22ooo寫麹麹朽","[UNTRANSLATED]"
s_003428,Alshark (System disk).hdm,0x12CC9B,"寫麹麹麹愚","[UNTRANSLATED]"
s_003429,Alshark (System disk).hdm,0x12D42C,"瑞o瑞9瑞塵瑞","[UNTRANSLATED]"
s_003430,Alshark (System disk).hdm,0x12E04B,"瑞瑞析ﾎ,-
瑞瑞","[UNTRANSLATED]"
s_003431,Alshark (System disk).hdm,0x12E17B,"眠ｴｸ磽雎ｱ≒j,-/\/xxxxxx,-h~h !~,-ﾔ雛ｱｱ≒/o/mDEn/o/厨","[UNTRANSLATED]"
s_003433,Alshark (System disk).hdm,0x000192,"鵆琲k蓚c茴","[UNTRANSLATED]"
s_003434,Alshark (System disk).hdm,0x00066A,"鑼炫卲ﾈ社ｼ","[UNTRANSLATED]"
s_003435,Alshark (System disk).hdm,0x0006B3,"鐇ﾁ鞴ﾊ齏ﾈ陬","[UNTRANSLATED]"
s_003436,Alshark (System disk).hdm,0x001626,"諫2ﾀ諧諧諧","[UNTRANSLATED]"
s_003437,Alshark (System disk).hdm,0x001F48,"ポイント@MP  (","[UNTRANSLATED]"
s_003438,Alshark (System disk).hdm,0x001F57,"ポイント@IQ  (","[UNTRANSLATED]"
s_003439,Alshark (System disk).hdm,0x001F66,"ポイント@0_R/＿/S/ｔｒ/>(","[UNTRANSLATED]"
s_003440,Alshark (System disk).hdm,0x001F80,"ポイント@L/＿/S/ｔｒ/>(","[UNTRANSLATED]"
s_003441,Alshark (System disk).hdm,0x001F98,"ポイント@A/ｇｌ/  (","[UNTRANSLATED]"
s_003442,Alshark (System disk).hdm,0x001FAC,"ポイント@D/ｒｂ/  (","[UNTRANSLATED]"
s_003443,Alshark (System disk).hdm,0x001FDE,"特殊能力=","[UNTRANSLATED]"
s_003446,Alshark (System disk).hdm,0x006FBB,"鷄鈩㈱t絮凱","[UNTRANSLATED]"
s_003448,Alshark (System disk).hdm,0x007873,"吋8吋:吋<吋>｡","[UNTRANSLATED]"
s_003449,Alshark (System disk).hdm,0x0080B3,"間癌竿欺","[UNTRANSLATED]"
s_003450,Alshark (System disk).hdm,0x008345,"隲r^顰.鑿c餒","[UNTRANSLATED]"
s_003451,Alshark (System disk).hdm,0x008D71,"織寝晋占w","[UNTRANSLATED]"
s_003453,Alshark (System disk).hdm,0x0098D5,"辧楴曚｡Gｰ鞨","[UNTRANSLATED]"
s_003454,Alshark (System disk).hdm,0x009B45,"俊9<途:<羊1<决","[UNTRANSLATED]"
s_003455,Alshark (System disk).hdm,0x00A323,"靦靦鍠筋ｿ","[UNTRANSLATED]"
s_003456,Alshark (System disk).hdm,0x00A5E2,"蠹濶ﾈ陷ﾎVW灰","[UNTRANSLATED]"
s_003457,Alshark (System disk).hdm,0x00A746,"県悸ｬｧｱｧｽｧ鴬ﾍｧ閧","[UNTRANSLATED]"
s_003458,Alshark (System disk).hdm,0x00AA93,"聴､ｮﾃｮﾘｮ牋摠峵","[UNTRANSLATED]"
s_003459,Alshark (System disk).hdm,0x00AE97,"畿1ﾑ靦靦濶D>ﾃ","[UNTRANSLATED]"
s_003461,Alshark (System disk).hdm,0x00E075,"糲W韶 閭""_隅","[UNTRANSLATED]"
s_003462,Alshark (System disk).hdm,0x010A69,"超次元バﾘｱ","[UNTRANSLATED]"
s_003463,Alshark (System disk).hdm,0x010A7B,"超電磁バﾘｱ","[UNTRANSLATED]"
s_003464,Alshark (System disk).hdm,0x010BEE,"グﾗビﾃｨ・ボﾑ","[UNTRANSLATED]"
s_003465,Alshark (System disk).hdm,0x010C50,"超電磁ﾌｨｰﾙド","[UNTRANSLATED]"
s_003466,Alshark (System disk).hdm,0x010CB9,"簡易工具ｾｯﾄ","[UNTRANSLATED]"
s_003467,Alshark (System disk).hdm,0x010D3D,"ザｲザｰ原石","[UNTRANSLATED]"
s_003468,Alshark (System disk).hdm,0x010D50,"ドｩﾑﾅの宝珠","[UNTRANSLATED]"
s_003469,Alshark (System disk).hdm,0x010D7E,"ガガﾄﾘﾝグ砲","[UNTRANSLATED]"
s_003470,Alshark (System disk).hdm,0x010DE4,"炸裂閃光ﾐｻｲﾙ","[UNTRANSLATED]"
s_003471,Alshark (System disk).hdm,0x010FDF,"ギガプﾗズﾏ","[UNTRANSLATED]"
s_003472,Alshark (System disk).hdm,0x010FEA,"反陽子ｴﾝジﾝ","[UNTRANSLATED]"
s_003473,Alshark (System disk).hdm,0x011136,"万能ドﾗｲバｰ","[UNTRANSLATED]"
s_003474,Alshark (System disk).hdm,0x011142,"電磁バブﾙ","[UNTRANSLATED]"
s_003475,Alshark (System disk).hdm,0x011227,"デｭｰｸ・ギｰデﾙ","[UNTRANSLATED]"
s_003476,Alshark (System disk).hdm,0x011261,"ジｬグﾏ・ドﾘｱﾝ","[UNTRANSLATED]"
s_003477,Alshark (System disk).hdm,0x011313,"惑星ザジﾙ","[UNTRANSLATED]"
s_003478,Alshark (System disk).hdm,0x011362,"惑星バｲデﾝ","[UNTRANSLATED]"
s_003479,Alshark (System disk).hdm,0x01136E,"惑星ビｭｰドｽ","[UNTRANSLATED]"
s_003480,Alshark (System disk).hdm,0x01137C,"惑星ビｪザ","[UNTRANSLATED]"
s_003481,Alshark (System disk).hdm,0x01139E,"惑星ポﾚダ","[UNTRANSLATED]"
s_003482,Alshark (System disk).hdm,0x011478,"ジｭｰｸ宇宙港","[UNTRANSLATED]"
s_003483,Alshark (System disk).hdm,0x011504,"ガドｽの町","[UNTRANSLATED]"
s_003484,Alshark (System disk).hdm,0x011533,"ベギｰの町","[UNTRANSLATED]"
s_003485,Alshark (System disk).hdm,0x01158B,"グビｴの町","[UNTRANSLATED]"
s_003486,Alshark (System disk).hdm,0x011746,"ジｮｰの部屋","[UNTRANSLATED]"
s_003489,Alshark (System disk).hdm,0x014BBB,"間嬉ﾑ竓ﾆ岩ｫ&","[UNTRANSLATED]"
s_003490,Alshark (System disk).hdm,0x014C0B,"間嬉ﾑ鼕ﾆ岩ｫ&","[UNTRANSLATED]"
s_003491,Alshark (System disk).hdm,0x015B70,"含√ﾀﾀ翫ﾑﾃﾑﾃ甘ﾑﾀﾑﾀﾑﾀ筋","[UNTRANSLATED]"
s_003493,Alshark (System disk).hdm,0x017970,"跖|裴d禳籬ﾃｿ","[UNTRANSLATED]"
s_003494,Alshark (System disk).hdm,0x018B9D,"牋KｷKﾃKﾌKﾘKﾝK飫琦錙","[UNTRANSLATED]"
s_003495,Alshark (System disk).hdm,0x0194A2,"鍼鋙簷瘟T","[UNTRANSLATED]"
s_003496,Alshark (System disk).hdm,0x01955A,"巾ｰ 鐐鈊鵄","[UNTRANSLATED]"
s_003497,Alshark (System disk).hdm,0x0195EF,"巾ｰ 靈愑饒","[UNTRANSLATED]"
s_003498,Alshark (System disk).hdm,0x01A069,"諌近ι&Y粢屑ﾃSR","[UNTRANSLATED]"
s_003499,Alshark (System disk).hdm,0x01A080,"閖觧[ﾃ隕'ｰe靄","[UNTRANSLATED]"
s_003500,Alshark (System disk).hdm,0x01A0BE,"體箍h闔粨","[UNTRANSLATED]"
s_003502,Alshark (System disk).hdm,0x01AD38,"ιPﾑ獏獏獏獏","[UNTRANSLATED]"
s_003503,Alshark (System disk).hdm,0x01B811,"実ｭ筋ｭ巾鐵","[UNTRANSLATED]"
s_003504,Alshark (System disk).hdm,0x03CCAA,"沛以瀾ｰﾐ瑩","[UNTRANSLATED]"
s_003506,Alshark (System disk).hdm,0x043AE6,"橙橙ｽzｲ囂箍:､","[UNTRANSLATED]"
s_003508,Alshark (System disk).hdm,0x043C30,"湯ｾ恝zｾ惞兤","[UNTRANSLATED]"
s_003510,Alshark (System disk).hdm,0x043DEA,"寂寂殲喪ｱｺｱｺ","[UNTRANSLATED]"
s_003512,Alshark (System disk).hdm,0x043F06,"燃モ燃欧ｨｪ","[UNTRANSLATED]"
s_003519,Alshark (System disk).hdm,0x04A28B,"鷂U鈼UU鈼uUｮｫﾕUｾｪUﾝ鈼","[UNTRANSLATED]"
s_003520,Alshark (System disk).hdm,0x04CFA0,"髄駐舶沫16317367./|}~","[UNTRANSLATED]"
s_003523,Alshark (System disk).hdm,0x04D724,"珞矮韜韜","[UNTRANSLATED]"
s_003524,Alshark (System disk).hdm,0x04EDDC,"巻巻ｪｨｪｨｪ巻*ｨｪ｢ｪ巻*ｪUTUQUEU","[UNTRANSLATED]"
s_003525,Alshark (System disk).hdm,0x04EEA0,"巻｢ｪ巻ｪ｢ｪ勘ｪ｢ｪ巻UQUEU","[UNTRANSLATED]"
s_003526,Alshark (System disk).hdm,0x04EF13,"巻*｢ｪ*ｨｪ巻*ｪ*ｪ*ｪ*ｨｪ巻*｢ｪ*ｪｪ巻UQUUTUETUQU","[UNTRANSLATED]"
s_003527,Alshark (System disk).hdm,0x04F045,"勘ｪ勘ｪ勘ｪ巻UQU","[UNTRANSLATED]"
s_003528,Alshark (System disk).hdm,0x04F073,"勘ｪ勘ｪ勘ｪ｢ｪ刈","[UNTRANSLATED]"
s_003529,Alshark (System disk).hdm,0x05540B,"向ｶｯﾃ仁王立ﾁｼﾀ6$","[UNTRANSLATED]"
s_003530,Alshark (System disk).hdm,0x0554F2,"じｻﾝ・・・0_4$","[UNTRANSLATED]"
s_003531,Alshark (System disk).hdm,0x0555EE,"私ﾊｲﾀｯﾃ正常だﾖ、$","[UNTRANSLATED]"
s_003532,Alshark (System disk).hdm,0x055DED,"惑星ホムﾉ$","[UNTRANSLATED]"
s_003533,Alshark (System disk).hdm,0x057AD8,"買ｲ得ﾅﾝでｽがﾈｪ‥‥","[UNTRANSLATED]"
s_003534,Alshark (System disk).hdm,0x05CCB0,"オペレｰタ5","[UNTRANSLATED]"
s_003535,Alshark (System disk).hdm,0x05DC63,"追手ｦ振ﾘ切ｯﾃ、$","[UNTRANSLATED]"
s_003536,Alshark (System disk).hdm,0x061BA1,"俺ﾉ心ﾉ中ﾆ生ｷﾃｲﾙｶﾗ‥‥0_4$","[UNTRANSLATED]"
s_003537,Alshark (System disk).hdm,0x061C7A,"帝国総帥$","[UNTRANSLATED]"
s_003538,Alshark (System disk).hdm,0x063C7F,"死ﾆﾓ匹敵ｽﾙ苦ｼ6ﾐｦｺﾗｴ、$","[UNTRANSLATED]"
s_003539,Alshark (System disk).hdm,0x0644A3,"ば久ｼぶﾘだﾅｧ0_4$","[UNTRANSLATED]"
s_003540,Alshark (System disk).hdm,0x0652A7,"ヤｰクｰ老師5","[UNTRANSLATED]"
s_003541,Alshark (System disk).hdm,0x067236,"ミカｰ老師5","[UNTRANSLATED]"
s_003542,Alshark (System disk).hdm,0x06761B,"真ｯ先ﾆ気がﾂｲﾀﾉﾊ、6$","[UNTRANSLATED]"
s_003543,Alshark (System disk).hdm,0x06778C,"真剣ﾅ眼差ｼﾆ、@6$","[UNTRANSLATED]"
s_003544,Alshark (System disk).hdm,0x069FF5,"達ﾊ、空気ﾉ住","[UNTRANSLATED]"
s_003545,Alshark (System disk).hdm,0x06D3D5,"エムリア5","[UNTRANSLATED]"
s_003546,Alshark (System disk).hdm,0x071536,"ミュサイ5","[UNTRANSLATED]"
s_003547,Alshark (System disk).hdm,0x073534,"金が足ﾘﾏｾﾝが‥‥","[UNTRANSLATED]"
s_003548,Alshark (System disk).hdm,0x074659,"ビｰスト・$","[UNTRANSLATED]"
s_003549,Alshark (System disk).hdm,0x075770,"酔ｯぱﾗｲﾊ、力尽ｷﾀ06$","[UNTRANSLATED]"
s_003550,Alshark (System disk).hdm,0x076209,"ヒｰト中将5$","[UNTRANSLATED]"
s_003551,Alshark (System disk).hdm,0x0763CB,"突然ﾉ詰問ﾆ、$","[UNTRANSLATED]"
s_003552,Alshark (System disk).hdm,0x07722A,"フレｰムじｬｨ$","[UNTRANSLATED]"
s_003553,Alshark (System disk).hdm,0x07C502,"所ﾆ塔が立ｯﾃｲﾙﾅﾝﾃ0_4$","[UNTRANSLATED]"
s_003554,Alshark (System disk).hdm,0x07C608,"タンクｦ忘ﾚﾙﾅﾖ、$","[UNTRANSLATED]"
s_003555,Alshark (System disk).hdm,0x07CA8A,"で来ﾚば、残ｽﾊ$","[UNTRANSLATED]"
s_003556,Alshark (System disk).hdm,0x07DDBE,"過激ﾅ奴じｬｲ‥‥0_4$","[UNTRANSLATED]"
s_003557,Alshark (System disk).hdm,0x07EA0F,"大丈夫だｯﾃ、$","[UNTRANSLATED]"
s_003558,Alshark (System disk).hdm,0x080F46,"が・・・0_4$","[UNTRANSLATED]"
s_003559,Alshark (System disk).hdm,0x0811FE,"俺だｯﾃがﾝばｯﾀﾉﾆ0_4$","[UNTRANSLATED]"
s_003561,Alshark (System disk).hdm,0x0B110E,"跏gW詒跏2ZB5ZBBBB534跏","[UNTRANSLATED]"
s_003562,Alshark (System disk).hdm,0x0B1409,"跏W跏W詒誨0Pq{000{0P","[UNTRANSLATED]"
s_003564,Alshark (System disk).hdm,0x0B1A09,"踟詒234g銷踟Wｰ@@BBBBBBB5ZRQBBBBBBj0P","[UNTRANSLATED]"
s_003565,Alshark (System disk).hdm,0x0B1D07,"鉞qｰBBBBBBBBBBBB534鉞跏跏2ZBBBBBBBB1","[UNTRANSLATED]"
s_003567,Alshark (System disk).hdm,0x0B23F6,"竑跏W躙踟''","[UNTRANSLATED]"
s_003568,Alshark (System disk).hdm,0x0B2667,"鉞W跏觚詒","[UNTRANSLATED]"
s_003569,Alshark (System disk).hdm,0x0B2D03,"觚誨ﾔBBBBBBBBBBBBBBBB6BBj0ﾍ4Wg觚g煇hｮp","[UNTRANSLATED]"
s_003570,Alshark (System disk).hdm,0x0B3700,"詒qﾔ@@BBBBBBBBj{{P觚詒踴hi","[UNTRANSLATED]"
s_003571,Alshark (System disk).hdm,0x0B377C,"踟W踟q0ｰ@BBBBBBjP跏W詒W","[UNTRANSLATED]"
s_003572,Alshark (System disk).hdm,0x0B3A02,"觚鉗2Z53ZBBBBjP跏踟W","[UNTRANSLATED]"
s_003573,Alshark (System disk).hdm,0x0B3D03,"跏q0P觚跏qP觚g","[UNTRANSLATED]"
s_003574,Alshark (System disk).hdm,0x0B3D86,"跏Wg觚跏詒W","[UNTRANSLATED]"
s_003575,Alshark (System disk).hdm,0x0B3E06,"鉞g觚g跏W詒","[UNTRANSLATED]"
s_003576,Alshark (System disk).hdm,0x0B3E88,"跏g觚詒跏W","[UNTRANSLATED]"
s_003577,Alshark (System disk).hdm,0x0B3EC1,"觚血qP踟軾gW","[UNTRANSLATED]"
s_003578,Alshark (System disk).hdm,0x0B3F32,"誦fqﾙBBBBBB1e4g輹褂觚EFW","[UNTRANSLATED]"
s_003579,Alshark (System disk).hdm,0x0B3F8D,"詒觚觚詒W","[UNTRANSLATED]"
s_003580,Alshark (System disk).hdm,0x0B400E,"跏g詒跏g觚","[UNTRANSLATED]"
s_003581,Alshark (System disk).hdm,0x0B41FE,"躙W誨v6jv6jP詒觚","[UNTRANSLATED]"
s_003582,Alshark (System disk).hdm,0x0B4434,"跏g跏跏rｶ7Ust鉗","[UNTRANSLATED]"
s_003583,Alshark (System disk).hdm,0x0B4692,"藐誨ｰ@BBBBBBBBBﾚﾅqSPW跏詒","[UNTRANSLATED]"
s_003585,Alshark (System disk).hdm,0x0B4714,"跏qｰ@BBBBBBBB6R誦詒跏W","[UNTRANSLATED]"
s_003586,Alshark (System disk).hdm,0x0B4793,"觚跏qｰ@BB6BBBBB534跏W詒","[UNTRANSLATED]"
s_003587,Alshark (System disk).hdm,0x0B4812,"跏g觚誨ｰ@jv6BBBBBC54詒","[UNTRANSLATED]"
s_003588,Alshark (System disk).hdm,0x0B4BF1,"踟詒W稟踟W","[UNTRANSLATED]"
s_003589,Alshark (System disk).hdm,0x0B4C8B,"觚跏觚跏qｰ@B@@B@R","[UNTRANSLATED]"
s_003590,Alshark (System disk).hdm,0x0B5192,"什繍鋤寰Z_8","[UNTRANSLATED]"
s_003591,Alshark (System disk).hdm,0x0B5DC8,"鋤ｩ算_5默ﾓ蚩n","[UNTRANSLATED]"
s_003593,Alshark (System disk).hdm,0x0B68D1,"貭ﾃ輜Kﾞ\ﾁﾑ贓ﾓ蚣E","[UNTRANSLATED]"
s_003594,Alshark (System disk).hdm,0x0B79AF,"襾W跏q{{{P趙g詒","[UNTRANSLATED]"
s_003595,Alshark (System disk).hdm,0x0B8E2B,"モモモモ÷","[UNTRANSLATED]"
s_003596,Alshark (System disk).hdm,0x0B91F5,"髄0垂モモ","[UNTRANSLATED]"
s_003597,Alshark (System disk).hdm,0x0B9221,"垂÷モモモ","[UNTRANSLATED]"
s_003598,Alshark (System disk).hdm,0x0B93A8,"垂モヱ髄0","[UNTRANSLATED]"
s_003599,Alshark (System disk).hdm,0x0B9B8F,"垂÷モモヱ","[UNTRANSLATED]"
s_003600,Alshark (System disk).hdm,0x0B9C83,"捏堂操◇髄","[UNTRANSLATED]"
s_003601,Alshark (System disk).hdm,0x0B9E32,"垂モモヱｫ789v'(","[UNTRANSLATED]"
s_003602,Alshark (System disk).hdm,0x0B9FC9,"棍髄髄髄","[UNTRANSLATED]"
s_003603,Alshark (System disk).hdm,0x0B9FE5,"晴草草託LLLLLnz_","[UNTRANSLATED]"
s_003604,Alshark (System disk).hdm,0x0BA0A5,"垂モ∝褂襄ｮxe0","[UNTRANSLATED]"
s_003605,Alshark (System disk).hdm,0x0BE5E1,"猪楓蕪f]]ヤ","[UNTRANSLATED]"
s_003606,Alshark (System disk).hdm,0x0BE6AA,"燈抹抹亦fffffy","[UNTRANSLATED]"
s_003607,Alshark (System disk).hdm,0x0BE6D9,"淘楓蕪断f","[UNTRANSLATED]"
s_003608,Alshark (System disk).hdm,0x0BE70D,"楓楓楓断y","[UNTRANSLATED]"
s_003609,Alshark (System disk).hdm,0x0BE781,"楓楓楓蕪yyy","[UNTRANSLATED]"
s_003610,Alshark (System disk).hdm,0x0BE97A,"燈抹抹湯""!  cOｧ","[UNTRANSLATED]"
s_003611,Alshark (System disk).hdm,0x0BE9B8,"燈抹吐f楓","[UNTRANSLATED]"
s_003612,Alshark (System disk).hdm,0x0BEF6E,"抹抹抹抹fy!  %$y","[UNTRANSLATED]"
s_003613,Alshark (System disk).hdm,0x0BF01D,"抹抹抹亦yy","[UNTRANSLATED]"
s_003614,Alshark (System disk).hdm,0x0BF3F5,"湯抹抹亦y","[UNTRANSLATED]"
s_003615,Alshark (System disk).hdm,0x0BF7E9,"鵆 VW  VrOgUOgOgOgpOgUb   %$""!3 32燈抹亦""!  3","[UNTRANSLATED]"
s_003616,Alshark (System disk).hdm,0x0BF82D,"猪楓楓馳y","[UNTRANSLATED]"
s_003617,Alshark (System disk).hdm,0x0BFA10,"楓楓楓蕪fyyy","[UNTRANSLATED]"
s_003618,Alshark (System disk).hdm,0x0BFAD4,"猪楓蕪馳yyyy","[UNTRANSLATED]"
s_003619,Alshark (System disk).hdm,0x0BFDD3,"駐猪楓馳yyyy","[UNTRANSLATED]"
s_003620,Alshark (System disk).hdm,0x0BFE30,"抹抹抹吐fyyy","[UNTRANSLATED]"
s_003621,Alshark (System disk).hdm,0x0BFE8E,"抹抹抹吐fffyy","[UNTRANSLATED]"
s_003623,Alshark (System disk).hdm,0x0C023E,"抹抹抹貿y","[UNTRANSLATED]"
s_003624,Alshark (System disk).hdm,0x0C1C9C,"恕v嚴庶竣","[UNTRANSLATED]"
s_003625,Alshark (System disk).hdm,0x0C535C,"楓楓楓楓yyyyyy","[UNTRANSLATED]"
s_003626,Alshark (System disk).hdm,0x0C6162,"髄 褻蒟裹0 0","[UNTRANSLATED]"
s_003627,Alshark (System disk).hdm,0x0C6424,"鉚b聹荷_ﾔ_bmZ_趺","[UNTRANSLATED]"
s_003628,Alshark (System disk).hdm,0x0C6637,"モモモヱ 0","[UNTRANSLATED]"
s_003629,Alshark (System disk).hdm,0x0C6737,"モモモヱ","[UNTRANSLATED]"
s_003630,Alshark (System disk).hdm,0x0C6776,"髄垂モヱ 00","[UNTRANSLATED]"
s_003633,Alshark (System disk).hdm,0x0C7976,"築m洄w布|tttttttt｣洄","[UNTRANSLATED]"
s_003635,Alshark (System disk).hdm,0x0C7EB4,"稚ttttttttttttttt｣洄冾操qrq","[UNTRANSLATED]"
s_003636,Alshark (System disk).hdm,0x0C7ED7,"Ｆ洄俍p棈ce洄","[UNTRANSLATED]"
s_003637,Alshark (System disk).hdm,0x0CA531,"躙跏跏W觚","[UNTRANSLATED]"
s_003638,Alshark (System disk).hdm,0x0CA54F,"跏W跏疊趁W","[UNTRANSLATED]"
s_003639,Alshark (System disk).hdm,0x0CA650,"鉗躙鉗Wg銷W","[UNTRANSLATED]"
s_003640,Alshark (System disk).hdm,0x0CAE41,"鉗W鈞g銷詒","[UNTRANSLATED]"
s_003641,Alshark (System disk).hdm,0x0CB48C,"翁冊驎h工p","[UNTRANSLATED]"
s_003642,Alshark (System disk).hdm,0x0CBA92,"躙鉗詒瀏hap","[UNTRANSLATED]"
s_003643,Alshark (System disk).hdm,0x0CBE8D,"軾銷鉗g躙","[UNTRANSLATED]"
s_003644,Alshark (System disk).hdm,0x0CBEED,"鉗躙鉗鉗g","[UNTRANSLATED]"
s_003646,Alshark (System disk).hdm,0x0CC7A1,"跚g跏跏鉗g","[UNTRANSLATED]"
s_003647,Alshark (System disk).hdm,0x0CF907,"味膨ABduK彫粕","[UNTRANSLATED]"
s_003649,Alshark (System disk).hdm,0x0CFA7D,"淵豆飛担","[UNTRANSLATED]"
s_003650,Alshark (System disk).hdm,0x0D0B9E,"灯白P､粕白","[UNTRANSLATED]"
s_003655,Alshark (System disk).hdm,0x0D4160,"瓦D荘皮闥D999ﾗ?99","[UNTRANSLATED]"
s_003656,Alshark (System disk).hdm,0x0D4180,"瓦D99髄葬D99乃","[UNTRANSLATED]"
s_003657,Alshark (System disk).hdm,0x0D443B,"モイyz髄-.././)-./薦","[UNTRANSLATED]"
s_003660,Alshark (System disk).hdm,0x0D4688,"薦髄荘99E9廷","[UNTRANSLATED]"
s_003661,Alshark (System disk).hdm,0x0D4C96,"宋999皮鳧E瓦dﾜﾝﾜﾝﾜﾝE｢D99999999999","[UNTRANSLATED]"
s_003664,Alshark (System disk).hdm,0x0D99E1,"禦結嚮父""""""#ｽ","[UNTRANSLATED]"
s_003665,Alshark (System disk).hdm,0x0DA034,"麹克ｨyyyyyy{!""""""""#･末末","[UNTRANSLATED]"
s_003666,Alshark (System disk).hdm,0x0DA261,"炎炎l""k炎炎]ｽ","[UNTRANSLATED]"
s_003667,Alshark (System disk).hdm,0x0DA2A1,"克克y""y克克{ｭ","[UNTRANSLATED]"
s_003668,Alshark (System disk).hdm,0x0DA8C9,"末末末沫#ｽ","[UNTRANSLATED]"
s_003669,Alshark (System disk).hdm,0x0DA91D,"炎]!ymymy""#赴激""""щ券ｽ","[UNTRANSLATED]"
s_003670,Alshark (System disk).hdm,0x0DA938,"父""""щ券!""y""y""""#z克y""""y克{ﾍ","[UNTRANSLATED]"
s_003671,Alshark (System disk).hdm,0x0DAAB4,"甥獲""""""k甥馨","[UNTRANSLATED]"
s_003672,Alshark (System disk).hdm,0x0DAAF4,"麹孜""""""y克施","[UNTRANSLATED]"
s_003674,Alshark (System disk).hdm,0x0DACC4,"麹寺克耳{ｽ","[UNTRANSLATED]"
s_003678,Alshark (System disk).hdm,0x0DB173,"ⅰ8･末末末沫#1KK","[UNTRANSLATED]"
s_003679,Alshark (System disk).hdm,0x0DB221,"麹孜yｨ惚施","[UNTRANSLATED]"
s_003680,Alshark (System disk).hdm,0x0DC60D,"瞋ﾒ荘巣 F{FF{{3続｡ｰ","[UNTRANSLATED]"
s_003682,Alshark (System disk).hdm,0x0DCB3F,"待操アD76'4$続","[UNTRANSLATED]"
s_003684,Alshark (System disk).hdm,0x0DCBE1,"晴崇ﾒ待ﾒ続｡｡｡｡ｱﾑ｡","[UNTRANSLATED]"
s_003686,Alshark (System disk).hdm,0x0DD525,"炎l""""""k炎]zyyyyyy#z克孜""","[UNTRANSLATED]"
s_003688,Alshark (System disk).hdm,0x0DDA26,"甥刳l""""""^nnn_""#8!髄荘","[UNTRANSLATED]"
s_003690,Alshark (System disk).hdm,0x0DE168,"克寫寺克ｨ{","[UNTRANSLATED]"
s_003694,Alshark (System disk).hdm,0x0DEF37,"荘帯ﾁﾁﾁ醒｡蝶","[UNTRANSLATED]"
s_003695,Alshark (System disk).hdm,0x0DEFAF,"チTzzzU2待ﾁ摺摺","[UNTRANSLATED]"
s_003696,Alshark (System disk).hdm,0x0DF1C3,"ャャャуャо","[UNTRANSLATED]"
s_003697,Alshark (System disk).hdm,0x0DF380,"操ャャуヤ","[UNTRANSLATED]"
s_003698,Alshark (System disk).hdm,0x0DF414,"操荘帯ﾀ晴ｰｰｰ","[UNTRANSLATED]"
s_003699,Alshark (System disk).hdm,0x0DF4FB,"操帯ﾀ操瀁","[UNTRANSLATED]"
s_003700,Alshark (System disk).hdm,0x0DFC14,"逝ﾑﾑﾑﾑﾀﾀﾀ瑞ｰ瑞青ﾂﾐ","[UNTRANSLATED]"
s_003705,Alshark (System disk).hdm,0x0E0876,"甥恰甥括ﾖﾗｦｧⅰﾞﾟ","[UNTRANSLATED]"
s_003706,Alshark (System disk).hdm,0x0E08B6,"麹耳麹施ｶｷﾆﾇﾞﾟ","[UNTRANSLATED]"
s_003707,Alshark (System disk).hdm,0x0E10BF,"寞1111112寫麹豪ｭｭｭｭｭｭ","[UNTRANSLATED]"
s_003709,Alshark (System disk).hdm,0x0E13AB,"寫麹豪RRｮｮｮｮｮｮｮR寞i","[UNTRANSLATED]"
s_003710,Alshark (System disk).hdm,0x0E148B,"菅麹麹饗ﾀﾀﾂi","[UNTRANSLATED]"
s_003711,Alshark (System disk).hdm,0x0E14AB,"寫麹豪ｽｽｽｽｽｽｽｽｽｭ寞","[UNTRANSLATED]"
s_003712,Alshark (System disk).hdm,0x0E14EB,"寫麹豪ｽｽｽｽｽｸｭｭﾈｽｽｽｽｭ寞","[UNTRANSLATED]"
s_003713,Alshark (System disk).hdm,0x0E152B,"寫麹豪ｽｽｽｽｽｩｩｩｩｽｽｽｽｭ寞","[UNTRANSLATED]"
s_003715,Alshark (System disk).hdm,0x0E1F4B,"聽聽聽聽Q","[UNTRANSLATED]"
s_003719,Alshark (System disk).hdm,0x0E4955,"亦鋳瀦沫'","[UNTRANSLATED]"
s_003721,Alshark (System disk).hdm,0x0E76F2,"牛麹麹梱4a/Pa","[UNTRANSLATED]"
s_003722,Alshark (System disk).hdm,0x0E779C,"屎撈撈拌ﾙGGGGGP","[UNTRANSLATED]"
s_003724,Alshark (System disk).hdm,0x0E9D08,"姆GG徠姆徠","[UNTRANSLATED]"
s_003725,Alshark (System disk).hdm,0x0E9F82,"曝屎撈抔q","[UNTRANSLATED]"
s_003726,Alshark (System disk).hdm,0x0E9FB3,"ｍ繋屎撈撩q","[UNTRANSLATED]"
s_003727,Alshark (System disk).hdm,0x0E9FCF,"屎撈P撩撚QQQQQq","[UNTRANSLATED]"
s_003728,Alshark (System disk).hdm,0x0EA054,"麹麹P麹繋","[UNTRANSLATED]"
s_003729,Alshark (System disk).hdm,0x0EA184,"撚QQQQ撚QQ撚QQQQ撚QQQQQQS'","[UNTRANSLATED]"
s_003730,Alshark (System disk).hdm,0x0EA395,"輝轟q牛轟q","[UNTRANSLATED]"
s_003731,Alshark (System disk).hdm,0x0EA3B1,"屎捍娜GWq姆GWq","[UNTRANSLATED]"
s_003732,Alshark (System disk).hdm,0x0ED641,"麹P麹麹麹","[UNTRANSLATED]"
s_003733,Alshark (System disk).hdm,0x0ED651,"麹P麹恒麹ｻ","[UNTRANSLATED]"
s_003734,Alshark (System disk).hdm,0x0ED7F6,"牛麹麹麹ｻ","[UNTRANSLATED]"
s_003735,Alshark (System disk).hdm,0x0ED885,"麹麹訣P轟Pa","[UNTRANSLATED]"
s_003736,Alshark (System disk).hdm,0x0EDAE4,"１麹麹麹砂ﾚW","[UNTRANSLATED]"
s_003737,Alshark (System disk).hdm,0x0EDD23,"麹P麹麹麹ｻ/aDTﾄ","[UNTRANSLATED]"
s_003738,Alshark (System disk).hdm,0x0EE789,"封封蛭W蛭W0","[UNTRANSLATED]"
s_003740,Alshark (System disk).hdm,0x0EF56D,"轤a牛麹溝","[UNTRANSLATED]"
s_003741,Alshark (System disk).hdm,0x0EF988,"悃撈P撈撩00000000000000qgGGGG","[UNTRANSLATED]"
s_003742,Alshark (System disk).hdm,0x0F4941,"瀦瀦桝77桝","[UNTRANSLATED]"
s_003743,Alshark (System disk).hdm,0x0F4955,"走77走瀦瀦","[UNTRANSLATED]"
s_003746,Alshark (System disk).hdm,0x0F59E1,"麹P麹麹麹","[UNTRANSLATED]"
s_003747,Alshark (System disk).hdm,0x0F5D95,"麹麹麹麹","[UNTRANSLATED]"
s_003748,Alshark (System disk).hdm,0x0F5EC1,"οﾌｪｪﾍﾌPa牛麹麹P源ｹｹｹｹｹﾔ****Ｂ","[UNTRANSLATED]"
s_003749,Alshark (System disk).hdm,0x0F5F28,"麹DST末末縫TPa/agGGWa","[UNTRANSLATED]"
s_003750,Alshark (System disk).hdm,0x0F5F41,"撈P撈撈撈vagGW=====gWPa/","[UNTRANSLATED]"
s_003751,Alshark (System disk).hdm,0x0F5F6F,"聽聽耋ﾌPa槻ﾎﾎﾎﾎﾎ","[UNTRANSLATED]"
s_003752,Alshark (System disk).hdm,0x0F5FE8,"ｍ訣麹麹麹PPP","[UNTRANSLATED]"
s_003753,Alshark (System disk).hdm,0x0F61E3,"麹麹麹麹ﾐ","[UNTRANSLATED]"
s_003754,Alshark (System disk).hdm,0x0F626E,"麹恒麹麹ｻ","[UNTRANSLATED]"
s_003755,Alshark (System disk).hdm,0x0F65E2,"牛P麹ﾍﾎﾎﾌ麹径","[UNTRANSLATED]"
s_003756,Alshark (System disk).hdm,0x0F69C6,"牛麹麹P轟a","[UNTRANSLATED]"
s_003757,Alshark (System disk).hdm,0x0F69E6,"屎撈撈P撩a","[UNTRANSLATED]"
s_003758,Alshark (System disk).hdm,0x0F6AE4,"麹麹麹P策a/a","[UNTRANSLATED]"
s_003759,Alshark (System disk).hdm,0x0F6B16,"麹麹恒策a","[UNTRANSLATED]"
s_003761,Alshark (System disk).hdm,0x0F7F1C,"筈5･払撚DCDEBCccDE払､5$%&'","[UNTRANSLATED]"
s_003762,Alshark (System disk).hdm,0x0F8CF8,"珮粤蒟踰<(","[UNTRANSLATED]"
s_003763,Alshark (System disk).hdm,0x0F96AE,"旧再｣鰊猗","[UNTRANSLATED]"
s_003764,Alshark (System disk).hdm,0x0FA007,"栄fｵf辮酬Vﾓ収PPPﾓﾆﾔﾔﾆﾔﾔﾓﾔbGGEcGEXhP","[UNTRANSLATED]"
s_003765,Alshark (System disk).hdm,0x0FD009,"預欄冪灯","[UNTRANSLATED]"
s_003766,Alshark (System disk).hdm,0x0FD08D,"建虞珮糅x","[UNTRANSLATED]"
s_003767,Alshark (System disk).hdm,0x0FD2C1,"撩蒿戰ゥ","[UNTRANSLATED]"
s_003770,Alshark (System disk).hdm,0x0FDA56,"滑?滑滑噛","[UNTRANSLATED]"
s_003771,Alshark (System disk).hdm,0x0FDB94,"滑滑滑^滑02","[UNTRANSLATED]"
s_003772,Alshark (System disk).hdm,0x0FE5D4,"滑?滑0滑^噛","[UNTRANSLATED]"
s_003774,Alshark (System disk).hdm,0x0FFEE1,"滑滑滑噛","[UNTRANSLATED]"
s_003775,Alshark (System disk).hdm,0x10036B,"邇試試時","[UNTRANSLATED]"
s_003776,Alshark (System disk).hdm,0x101242,"血血0血懸","[UNTRANSLATED]"
s_003777,Alshark (System disk).hdm,0x102474,"辷活活釜","[UNTRANSLATED]"
s_003780,Alshark (System disk).hdm,0x10834A,"滑?滑0滑?噛","[UNTRANSLATED]"
s_003782,Alshark (System disk).hdm,0x1098C7,"血0懸VVﾏｭVVﾏ血0懸","[UNTRANSLATED]"
s_003783,Alshark (System disk).hdm,0x1098F2,"滑滑^滑噛","[UNTRANSLATED]"
s_003784,Alshark (System disk).hdm,0x109A06,"滑滑?滑蛙","[UNTRANSLATED]"
s_003785,Alshark (System disk).hdm,0x109A11,"滑蛙滑滑02","[UNTRANSLATED]"
s_003786,Alshark (System disk).hdm,0x10B141,"粤ﾗ粤ﾖﾑﾒﾓ楓冨f","[UNTRANSLATED]"
s_003791,Alshark (System disk).hdm,0x122B77,"循爼所ｪ×餧?","[UNTRANSLATED]"
s_003793,Alshark (System disk).hdm,0x12CC2D,"ヵ封封封о","[UNTRANSLATED]"
s_003794,Alshark (System disk).hdm,0x12D416,"瑞瑞瑞瑞RR","[UNTRANSLATED]"
s_003796,Alshark (System disk).hdm,0x12DDFB,"げｴｸ粢鴫ｴ準","[UNTRANSLATED]"
s_003797,Alshark (System disk).hdm,0x12F7A3,"熾猴璞ﾀﾋﾀﾟﾀｿ狄ﾐ>","[UNTRANSLATED]"
s_003799,Alshark (System disk).hdm,0x000324,"糺ﾃ卲ﾈ社ｼ","[UNTRANSLATED]"
s_003800,Alshark (System disk).hdm,0x000385,"鞆﨨鑽翦","[UNTRANSLATED]"
s_003801,Alshark (System disk).hdm,0x00039D,"頏ﾞ霆鵰5ﾟ","[UNTRANSLATED]"
s_003802,Alshark (System disk).hdm,0x000433,"占ﾂ霤粨","[UNTRANSLATED]"
s_003803,Alshark (System disk).hdm,0x000445,"隕礪ｸ硅ｰ","[UNTRANSLATED]"
s_003804,Alshark (System disk).hdm,0x0004A9,"霹ﾝY粫鞅","[UNTRANSLATED]"
s_003805,Alshark (System disk).hdm,0x0004FD,"鏥ﾝY粐驛","[UNTRANSLATED]"
s_003806,Alshark (System disk).hdm,0x000BA7,"娠V鈷実ｹ","[UNTRANSLATED]"
s_003807,Alshark (System disk).hdm,0x000D88,"頽莅癌ｬ｢","[UNTRANSLATED]"
s_003808,Alshark (System disk).hdm,0x001DC9,"新隊列〉@（１）@（２）@（３）@（４）@（５）","[UNTRANSLATED]"
s_003809,Alshark (System disk).hdm,0x00343E,"汯I9ﾝM'ﾜHﾙ澤7瓰l","[UNTRANSLATED]"
s_003810,Alshark (System disk).hdm,0x004F83,"侊-U-UmUｭU侚-V昂ﾍVﾍV=XmXmXmXmXmXmX","[UNTRANSLATED]"
s_003812,Alshark (System disk).hdm,0x005DC6,"氾鐶ｷ2芫ﾘ","[UNTRANSLATED]"
s_003813,Alshark (System disk).hdm,0x005E7D,"ι(Y鬻ﾃ鈷実","[UNTRANSLATED]"
s_003814,Alshark (System disk).hdm,0x006018,"畿5吋 畿","[UNTRANSLATED]"
s_003815,Alshark (System disk).hdm,0x0060A7,"鏝｢馼g隕h","[UNTRANSLATED]"
s_003816,Alshark (System disk).hdm,0x006227,"鰊梃ﾘ実2ﾉｿ","[UNTRANSLATED]"
s_003817,Alshark (System disk).hdm,0x006569,"θ(Y籵駸｡灰","[UNTRANSLATED]"
s_003818,Alshark (System disk).hdm,0x00694F,"θ$箋2ﾀﾃｻｩ碑f(ｻｩ秘","[UNTRANSLATED]"
s_003820,Alshark (System disk).hdm,0x006FA0,"鬮W鯀W鰰","[UNTRANSLATED]"
s_003821,Alshark (System disk).hdm,0x007F27,"晴>鞨眠@","[UNTRANSLATED]"
s_003822,Alshark (System disk).hdm,0x00805C,"娠VWｰB險弊v4","[UNTRANSLATED]"
s_003823,Alshark (System disk).hdm,0x008A87,"陏玖txY簔ﾃｹ0","[UNTRANSLATED]"
s_003825,Alshark (System disk).hdm,0x008FFA,"髀鈊霾益﨓&","[UNTRANSLATED]"
s_003826,Alshark (System disk).hdm,0x00901A,"騏鈊界""<","[UNTRANSLATED]"
s_003829,Alshark (System disk).hdm,0x009378,"阨oY鬻ﾃ韆","[UNTRANSLATED]"
s_003832,Alshark (System disk).hdm,0x00947D,"霍闌nXY糜ﾃｰ","[UNTRANSLATED]"
s_003833,Alshark (System disk).hdm,0x0094AE,"餝祺ｻｩ碑","[UNTRANSLATED]"
s_003834,Alshark (System disk).hdm,0x009A6F,"鐐p汽3吋","[UNTRANSLATED]"
s_003836,Alshark (System disk).hdm,0x009DEF,"鰲鯏界""<","[UNTRANSLATED]"
s_003837,Alshark (System disk).hdm,0x009E03,"鯲鯏界""<","[UNTRANSLATED]"
s_003840,Alshark (System disk).hdm,0x00A563,"钁]鮴]ﾃ鰰","[UNTRANSLATED]"
s_003841,Alshark (System disk).hdm,0x00A5F0,"勒dXV靦d_鎹","[UNTRANSLATED]"
s_003842,Alshark (System disk).hdm,0x00A5FF,"閙ﾄ閨ﾎVW霈d","[UNTRANSLATED]"
s_003843,Alshark (System disk).hdm,0x00A694,"畿 2樰鞣","[UNTRANSLATED]"
s_003845,Alshark (System disk).hdm,0x00A857,"黄畠洸ｪｩｵｩﾀｩﾉｩﾉｩ","[UNTRANSLATED]"
s_003849,Alshark (System disk).hdm,0x00AA64,"牾ｪｲｪ9ｫaｫuｫ↓)ｬAｬaｬmｬsｬ荻谺","[UNTRANSLATED]"
s_003850,Alshark (System disk).hdm,0x00AC08,"雹ﾓs紋鴿ﾑｴ","[UNTRANSLATED]"
s_003851,Alshark (System disk).hdm,0x00AFD1,"芫ﾈｬ筋ｭ串VW","[UNTRANSLATED]"
s_003852,Alshark (System disk).hdm,0x00B151,"閙D欺3汽","[UNTRANSLATED]"
s_003854,Alshark (System disk).hdm,0x00B64E,"鵄_PV靦F^W靼>Vｸ","[UNTRANSLATED]"
s_003855,Alshark (System disk).hdm,0x00BB0F,"鏖7鑛F錻7","[UNTRANSLATED]"
s_003856,Alshark (System disk).hdm,0x00BC6C,"占ﾀZ閨*鍠*","[UNTRANSLATED]"
s_003858,Alshark (System disk).hdm,0x00C096,"製9I鈷実ｾﾚ","[UNTRANSLATED]"
s_003859,Alshark (System disk).hdm,0x00C253,"閾3鑪$鏘","[UNTRANSLATED]"
s_003860,Alshark (System disk).hdm,0x00D31D,"葭爛j4灰","[UNTRANSLATED]"
s_003861,Alshark (System disk).hdm,0x00D329,"葭爛l4靦","[UNTRANSLATED]"
s_003862,Alshark (System disk).hdm,0x00D876,"霎2鏤)驃","[UNTRANSLATED]"
s_003863,Alshark (System disk).hdm,0x00D882,"闃3鎭)駻","[UNTRANSLATED]"
s_003864,Alshark (System disk).hdm,0x00D9DC,"饋<馼<鐫","[UNTRANSLATED]"
s_003865,Alshark (System disk).hdm,0x00DC9B,"鑽&霾$Y簪X｣","[UNTRANSLATED]"
s_003867,Alshark (System disk).hdm,0x00DEAE,"粃_ﾃV雉""鍠$^ﾃW｢t4Q","[UNTRANSLATED]"
s_003868,Alshark (System disk).hdm,0x00E0B0,"曲ｭ筋ｬ2茱u","[UNTRANSLATED]"
s_003869,Alshark (System disk).hdm,0x00E1CC,"閖ｨ^ｬ闖3鏨}ﾆ","[UNTRANSLATED]"
s_003870,Alshark (System disk).hdm,0x00E3B7,"饋ﾃ鈷実ｿｩI3ﾀｹ","[UNTRANSLATED]"
s_003871,Alshark (System disk).hdm,0x00E502,"葭爛l4汽","[UNTRANSLATED]"
s_003873,Alshark (System disk).hdm,0x00EA7A,"右>&右^糅_^ｹ","[UNTRANSLATED]"
s_003874,Alshark (System disk).hdm,0x00EF0A,"製滂V癌2ﾀﾑ","[UNTRANSLATED]"
s_003878,Alshark (System disk).hdm,0x01083B,"ザｲザｰｿｰド","[UNTRANSLATED]"
s_003879,Alshark (System disk).hdm,0x01086B,"プﾗズﾏガﾝ","[UNTRANSLATED]"
s_003880,Alshark (System disk).hdm,0x0108A4,"対戦車ﾗｲﾌﾙ","[UNTRANSLATED]"
s_003881,Alshark (System disk).hdm,0x010939,"超重力ｷｬﾉﾝ","[UNTRANSLATED]"
s_003882,Alshark (System disk).hdm,0x010958,"対戦車ﾐｻｲﾙ","[UNTRANSLATED]"
s_003883,Alshark (System disk).hdm,0x01098A,"多弾頭ﾐｻｲﾙ","[UNTRANSLATED]"
s_003884,Alshark (System disk).hdm,0x010A04,"ベｲｼブﾘﾝグ","[UNTRANSLATED]"
s_003885,Alshark (System disk).hdm,0x010A1A,"電磁ブﾚｽﾚｯﾄ","[UNTRANSLATED]"
s_003886,Alshark (System disk).hdm,0x010A4B,"電磁ｼｰﾙド","[UNTRANSLATED]"
s_003887,Alshark (System disk).hdm,0x010A5D,"ザｲザｰｼｰﾙド","[UNTRANSLATED]"
s_003888,Alshark (System disk).hdm,0x010B52,"超電磁ﾌﾚｰﾑ","[UNTRANSLATED]"
s_003889,Alshark (System disk).hdm,0x010BA7,"ドグﾚﾈｰド","[UNTRANSLATED]"
s_003890,Alshark (System disk).hdm,0x010BD3,"ジﾝグボﾑ","[UNTRANSLATED]"
s_003891,Alshark (System disk).hdm,0x010C0F,"パﾗﾗｲズガｽ","[UNTRANSLATED]"
s_003892,Alshark (System disk).hdm,0x010CC7,"修理ボｯｸｽ","[UNTRANSLATED]"
s_003893,Alshark (System disk).hdm,0x010D19,"ビｭｰドｽのｷｰ","[UNTRANSLATED]"
s_003894,Alshark (System disk).hdm,0x010D95,"２５０ﾐﾘ貫通砲","[UNTRANSLATED]"
s_003895,Alshark (System disk).hdm,0x010DAC,"プﾗズﾏバｽﾀｰ","[UNTRANSLATED]"
s_003896,Alshark (System disk).hdm,0x010E17,"３２０ﾐﾘ貫通砲","[UNTRANSLATED]"
s_003897,Alshark (System disk).hdm,0x010E26,"ザｲザｰｽパｰｸ","[UNTRANSLATED]"
s_003898,Alshark (System disk).hdm,0x010E32,"拡散ﾚｲバｽﾀｰ","[UNTRANSLATED]"
s_003899,Alshark (System disk).hdm,0x010E3E,"プﾗズﾏｲｵﾝ砲","[UNTRANSLATED]"
s_003900,Alshark (System disk).hdm,0x010E55,"パﾙｽﾚｲザｰ砲","[UNTRANSLATED]"
s_003901,Alshark (System disk).hdm,0x010E7C,"５６０ﾐﾘ光子砲","[UNTRANSLATED]"
s_003902,Alshark (System disk).hdm,0x010EB6,"ゲブﾚｽ砲","[UNTRANSLATED]"
s_003903,Alshark (System disk).hdm,0x010ED5,"ジﾝグゼﾛ","[UNTRANSLATED]"
s_003904,Alshark (System disk).hdm,0x010F07,"反陽子ﾐｻｲﾙ","[UNTRANSLATED]"
s_003905,Alshark (System disk).hdm,0x010F4E,"硬化プﾗｽﾁｯｸ","[UNTRANSLATED]"
s_003906,Alshark (System disk).hdm,0x010F74,"デﾐｶｰボﾉｲド","[UNTRANSLATED]"
s_003907,Alshark (System disk).hdm,0x010FCC,"ガプﾗズﾏ","[UNTRANSLATED]"
s_003908,Alshark (System disk).hdm,0x01102F,"グガｰﾅｰド","[UNTRANSLATED]"
s_003909,Alshark (System disk).hdm,0x01105F,"バﾄﾙバギｰ","[UNTRANSLATED]"
s_003910,Alshark (System disk).hdm,0x01120B,"プ・ジｮｰ","[UNTRANSLATED]"
s_003911,Alshark (System disk).hdm,0x011283,"ベﾙ・ｻﾘバﾝ","[UNTRANSLATED]"
s_003912,Alshark (System disk).hdm,0x0112A7,"ザｰﾃ・ｺｾⅡ世","[UNTRANSLATED]"
s_003913,Alshark (System disk).hdm,0x0112B6,"宇宙ﾓｰド","[UNTRANSLATED]"
s_003914,Alshark (System disk).hdm,0x011308,"惑星ﾏｰズ","[UNTRANSLATED]"
s_003915,Alshark (System disk).hdm,0x01131F,"惑星ビｭｰﾄ","[UNTRANSLATED]"
s_003916,Alshark (System disk).hdm,0x011334,"惑星ジｭｰｸ","[UNTRANSLATED]"
s_003917,Alshark (System disk).hdm,0x0113AA,"惑星ゾｶﾍﾙ","[UNTRANSLATED]"
s_003918,Alshark (System disk).hdm,0x0113C0,"惑星ヴｫﾝ","[UNTRANSLATED]"
s_003919,Alshark (System disk).hdm,0x0113F2,"衛星ボﾙｱ","[UNTRANSLATED]"
s_003920,Alshark (System disk).hdm,0x0114CB,"ポｰｷﾝの町","[UNTRANSLATED]"
s_003921,Alshark (System disk).hdm,0x01150F,"ヴｧｺﾗﾝの町","[UNTRANSLATED]"
s_003922,Alshark (System disk).hdm,0x011540,"プｼｬｰの町","[UNTRANSLATED]"
s_003923,Alshark (System disk).hdm,0x01154D,"デｨﾙの町","[UNTRANSLATED]"
s_003924,Alshark (System disk).hdm,0x011564,"デﾙｱｲの町","[UNTRANSLATED]"
s_003925,Alshark (System disk).hdm,0x0115AD,"ダｲﾅの村","[UNTRANSLATED]"
s_003926,Alshark (System disk).hdm,0x01175E,"ガｲﾔｰ艦内","[UNTRANSLATED]"
s_003927,Alshark (System disk).hdm,0x011769,"２６４恒星系","[UNTRANSLATED]"
s_003928,Alshark (System disk).hdm,0x011777,"８６１恒星系","[UNTRANSLATED]"
s_003929,Alshark (System disk).hdm,0x011785,"５０５恒星系","[UNTRANSLATED]"
s_003930,Alshark (System disk).hdm,0x011793,"０９１恒星系","[UNTRANSLATED]"
s_003931,Alshark (System disk).hdm,0x0117A1,"１８３恒星系","[UNTRANSLATED]"
s_003932,Alshark (System disk).hdm,0x0117AF,"１２７恒星系","[UNTRANSLATED]"
s_003933,Alshark (System disk).hdm,0x0117BD,"２５４恒星系","[UNTRANSLATED]"
s_003934,Alshark (System disk).hdm,0x0117D3,"ゾﾘｱｽ帝国","[UNTRANSLATED]"
s_003935,Alshark (System disk).hdm,0x0147C5,"隕楨蕘<Tu","[UNTRANSLATED]"
s_003936,Alshark (System disk).hdm,0x01480F,"隴楨奬<Hu","[UNTRANSLATED]"
s_003937,Alshark (System disk).hdm,0x014819,"霰楨箭<Iu","[UNTRANSLATED]"
s_003938,Alshark (System disk).hdm,0x014CE5,"莅筋ｬ曲ｺ","[UNTRANSLATED]"
s_003941,Alshark (System disk).hdm,0x0172C0,"餽<2葭狃8ﾝ","[UNTRANSLATED]"
s_003943,Alshark (System disk).hdm,0x018527,"巾ｭ曲ｭ筋ｭ;","[UNTRANSLATED]"
s_003945,Alshark (System disk).hdm,0x01911E,"隗煖&汽","[UNTRANSLATED]"
s_003946,Alshark (System disk).hdm,0x0197DE,"巾ｰ 鞋駲","[UNTRANSLATED]"
s_003948,Alshark (System disk).hdm,0x0198E5,"巾ｰ 靱駛","[UNTRANSLATED]"
s_003949,Alshark (System disk).hdm,0x01999E,"隕&ｰu雎鮗","[UNTRANSLATED]"
s_003950,Alshark (System disk).hdm,0x0199C3,"頷楨燁ﾃｸP","[UNTRANSLATED]"
s_003951,Alshark (System disk).hdm,0x019BD1,"鐚Dｰg閙郤","[UNTRANSLATED]"
s_003954,Alshark (System disk).hdm,0x01AA1F,"陦ﾅ鐐邉,ｴ","[UNTRANSLATED]"
s_003955,Alshark (System disk).hdm,0x01AD7A,"糴_^ﾃ茴ｨ u柀","[UNTRANSLATED]"
s_003956,Alshark (System disk).hdm,0x01B4EA,"諌ｰﾀ諫鞅ｩZ[SR","[UNTRANSLATED]"
s_003957,Alshark (System disk).hdm,0x01B7B7,"実ｭ筋ｭ巾ｴ","[UNTRANSLATED]"
s_003958,Alshark (System disk).hdm,0x01B805,"誓2w諫霈ｦｸ","[UNTRANSLATED]"
s_003960,Alshark (System disk).hdm,0x03CC0B,"牴良瑩p0","[UNTRANSLATED]"
s_003963,Alshark (System disk).hdm,0x0438D0,"楷･筅ﾂ凾","[UNTRANSLATED]"
s_003964,Alshark (System disk).hdm,0x0439CC,"壗壗ｲﾚ卑､ﾚ､ﾚ","[UNTRANSLATED]"
s_003970,Alshark (System disk).hdm,0x04436F,"畍r""ー辛","[UNTRANSLATED]"
s_003973,Alshark (System disk).hdm,0x0452E1,"沂畋晝ﾍﾔ","[UNTRANSLATED]"
s_003976,Alshark (System disk).hdm,0x045EA4,"橄ﾁ7ﾇﾕ疥畚ﾏn?","[UNTRANSLATED]"
s_003977,Alshark (System disk).hdm,0x04612A,"輟ｾ鮭廂","[UNTRANSLATED]"
s_003979,Alshark (System disk).hdm,0x0463E2,"纊僴Xﾀ幽pﾈ","[UNTRANSLATED]"
s_003980,Alshark (System disk).hdm,0x0468B0,"沆mｯ廟銈･","[UNTRANSLATED]"
s_003981,Alshark (System disk).hdm,0x04698C,"岱i`bﾀZ獪 pﾀ察p","[UNTRANSLATED]"
s_003983,Alshark (System disk).hdm,0x046D82,"亘場洄qｮ;Tn","[UNTRANSLATED]"
s_003986,Alshark (System disk).hdm,0x049565,"獗瑜ﾐｿﾐ蝣","[UNTRANSLATED]"
s_003990,Alshark (System disk).hdm,0x04ACEE,"鵝-@犾Eﾓ愚","[UNTRANSLATED]"
s_003994,Alshark (System disk).hdm,0x04EC60,"巻巻巻ｪｪ*ｪ*ｪ*ｪｪｪUUUTUTUTUUUQUQUQEUEUUU","[UNTRANSLATED]"
s_003995,Alshark (System disk).hdm,0x04ECA4,"巻巻巻*ｪ*ｪ*ｪUTUTUTUQUQUQUEUEQUQUEUEUUU","[UNTRANSLATED]"
s_003996,Alshark (System disk).hdm,0x04ECDD,"巻勘ｪｨｪ｢ｪ｢ｪ巻ｪｪ*ｪ*ｪUTUTUUUQUEUEU","[UNTRANSLATED]"
s_003997,Alshark (System disk).hdm,0x04EE55,"巻ｪ｢ｪ巻*ｨｪｪ*ｪ巻*ｨｪｪｪ*ｨｪ｢ｪｪｪUUUEU","[UNTRANSLATED]"
s_003998,Alshark (System disk).hdm,0x04F144,"巻ｪ｢ｪ勘ｪ｢ｪ巻UQUEU","[UNTRANSLATED]"
s_003999,Alshark (System disk).hdm,0x04F283,"巻ｪｨｪ｢ｪ巻巻*ｪUTUQUQUEU","[UNTRANSLATED]"
s_004000,Alshark (System disk).hdm,0x04F344,"巻巻巻*ｪ*ｪ*ｪUTUTUTUQUQUQP","[UNTRANSLATED]"
s_004001,Alshark (System disk).hdm,0x0529DF,"ジェｰン5$","[UNTRANSLATED]"
s_004002,Alshark (System disk).hdm,0x052DFB,"頑張ｯﾃネ、$","[UNTRANSLATED]"
s_004003,Alshark (System disk).hdm,0x0537FB,"バｰテン5","[UNTRANSLATED]"
s_004004,Alshark (System disk).hdm,0x0553B4,"誰ｶﾄ思ｴば、$","[UNTRANSLATED]"
s_004005,Alshark (System disk).hdm,0x0556A6,"本当ﾆｵﾏｴが$","[UNTRANSLATED]"
s_004006,Alshark (System disk).hdm,0x0556E5,"手ﾆｼﾀ火器ｦ$","[UNTRANSLATED]"
s_004007,Alshark (System disk).hdm,0x057B53,"金が足ﾘﾅｶｯﾀﾐﾀｲ‥‥","[UNTRANSLATED]"
s_004008,Alshark (System disk).hdm,0x05A31D,"トｰミュ5","[UNTRANSLATED]"
s_004009,Alshark (System disk).hdm,0x05CB0C,"心当ﾀﾘでﾓｱﾙﾉｶﾈ0_4$","[UNTRANSLATED]"
s_004010,Alshark (System disk).hdm,0x05E63B,"生ｷﾃ帰ﾚﾙﾄ思ｳﾅﾖ","[UNTRANSLATED]"
s_004011,Alshark (System disk).hdm,0x060841,"時、ｿﾚﾏで後ﾆｲﾀ$","[UNTRANSLATED]"
s_004012,Alshark (System disk).hdm,0x06099A,"ばﾆ近づｸﾄ$","[UNTRANSLATED]"
s_004013,Alshark (System disk).hdm,0x0609EC,"数瞬後、$","[UNTRANSLATED]"
s_004014,Alshark (System disk).hdm,0x060B38,"死ﾝじﾏｯﾀﾝじｬ‥‥0_4$","[UNTRANSLATED]"
s_004015,Alshark (System disk).hdm,0x060B70,"シッ、静ｶﾆ‥‥0_6$","[UNTRANSLATED]"
s_004016,Alshark (System disk).hdm,0x061953,"私ﾊどｳｼﾀﾝだ‥‥0_6$","[UNTRANSLATED]"
s_004017,Alshark (System disk).hdm,0x061A75,"肩ﾆ手がｵｶﾚﾙ6$","[UNTRANSLATED]"
s_004018,Alshark (System disk).hdm,0x06245C,"瞬間ｶﾗ私ﾊ、$","[UNTRANSLATED]"
s_004019,Alshark (System disk).hdm,0x062C55,"次ﾉ瞬間、$","[UNTRANSLATED]"
s_004020,Alshark (System disk).hdm,0x066A0F,"が生ｷﾃｲﾙｯﾃｺﾄｦ教ｴﾁｬｲｹﾈｪｯﾃﾅ0_4$","[UNTRANSLATED]"
s_004021,Alshark (System disk).hdm,0x0679F5,"信じﾄﾙぞ、$","[UNTRANSLATED]"
s_004022,Alshark (System disk).hdm,0x068085,"緑光ﾉ石ﾆ$","[UNTRANSLATED]"
s_004023,Alshark (System disk).hdm,0x068C06,"バカﾅ奴ﾗﾈ‥‥","[UNTRANSLATED]"
s_004024,Alshark (System disk).hdm,0x068EE3,"ば、馬鹿ﾅ‥‥0_4$","[UNTRANSLATED]"
s_004025,Alshark (System disk).hdm,0x068F9A,"無念だ‥‥0?C","[UNTRANSLATED]"
s_004026,Alshark (System disk).hdm,0x06D179,"退屈ﾅ暮ﾗｼ‥‥","[UNTRANSLATED]"
s_004027,Alshark (System disk).hdm,0x06D395,"貴族ﾉ娘5","[UNTRANSLATED]"
s_004028,Alshark (System disk).hdm,0x06E5DB,"ラミュｰ‥‥0_4$","[UNTRANSLATED]"
s_004029,Alshark (System disk).hdm,0x06FCE7,"ラミュｰ5","[UNTRANSLATED]"
s_004030,Alshark (System disk).hdm,0x07380E,"総帥ﾉ姉$","[UNTRANSLATED]"
s_004031,Alshark (System disk).hdm,0x073B18,"ダメだ、$","[UNTRANSLATED]"
s_004032,Alshark (System disk).hdm,0x0747DF,"ぜｲ‥楽ｼﾑ‥‥ｺﾄだ0_6$","[UNTRANSLATED]"
s_004033,Alshark (System disk).hdm,0x075C7B,"で、どｳﾅﾝだ、$","[UNTRANSLATED]"
s_004034,Alshark (System disk).hdm,0x07C894,"艦内ﾉどｺｶﾆ、$","[UNTRANSLATED]"
s_004035,Alshark (System disk).hdm,0x07E1AF,"大丈夫ﾖ、$","[UNTRANSLATED]"
s_004036,Alshark (System disk).hdm,0x07ECF5,"ジョｰｵじｻﾝﾊ、ｲｲ@ﾅｧｯﾃ‥‥0_4$","[UNTRANSLATED]"
s_004037,Alshark (System disk).hdm,0x07EE65,"言ｲﾀｲｺﾄﾊｿﾚだｹだ","[UNTRANSLATED]"
s_004038,Alshark (System disk).hdm,0x07EF49,"聞ｺｴﾃｲﾀﾗ返事ｦｼﾃｸﾚ）0_4$","[UNTRANSLATED]"
s_004039,Alshark (System disk).hdm,0x07F8E6,"ハッ、ﾛｸﾅﾓﾝ造ﾚﾈｪｸｾﾆ0_4$","[UNTRANSLATED]"
s_004040,Alshark (System disk).hdm,0x07FFF8,"宝珠ｦ手ﾆR","[UNTRANSLATED]"
s_004041,Alshark (System disk).hdm,0x08148F,"ケンカｦｽﾙﾝﾅﾗ、$","[UNTRANSLATED]"
s_004042,Alshark (System disk).hdm,0x0829C9,"理由ﾊﾜｶﾗﾝが、$","[UNTRANSLATED]"
s_004043,Alshark (System disk).hdm,0x09A85A,"濃ｾｾｾｼZb茂膸plpjZﾎ","[UNTRANSLATED]"
s_004044,Alshark (System disk).hdm,0x0AE185,"拡xxx凅xx凅","[UNTRANSLATED]"
s_004045,Alshark (System disk).hdm,0x0AE808,"晙bqｸ垬{ｻbqｸ葈ｫｻ","[UNTRANSLATED]"
s_004047,Alshark (System disk).hdm,0x0B180A,"鈔Q@BBBBB@jP跚誨ﾔ@jｰ@BBBBBBBBBBBB@j0P","[UNTRANSLATED]"
s_004049,Alshark (System disk).hdm,0x0B1A96,"銷銷軾qﾎﾘBBjﾔBBBBjPqﾔBBBBjPW'","[UNTRANSLATED]"
s_004050,Alshark (System disk).hdm,0x0B1B16,"鉞躙鉗2ZBBﾗﾏQ@BB@RqﾔBBjP","[UNTRANSLATED]"
s_004051,Alshark (System disk).hdm,0x0B1D87,"謖五脾BBBBBBBBBBBC54g","[UNTRANSLATED]"
s_004052,Alshark (System disk).hdm,0x0B22F8,"觚詒W觚'","[UNTRANSLATED]"
s_004053,Alshark (System disk).hdm,0x0B2308,"軾2ZRWqﾔ@@jP觚釛ﾔBBBBBBBBBBBBBBBB54","[UNTRANSLATED]"
s_004056,Alshark (System disk).hdm,0x0B2D69,"踟W跏g踟23400P","[UNTRANSLATED]"
s_004057,Alshark (System disk).hdm,0x0B2DEA,"軾躙233ZC54赳","[UNTRANSLATED]"
s_004058,Alshark (System disk).hdm,0x0B2EE4,"躙W銷鉗","[UNTRANSLATED]"
s_004059,Alshark (System disk).hdm,0x0B2F83,"銷觚q0ﾔ@BBB54qﾔ6jPg24g躙","[UNTRANSLATED]"
s_004060,Alshark (System disk).hdm,0x0B3005,"軾跚q0ﾔ@BB1{PW跏2Z534g","[UNTRANSLATED]"
s_004061,Alshark (System disk).hdm,0x0B3061,"慾欷gW銷W2ZBBBBﾖﾅ23ZBB54'g'W","[UNTRANSLATED]"
s_004062,Alshark (System disk).hdm,0x0B35FE,"銷輌ﾔBBBBBBBBBBBBBBBj{P觚","[UNTRANSLATED]"
s_004063,Alshark (System disk).hdm,0x0B3883,"觚輌ｰ@BBBB53424襾g","[UNTRANSLATED]"
s_004064,Alshark (System disk).hdm,0x0B3903,"詒觚qｰB6BBBB5ZRW跏","[UNTRANSLATED]"
s_004065,Alshark (System disk).hdm,0x0B3C84,"覯@jP誨0ﾔjP觚","[UNTRANSLATED]"
s_004066,Alshark (System disk).hdm,0x0B3FEE,"鉞QB6jPP踟g觚","[UNTRANSLATED]"
s_004067,Alshark (System disk).hdm,0x0B4020,"誨ﾔ@jPgBBBBBBBc6t跏rsｳlﾙBBBBBBBB5ZCC1軾","[UNTRANSLATED]"
s_004068,Alshark (System disk).hdm,0x0B40A5,"跏gｷBBBBBjﾒ襾跏\ｾBBBBBBBBBBBBA","[UNTRANSLATED]"
s_004069,Alshark (System disk).hdm,0x0B40F1,"踟W軾2ZBRg輌v6BBBBBBBj0{PWg","[UNTRANSLATED]"
s_004070,Alshark (System disk).hdm,0x0B417C,"觚誨v6BB6BBjPW跏g","[UNTRANSLATED]"
s_004071,Alshark (System disk).hdm,0x0B41DA,"躙軾鉞Q@BBBBB534","[UNTRANSLATED]"
s_004072,Alshark (System disk).hdm,0x0B43B3,"鉞觚bEcEcd軾","[UNTRANSLATED]"
s_004073,Alshark (System disk).hdm,0x0B463F,"鉞2334跏觚","[UNTRANSLATED]"
s_004074,Alshark (System disk).hdm,0x0B4891,"跏W跏g跏q0Pqv6BBBBBB54","[UNTRANSLATED]"
s_004075,Alshark (System disk).hdm,0x0B48AB,"觚qS0ﾔj0Pq0ﾔjP跏跚Q@6BBBBBBBBｵ4G","[UNTRANSLATED]"
s_004076,Alshark (System disk).hdm,0x0B4A95,"觚跏g踟W","[UNTRANSLATED]"
s_004077,Alshark (System disk).hdm,0x0B4AEF,"跏WqP趙Wﾔ@jP鉞","[UNTRANSLATED]"
s_004078,Alshark (System disk).hdm,0x0B4B70,"詒鈔W詒W0P'","[UNTRANSLATED]"
s_004079,Alshark (System disk).hdm,0x0B4B86,"跏W跏誨ｰj0ﾔ6j{ﾉ5ZBB54","[UNTRANSLATED]"
s_004080,Alshark (System disk).hdm,0x0B4C09,"觚跏qP誨{PQ@BBBBB54","[UNTRANSLATED]"
s_004081,Alshark (System disk).hdm,0x0B527C,"蚣?ZﾎｼﾏﾎYOﾁﾑ昤ﾄN酌ﾏWM","[UNTRANSLATED]"
s_004082,Alshark (System disk).hdm,0x0B5313,"璋粱ﾄn9妍H-","[UNTRANSLATED]"
s_004083,Alshark (System disk).hdm,0x0B539F,"狽ク)IYo贄","[UNTRANSLATED]"
s_004084,Alshark (System disk).hdm,0x0B54EF,"媚_<跛戍","[UNTRANSLATED]"
s_004085,Alshark (System disk).hdm,0x0B58AB,"珮ﾘ柘ﾒ陳ﾃｳ/ｦｧｨｨｪｫ]'","[UNTRANSLATED]"
s_004086,Alshark (System disk).hdm,0x0B596C,"默柘ﾒﾓﾔ蟯ｳ","[UNTRANSLATED]"
s_004087,Alshark (System disk).hdm,0x0B5AF0,"媚9aｱﾑﾈ珞肄nKLLZY","[UNTRANSLATED]"
s_004088,Alshark (System disk).hdm,0x0B5C0B,"杯狽ヅД~o","[UNTRANSLATED]"
s_004089,Alshark (System disk).hdm,0x0B5D0A,"住_o珮ﾘﾉｴ<ﾁﾂﾃ輜D","[UNTRANSLATED]"
s_004090,Alshark (System disk).hdm,0x0B63F4,"獏粤蒟^ｽ\","[UNTRANSLATED]"
s_004091,Alshark (System disk).hdm,0x0B64BD,"瞿ﾉﾓ蕚ｴK閒ﾏFX","[UNTRANSLATED]"
s_004092,Alshark (System disk).hdm,0x0B65D3,"十oﾁ蕚ｹﾑﾑ粤ﾔﾔｴ?Y\","[UNTRANSLATED]"
s_004093,Alshark (System disk).hdm,0x0B67AF,"鯖Lo踰ﾓ蒟oKK","[UNTRANSLATED]"
s_004094,Alshark (System disk).hdm,0x0B6874,"蹈?JJMｲｳｱ磅蒿ｴ","[UNTRANSLATED]"
s_004095,Alshark (System disk).hdm,0x0B6939,"珮ﾘ停肅nNE","[UNTRANSLATED]"
s_004098,Alshark (System disk).hdm,0x0B6CFB,"顫輜Kg庶","[UNTRANSLATED]"
s_004100,Alshark (System disk).hdm,0x0B7531,"輌{{P詒赳Q6BBBBB1","[UNTRANSLATED]"
s_004101,Alshark (System disk).hdm,0x0B7970,"誨{{v666jP觚躙","[UNTRANSLATED]"
s_004102,Alshark (System disk).hdm,0x0B7C7C,"枕鑅334詒","[UNTRANSLATED]"
s_004104,Alshark (System disk).hdm,0x0B7DAB,"誨{v6BBBBBBR跏釛ﾘBBBBBBBBBBBBR","[UNTRANSLATED]"
s_004105,Alshark (System disk).hdm,0x0B7E6F,"跏qv6BBBBB~誨{{v6{v66BBBBBB54詒","[UNTRANSLATED]"
s_004106,Alshark (System disk).hdm,0x0B7EEE,"鉞W誨v66Bjﾍ334g琥","[UNTRANSLATED]"
s_004107,Alshark (System disk).hdm,0x0B7F31,"跏q{vjPQBB5342354G鉞qv6Bjﾍ34跚","[UNTRANSLATED]"
s_004109,Alshark (System disk).hdm,0x0B8869,"記L瓜xqe褶","[UNTRANSLATED]"
s_004110,Alshark (System disk).hdm,0x0B896B,"褻鈑愿ﾂﾌxxxxxxxqe4","[UNTRANSLATED]"
s_004111,Alshark (System disk).hdm,0x0B89AC,"裹酘xxxxxx_踉E","[UNTRANSLATED]"
s_004112,Alshark (System disk).hdm,0x0B9D0A,"髄髄3?ScLLLLU_蛟","[UNTRANSLATED]"
s_004113,Alshark (System disk).hdm,0x0B9EE2,"棲ｃ大3?Mde艢Å4","[UNTRANSLATED]"
s_004114,Alshark (System disk).hdm,0x0B9FA7,"モモヱMjLLLLLo","[UNTRANSLATED]"
s_004115,Alshark (System disk).hdm,0x0BA049,"梹0髄 棔","[UNTRANSLATED]"
s_004116,Alshark (System disk).hdm,0x0BA05E,"梵ｃ憎死÷","[UNTRANSLATED]"
s_004117,Alshark (System disk).hdm,0x0BA271,"醂q唐∝R髄RRE","[UNTRANSLATED]"
s_004118,Alshark (System disk).hdm,0x0BA36F,"咄yR薐髄RR","[UNTRANSLATED]"
s_004123,Alshark (System disk).hdm,0x0BE8E4,"燈澈峵yyyyyyy! 32","[UNTRANSLATED]"
s_004124,Alshark (System disk).hdm,0x0BED2B,"猪楓蕪yyy","[UNTRANSLATED]"
s_004125,Alshark (System disk).hdm,0x0BF0E4,"燈抹抹yyy","[UNTRANSLATED]"
s_004126,Alshark (System disk).hdm,0x0BF86F,"楓楓駐""! 332","[UNTRANSLATED]"
s_004127,Alshark (System disk).hdm,0x0BF8D0,"楓楓蕪""!    32","[UNTRANSLATED]"
s_004129,Alshark (System disk).hdm,0x0C011B,"楓楓冨ffy","[UNTRANSLATED]"
s_004130,Alshark (System disk).hdm,0x0C01DD,"楓楓楓fffy""!  32","[UNTRANSLATED]"
s_004131,Alshark (System disk).hdm,0x0C0297,"猪楓楓yy","[UNTRANSLATED]"
s_004132,Alshark (System disk).hdm,0x0C02A1,"楓楓楓ffy","[UNTRANSLATED]"
s_004133,Alshark (System disk).hdm,0x0C04E9,"抹抹抹yy","[UNTRANSLATED]"
s_004134,Alshark (System disk).hdm,0x0C054B,"抹抹抹yffffffffy","[UNTRANSLATED]"
s_004135,Alshark (System disk).hdm,0x0C0795,"抹抹抹fffff","[UNTRANSLATED]"
s_004137,Alshark (System disk).hdm,0x0C5B89,"髄駐樽:@R9","[UNTRANSLATED]"
s_004138,Alshark (System disk).hdm,0x0C67C7,"蘆Z_\記LLLLL瓜_","[UNTRANSLATED]"
s_004139,Alshark (System disk).hdm,0x0C684A,"蘆m記LLL雲","[UNTRANSLATED]"
s_004141,Alshark (System disk).hdm,0x0C7673,"智rtttttttttttttttttt瀬洄","[UNTRANSLATED]"
s_004142,Alshark (System disk).hdm,0x0C7936,"いSTjtttttttttt清泚","[UNTRANSLATED]"
s_004144,Alshark (System disk).hdm,0x0CA4EF,"跏跏g赳'&W&","[UNTRANSLATED]"
s_004145,Alshark (System disk).hdm,0x0CA590,"躙g鉗Wg鉞g","[UNTRANSLATED]"
s_004146,Alshark (System disk).hdm,0x0CA6B5,"躙詒躙'","[UNTRANSLATED]"
s_004148,Alshark (System disk).hdm,0x0CAD21,"漲g詒劜ｮp","[UNTRANSLATED]"
s_004149,Alshark (System disk).hdm,0x0CAF6A,"跏踟詒","[UNTRANSLATED]"
s_004150,Alshark (System disk).hdm,0x0CB430,"克i`p9:俍鉗","[UNTRANSLATED]"
s_004152,Alshark (System disk).hdm,0x0CB6D0,"鉗鉞觚hi","[UNTRANSLATED]"
s_004153,Alshark (System disk).hdm,0x0CB8C0,"鉞g跏軾","[UNTRANSLATED]"
s_004154,Alshark (System disk).hdm,0x0CBE4D,"躙詒霳ｿI","[UNTRANSLATED]"
s_004156,Alshark (System disk).hdm,0x0CC218,"暠抔g鉞g","[UNTRANSLATED]"
s_004157,Alshark (System disk).hdm,0x0CC42B,"踟躙W躙","[UNTRANSLATED]"
s_004158,Alshark (System disk).hdm,0x0CFCA7,"陸粕舶()*","[UNTRANSLATED]"
s_004159,Alshark (System disk).hdm,0x0D36A0,"瓧BMMMMMBBB?9>MMﾇ9>MMMM滷BBBBBB爻hhhh8ｻklnomnomklS8ｻhhhhｩｩﾌﾌﾋﾋﾋﾋﾋ~ﾋ{|ﾋﾋﾋﾌﾌﾋﾋﾋ{|ﾋ~ﾋﾋﾋﾋﾋﾌﾌﾌﾌﾄﾄﾄﾄﾄﾄﾄ~ﾄﾄﾄﾄﾄﾄﾄﾄﾄﾄﾄﾄﾄﾄ~ﾄﾄﾄﾄﾄﾄﾄﾄﾄ66666","[UNTRANSLATED]"
s_004160,Alshark (System disk).hdm,0x0D3857,"槽v-./槽ET-./打-./","[UNTRANSLATED]"
s_004161,Alshark (System disk).hdm,0x0D3AA0,"瓧BMMMMMBBBBMMMMﾇ9>MMMM滷MMMBBB爻hhhhhｻklｻｻｻｻ8nomklSｻｻhhhhｩｩﾌﾌﾋﾋﾋﾋﾋﾋﾋ{|ﾋﾋﾋﾋ~ﾋﾋﾋ{|ﾋﾋﾋﾋﾋﾋﾋﾌﾌﾌﾌﾄﾄﾄﾄﾄﾄﾄﾄﾄﾄﾄﾄﾄﾄﾄ~ﾄﾄﾄﾄﾄﾄﾄﾄﾄﾄﾄﾄﾄﾄﾄﾄ6666666666666","[UNTRANSLATED]"
s_004162,Alshark (System disk).hdm,0x0D3DFE,"чT月気モ","[UNTRANSLATED]"
s_004164,Alshark (System disk).hdm,0x0D40C1,"髄.槽髄.","[UNTRANSLATED]"
s_004168,Alshark (System disk).hdm,0x0D4E3B,"ｌ視U瓦D999999E｢D99ﾜﾝ99荘9Eч-./","[UNTRANSLATED]"
s_004169,Alshark (System disk).hdm,0x0D583A,"引ﾇﾇﾇﾇﾇ引ｧﾆﾇﾆﾇ引ﾆﾇ","[UNTRANSLATED]"
s_004170,Alshark (System disk).hdm,0x0D589A,"引ﾑﾑﾑﾑﾑ引ｧﾐﾑﾐﾑ引ﾐﾑ","[UNTRANSLATED]"
s_004173,Alshark (System disk).hdm,0x0D9685,"惚克寰ｨ{ｭ","[UNTRANSLATED]"
s_004175,Alshark (System disk).hdm,0x0D99B3,"赴激""""щ券","[UNTRANSLATED]"
s_004176,Alshark (System disk).hdm,0x0D99C1,"甥渇刳[}""""""#ｭ","[UNTRANSLATED]"
s_004177,Alshark (System disk).hdm,0x0D9A01,"惚詩寰zy""""""#ﾍ","[UNTRANSLATED]"
s_004179,Alshark (System disk).hdm,0x0DA4A7,"克yyyy{(z/y/y{08!""""髄荘","[UNTRANSLATED]"
s_004181,Alshark (System disk).hdm,0x0DAE81,"末末沫""""""#","[UNTRANSLATED]"
s_004182,Alshark (System disk).hdm,0x0DB158,"克克克ｨ{!""""""""""#!""""y""#ｭ","[UNTRANSLATED]"
s_004183,Alshark (System disk).hdm,0x0DB801,"末末沫""""""""""#ｽ","[UNTRANSLATED]"
s_004185,Alshark (System disk).hdm,0x0DB921,"克z惚孜y/y/{ｽ","[UNTRANSLATED]"
s_004187,Alshark (System disk).hdm,0x0DBA36,"惚耳yyy克{!"""",","[UNTRANSLATED]"
s_004188,Alshark (System disk).hdm,0x0DBAA5,"詩寰克ｨ{ｽ","[UNTRANSLATED]"
s_004189,Alshark (System disk).hdm,0x0DBCC7,"克ｨy""y{克孜""yzyy""y{","[UNTRANSLATED]"
s_004190,Alshark (System disk).hdm,0x0DBD8A,"甥覚Ⅸ\l""""!""髄","[UNTRANSLATED]"
s_004192,Alshark (System disk).hdm,0x0DBE30,"克ｨ{z克耳{","[UNTRANSLATED]"
s_004193,Alshark (System disk).hdm,0x0DBE67,"甥刳\l""#･末","[UNTRANSLATED]"
s_004194,Alshark (System disk).hdm,0x0DBE86,"赴給光*""#zyyy#zyyyy#","[UNTRANSLATED]"
s_004195,Alshark (System disk).hdm,0x0DC3DA,"晴晴｡寸ｰ","[UNTRANSLATED]"
s_004196,Alshark (System disk).hdm,0x0DC4B3,"妍FFFFJ3荘ﾑﾑﾑ荘","[UNTRANSLATED]"
s_004197,Alshark (System disk).hdm,0x0DC6F9,"ャя荘岱ﾐ","[UNTRANSLATED]"
s_004198,Alshark (System disk).hdm,0x0DC856,"シbcvCFEW荘エHHHHH!FFBFBF{3","[UNTRANSLATED]"
s_004199,Alshark (System disk).hdm,0x0DCA37,"濺efｦ9f瘻ﾑﾑ操","[UNTRANSLATED]"
s_004201,Alshark (System disk).hdm,0x0DCE26,"施z/麹施","[UNTRANSLATED]"
s_004205,Alshark (System disk).hdm,0x0DE935,"末末沫""#","[UNTRANSLATED]"
s_004206,Alshark (System disk).hdm,0x0DEC79,"荘ﾑ｡晴瑞｡ﾀ｡ｲ","[UNTRANSLATED]"
s_004207,Alshark (System disk).hdm,0x0DECB9,"操ﾑ｡ｰ瑞ｲﾑ荘","[UNTRANSLATED]"
s_004209,Alshark (System disk).hdm,0x0DEF5C,"瑞瑞ｰ醒ﾑｃо","[UNTRANSLATED]"
s_004210,Alshark (System disk).hdm,0x0DEFF4,"操帯ﾁﾁ瑞","[UNTRANSLATED]"
s_004211,Alshark (System disk).hdm,0x0DF315,"エHHHHHHHI操巣!","[UNTRANSLATED]"
s_004212,Alshark (System disk).hdm,0x0DF38B,"アD77774$巣Q%Tyyy5%&待ﾒ","[UNTRANSLATED]"
s_004213,Alshark (System disk).hdm,0x0DF3BC,"ャо｡辻ﾒ操","[UNTRANSLATED]"
s_004214,Alshark (System disk).hdm,0x0DF3DD,"続ﾒｰｰ｡辻操","[UNTRANSLATED]"
s_004215,Alshark (System disk).hdm,0x0DF456,"荘荘ﾑﾀ瑞ｰｰ","[UNTRANSLATED]"
s_004216,Alshark (System disk).hdm,0x0DF477,"操帯ﾀﾀ晴ｰ｡｡ﾂﾂﾐﾐ","[UNTRANSLATED]"
s_004217,Alshark (System disk).hdm,0x0DF55E,"荘巣!i{iFF{j{3操","[UNTRANSLATED]"
s_004218,Alshark (System disk).hdm,0x0DF771,"アD66664qqqq$操ﾒ荘","[UNTRANSLATED]"
s_004219,Alshark (System disk).hdm,0x0DFC53,"逝ﾀﾑ操操ﾑ","[UNTRANSLATED]"
s_004220,Alshark (System disk).hdm,0x0DFCE0,"巣 FFFF{{FF3荘操ﾒﾒﾑﾒ","[UNTRANSLATED]"
s_004221,Alshark (System disk).hdm,0x0DFE5B,"帯ﾑﾀ逗操","[UNTRANSLATED]"
s_004222,Alshark (System disk).hdm,0x0E132B,"寫麹豪RR","[UNTRANSLATED]"
s_004224,Alshark (System disk).hdm,0x0E134C,"寫麹豪KNNN","[UNTRANSLATED]"
s_004226,Alshark (System disk).hdm,0x0E149C,"寫麹強ｭｭ","[UNTRANSLATED]"
s_004227,Alshark (System disk).hdm,0x0E19BB,"げｴｸ簫眠ｱ≒","[UNTRANSLATED]"
s_004229,Alshark (System disk).hdm,0x0E1ABB,"眠ｴｸ簫眠ｱ≒/,-","[UNTRANSLATED]"
s_004232,Alshark (System disk).hdm,0x0E1B7B,"眠ｴｸ簫ﾈｰｱ≒9,-NNﾝﾟNN,-9瑞>I","[UNTRANSLATED]"
s_004236,Alshark (System disk).hdm,0x0E2160,"務ｱ≒(/OOOO/)切關,hhhhhh-","[UNTRANSLATED]"
s_004238,Alshark (System disk).hdm,0x0E21A0,"務ｱ≒(/\\\\/)切關,\\\\\\-","[UNTRANSLATED]"
s_004239,Alshark (System disk).hdm,0x0E2260,"務ｱ≒(\\DE\\)切關,ﾊｬｬﾋｱﾌ-","[UNTRANSLATED]"
s_004240,Alshark (System disk).hdm,0x0E22AD,"瑞瑞iﾍﾏﾏﾎ聖i","[UNTRANSLATED]"
s_004241,Alshark (System disk).hdm,0x0E2507,"竦瑞拭007777777700A","[UNTRANSLATED]"
s_004243,Alshark (System disk).hdm,0x0E7634,"屎撈撈Pa/Pa","[UNTRANSLATED]"
s_004244,Alshark (System disk).hdm,0x0E7753,"撈撈撈ﾁﾂa/Pa","[UNTRANSLATED]"
s_004245,Alshark (System disk).hdm,0x0E7963,"屎撈挌WP","[UNTRANSLATED]"
s_004246,Alshark (System disk).hdm,0x0E7F94,"蒹蟷ｹｹｹｹｹ訛","[UNTRANSLATED]"
s_004248,Alshark (System disk).hdm,0x0E846E,"麹麹轟SSSS","[UNTRANSLATED]"
s_004249,Alshark (System disk).hdm,0x0E8562,"麹轟Pｧ麹a","[UNTRANSLATED]"
s_004251,Alshark (System disk).hdm,0x0E9CE8,"牛麹繋DSTq","[UNTRANSLATED]"
s_004252,Alshark (System disk).hdm,0x0EA385,"牛麹轟0","[UNTRANSLATED]"
s_004253,Alshark (System disk).hdm,0x0EDA21,"麹麹策PﾄDTPPP","[UNTRANSLATED]"
s_004254,Alshark (System disk).hdm,0x0EDA41,"撈撈掀PagWPPP","[UNTRANSLATED]"
s_004255,Alshark (System disk).hdm,0x0EE374,"撚QQQ撚Q撚Q","[UNTRANSLATED]"
s_004256,Alshark (System disk).hdm,0x0EE86B,"彗g彗g弃","[UNTRANSLATED]"
s_004258,Alshark (System disk).hdm,0x0EFDD6,"牛P麹轟1111xy111111","[UNTRANSLATED]"
s_004259,Alshark (System disk).hdm,0x0EFEB0,"麹PPP策PP麹","[UNTRANSLATED]"
s_004260,Alshark (System disk).hdm,0x0F01EE,"麹麹轟Pﾖ","[UNTRANSLATED]"
s_004261,Alshark (System disk).hdm,0x0F4AC1,"瀦瀦走777","[UNTRANSLATED]"
s_004262,Alshark (System disk).hdm,0x0F4AE1,"瀦瀦走77","[UNTRANSLATED]"
s_004263,Alshark (System disk).hdm,0x0F4B01,"瀦荘走77","[UNTRANSLATED]"
s_004267,Alshark (System disk).hdm,0x0F5D41,"撈P撈撈va","[UNTRANSLATED]"
s_004268,Alshark (System disk).hdm,0x0F5F8F,"末末縫TPa","[UNTRANSLATED]"
s_004269,Alshark (System disk).hdm,0x0F6641,"麹麹砂DSSTPｻ","[UNTRANSLATED]"
s_004270,Alshark (System disk).hdm,0x0F66A3,"麹麹P策a/PPa","[UNTRANSLATED]"
s_004271,Alshark (System disk).hdm,0x0F6E41,"撈撈掀Pa","[UNTRANSLATED]"
s_004272,Alshark (System disk).hdm,0x0F8B0F,"弗､･BEBCV､5･舶･･･弗QcDE$#;･BCcDCV､5$#$%""%","[UNTRANSLATED]"
s_004273,Alshark (System disk).hdm,0x0F96E4,"俎獗ﾔ(拿","[UNTRANSLATED]"
s_004276,Alshark (System disk).hdm,0x0FC93F,"珮籵糅p","[UNTRANSLATED]"
s_004278,Alshark (System disk).hdm,0x0FD162,"褞珮糅--","[UNTRANSLATED]"
s_004279,Alshark (System disk).hdm,0x0FD203,"懸懴糜","[UNTRANSLATED]"
s_004280,Alshark (System disk).hdm,0x0FE845,"沺沺沺)*","[UNTRANSLATED]"
s_004282,Alshark (System disk).hdm,0x0FEEE9,"滑蛙滑0@ﾞ","[UNTRANSLATED]"
s_004283,Alshark (System disk).hdm,0x0FFA21,"血0血決0","[UNTRANSLATED]"
s_004288,Alshark (System disk).hdm,0x102F06,"獰獰璋02","[UNTRANSLATED]"
s_004289,Alshark (System disk).hdm,0x102F14,"獰獰璋VV","[UNTRANSLATED]"
s_004290,Alshark (System disk).hdm,0x104956,"璋璋璋02","[UNTRANSLATED]"
s_004291,Alshark (System disk).hdm,0x107681,"滑?滑滑02","[UNTRANSLATED]"
s_004292,Alshark (System disk).hdm,0x108B85,"珥璋0000000000000珥","[UNTRANSLATED]"
s_004293,Alshark (System disk).hdm,0x108E6A,"末躍VVV末","[UNTRANSLATED]"
s_004294,Alshark (System disk).hdm,0x10A8D4,"靖范恋gL","[UNTRANSLATED]"
s_004295,Alshark (System disk).hdm,0x10B266,"柔<<抹抹","[UNTRANSLATED]"
s_004296,Alshark (System disk).hdm,0x10B7A2,"粕粕穆tP6666666666","[UNTRANSLATED]"
s_004299,Alshark (System disk).hdm,0x1111F0,"鎔逼?ｭUｵwｷjｽﾟ^ｫ冾","[UNTRANSLATED]"
s_004300,Alshark (System disk).hdm,0x11138E,"鈐筱ｪ､ｨnｮｧ}UU_W狙~","[UNTRANSLATED]"
s_004302,Alshark (System disk).hdm,0x11309F,"ぃ鬮*\帳ﾟ","[UNTRANSLATED]"
s_004303,Alshark (System disk).hdm,0x115890,"餠UEEUUS~ｪｪｻ寬ｫ錂ｪ","[UNTRANSLATED]"
s_004304,Alshark (System disk).hdm,0x115B6F,"茴ｪｪがｪｪ･_UU}_UU^振U","[UNTRANSLATED]"
s_004306,Alshark (System disk).hdm,0x117D54,"冏ｷｵj泚Xf路J","[UNTRANSLATED]"
s_004307,Alshark (System disk).hdm,0x11B1C0,"繭ｹ袷l喚","[UNTRANSLATED]"
s_004308,Alshark (System disk).hdm,0x12018B,"踊酲ｼｿｧz鼾ｽnｵ_Zｵﾕs","[UNTRANSLATED]"
s_004310,Alshark (System disk).hdm,0x1206F9,"瑯ﾎｿ寬簽","[UNTRANSLATED]"
s_004311,Alshark (System disk).hdm,0x120BFD,"埀關巻 ｪ*","[UNTRANSLATED]"
s_004316,Alshark (System disk).hdm,0x121A53,"逐ｧﾌ孵驎}","[UNTRANSLATED]"
s_004317,Alshark (System disk).hdm,0x121C35,"俵縟寬ｪｬjｪ","[UNTRANSLATED]"
s_004319,Alshark (System disk).hdm,0x12309F,"ぃ鬮*D帳ﾟ","[UNTRANSLATED]"
s_004320,Alshark (System disk).hdm,0x1235BC,"躓e~膝釈","[UNTRANSLATED]"
s_004323,Alshark (System disk).hdm,0x12DC56,"竦塵ﾍﾏﾎﾏﾏﾏﾎ塵","[UNTRANSLATED]"
s_004324,Alshark (System disk).hdm,0x12DC96,"筌｣｣｣｣｣｣｣｣｣｣｣｣｣｣瑞脊","[UNTRANSLATED]"
s_004325,Alshark (System disk).hdm,0x12E03B,"眠ｴｸ磽雎ｱ≒","[UNTRANSLATED]"
s_004326,Alshark (System disk).hdm,0x12E07B,"眠ｴｸ磽雎ｱ≒ﾒ","[UNTRANSLATED]"
s_004327,Alshark (System disk).hdm,0x12E0FB,"眠ｴｸ磽雎ｱ≒i","[UNTRANSLATED]"
s_004328,Alshark (System disk).hdm,0x12E13B,"眠ｴｸ磽雎ｱ≒j,-.j.","[UNTRANSLATED]"
s_004329,Alshark (System disk).hdm,0x12E1BB,"眠ｴｸ磽雎ｱ≒j,-/","[UNTRANSLATED]"
s_004330,Alshark (System disk).hdm,0x12E1FB,"眠ｴｸ磽雎ｱ≒i,-9C9","[UNTRANSLATED]"
s_004333,Alshark (System disk).hdm,0x12EFE1,"燻@~ﾀ9栖拭 e","[UNTRANSLATED]"
s_004334,Alshark (System disk).hdm,0x12F8CF,"熈ﾀﾏ熄瑁ﾀﾀ","[UNTRANSLATED]"
s_004335,Alshark (System disk).hdm,0x13184B,"迫ﾒｧﾊ淋S禰$&ﾈ","[UNTRANSLATED]"
s_004336,Alshark (System disk).hdm,0x0000B8,"跖dｴu^ｵ閘ｵ<","[UNTRANSLATED]"
s_004337,Alshark (System disk).hdm,0x000205,"韶ﾟ_ιY鑚","[UNTRANSLATED]"
s_004338,Alshark (System disk).hdm,0x0005B0,"誓ﾆI陲ﾝ","[UNTRANSLATED]"
s_004340,Alshark (System disk).hdm,0x00092B,"粽ﾃｾﾆI灰","[UNTRANSLATED]"
s_004341,Alshark (System disk).hdm,0x000A33,"葭爛ﾊIﾃ","[UNTRANSLATED]"
s_004342,Alshark (System disk).hdm,0x000C62,"鏈ﾚ2ﾀ｢s4｢u4鑾","[UNTRANSLATED]"
s_004343,Alshark (System disk).hdm,0x000CA6,"粫鞴ｮI<`u","[UNTRANSLATED]"
s_004344,Alshark (System disk).hdm,0x001333,"欣*ﾑ*s42葭","[UNTRANSLATED]"
s_004345,Alshark (System disk).hdm,0x0016FA,"靱灰7^""ﾄt","[UNTRANSLATED]"
s_004347,Alshark (System disk).hdm,0x003416,"筋H顗JL","[UNTRANSLATED]"
s_004348,Alshark (System disk).hdm,0x0060B3,"鍖｢饅gﾆ","[UNTRANSLATED]"
s_004349,Alshark (System disk).hdm,0x006131,"雜jθ$Y糀ﾃ","[UNTRANSLATED]"
s_004350,Alshark (System disk).hdm,0x006190,"θ$Y糀ﾃ關","[UNTRANSLATED]"
s_004351,Alshark (System disk).hdm,0x0061A2,"伹ｬFFV韃","[UNTRANSLATED]"
s_004353,Alshark (System disk).hdm,0x006331,"駟%ﾃ;c重ｪd","[UNTRANSLATED]"
s_004356,Alshark (System disk).hdm,0x00669A,"鷲ﾈh|iｸiｸi麒","[UNTRANSLATED]"
s_004357,Alshark (System disk).hdm,0x0066D4,"哭｢ｾL｢祗｢~4ﾃﾆD","[UNTRANSLATED]"
s_004358,Alshark (System disk).hdm,0x006A77,"θ$粮_^XﾃｿｭX灰","[UNTRANSLATED]"
s_004359,Alshark (System disk).hdm,0x006C28,"芫ﾘﾑ縺ﾃ6l.","[UNTRANSLATED]"
s_004360,Alshark (System disk).hdm,0x006D4A,"霽$ｰ""霆ｨﾃ","[UNTRANSLATED]"
s_004361,Alshark (System disk).hdm,0x0071D3,"韲%隗,","[UNTRANSLATED]"
s_004362,Alshark (System disk).hdm,0x0071DC,"鞳%陞#","[UNTRANSLATED]"
s_004363,Alshark (System disk).hdm,0x0078FE,"色Y籏ﾃ<7s","[UNTRANSLATED]"
s_004364,Alshark (System disk).hdm,0x00792B,"菘EyEyFyeyeyEy幌","[UNTRANSLATED]"
s_004366,Alshark (System disk).hdm,0x008049,"曲+ﾃP驚3ﾒｻd","[UNTRANSLATED]"
s_004371,Alshark (System disk).hdm,0x0090BD,"隴楨ｷ﨓f","[UNTRANSLATED]"
s_004372,Alshark (System disk).hdm,0x0091E4,"ι(粡ﾃｿnK2ﾉ界","[UNTRANSLATED]"
s_004373,Alshark (System disk).hdm,0x00935E,"錙ﾍY篶ﾃ","[UNTRANSLATED]"
s_004374,Alshark (System disk).hdm,0x009392,"閔oY鬻ﾃ","[UNTRANSLATED]"
s_004375,Alshark (System disk).hdm,0x00940E,"關ﾌY粲ﾃﾆ","[UNTRANSLATED]"
s_004377,Alshark (System disk).hdm,0x0094BE,"鞨ﾋY粹ﾃｰ","[UNTRANSLATED]"
s_004381,Alshark (System disk).hdm,0x0098A0,"颯nｻﾒ于","[UNTRANSLATED]"
s_004384,Alshark (System disk).hdm,0x009F14,"霄(霙c2ﾀﾃﾆ","[UNTRANSLATED]"
s_004386,Alshark (System disk).hdm,0x00A082,"靄&X&各","[UNTRANSLATED]"
s_004387,Alshark (System disk).hdm,0x00A14D,"闖a鑚iθ'","[UNTRANSLATED]"
s_004389,Alshark (System disk).hdm,0x00A1DA,"闕%_uC闃","[UNTRANSLATED]"
s_004390,Alshark (System disk).hdm,0x00A32E,"霙R顰R2ﾀﾃ","[UNTRANSLATED]"
s_004391,Alshark (System disk).hdm,0x00A488,"惕W隘P｡","[UNTRANSLATED]"
s_004392,Alshark (System disk).hdm,0x00A4BF,"浬7SW靄P_ι","[UNTRANSLATED]"
s_004393,Alshark (System disk).hdm,0x00A56F,"髮pｰG髢p3ﾀ｣","[UNTRANSLATED]"
s_004394,Alshark (System disk).hdm,0x00A649,"犠#偽%:ﾃt","[UNTRANSLATED]"
s_004400,Alshark (System disk).hdm,0x00AB6C,"畿1ﾑ煢D8ﾃｸ","[UNTRANSLATED]"
s_004401,Alshark (System disk).hdm,0x00ABC8,"糂^ﾃY^ﾃ汽13ﾒｻd","[UNTRANSLATED]"
s_004402,Alshark (System disk).hdm,0x00ABF2,"霈鐇^ﾃﾆ","[UNTRANSLATED]"
s_004403,Alshark (System disk).hdm,0x00AC85,"韜8錥ｶｬ","[UNTRANSLATED]"
s_004404,Alshark (System disk).hdm,0x00ACB0,"ι(粳ﾃ界""<","[UNTRANSLATED]"
s_004407,Alshark (System disk).hdm,0x00B242,"隶C閙Xｿ","[UNTRANSLATED]"
s_004408,Alshark (System disk).hdm,0x00B40A,"鎰(X2萓ﾛ","[UNTRANSLATED]"
s_004409,Alshark (System disk).hdm,0x00B7B7,"頸=^Y糘ｻ","[UNTRANSLATED]"
s_004411,Alshark (System disk).hdm,0x00BAD0,"鍼'ﾃ鐓Fｰ","[UNTRANSLATED]"
s_004412,Alshark (System disk).hdm,0x00BAD9,"閙Zｿ(2霖","[UNTRANSLATED]"
s_004413,Alshark (System disk).hdm,0x00BC8F,"陞Z鐇*ｰ","[UNTRANSLATED]"
s_004414,Alshark (System disk).hdm,0x00BD2C,"闕8^Y糘ﾃｱ","[UNTRANSLATED]"
s_004416,Alshark (System disk).hdm,0x00BD87,"鎖貎jｾﾆ","[UNTRANSLATED]"
s_004417,Alshark (System disk).hdm,0x00BF7C,"鐃6近_XSι","[UNTRANSLATED]"
s_004419,Alshark (System disk).hdm,0x00C392,"尖Y晴Qｹ","[UNTRANSLATED]"
s_004420,Alshark (System disk).hdm,0x00C3E8,"勒ﾘ""鱇","[UNTRANSLATED]"
s_004421,Alshark (System disk).hdm,0x00C8F0,"借ｬV霪 G^ｹ","[UNTRANSLATED]"
s_004423,Alshark (System disk).hdm,0x00CFAC,"午蕊ｿｩIｹ","[UNTRANSLATED]"
s_004424,Alshark (System disk).hdm,0x00D59B,"葭爛l4ﾆ","[UNTRANSLATED]"
s_004425,Alshark (System disk).hdm,0x00D736,"愚ﾃ頏=:","[UNTRANSLATED]"
s_004427,Alshark (System disk).hdm,0x00D890,"癌ｬWVP鞅ﾟ<","[UNTRANSLATED]"
s_004428,Alshark (System disk).hdm,0x00D8E8,"颶ﾟ饋ﾟﾇ","[UNTRANSLATED]"
s_004433,Alshark (System disk).hdm,0x00DC85,"闊&鞐$｡","[UNTRANSLATED]"
s_004434,Alshark (System disk).hdm,0x00DCEF,"芫ﾈﾑ爐>","[UNTRANSLATED]"
s_004435,Alshark (System disk).hdm,0x00DD4A,"魍奝ﾝwﾝｹﾝﾊﾝｭﾟ","[UNTRANSLATED]"
s_004436,Alshark (System disk).hdm,0x00DFEC,"竸ﾃV閙$","[UNTRANSLATED]"
s_004437,Alshark (System disk).hdm,0x00E3EB,"曲ﾑ鍠｢""","[UNTRANSLATED]"
s_004438,Alshark (System disk).hdm,0x00E567,"靤誾>{4","[UNTRANSLATED]"
s_004440,Alshark (System disk).hdm,0x00EBA7,"借実3ﾀｹ","[UNTRANSLATED]"
s_004441,Alshark (System disk).hdm,0x00EC20,"借実3ﾀVｹ","[UNTRANSLATED]"
s_004442,Alshark (System disk).hdm,0x00EE1D,"串｣p4喰","[UNTRANSLATED]"
s_004446,Alshark (System disk).hdm,0x00F11D,"製ﾀ癌2ﾀﾑ","[UNTRANSLATED]"
s_004452,Alshark (System disk).hdm,0x00F3FD,"芫ﾘﾑ縺ﾃ-","[UNTRANSLATED]"
s_004454,Alshark (System disk).hdm,0x01071E,"禄$tﾙ%臠'ﾘ-):","[UNTRANSLATED]"
s_004455,Alshark (System disk).hdm,0x0107AB,"バｲバﾙﾅｲﾌ","[UNTRANSLATED]"
s_004456,Alshark (System disk).hdm,0x0107DD,"ベﾘﾘｳﾑｿｰド","[UNTRANSLATED]"
s_004457,Alshark (System disk).hdm,0x010826,"グﾚｰﾄﾚｲ・S","[UNTRANSLATED]"
s_004458,Alshark (System disk).hdm,0x010850,"ブﾘﾝガｰ","[UNTRANSLATED]"
s_004459,Alshark (System disk).hdm,0x010860,"プﾗズﾏｱｯｸｽ","[UNTRANSLATED]"
s_004460,Alshark (System disk).hdm,0x01087D,"ブﾛｰﾆﾝグ","[UNTRANSLATED]"
s_004461,Alshark (System disk).hdm,0x010888,"ドブﾗｽﾀｰ","[UNTRANSLATED]"
s_004462,Alshark (System disk).hdm,0x010892,"ブﾏｼﾝガﾝ","[UNTRANSLATED]"
s_004463,Alshark (System disk).hdm,0x0108C6,"ダｰボﾙﾄ","[UNTRANSLATED]"
s_004464,Alshark (System disk).hdm,0x0108DA,"ドブﾚｰｸ","[UNTRANSLATED]"
s_004465,Alshark (System disk).hdm,0x0108ED,"ガﾏｼﾝガﾝ","[UNTRANSLATED]"
s_004466,Alshark (System disk).hdm,0x01094D,"ザｲザｰｷｬﾉﾝ","[UNTRANSLATED]"
s_004467,Alshark (System disk).hdm,0x010A10,"グﾈｯﾄﾘﾝグ","[UNTRANSLATED]"
s_004468,Alshark (System disk).hdm,0x010A88,"パｰバﾘｱ","[UNTRANSLATED]"
s_004469,Alshark (System disk).hdm,0x010AA9,"プﾛﾄｻｲバｰ","[UNTRANSLATED]"
s_004470,Alshark (System disk).hdm,0x010B2C,"パｰｻｲバｰ","[UNTRANSLATED]"
s_004471,Alshark (System disk).hdm,0x010B69,"ザｲザｰﾌﾚｰﾑ","[UNTRANSLATED]"
s_004472,Alshark (System disk).hdm,0x010B76,"ドﾒデｨｶﾙ","[UNTRANSLATED]"
s_004473,Alshark (System disk).hdm,0x010BB3,"グﾚﾈｰド","[UNTRANSLATED]"
s_004474,Alshark (System disk).hdm,0x010BBD,"ドﾅパｰﾑ","[UNTRANSLATED]"
s_004475,Alshark (System disk).hdm,0x010BC7,"パｰﾅパｰﾑ","[UNTRANSLATED]"
s_004476,Alshark (System disk).hdm,0x010C34,"ビｰﾑダｰﾄ","[UNTRANSLATED]"
s_004477,Alshark (System disk).hdm,0x010C8D,"ザジﾙﾁｹｯﾄ","[UNTRANSLATED]"
s_004478,Alshark (System disk).hdm,0x010CD1,"ビデｵﾚﾀｰ","[UNTRANSLATED]"
s_004479,Alshark (System disk).hdm,0x010D25,"ゴﾙのｷｰ","[UNTRANSLATED]"
s_004480,Alshark (System disk).hdm,0x010D2D,"ボﾙｱのｷｰ","[UNTRANSLATED]"
s_004481,Alshark (System disk).hdm,0x010D8A,"グﾚﾈｰドｶﾉﾝ","[UNTRANSLATED]"
s_004482,Alshark (System disk).hdm,0x010DB8,"パﾜｰｿﾆｯｸ砲","[UNTRANSLATED]"
s_004483,Alshark (System disk).hdm,0x010E0F,"ジｪｯﾄ砲","[UNTRANSLATED]"
s_004484,Alshark (System disk).hdm,0x010EAC,"ザｲザｰｶﾉﾝ","[UNTRANSLATED]"
s_004485,Alshark (System disk).hdm,0x010EDE,"Ｇ・プﾚｯｼｬｰ","[UNTRANSLATED]"
s_004486,Alshark (System disk).hdm,0x010EEA,"プﾗズﾏﾐｻｲﾙ","[UNTRANSLATED]"
s_004487,Alshark (System disk).hdm,0x010F5A,"粒子ﾌﾚｰﾑ","[UNTRANSLATED]"
s_004488,Alshark (System disk).hdm,0x010F69,"Ｏ－Ｄ合金","[UNTRANSLATED]"
s_004489,Alshark (System disk).hdm,0x011025,"ガｰﾅｰド","[UNTRANSLATED]"
s_004490,Alshark (System disk).hdm,0x011073,"ジｪｯﾄﾎバｰ","[UNTRANSLATED]"
s_004491,Alshark (System disk).hdm,0x0111D4,"おや？","[UNTRANSLATED]"
s_004492,Alshark (System disk).hdm,0x0111F5,"ペﾝﾛｰズ","[UNTRANSLATED]"
s_004493,Alshark (System disk).hdm,0x0111FF,"パｰ・ｶﾙ","[UNTRANSLATED]"
s_004494,Alshark (System disk).hdm,0x01121D,"ダ・ﾐｭﾚｯﾂ","[UNTRANSLATED]"
s_004495,Alshark (System disk).hdm,0x0112FE,"惑星ｽﾃｱ","[UNTRANSLATED]"
s_004496,Alshark (System disk).hdm,0x011340,"惑星ﾃｨﾙｽ","[UNTRANSLATED]"
s_004497,Alshark (System disk).hdm,0x01134A,"惑星ｳｭﾙﾄﾘｱ","[UNTRANSLATED]"
s_004498,Alshark (System disk).hdm,0x011357,"惑星ﾋｭﾘｽ","[UNTRANSLATED]"
s_004499,Alshark (System disk).hdm,0x011388,"惑星ﾉｰﾐｹ","[UNTRANSLATED]"
s_004500,Alshark (System disk).hdm,0x011392,"惑星ｻｰﾀﾘｱ","[UNTRANSLATED]"
s_004501,Alshark (System disk).hdm,0x0113B6,"惑星ﾖｽﾇ","[UNTRANSLATED]"
s_004502,Alshark (System disk).hdm,0x0113CB,"惑星ｱｽｸ","[UNTRANSLATED]"
s_004503,Alshark (System disk).hdm,0x0113DE,"衛星ﾄﾘﾑ","[UNTRANSLATED]"
s_004504,Alshark (System disk).hdm,0x011406,"軍事ｽﾃｰｼｮﾝ","[UNTRANSLATED]"
s_004505,Alshark (System disk).hdm,0x011412,"補給ｽﾃｰｼｮﾝ","[UNTRANSLATED]"
s_004506,Alshark (System disk).hdm,0x01141E,"防衛ｽﾃｰｼｮﾝ","[UNTRANSLATED]"
s_004507,Alshark (System disk).hdm,0x01142A,"隠しｽﾃｰｼｮﾝ","[UNTRANSLATED]"
s_004508,Alshark (System disk).hdm,0x0115C1,"首都ﾃｽｳｨﾙ","[UNTRANSLATED]"
s_004509,Alshark (System disk).hdm,0x0115CC,"首都ｳｭﾙﾄﾘｱ","[UNTRANSLATED]"
s_004510,Alshark (System disk).hdm,0x012F8D,"滑滑BBCCCCv","[UNTRANSLATED]"
s_004511,Alshark (System disk).hdm,0x014165,"鞁AP靱APﾋｳ","[UNTRANSLATED]"
s_004512,Alshark (System disk).hdm,0x0141A3,"陋AP阯APﾋｳ","[UNTRANSLATED]"
s_004514,Alshark (System disk).hdm,0x014A7B,"粮_ﾃW.凱","[UNTRANSLATED]"
s_004516,Alshark (System disk).hdm,0x014D23,"成癌ｬｪιOI","[UNTRANSLATED]"
s_004517,Alshark (System disk).hdm,0x014D33,"成癌､ιOI","[UNTRANSLATED]"
s_004518,Alshark (System disk).hdm,0x015F72,"実借ｾｿ","[UNTRANSLATED]"
s_004519,Alshark (System disk).hdm,0x01601C,"嬉2ﾒﾑ黶ﾂ","[UNTRANSLATED]"
s_004520,Alshark (System disk).hdm,0x0167BA,"萓ﾚ'ﾑ獏","[UNTRANSLATED]"
s_004522,Alshark (System disk).hdm,0x016F9C,"閧?近_XSι","[UNTRANSLATED]"
s_004523,Alshark (System disk).hdm,0x017331,"腥ﾑ狃t3","[UNTRANSLATED]"
s_004524,Alshark (System disk).hdm,0x017440,"呂潅PWｹ","[UNTRANSLATED]"
s_004526,Alshark (System disk).hdm,0x0183D1,"阮ﾄ險)ｽ","[UNTRANSLATED]"
s_004527,Alshark (System disk).hdm,0x01865E,"槇&咒P+","[UNTRANSLATED]"
s_004529,Alshark (System disk).hdm,0x018EDB,"晴t鑚ﾃ","[UNTRANSLATED]"
s_004530,Alshark (System disk).hdm,0x019493,"衰D 霎益","[UNTRANSLATED]"
s_004533,Alshark (System disk).hdm,0x019749,"顯倢bｰu","[UNTRANSLATED]"
s_004536,Alshark (System disk).hdm,0x019BBF,"勒Z頡","[UNTRANSLATED]"
s_004537,Alshark (System disk).hdm,0x019C4E,"巾ｰ 駘","[UNTRANSLATED]"
s_004538,Alshark (System disk).hdm,0x019C70,"炮\ｲ\ﾍ\軆","[UNTRANSLATED]"
s_004542,Alshark (System disk).hdm,0x01A59A,"含顯ｺ^_Gﾃ","[UNTRANSLATED]"
s_004543,Alshark (System disk).hdm,0x01AF1A,"粋6Ln驚VWﾇ","[UNTRANSLATED]"
s_004544,Alshark (System disk).hdm,0x01B04C,"縺ﾃW鏃","[UNTRANSLATED]"
s_004545,Alshark (System disk).hdm,0x01B83D,"ι,管癌ｹ","[UNTRANSLATED]"
s_004546,Alshark (System disk).hdm,0x01B849,"ι,環癌ｹ","[UNTRANSLATED]"
s_004547,Alshark (System disk).hdm,0x01B855,"ι,竿癌ｹ","[UNTRANSLATED]"
s_004548,Alshark (System disk).hdm,0x01B91C,"炒DF糯ｹ","[UNTRANSLATED]"
s_004549,Alshark (System disk).hdm,0x01B986,"駒ｰ清Vｻ","[UNTRANSLATED]"
s_004551,Alshark (System disk).hdm,0x039032,"茹d･d飃","[UNTRANSLATED]"
s_004555,Alshark (System disk).hdm,0x03977C,"燦'偽ｪUｫWｮTｩQ｢L","[UNTRANSLATED]"
s_004556,Alshark (System disk).hdm,0x039931,"館ｻw餧ｹs醫","[UNTRANSLATED]"
s_004557,Alshark (System disk).hdm,0x03AE50,"愍ﾜｼ愍ﾜｼ","[UNTRANSLATED]"
s_004559,Alshark (System disk).hdm,0x03DAD9,"逝ﾈ琅ﾐ｢","[UNTRANSLATED]"
s_004560,Alshark (System disk).hdm,0x03E0EC,"順ﾇﾃ聰","[UNTRANSLATED]"
s_004562,Alshark (System disk).hdm,0x03E446,"瑩~?ｿ渝ﾀﾟ","[UNTRANSLATED]"
s_004563,Alshark (System disk).hdm,0x03E578,"猊ﾟｼｳｰｼﾟ鋩","[UNTRANSLATED]"
s_004568,Alshark (System disk).hdm,0x043B06,"奄妝ｦ""｡","[UNTRANSLATED]"
s_004569,Alshark (System disk).hdm,0x043BE4,"燃ｷﾚｻｺｷﾚモｴZｶﾚ","[UNTRANSLATED]"
s_004570,Alshark (System disk).hdm,0x043D50,"泙ｿBｿち","[UNTRANSLATED]"
s_004571,Alshark (System disk).hdm,0x043DA9,"釜2ｧﾊｸ:ｿ夋ﾊ","[UNTRANSLATED]"
s_004574,Alshark (System disk).hdm,0x0442ED,"御N憔Q","[UNTRANSLATED]"
s_004577,Alshark (System disk).hdm,0x044C90,"甎ｼﾒ~ﾓ従ｫ~ｹ*ｳｺﾆ","[UNTRANSLATED]"
s_004578,Alshark (System disk).hdm,0x044EB6,"慰｢徴Wｪﾑ5W","[UNTRANSLATED]"
s_004579,Alshark (System disk).hdm,0x044ED1,"衆錮wﾀｶﾀ6","[UNTRANSLATED]"
s_004580,Alshark (System disk).hdm,0x045082,"驥ﾅM蕙ｹ7","[UNTRANSLATED]"
s_004583,Alshark (System disk).hdm,0x045697,"葹ﾂ?旻Iｻ:ｺ|｡ﾘL","[UNTRANSLATED]"
s_004586,Alshark (System disk).hdm,0x045C93,"洄.jﾆ片n6","[UNTRANSLATED]"
s_004587,Alshark (System disk).hdm,0x045D2C,"悒ﾔ Zs2苔","[UNTRANSLATED]"
s_004590,Alshark (System disk).hdm,0x046377,"憘騙ｷﾕﾍｾ","[UNTRANSLATED]"
s_004591,Alshark (System disk).hdm,0x0464BA,"睆y諳2[","[UNTRANSLATED]"
s_004592,Alshark (System disk).hdm,0x04652F,"柞ﾃcｩ候ｽ","[UNTRANSLATED]"
s_004595,Alshark (System disk).hdm,0x0468C4,"礎ﾑﾏﾟ軅ｸC","[UNTRANSLATED]"
s_004596,Alshark (System disk).hdm,0x046916,"鉧zﾟ椨z","[UNTRANSLATED]"
s_004597,Alshark (System disk).hdm,0x046BFE,"憫KcQ薔\","[UNTRANSLATED]"
s_004599,Alshark (System disk).hdm,0x046D8E,"柯呵gｸ>ｸﾛﾐQﾐ","[UNTRANSLATED]"
s_004601,Alshark (System disk).hdm,0x04750E,"価｢{ﾈ芦","[UNTRANSLATED]"
s_004603,Alshark (System disk).hdm,0x047916,"屏t狃@,","[UNTRANSLATED]"
s_004606,Alshark (System disk).hdm,0x049C77,"琿$C逵""","[UNTRANSLATED]"
s_004607,Alshark (System disk).hdm,0x049E39,"繻A､h倒ﾟ","[UNTRANSLATED]"
s_004608,Alshark (System disk).hdm,0x049E8F,"委ﾀﾏﾀ溟}ﾐ>ﾀ","[UNTRANSLATED]"
s_004609,Alshark (System disk).hdm,0x049EA0,"金手ox'ｸ6","[UNTRANSLATED]"
s_004611,Alshark (System disk).hdm,0x04AB24,"驀ﾕ隝ﾟｻ","[UNTRANSLATED]"
s_004612,Alshark (System disk).hdm,0x04AC67,"琿?C燧","[UNTRANSLATED]"
s_004614,Alshark (System disk).hdm,0x04ED97,"巻*ｪ*｢ｪ｢ｪｪ｢ｪ｢ｪ*ｪｪｨｪ｢ｪ巻*ｪUTUQUEU","[UNTRANSLATED]"
s_004615,Alshark (System disk).hdm,0x04EE27,"巻*ｨｪｪｪ巻UQUUU","[UNTRANSLATED]"
s_004616,Alshark (System disk).hdm,0x04F0C6,"巻*｢ｪ*ｪｪ巻UQUUTUETUQU","[UNTRANSLATED]"
s_004617,Alshark (System disk).hdm,0x04F0F3,"巻*｢ｪ*ｨｪ巻*ｪ","[UNTRANSLATED]"
s_004618,Alshark (System disk).hdm,0x04F1B5,"巻ｪ｢ｪ巻*ｨ","[UNTRANSLATED]"
s_004619,Alshark (System disk).hdm,0x04F205,"巻*ｨｪ｢ｪ巻*ｪUTUQUEU","[UNTRANSLATED]"
s_004620,Alshark (System disk).hdm,0x05134F,"若者5ﾖｳ、$","[UNTRANSLATED]"
s_004621,Alshark (System disk).hdm,0x0517EA,"元気？","[UNTRANSLATED]"
s_004622,Alshark (System disk).hdm,0x0558E7,"じﾛｲだ0?I","[UNTRANSLATED]"
s_004623,Alshark (System disk).hdm,0x055A98,"達ｦ追ｯﾃｷﾀ$","[UNTRANSLATED]"
s_004624,Alshark (System disk).hdm,0x057B41,"どｳぞ。","[UNTRANSLATED]"
s_004625,Alshark (System disk).hdm,0x057BBA,"だﾒﾖ、変ﾅｺﾄｼﾁｬｱ‥‥0_4$","[UNTRANSLATED]"
s_004626,Alshark (System disk).hdm,0x057C1F,"でﾊ、行ｯﾃﾗｯｼｬｲﾏｾ","[UNTRANSLATED]"
s_004627,Alshark (System disk).hdm,0x05A98F,"ぼｸ達ﾊ‥‥‥0_4$","[UNTRANSLATED]"
s_004628,Alshark (System disk).hdm,0x05AA2E,"一緒ﾆ、$","[UNTRANSLATED]"
s_004629,Alshark (System disk).hdm,0x05AB21,"じｻﾝ、実ﾊ‥‥‥0_4$","[UNTRANSLATED]"
s_004630,Alshark (System disk).hdm,0x05C27F,"賢明ﾅﾙ$","[UNTRANSLATED]"
s_004631,Alshark (System disk).hdm,0x060806,"殺ｾﾙﾓﾉﾅﾗ、殺ｼﾃﾐﾅｻｲ0_4$","[UNTRANSLATED]"
s_004632,Alshark (System disk).hdm,0x060A41,"駆ｹ寄ﾙﾄ$","[UNTRANSLATED]"
s_004633,Alshark (System disk).hdm,0x061A15,"私ﾊ、ﾅぜｺﾝﾅﾄｺﾛﾆ‥‥0_4$","[UNTRANSLATED]"
s_004634,Alshark (System disk).hdm,0x061ABE,"振ﾘ向ｲﾀ$","[UNTRANSLATED]"
s_004635,Alshark (System disk).hdm,0x061AF8,"微笑ﾐｶｹﾙﾄ、@6$","[UNTRANSLATED]"
s_004636,Alshark (System disk).hdm,0x061BBC,"大人ﾆﾅｯﾀﾅ、$","[UNTRANSLATED]"
s_004637,Alshark (System disk).hdm,0x061FE4,"涙ﾁｮｳだｲﾊ、@ｿﾚｸﾗｲﾆｼﾄｶﾅｲﾄ、@","[UNTRANSLATED]"
s_004638,Alshark (System disk).hdm,0x063BF1,"苦ｼﾐﾆﾓがｸ@6$","[UNTRANSLATED]"
s_004639,Alshark (System disk).hdm,0x06596F,"どｳｼﾀﾝでｽｶ、$","[UNTRANSLATED]"
s_004640,Alshark (System disk).hdm,0x066C50,"がｿｺﾆｲﾀﾉだｶﾗ0_4$","[UNTRANSLATED]"
s_004641,Alshark (System disk).hdm,0x066D67,"名付ｹﾃ、$","[UNTRANSLATED]"
s_004642,Alshark (System disk).hdm,0x067138,"頑張ﾙﾉﾖ、$","[UNTRANSLATED]"
s_004643,Alshark (System disk).hdm,0x075C94,"役ﾆ立ﾁｿｳﾅﾉｶﾖ0_4$","[UNTRANSLATED]"
s_004644,Alshark (System disk).hdm,0x07C1F6,"どｳｲｳｺﾄだ、$","[UNTRANSLATED]"
s_004645,Alshark (System disk).hdm,0x07C25A,"頑張ﾙ！","[UNTRANSLATED]"
s_004646,Alshark (System disk).hdm,0x07CBB9,"死ﾝじﾏｯﾀ、$","[UNTRANSLATED]"
s_004647,Alshark (System disk).hdm,0x07DDEA,"仰ｾﾉ通ﾘﾆ‥‥","[UNTRANSLATED]"
s_004648,Alshark (System disk).hdm,0x07E127,"私ﾅﾗ‥‥私ﾅﾗ、$","[UNTRANSLATED]"
s_004649,Alshark (System disk).hdm,0x07EB74,"時ﾆ‥‥@ｽﾏﾝ、許ｼﾃｸﾚ、$","[UNTRANSLATED]"
s_004650,Alshark (System disk).hdm,0x07EBF2,"気休ﾒﾊ、ﾖｼﾃｸﾚ‥‥","[UNTRANSLATED]"
s_004651,Alshark (System disk).hdm,0x07EC2C,"何ｦｽﾙﾂﾓﾘﾅﾝだ0_4$","[UNTRANSLATED]"
s_004652,Alshark (System disk).hdm,0x07ECB4,"気楽ﾅﾉﾊ、$","[UNTRANSLATED]"
s_004653,Alshark (System disk).hdm,0x07EFF2,"気休ﾒﾊ、ﾖｼﾃｸﾚ〃","[UNTRANSLATED]"
s_004654,Alshark (System disk).hdm,0x07FD63,"仕方ﾅｲｺﾄﾅﾉﾖﾈ‥‥0_4$","[UNTRANSLATED]"
s_004655,Alshark (System disk).hdm,0x07FF9F,"ばｻﾏﾏで、ｲﾅｸﾅｯﾁｬｳﾅﾝﾃ‥‥0_4$","[UNTRANSLATED]"
s_004656,Alshark (System disk).hdm,0x080433,"試練、ﾅﾝﾃｺﾄﾅｲﾜｨ","[UNTRANSLATED]"
s_004657,Alshark (System disk).hdm,0x0809DC,"どｳでｨ、$","[UNTRANSLATED]"
s_004658,Alshark (System disk).hdm,0x081546,"だでｽﾐｿｳﾆﾅｲﾅ）","[UNTRANSLATED]"
s_004659,Alshark (System disk).hdm,0x08171B,"知ｯﾃｲﾙﾄｼﾃﾓｵﾒｪﾆﾊ教ｴﾈｪﾖ）0_4$","[UNTRANSLATED]"
s_004660,Alshark (System disk).hdm,0x081A78,"頑張ｯﾃ、$","[UNTRANSLATED]"
s_004661,Alshark (System disk).hdm,0x081DCF,"良ｶｯﾀじｬﾈｪｶ、$","[UNTRANSLATED]"
s_004662,Alshark (System disk).hdm,0x082835,"暇だｶﾗ、$","[UNTRANSLATED]"
s_004663,Alshark (System disk).hdm,0x0844D7,"煎 海+5","[UNTRANSLATED]"
s_004664,Alshark (System disk).hdm,0x08DD58,"破'ｹｷｹｶ'琶","[UNTRANSLATED]"
s_004665,Alshark (System disk).hdm,0x08DDB6,"弱> 弱>","[UNTRANSLATED]"
s_004666,Alshark (System disk).hdm,0x08DDCA,"壬> 壬>","[UNTRANSLATED]"
s_004667,Alshark (System disk).hdm,0x08DDDE,"壇> 壇>","[UNTRANSLATED]"
s_004668,Alshark (System disk).hdm,0x08DDF2,"播> 播>","[UNTRANSLATED]"
s_004669,Alshark (System disk).hdm,0x08DE06,"紋> 紋@","[UNTRANSLATED]"
s_004670,Alshark (System disk).hdm,0x0980B3,"朧Pｪ｡ｪ｣P霸","[UNTRANSLATED]"
s_004671,Alshark (System disk).hdm,0x098C99,"路儡2P0gS","[UNTRANSLATED]"
s_004672,Alshark (System disk).hdm,0x098CD1,"くSｰｼｰｽSぐｴ1S","[UNTRANSLATED]"
s_004675,Alshark (System disk).hdm,0x0AC2C1,"旧qq旧ppqqmnnnop","[UNTRANSLATED]"
s_004676,Alshark (System disk).hdm,0x0AC381,"旧qq旧qqqqz{ｫﾊ|q","[UNTRANSLATED]"
s_004677,Alshark (System disk).hdm,0x0AD941,"鷺条pW","[UNTRANSLATED]"
s_004678,Alshark (System disk).hdm,0x0AEE44,"裟始nnｾoq","[UNTRANSLATED]"
s_004679,Alshark (System disk).hdm,0x0B1018,"跏跏234","[UNTRANSLATED]"
s_004680,Alshark (System disk).hdm,0x0B1518,"跏2Z5ZBBB533ZBBBBBBC54輌ｰ@BBBBBBBBBBBA","[UNTRANSLATED]"
s_004681,Alshark (System disk).hdm,0x0B158D,"鉞2ZBBB53Z533ZBBBBBBBBBBBBBBBBBB54輌ｰ@BBBBBBBBBB1","[UNTRANSLATED]"
s_004682,Alshark (System disk).hdm,0x0B16B0,"銷踟qｰ@@@BBBB@AP","[UNTRANSLATED]"
s_004685,Alshark (System disk).hdm,0x0B1CA3,"誨ｰBB5333Z54鉗","[UNTRANSLATED]"
s_004686,Alshark (System disk).hdm,0x0B2298,"銷覯BBBBBBBBBBBBBBBBﾗﾟ0P","[UNTRANSLATED]"
s_004687,Alshark (System disk).hdm,0x0B2473,"詹)桄WW","[UNTRANSLATED]"
s_004688,Alshark (System disk).hdm,0x0B25A2,"銷qPq{P觚","[UNTRANSLATED]"
s_004689,Alshark (System disk).hdm,0x0B2616,"輌0ﾔjﾔ6j{P鉞23424hｮp","[UNTRANSLATED]"
s_004690,Alshark (System disk).hdm,0x0B2696,"觚誨Pq{P","[UNTRANSLATED]"
s_004693,Alshark (System disk).hdm,0x0B2CEA,"穢000PWW躄@@jP","[UNTRANSLATED]"
s_004694,Alshark (System disk).hdm,0x0B2E84,"覯@BBBBBBBjﾔ6BBBBjPW觚","[UNTRANSLATED]"
s_004695,Alshark (System disk).hdm,0x0B2F04,"誨0ﾔ@BBBBBRqﾔBBBjP詒Wg","[UNTRANSLATED]"
s_004696,Alshark (System disk).hdm,0x0B308A,"誨0ﾔ@A鉗g23ZBBB534","[UNTRANSLATED]"
s_004697,Alshark (System disk).hdm,0x0B31E7,"觚2ZBBBBBBBjP跚2ZBBB1","[UNTRANSLATED]"
s_004698,Alshark (System disk).hdm,0x0B3474,"軾輌ﾔBBj0ﾔ@R","[UNTRANSLATED]"
s_004699,Alshark (System disk).hdm,0x0B3960,"銷qﾔ@6BBBBﾖﾅ輌ﾔBBBBBBB54g","[UNTRANSLATED]"
s_004700,Alshark (System disk).hdm,0x0B3985,"詒2ﾊ{ﾔBBBBBjPg詒","[UNTRANSLATED]"
s_004701,Alshark (System disk).hdm,0x0B39DE,"躙0ﾔ66BBB534詒","[UNTRANSLATED]"
s_004702,Alshark (System disk).hdm,0x0B3A63,"銷q{ﾔB6BBBR鉞2ZBBBBBBBBBBR'","[UNTRANSLATED]"
s_004703,Alshark (System disk).hdm,0x0B3B5E,"跏W2ZB54誨Pq00P","[UNTRANSLATED]"
s_004704,Alshark (System disk).hdm,0x0B3B84,"輌ﾔBB@@BBBB@A跏","[UNTRANSLATED]"
s_004705,Alshark (System disk).hdm,0x0B3D6D,"輌ﾔBBBBBBBBBBBﾖP銷'","[UNTRANSLATED]"
s_004706,Alshark (System disk).hdm,0x0B3E31,"覽UV23ZBBB534躙","[UNTRANSLATED]"
s_004707,Alshark (System disk).hdm,0x0B3E42,"躓UVqﾔj0P詒W","[UNTRANSLATED]"
s_004708,Alshark (System disk).hdm,0x0B3E6D,"躄BBBBBBBBBBBjP踟g'g","[UNTRANSLATED]"
s_004709,Alshark (System disk).hdm,0x0B3EEC,"躙qﾔBBBBB@6B@jPW觚","[UNTRANSLATED]"
s_004710,Alshark (System disk).hdm,0x0B3FB2,"訝cd}BBBBBBBB542334觚","[UNTRANSLATED]"
s_004711,Alshark (System disk).hdm,0x0B3FDB,"軾W0ﾔ@j00PW銷g","[UNTRANSLATED]"
s_004712,Alshark (System disk).hdm,0x0B405C,"軾Wq0P軾","[UNTRANSLATED]"
s_004713,Alshark (System disk).hdm,0x0B46AD,"跏2ZC5423334g輹","[UNTRANSLATED]"
s_004714,Alshark (System disk).hdm,0x0B4801,"跏輌0{ﾘBB54gW","[UNTRANSLATED]"
s_004715,Alshark (System disk).hdm,0x0B4EBB,"跏f誦'Wu","[UNTRANSLATED]"
s_004716,Alshark (System disk).hdm,0x0B5135,"産Y算_o7=","[UNTRANSLATED]"
s_004717,Alshark (System disk).hdm,0x0B536B,"赦ﾏﾞﾌﾏ)oｱﾑﾈ遧~[9OV","[UNTRANSLATED]"
s_004718,Alshark (System disk).hdm,0x0B5435,"糶虎ﾅ~E","[UNTRANSLATED]"
s_004719,Alshark (System disk).hdm,0x0B5908,"算_o貭ﾃ","[UNTRANSLATED]"
s_004720,Alshark (System disk).hdm,0x0B5911,"聆肄</WcIBｲｳ","[UNTRANSLATED]"
s_004721,Alshark (System disk).hdm,0x0B5A28,"寺算TS_TD","[UNTRANSLATED]"
s_004723,Alshark (System disk).hdm,0x0B5A94,"璋鉑ﾄﾁﾂﾃ","[UNTRANSLATED]"
s_004724,Alshark (System disk).hdm,0x0B5B35,"贄鋕ﾄ?U_'==>","[UNTRANSLATED]"
s_004725,Alshark (System disk).hdm,0x0B5BF6,"踰ﾔｴ?J娑8","[UNTRANSLATED]"
s_004726,Alshark (System disk).hdm,0x0B5C6F,"鍍排~KoｱﾑﾒﾓﾔｴM^\","[UNTRANSLATED]"
s_004727,Alshark (System disk).hdm,0x0B5D6F,"貭ﾃﾄ<默ﾓ","[UNTRANSLATED]"
s_004728,Alshark (System disk).hdm,0x0B5E8B,"飾酸onK)YO","[UNTRANSLATED]"
s_004729,Alshark (System disk).hdm,0x0B5FA8,"鉦ﾞﾞﾞｩｩ珠","[UNTRANSLATED]"
s_004730,Alshark (System disk).hdm,0x0B606F,"嬢娼I_?","[UNTRANSLATED]"
s_004731,Alshark (System disk).hdm,0x0B633C,"緒JIJJY酸_T","[UNTRANSLATED]"
s_004732,Alshark (System disk).hdm,0x0B663C,"獏ﾒﾓ蒟~?I","[UNTRANSLATED]"
s_004733,Alshark (System disk).hdm,0x0B6901,"踰ﾔ軻FE","[UNTRANSLATED]"
s_004734,Alshark (System disk).hdm,0x0B6A39,"杯t配{-","[UNTRANSLATED]"
s_004737,Alshark (System disk).hdm,0x0B6D55,"罵m~ﾀﾐ糯","[UNTRANSLATED]"
s_004738,Alshark (System disk).hdm,0x0B748C,"琥qvBBBBBBBB53ｲ6@6@{6C66j{v6jv6B6ﾑP躄66BBBj{{v6BBBBBBBR","[UNTRANSLATED]"
s_004739,Alshark (System disk).hdm,0x0B74EE,"鉗q{v66jPW瀲v6BBBBBjP","[UNTRANSLATED]"
s_004740,Alshark (System disk).hdm,0x0B75BA,"誨v6@6{P觚","[UNTRANSLATED]"
s_004741,Alshark (System disk).hdm,0x0B760E,"覯6BBB6R赳W","[UNTRANSLATED]"
s_004742,Alshark (System disk).hdm,0x0B76D0,"誨P跏QR","[UNTRANSLATED]"
s_004743,Alshark (System disk).hdm,0x0B77EE,"覯6BBBBBBBBBBBBR觚%","[UNTRANSLATED]"
s_004744,Alshark (System disk).hdm,0x0B7954,"跚Q665334觚","[UNTRANSLATED]"
s_004745,Alshark (System disk).hdm,0x0B7991,"跏琥Wqv6BBB54g","[UNTRANSLATED]"
s_004746,Alshark (System disk).hdm,0x0B7A56,"覯6BBBR軾","[UNTRANSLATED]"
s_004747,Alshark (System disk).hdm,0x0B7B6D,"覯BBBBBBR髙ｭ","[UNTRANSLATED]"
s_004748,Alshark (System disk).hdm,0x0B7B94,"觚誨{ﾔ6BBBBA","[UNTRANSLATED]"
s_004749,Alshark (System disk).hdm,0x0B7C18,"覯6BBBBBBRg踴y9:qﾔnBBBBBBBBB@Ry","[UNTRANSLATED]"
s_004750,Alshark (System disk).hdm,0x0B7C99,"誨v6BBBBBB54字","[UNTRANSLATED]"
s_004752,Alshark (System disk).hdm,0x0B7D6A,"赳Q66BBBBBB54g赳Q6BBBBBBBBBBB54g","[UNTRANSLATED]"
s_004753,Alshark (System disk).hdm,0x0B7DD9,"跏g2ZBBBj{{P誧","[UNTRANSLATED]"
s_004754,Alshark (System disk).hdm,0x0B7DED,"誨v66BBBB534覯BBBBBBBBBBBBB54'W","[UNTRANSLATED]"
s_004755,Alshark (System disk).hdm,0x0B7ED8,"覯BBBBB5ﾛ4鍄Hp","[UNTRANSLATED]"
s_004756,Alshark (System disk).hdm,0x0B7F01,"跏q{v6BBﾕﾝP跏g","[UNTRANSLATED]"
s_004757,Alshark (System disk).hdm,0x0B7F17,"觚QBBBBBBBR躙","[UNTRANSLATED]"
s_004758,Alshark (System disk).hdm,0x0B7F73,"赳qﾍ3ﾊﾔ6BB5ZBB534觚qvjﾍZB54","[UNTRANSLATED]"
s_004759,Alshark (System disk).hdm,0x0B7F98,"觚Q6BBBB534觚X","[UNTRANSLATED]"
s_004760,Alshark (System disk).hdm,0x0B7FB4,"珥Q65Z6BBBBBBBB54g輌ﾍZBBBR","[UNTRANSLATED]"
s_004761,Alshark (System disk).hdm,0x0B7FF5,"貊@@BBBBBBBBBBB5333ZBBBBR躙","[UNTRANSLATED]"
s_004762,Alshark (System disk).hdm,0x0B8076,"赳qv6BBBBBBBBBBBBBB66654鉞","[UNTRANSLATED]"
s_004763,Alshark (System disk).hdm,0x0B813A,"濂BBBBBBBBB666666jP軾","[UNTRANSLATED]"
s_004764,Alshark (System disk).hdm,0x0B81FB,"聢ﾘBBBBBBjPW跏","[UNTRANSLATED]"
s_004765,Alshark (System disk).hdm,0x0B823B,"濂BBBBBBﾚﾏ詒%","[UNTRANSLATED]"
s_004766,Alshark (System disk).hdm,0x0B84E4,"褻蔕 0","[UNTRANSLATED]"
s_004767,Alshark (System disk).hdm,0x0B86A6,"記LLLLLLLLT踐4","[UNTRANSLATED]"
s_004768,Alshark (System disk).hdm,0x0B86E3,"鉚m記LLLLLLo","[UNTRANSLATED]"
s_004769,Alshark (System disk).hdm,0x0B88A5,"鉗\mZ_賣","[UNTRANSLATED]"
s_004770,Alshark (System disk).hdm,0x0B89F0,"蠣衫xxxxxx","[UNTRANSLATED]"
s_004771,Alshark (System disk).hdm,0x0B8AF1,"躋y醂ﾃｶ","[UNTRANSLATED]"
s_004772,Alshark (System disk).hdm,0x0B8B34,"轌R諍Ry","[UNTRANSLATED]"
s_004773,Alshark (System disk).hdm,0x0B8B72,"薐y蠣RRy4","[UNTRANSLATED]"
s_004774,Alshark (System disk).hdm,0x0B8BB2,"裹R薐RRE","[UNTRANSLATED]"
s_004775,Alshark (System disk).hdm,0x0B937A,"垂ヱ0 0","[UNTRANSLATED]"
s_004776,Alshark (System disk).hdm,0x0B95DD,"圀 竒 ","[UNTRANSLATED]"
s_004777,Alshark (System disk).hdm,0x0B9973,"棍 0夾F6789","[UNTRANSLATED]"
s_004778,Alshark (System disk).hdm,0x0B9C50,"モヱｃ","[UNTRANSLATED]"
s_004779,Alshark (System disk).hdm,0x0B9D88,"淘髄LLLLLLLLLT","[UNTRANSLATED]"
s_004780,Alshark (System disk).hdm,0x0B9DF3,"モモ÷ÅE","[UNTRANSLATED]"
s_004781,Alshark (System disk).hdm,0x0B9F68,"モモ∝kjLLLLY","[UNTRANSLATED]"
s_004782,Alshark (System disk).hdm,0x0BA0B5,"秒_msq蓿","[UNTRANSLATED]"
s_004783,Alshark (System disk).hdm,0x0BA0EC,"死⇔xqe晴ｕ","[UNTRANSLATED]"
s_004784,Alshark (System disk).hdm,0x0BA2E7,"髄大ﾂy","[UNTRANSLATED]"
s_004789,Alshark (System disk).hdm,0x0BD244,"舶沫ﾞﾞﾝﾝﾞ･ﾛﾞ","[UNTRANSLATED]"
s_004791,Alshark (System disk).hdm,0x0BD4CE,"舶沫ﾞﾞﾝ･ﾞﾞ","[UNTRANSLATED]"
s_004793,Alshark (System disk).hdm,0x0BE705,"猪断!32","[UNTRANSLATED]"
s_004794,Alshark (System disk).hdm,0x0BE901,"趨嵩0  %$""!      32","[UNTRANSLATED]"
s_004795,Alshark (System disk).hdm,0x0BFF5B,"楓楓MAPPR","[UNTRANSLATED]"
s_004796,Alshark (System disk).hdm,0x0C1D09,"誌v嚴Y)j;","[UNTRANSLATED]"
s_004797,Alshark (System disk).hdm,0x0C205B,"庶庶n?;sｷ｣ｶｲ++-Kr","[UNTRANSLATED]"
s_004798,Alshark (System disk).hdm,0x0C2422,"營[++輸","[UNTRANSLATED]"
s_004799,Alshark (System disk).hdm,0x0C2B9D,"誌誌?+++'Ggw","[UNTRANSLATED]"
s_004800,Alshark (System disk).hdm,0x0C4B85,"旧克ﾁﾁﾀ((prrrUUUUb $","[UNTRANSLATED]"
s_004801,Alshark (System disk).hdm,0x0C61DF,"裹ﾁ0褻3?cLLfSdhde00","[UNTRANSLATED]"
s_004802,Alshark (System disk).hdm,0x0C61FA,"垂ヱ0 4","[UNTRANSLATED]"
s_004803,Alshark (System disk).hdm,0x0C62FA,"モヱ000","[UNTRANSLATED]"
s_004804,Alshark (System disk).hdm,0x0C6706,"襁lLLLLLLLLLLLLo蒟4","[UNTRANSLATED]"
s_004805,Alshark (System disk).hdm,0x0C6747,"軆記LLLLLLLLLLT","[UNTRANSLATED]"
s_004806,Alshark (System disk).hdm,0x0C6786,"裼3^炎LLLLLLLLLY","[UNTRANSLATED]"
s_004808,Alshark (System disk).hdm,0x0C7152,"稚tttttttth洄","[UNTRANSLATED]"
s_004809,Alshark (System disk).hdm,0x0C7194,"жjttt詣洄","[UNTRANSLATED]"
s_004810,Alshark (System disk).hdm,0x0C74B9,"いtttttttttttｳｴi棈e","[UNTRANSLATED]"
s_004811,Alshark (System disk).hdm,0x0C7576,"ＳtttttttttttttS賠棈c","[UNTRANSLATED]"
s_004812,Alshark (System disk).hdm,0x0C75B6,"稚ttttttttttttt尋xi","[UNTRANSLATED]"
s_004813,Alshark (System disk).hdm,0x0C7633,"ｃ侔｡tttttttttttttttt｣洄","[UNTRANSLATED]"
s_004815,Alshark (System disk).hdm,0x0C7872,"いtttttttttttttttｳｴ橾ﾂﾂ","[UNTRANSLATED]"
s_004816,Alshark (System disk).hdm,0x0C78B2,"稚ttttttttttttttttt田ccce","[UNTRANSLATED]"
s_004817,Alshark (System disk).hdm,0x0C79FD,"いtttttttttt当ﾝｨﾝｨ","[UNTRANSLATED]"
s_004818,Alshark (System disk).hdm,0x0C7B3A,"付ttttttttttt日","[UNTRANSLATED]"
s_004819,Alshark (System disk).hdm,0x0C7CB8,"付ttttttttttgw洄""","[UNTRANSLATED]"
s_004820,Alshark (System disk).hdm,0x0C7DB6,"破ttttttttttttttt日","[UNTRANSLATED]"
s_004822,Alshark (System disk).hdm,0x0CAD80,"晃鍗WW","[UNTRANSLATED]"
s_004823,Alshark (System disk).hdm,0x0CAEA5,"璞W跏W","[UNTRANSLATED]"
s_004825,Alshark (System disk).hdm,0x0CB4DF,"軾'%鉗W","[UNTRANSLATED]"
s_004827,Alshark (System disk).hdm,0x0CB9FF,"銷銷WW","[UNTRANSLATED]"
s_004828,Alshark (System disk).hdm,0x0CBA34,"軾躙ｭ8","[UNTRANSLATED]"
s_004829,Alshark (System disk).hdm,0x0CBB7C,"怖)Wg跚W","[UNTRANSLATED]"
s_004830,Alshark (System disk).hdm,0x0CBDED,"鉞澹hｮp","[UNTRANSLATED]"
s_004832,Alshark (System disk).hdm,0x0CC1E2,"鉞W跚Wg(","[UNTRANSLATED]"
s_004834,Alshark (System disk).hdm,0x0CC335,"燾W踟'''m''","[UNTRANSLATED]"
s_004836,Alshark (System disk).hdm,0x0CCEB3,"墹UｨUUrrHｵﾀﾀx3ヤт5555A","[UNTRANSLATED]"
s_004837,Alshark (System disk).hdm,0x0CD228,"嫌訣ｿｿｿｿｿｿｿｿｾUgUUUU","[UNTRANSLATED]"
s_004839,Alshark (System disk).hdm,0x0CE074,"拏x[KLe洄M","[UNTRANSLATED]"
s_004842,Alshark (System disk).hdm,0x0CF0FD,"殃))EF))J++++.]ﾋ`gw瑛","[UNTRANSLATED]"
s_004843,Alshark (System disk).hdm,0x0CF9FF,"弗単c89:;+SP","[UNTRANSLATED]"
s_004844,Alshark (System disk).hdm,0x0CFA40,"白t｣ﾀPPc担","[UNTRANSLATED]"
s_004845,Alshark (System disk).hdm,0x0CFBE4,"匱ﾏ敢･ｺﾏ","[UNTRANSLATED]"
s_004847,Alshark (System disk).hdm,0x0D0532,"灯白cAB","[UNTRANSLATED]"
s_004849,Alshark (System disk).hdm,0x0D1C0E,"如PPPﾅ如PDPD","[UNTRANSLATED]"
s_004850,Alshark (System disk).hdm,0x0D35A6,"髄薦｢ﾆBB?","[UNTRANSLATED]"
s_004851,Alshark (System disk).hdm,0x0D3674,"ｌ算ﾜﾝ捻Q99Et","[UNTRANSLATED]"
s_004852,Alshark (System disk).hdm,0x0D39B6,"чVVVV月偽t","[UNTRANSLATED]"
s_004855,Alshark (System disk).hdm,0x0D4639,"レ豪UчF?","[UNTRANSLATED]"
s_004856,Alshark (System disk).hdm,0x0D464E,"ヱv99髄","[UNTRANSLATED]"
s_004860,Alshark (System disk).hdm,0x0D4E16,"чBMMM?9>G瓦D髄","[UNTRANSLATED]"
s_004861,Alshark (System disk).hdm,0x0D4E30,"荘鉅9Eч","[UNTRANSLATED]"
s_004862,Alshark (System disk).hdm,0x0D6699,"鉗逅%%%%%%3","[UNTRANSLATED]"
s_004864,Alshark (System disk).hdm,0x0D6EC7,"蒿､･蒿kkkkkkkkk","[UNTRANSLATED]"
s_004866,Alshark (System disk).hdm,0x0D9545,"甥浬\\\\]","[UNTRANSLATED]"
s_004867,Alshark (System disk).hdm,0x0D9585,"克孜yy//{","[UNTRANSLATED]"
s_004869,Alshark (System disk).hdm,0x0D9634,"克ｨ克{zy""""y{ｶｷ","[UNTRANSLATED]"
s_004870,Alshark (System disk).hdm,0x0D9914,"克耳y""""y{ﾒﾒﾒ!""""","[UNTRANSLATED]"
s_004871,Alshark (System disk).hdm,0x0D9954,"末沫""""""""#","[UNTRANSLATED]"
s_004872,Alshark (System disk).hdm,0x0D9994,"炎}""""|炎]","[UNTRANSLATED]"
s_004873,Alshark (System disk).hdm,0x0D99D4,"克y""""y克{","[UNTRANSLATED]"
s_004875,Alshark (System disk).hdm,0x0D9A54,"惚孜yyｨy{","[UNTRANSLATED]"
s_004877,Alshark (System disk).hdm,0x0D9C87,"髄葬""#ﾍ","[UNTRANSLATED]"
s_004880,Alshark (System disk).hdm,0x0DA027,"惚孜ｨ{ｽ","[UNTRANSLATED]"
s_004881,Alshark (System disk).hdm,0x0DA2B4,"惚寰ｨyyy""""""#!""""""""""""""""""""""#ｽ","[UNTRANSLATED]"
s_004882,Alshark (System disk).hdm,0x0DA51A,"Ｙxxx荼ｷ0!""""""""y""y""""#8!""ymy#088808888ﾆﾇ0!""""""""""""""""""#8!""""y""#i@@@`@@@X矮ﾖﾗ01","[UNTRANSLATED]"
s_004883,Alshark (System disk).hdm,0x0DA59E,"跚ｶｷ0880888!""y/{8zyy""yy惚","[UNTRANSLATED]"
s_004884,Alshark (System disk).hdm,0x0DA5F4,"髄葬""""""#","[UNTRANSLATED]"
s_004885,Alshark (System disk).hdm,0x0DA663,"惚掉0888889%ccccccc'0&ge","[UNTRANSLATED]"
s_004886,Alshark (System disk).hdm,0x0DA909,"炎l""""k炎]ｭ","[UNTRANSLATED]"
s_004888,Alshark (System disk).hdm,0x0DB27D,"Ｙ:z克孜""","[UNTRANSLATED]"
s_004889,Alshark (System disk).hdm,0x0DB479,"髄馳""y#ｰｰｰｰｰｰｰｰｰｰｰｰｰｰｱ","[UNTRANSLATED]"
s_004890,Alshark (System disk).hdm,0x0DB4D7,"Ｙxxxxxx:ﾞﾟ(z惚孜y""yy{ｩ","[UNTRANSLATED]"
s_004891,Alshark (System disk).hdm,0x0DB5D7,"克克ｨy{ﾞﾟｦｧ8!""""""""""#","[UNTRANSLATED]"
s_004893,Alshark (System disk).hdm,0x0DB755,"麹試ｨ{ﾑ","[UNTRANSLATED]"
s_004895,Alshark (System disk).hdm,0x0DB9E4,"惚孜y/y/{ｽ","[UNTRANSLATED]"
s_004896,Alshark (System disk).hdm,0x0DBA96,"炎}""""""|炎]!""""1","[UNTRANSLATED]"
s_004897,Alshark (System disk).hdm,0x0DBAD6,"克y""""""y克{!""""yyyyyyyyy#ｭ","[UNTRANSLATED]"
s_004899,Alshark (System disk).hdm,0x0DBDCA,"克孜{//y""""!""""y""#","[UNTRANSLATED]"
s_004900,Alshark (System disk).hdm,0x0DBEA7,"克試ｨy""#!""""""#!""""""""#","[UNTRANSLATED]"
s_004902,Alshark (System disk).hdm,0x0DC54E,"操巣AvDFEbcvWﾒ","[UNTRANSLATED]"
s_004903,Alshark (System disk).hdm,0x0DC59C,"操ﾑﾑﾐ操","[UNTRANSLATED]"
s_004904,Alshark (System disk).hdm,0x0DC5AA,"操帯｡ﾁﾒ","[UNTRANSLATED]"
s_004905,Alshark (System disk).hdm,0x0DC5CC,"帯ﾀ｡ﾑ操","[UNTRANSLATED]"
s_004906,Alshark (System disk).hdm,0x0DC5EB,"操ﾑﾁﾒ操","[UNTRANSLATED]"
s_004907,Alshark (System disk).hdm,0x0DC6D1,"操チ""SyyU""2","[UNTRANSLATED]"
s_004908,Alshark (System disk).hdm,0x0DC704,"荘チ2""SyU2","[UNTRANSLATED]"
s_004909,Alshark (System disk).hdm,0x0DC737,"瀁+dede痼ﾐ","[UNTRANSLATED]"
s_004910,Alshark (System disk).hdm,0x0DC7E9,"妲學{FF3","[UNTRANSLATED]"
s_004911,Alshark (System disk).hdm,0x0DC9D2,"チSyU""rs2荘ﾒﾑ｡ｰｲﾒ","[UNTRANSLATED]"
s_004912,Alshark (System disk).hdm,0x0DCAAC,"エHHHHHHHIエHHHHHHIﾒ","[UNTRANSLATED]"
s_004913,Alshark (System disk).hdm,0x0DCBF6,"堕ﾒﾒﾒ唾ﾁ｡","[UNTRANSLATED]"
s_004914,Alshark (System disk).hdm,0x0DD4A5,"末沫""""""""""#!""""""""""","[UNTRANSLATED]"
s_004915,Alshark (System disk).hdm,0x0DD5A5,"克y""""""y克{1K","[UNTRANSLATED]"
s_004918,Alshark (System disk).hdm,0x0DD9B3,"施(z克y/y/{ｶｷﾜﾝ","[UNTRANSLATED]"
s_004919,Alshark (System disk).hdm,0x0DDAA7,"麹孜""""""ymymy""#8!""y""y""""#ｶｷﾜﾝ","[UNTRANSLATED]"
s_004920,Alshark (System disk).hdm,0x0DDC51,"麹試yyｨy{ﾞﾟ","[UNTRANSLATED]"
s_004922,Alshark (System disk).hdm,0x0DE157,"甥恰]ｦｧ","[UNTRANSLATED]"
s_004923,Alshark (System disk).hdm,0x0DE1D7,"克孜{ﾜﾝ","[UNTRANSLATED]"
s_004924,Alshark (System disk).hdm,0x0DE566,"克y""y克{ｦｧ8!""""""""""""""""""""#","[UNTRANSLATED]"
s_004925,Alshark (System disk).hdm,0x0DE58F,"末沫#!""""""""""""""#ﾍ","[UNTRANSLATED]"
s_004926,Alshark (System disk).hdm,0x0DE892,"ⅰz麹孜yｨy{","[UNTRANSLATED]"
s_004927,Alshark (System disk).hdm,0x0DE8F2,"ⅰz麹孜""","[UNTRANSLATED]"
s_004928,Alshark (System disk).hdm,0x0DEA41,"克y""y{z克y""y{","[UNTRANSLATED]"
s_004929,Alshark (System disk).hdm,0x0DEA56,"克{zy""y克{!""""""""""#!""""""""""#","[UNTRANSLATED]"
s_004930,Alshark (System disk).hdm,0x0DEC38,"瞋ﾀ瑞ｰｰｰ","[UNTRANSLATED]"
s_004931,Alshark (System disk).hdm,0x0DEC9C,"瑞ｰｰｲﾀｲﾑﾒ荘","[UNTRANSLATED]"
s_004932,Alshark (System disk).hdm,0x0DED39,"操ﾑﾀ｡晴","[UNTRANSLATED]"
s_004933,Alshark (System disk).hdm,0x0DED9A,"荘帯｡ﾑﾒ","[UNTRANSLATED]"
s_004934,Alshark (System disk).hdm,0x0DEDCE,"荘ﾒﾑﾒｱ操","[UNTRANSLATED]"
s_004935,Alshark (System disk).hdm,0x0DEDEE,"続ｱ｡弔ﾑﾒ","[UNTRANSLATED]"
s_004936,Alshark (System disk).hdm,0x0DEE0E,"詑｡｡｡｡ｱ操","[UNTRANSLATED]"
s_004937,Alshark (System disk).hdm,0x0DEE20,"巣Qrs""rsTyU""2荘ﾀ｡","[UNTRANSLATED]"
s_004938,Alshark (System disk).hdm,0x0DEE4E,"帯ﾀ｡｡ﾂﾑ操","[UNTRANSLATED]"
s_004939,Alshark (System disk).hdm,0x0DEE96,"痰1777'''#｡ﾂ操","[UNTRANSLATED]"
s_004940,Alshark (System disk).hdm,0x0DEED7,"ゲTzzzz5&ﾑ操","[UNTRANSLATED]"
s_004941,Alshark (System disk).hdm,0x0DEF8C,"操巣AD6","[UNTRANSLATED]"
s_004942,Alshark (System disk).hdm,0x0DF00F,"隊deffde痼","[UNTRANSLATED]"
s_004943,Alshark (System disk).hdm,0x0DF01E,"晴摺｡ﾂ｢ﾂ","[UNTRANSLATED]"
s_004944,Alshark (System disk).hdm,0x0DF05A,"帯ﾀﾀ晴ﾂ｢ﾒ","[UNTRANSLATED]"
s_004945,Alshark (System disk).hdm,0x0DF098,"操操ﾒﾑﾀﾀﾒ","[UNTRANSLATED]"
s_004946,Alshark (System disk).hdm,0x0DF0A5,"妲妲FF{F3","[UNTRANSLATED]"
s_004947,Alshark (System disk).hdm,0x0DF122,"巣!FFBFBFF{3操","[UNTRANSLATED]"
s_004948,Alshark (System disk).hdm,0x0DF1A0,"操巣`""rs""SyU""2","[UNTRANSLATED]"
s_004949,Alshark (System disk).hdm,0x0DF32A,"巣0777777#巣1'7'67'7#","[UNTRANSLATED]"
s_004950,Alshark (System disk).hdm,0x0DF3A9,"操ゲTzzzz5&","[UNTRANSLATED]"
s_004951,Alshark (System disk).hdm,0x0DF48B,"操!縵j{FF@","[UNTRANSLATED]"
s_004952,Alshark (System disk).hdm,0x0DF499,"待ﾑﾀﾀ晴ﾑﾐﾂﾐ","[UNTRANSLATED]"
s_004953,Alshark (System disk).hdm,0x0DF4BA,"荘ﾑﾀ晴ﾂﾂﾐ","[UNTRANSLATED]"
s_004954,Alshark (System disk).hdm,0x0DF62D,"操シCFEbcv","[UNTRANSLATED]"
s_004955,Alshark (System disk).hdm,0x0DF6C3,"操エHHHHHHI","[UNTRANSLATED]"
s_004956,Alshark (System disk).hdm,0x0DF70F,"操エHHHHHHHHHHI","[UNTRANSLATED]"
s_004957,Alshark (System disk).hdm,0x0DF8C0,"割ттттттттттттттч瓧BB?","[UNTRANSLATED]"
s_004958,Alshark (System disk).hdm,0x0DFC79,"操荘ﾑﾀﾀ","[UNTRANSLATED]"
s_004959,Alshark (System disk).hdm,0x0DFC8C,"荘ﾑﾀﾀ摺ﾀﾑﾑ","[UNTRANSLATED]"
s_004960,Alshark (System disk).hdm,0x0DFC9D,"痼ﾑ巣 {FFFFF{F3","[UNTRANSLATED]"
s_004961,Alshark (System disk).hdm,0x0DFCF5,"巣!FFjj{3待","[UNTRANSLATED]"
s_004962,Alshark (System disk).hdm,0x0DFD18,"縵kj{@荘","[UNTRANSLATED]"
s_004964,Alshark (System disk).hdm,0x0DFE6A,"諤ゲTzzzz5&","[UNTRANSLATED]"
s_004966,Alshark (System disk).hdm,0x0DFEF3,"エHHHHHHHHI荘","[UNTRANSLATED]"
s_004967,Alshark (System disk).hdm,0x0DFF6B,"操ﾒ荘ﾒﾒ","[UNTRANSLATED]"
s_004968,Alshark (System disk).hdm,0x0E045E,"寤;僮89","[UNTRANSLATED]"
s_004970,Alshark (System disk).hdm,0x0E08D6,"末沫""""""#ﾆﾇﾖﾗⅰ","[UNTRANSLATED]"
s_004971,Alshark (System disk).hdm,0x0E08EC,"麹孜{ﾞﾟ","[UNTRANSLATED]"
s_004972,Alshark (System disk).hdm,0x0E0B64,"末沫""""""""#ⅰ","[UNTRANSLATED]"
s_004974,Alshark (System disk).hdm,0x0E1A7B,"眠ｴｸ簫ﾈｰｱ≒/,-","[UNTRANSLATED]"
s_004977,Alshark (System disk).hdm,0x0E1ED2,"仁kKNMCCKNMlneｷﾅﾆｧ昶","[UNTRANSLATED]"
s_004979,Alshark (System disk).hdm,0x0E20BB,"鴫ｴ鞘ﾒﾈｰｴｸ","[UNTRANSLATED]"
s_004981,Alshark (System disk).hdm,0x0E21ED,"切關,ｪｼｼｫｼｫ-","[UNTRANSLATED]"
s_004982,Alshark (System disk).hdm,0x0E222D,"切關,ｺﾉﾉｻﾉｻ-","[UNTRANSLATED]"
s_004983,Alshark (System disk).hdm,0x0E259D,"脊d粒ｱ㌶/xOy","[UNTRANSLATED]"
s_004984,Alshark (System disk).hdm,0x0E4578,"亦鋳12B","[UNTRANSLATED]"
s_004987,Alshark (System disk).hdm,0x0E5C81,"糘碣]s`i`j","[UNTRANSLATED]"
s_004988,Alshark (System disk).hdm,0x0E65A0,"舟e繍JK","[UNTRANSLATED]"
s_004989,Alshark (System disk).hdm,0x0E74A2,"徭姆GGGGGv````ﾀGGGuGGGGGGWrgG","[UNTRANSLATED]"
s_004990,Alshark (System disk).hdm,0x0E75D4,"牛砂ｹｹ*","[UNTRANSLATED]"
s_004991,Alshark (System disk).hdm,0x0E7724,"ブ撩PPP","[UNTRANSLATED]"
s_004992,Alshark (System disk).hdm,0x0E7903,"興ｹ貊DTP","[UNTRANSLATED]"
s_004993,Alshark (System disk).hdm,0x0E7F87,"麹現ｹｹｹ","[UNTRANSLATED]"
s_004994,Alshark (System disk).hdm,0x0E9844,"髄GGGGGuGGGGGGGGvGGGGG髄GG","[UNTRANSLATED]"
s_004995,Alshark (System disk).hdm,0x0E98A2,"麹P麹ｻ/Pa/PPPPPPPP","[UNTRANSLATED]"
s_004996,Alshark (System disk).hdm,0x0E9B0B,"撚QQQQQQQQQQQQ倡**","[UNTRANSLATED]"
s_004997,Alshark (System disk).hdm,0x0E9B27,"會轟ｲｲｲ0ｲ","[UNTRANSLATED]"
s_004998,Alshark (System disk).hdm,0x0E9C62,"恒轟00uGGGv0","[UNTRANSLATED]"
s_004999,Alshark (System disk).hdm,0x0E9C73,"撚QQQQ撚Q0Q","[UNTRANSLATED]"
s_005000,Alshark (System disk).hdm,0x0E9D27,"撚QQQQ撚QQq","[UNTRANSLATED]"
s_005001,Alshark (System disk).hdm,0x0E9D37,"牛麹ｻｹｹ","[UNTRANSLATED]"
s_005002,Alshark (System disk).hdm,0x0E9E27,"撚QQQQQQQQ撚Q0QQQQQQQQQ","[UNTRANSLATED]"
s_005003,Alshark (System disk).hdm,0x0EA267,"姆PGGWGGGWGGGWGGGGG0q娜","[UNTRANSLATED]"
s_005004,Alshark (System disk).hdm,0x0EA286,"撚Q0QQQQQQQQQQQQQQQQ0撚Q","[UNTRANSLATED]"
s_005006,Alshark (System disk).hdm,0x0EA3D0,"尾GGG廨GGGGGGGGGG＝GGGGGGGGGGGGGGg","[UNTRANSLATED]"
s_005008,Alshark (System disk).hdm,0x0EBB08,"滑滑```uWrgW********","[UNTRANSLATED]"
s_005009,Alshark (System disk).hdm,0x0EBB68,"滑滑```","[UNTRANSLATED]"
s_005010,Alshark (System disk).hdm,0x0EBBC8,"滑滑```/οﾎﾎﾎﾌa","[UNTRANSLATED]"
s_005011,Alshark (System disk).hdm,0x0EC551,"儔QQQQQQQQQQQ魯```ﾀa","[UNTRANSLATED]"
s_005013,Alshark (System disk).hdm,0x0ED283,"浤ｰｰﾞｰｰｲ浤ｰｰｰｰｰｰｰｰｰｰｰﾞﾞｰｰｲO_","[UNTRANSLATED]"
s_005014,Alshark (System disk).hdm,0x0ED667,"ブGGGGGGDTGGvPブGGGGPGGG","[UNTRANSLATED]"
s_005015,Alshark (System disk).hdm,0x0ED706,"彗姆GGGGGPGGGWPa/aDST6DTa","[UNTRANSLATED]"
s_005016,Alshark (System disk).hdm,0x0EDBED,"恒ｻ｢ｹｹｹｹP策","[UNTRANSLATED]"
s_005017,Alshark (System disk).hdm,0x0EDFC1,"撚Q00撚QQQQq","[UNTRANSLATED]"
s_005018,Alshark (System disk).hdm,0x0EE5A9,"撚Q00撚Qq","[UNTRANSLATED]"
s_005020,Alshark (System disk).hdm,0x0EE8E1,"撚QQQQ撚QQQQQQQQQQQ0000000000q","[UNTRANSLATED]"
s_005021,Alshark (System disk).hdm,0x0EF4F8,"撈Wsg撈","[UNTRANSLATED]"
s_005022,Alshark (System disk).hdm,0x0EF52C,"ブ拌/PPPPa","[UNTRANSLATED]"
s_005023,Alshark (System disk).hdm,0x0EFEEE,"ブGGPブGPGvPPGGva","[UNTRANSLATED]"
s_005024,Alshark (System disk).hdm,0x0EFF6F,"牛麹ｻ/PPP","[UNTRANSLATED]"
s_005027,Alshark (System disk).hdm,0x0F448C,"磚AAAAA縒tk","[UNTRANSLATED]"
s_005028,Alshark (System disk).hdm,0x0F6962,"徠姆ﾚGGGGGGGﾛGGGGGGGGGGGGGGGG","[UNTRANSLATED]"
s_005029,Alshark (System disk).hdm,0x0F69AF,"οﾎﾎﾎﾎﾎﾌPP麹砂","[UNTRANSLATED]"
s_005030,Alshark (System disk).hdm,0x0F7454,"髄駐|{n{./|","[UNTRANSLATED]"
s_005032,Alshark (System disk).hdm,0x0F7B74,"払､[$t#･描","[UNTRANSLATED]"
s_005033,Alshark (System disk).hdm,0x0F7B8D,"納･､;稗CcDE･","[UNTRANSLATED]"
s_005034,Alshark (System disk).hdm,0x0F7D52,"筈$%""#･QDCDE･弗$%""#5･;､･BCcDE､55･､BCccDE･;67","[UNTRANSLATED]"
s_005035,Alshark (System disk).hdm,0x0F8AC5,"払;5･QDE､5;$%1･･筈､6","[UNTRANSLATED]"
s_005036,Alshark (System disk).hdm,0x0F8C71,"鸛`,ﾋ榘ﾀﾁﾂﾃﾄﾅﾆ﨏i}","[UNTRANSLATED]"
s_005037,Alshark (System disk).hdm,0x0F8F22,"鸛規:;(","[UNTRANSLATED]"
s_005038,Alshark (System disk).hdm,0x0F90F7,"娜<PP(5a/,婪","[UNTRANSLATED]"
s_005039,Alshark (System disk).hdm,0x0F9568,"城KFJ妍<","[UNTRANSLATED]"
s_005041,Alshark (System disk).hdm,0x0F9CD0,"厲  鶚ｯ","[UNTRANSLATED]"
s_005042,Alshark (System disk).hdm,0x0F9D4A,"朞JFKKK妍","[UNTRANSLATED]"
s_005043,Alshark (System disk).hdm,0x0F9FED,"訣VV旧ⅦPPﾓﾔ","[UNTRANSLATED]"
s_005049,Alshark (System disk).hdm,0x0FCB8A,"襯RDq肬p","[UNTRANSLATED]"
s_005050,Alshark (System disk).hdm,0x0FCCBA,"銜Aq糅","[UNTRANSLATED]"
s_005051,Alshark (System disk).hdm,0x0FCD11,"珮銜`","[UNTRANSLATED]"
s_005052,Alshark (System disk).hdm,0x0FD1A6,"轟-懴ﾀﾂﾔ""","[UNTRANSLATED]"
s_005053,Alshark (System disk).hdm,0x0FD222,"踈矮","[UNTRANSLATED]"
s_005054,Alshark (System disk).hdm,0x0FD25C,"懸-.懸vCcfvBx","[UNTRANSLATED]"
s_005056,Alshark (System disk).hdm,0x10064D,"潦潦02hqsssssqt","[UNTRANSLATED]"
s_005058,Alshark (System disk).hdm,0x100CC6,"潦潦002","[UNTRANSLATED]"
s_005059,Alshark (System disk).hdm,0x100CD8,"隝3V隝2","[UNTRANSLATED]"
s_005060,Alshark (System disk).hdm,0x101236,"偸{辷0","[UNTRANSLATED]"
s_005062,Alshark (System disk).hdm,0x1046ED,"猩ﾝｼ獎ﾞ","[UNTRANSLATED]"
s_005064,Alshark (System disk).hdm,0x108737,"滑?滑02","[UNTRANSLATED]"
s_005065,Alshark (System disk).hdm,0x1089C5,"珥璋0000","[UNTRANSLATED]"
s_005067,Alshark (System disk).hdm,0x108EB2,"給笈00002","[UNTRANSLATED]"
s_005069,Alshark (System disk).hdm,0x10A8B5,"沫ﾐﾐ覧L","[UNTRANSLATED]"
s_005070,Alshark (System disk).hdm,0x10A8F6,"躍躍iL","[UNTRANSLATED]"
s_005071,Alshark (System disk).hdm,0x10A937,"躍躍b/ﾓ","[UNTRANSLATED]"
s_005072,Alshark (System disk).hdm,0x10B150,"楓楓DD55","[UNTRANSLATED]"
s_005074,Alshark (System disk).hdm,0x10B937,"尿粕ｨi)","[UNTRANSLATED]"
s_005075,Alshark (System disk).hdm,0x10C015,"勉ﾘﾖﾗﾖ娩ﾖbb＝＝＝＝＝ZZZZZZZZZZuеuuuuеubb･･････････jjjjjjjjjj㊤㏄㊦㊤㊦bb･･････････jjjjjjjjjj㊦㊦㊦㊦㊦bb･･････････jjjjjjjjjj㊦㊦㊦㊦㏄bb･･････････jjjjjjjjjj㊦㊦t㊦㊦㍍b･･････････jjjjjjjjjjt㊦㊦㊦㊦㍍b･･････････jjjjjjjjjj㊦㊦㊦㊦t㍍b･･････････jjjjjjjjjj㊦㊦㊦㊦㊦bb･･････････jjjjjjjjjj㊦㊦㊦㊦㊦bbcdefgcdefg","[UNTRANSLATED]"
s_005076,Alshark (System disk).hdm,0x10E21C,"齠ﾊNｼ姫","[UNTRANSLATED]"
s_005079,Alshark (System disk).hdm,0x10FAC2,"蹼UUG轜","[UNTRANSLATED]"
s_005081,Alshark (System disk).hdm,0x1106F3,"奠烋c}b","[UNTRANSLATED]"
s_005082,Alshark (System disk).hdm,0x110A37,"品）┗澹j","[UNTRANSLATED]"
s_005084,Alshark (System disk).hdm,0x110CD9,"埇轂_ﾕT","[UNTRANSLATED]"
s_005086,Alshark (System disk).hdm,0x110D69,"閠`L2楔","[UNTRANSLATED]"
s_005088,Alshark (System disk).hdm,0x1111C5,"あ!tW袞_ﾎ","[UNTRANSLATED]"
s_005089,Alshark (System disk).hdm,0x11144F,"齡ｪｪ｢ｫ*耶{UU]Tﾕk|","[UNTRANSLATED]"
s_005090,Alshark (System disk).hdm,0x1114B0,"涯UUAU]ﾗwｪｪｪｾｪｯ冾","[UNTRANSLATED]"
s_005091,Alshark (System disk).hdm,0x112299,"痿ｪ飾ｦｪ","[UNTRANSLATED]"
s_005092,Alshark (System disk).hdm,0x113176,"晶EE選ﾕ=pDｵ4Nv","[UNTRANSLATED]"
s_005093,Alshark (System disk).hdm,0x113195,"癡ﾕJﾋｱ岡","[UNTRANSLATED]"
s_005096,Alshark (System disk).hdm,0x11349B,"棯ｪﾂ&嗤","[UNTRANSLATED]"
s_005098,Alshark (System disk).hdm,0x114409,"鏡*ｪｾ筮","[UNTRANSLATED]"
s_005099,Alshark (System disk).hdm,0x115289,"黴*ｪｪ埇","[UNTRANSLATED]"
s_005100,Alshark (System disk).hdm,0x115AD0,"蔚UAUUUS~ｪｪｾｾｪｪｾが","[UNTRANSLATED]"
s_005101,Alshark (System disk).hdm,0x115AF0,"巻ｪがｪｪ｣}UU}_UU~ﾁU","[UNTRANSLATED]"
s_005103,Alshark (System disk).hdm,0x116441,"漾犧>`Q","[UNTRANSLATED]"
s_005106,Alshark (System disk).hdm,0x117896,"練nﾁｪ鵤ｸh","[UNTRANSLATED]"
s_005107,Alshark (System disk).hdm,0x11799B,"齣ﾃ+俣ｼA，","[UNTRANSLATED]"
s_005109,Alshark (System disk).hdm,0x117CDA,"嚥ｨﾌ0橿","[UNTRANSLATED]"
s_005113,Alshark (System disk).hdm,0x118276,"滂Rx鋠G{`","[UNTRANSLATED]"
s_005116,Alshark (System disk).hdm,0x119A21,"傲?ｳ昂U#","[UNTRANSLATED]"
s_005117,Alshark (System disk).hdm,0x11A27E,"宅筑ｫﾟﾜ","[UNTRANSLATED]"
s_005119,Alshark (System disk).hdm,0x11A780,"釗妛ｪﾓｪｫ`","[UNTRANSLATED]"
s_005120,Alshark (System disk).hdm,0x11A8C0,"瑤将ｪmｮｫ","[UNTRANSLATED]"
s_005123,Alshark (System disk).hdm,0x11C969,"謎ｰ助]T","[UNTRANSLATED]"
s_005124,Alshark (System disk).hdm,0x11EBCE,"駱ｼ偆/ﾟ","[UNTRANSLATED]"
s_005126,Alshark (System disk).hdm,0x11EF90,"鶺K筧ｪｲ","[UNTRANSLATED]"
s_005128,Alshark (System disk).hdm,0x11F6B1,"愼UUEZkUc;ｪｪｺ･楳","[UNTRANSLATED]"
s_005129,Alshark (System disk).hdm,0x11F6F1,"喝UUTｪmUuzｪｪｫU逐","[UNTRANSLATED]"
s_005130,Alshark (System disk).hdm,0x11F7B1,"恪ﾕTNｪkUgr*ｫｱU摩","[UNTRANSLATED]"
s_005131,Alshark (System disk).hdm,0x1200D3,"濤ｽWw}ﾞﾍoKﾞｯ蕫","[UNTRANSLATED]"
s_005132,Alshark (System disk).hdm,0x120119,"凬畯ｿGv","[UNTRANSLATED]"
s_005134,Alshark (System disk).hdm,0x120456,"鰹~WWUUブpﾂ U","[UNTRANSLATED]"
s_005137,Alshark (System disk).hdm,0x1208F6,"槹vﾚｾ鑰:","[UNTRANSLATED]"
s_005139,Alshark (System disk).hdm,0x120CD7,"學煜UUUUdﾐﾀUUU@","[UNTRANSLATED]"
s_005141,Alshark (System disk).hdm,0x1210F9,"薮ｫｪｿｪ兤H","[UNTRANSLATED]"
s_005142,Alshark (System disk).hdm,0x121337,"毯Vｮ巻ｫUp","[UNTRANSLATED]"
s_005144,Alshark (System disk).hdm,0x121984,"橿ｲﾃ}ﾟ耒","[UNTRANSLATED]"
s_005146,Alshark (System disk).hdm,0x121B53,"棺ﾊ｢熔UWuD5]n","[UNTRANSLATED]"
s_005147,Alshark (System disk).hdm,0x121CD9,"侚瞰UUTａU)","[UNTRANSLATED]"
s_005148,Alshark (System disk).hdm,0x121D10,"夥ｪｯ*ｪｪ毆TﾕUUhｌUUU","[UNTRANSLATED]"
s_005149,Alshark (System disk).hdm,0x121D2F,"俟皜UUUU_;ﾝｪｪｪｪｪｨﾆ","[UNTRANSLATED]"
s_005150,Alshark (System disk).hdm,0x121D6E,"釜ﾖﾟ鼻UU","[UNTRANSLATED]"
s_005157,Alshark (System disk).hdm,0x123100,"筆ZX擘R=`","[UNTRANSLATED]"
s_005158,Alshark (System disk).hdm,0x123176,"晶EE檪ﾕ=pDｵ4Bp","[UNTRANSLATED]"
s_005159,Alshark (System disk).hdm,0x1231B0,"麌ﾂ｢_d将","[UNTRANSLATED]"
s_005160,Alshark (System disk).hdm,0x123576,"醢u鈆y","[UNTRANSLATED]"
s_005161,Alshark (System disk).hdm,0x1235DC,"がﾊ@ぃﾇ","[UNTRANSLATED]"
s_005163,Alshark (System disk).hdm,0x1263C5,"淬淞ｪｪｪｪｪｯ","[UNTRANSLATED]"
s_005164,Alshark (System disk).hdm,0x126DF5,"埠RE票ﾗ","[UNTRANSLATED]"
s_005166,Alshark (System disk).hdm,0x127EA2,"官ｨｪ 唖*","[UNTRANSLATED]"
s_005167,Alshark (System disk).hdm,0x128841,"藏UW煦｢","[UNTRANSLATED]"
s_005171,Alshark (System disk).hdm,0x12B67D,"各賂ｩTｪﾕ","[UNTRANSLATED]"
s_005180,Alshark (System disk).hdm,0x12DB96,"竦塵ｪｼｫｼｼｼｫｼo","[UNTRANSLATED]"
s_005181,Alshark (System disk).hdm,0x12DBD6,"竦塵ｺﾉｻﾉﾉﾉｻﾉo","[UNTRANSLATED]"
s_005182,Alshark (System disk).hdm,0x12DC16,"竦塵ﾊｬﾋｬｬｬﾋｱo","[UNTRANSLATED]"
s_005185,Alshark (System disk).hdm,0x12E05D,"雛ｱｱ≒/j.xyxy.j/厨","[UNTRANSLATED]"
s_005186,Alshark (System disk).hdm,0x12E09C,"籔ｾssrﾖ/o/JﾔJﾔ/o/厨","[UNTRANSLATED]"
s_005187,Alshark (System disk).hdm,0x12E15D,"雛ｱｱ≒/j.mDEn.j/厨","[UNTRANSLATED]"
s_005188,Alshark (System disk).hdm,0x12E1DD,"雛ｱｱ≒/j/mDEn/j/厨","[UNTRANSLATED]"
s_005190,Alshark (System disk).hdm,0x12EEF8,"災ｽHmH鋿","[UNTRANSLATED]"
s_005191,Alshark (System disk).hdm,0x12F0F4,"楳鄲}ﾐｷHｽh@R","[UNTRANSLATED]"
s_005194,Alshark (System disk).hdm,0x12FBE0,"疳ﾓ瑣､,","[UNTRANSLATED]"
s_005195,Alshark (Opening disk).hdm,0x0D0AC3,"でﾓ‥‥だｯﾃ‥‥‥@! ﾁｮｯﾄ、シオン。 何ﾄｶﾅﾝﾅｲﾉ？@! ｺﾉﾏﾏじｬｱ、ｱﾅﾀﾉｵ父ｻﾝﾓ   @ 一緒ﾆ殺ｻﾚﾁｬｳﾉﾖ！！」!_","But... Sion! You've got to do something! If we don't, your father will be killed too!"
s_005196,Alshark (Opening disk).hdm,0x0D0A43,"お父さま‥‥‥‥!@ シオン、!お父さま達が捕ﾏｯﾃﾙ」!_","[UNTRANSLATED]"
s_005197,Alshark (Opening disk).hdm,0x0D0EF9,"急げ！！@! アルシャークﾊ、ｿｳ遠ｸﾍﾊ行ｯﾃｲﾅｲﾊずだ」!#O#DA+","Hurry! The Alshark can't have gotten far!"
s_005198,Alshark (Opening disk).hdm,0x0D1A97,"急げ！！@!アルシャークﾊ、ｿｳ遠ｸﾍﾊ行ｯﾃｲﾅｲﾊずだ」!#DA+","Hurry! The Alshark can't have gotten far!"
s_005199,Alshark (Opening disk).hdm,0x0D0B32,"落ﾁ着ｲﾃ、ショーコ。!@ ﾏだ、殺ｻﾚﾙﾄ決ﾏｯﾀﾜｹじｬﾅｲだﾛｳ」!_","[UNTRANSLATED]"
s_005200,Alshark (Opening disk).hdm,0x0D1B33,"落ﾁ着ｲﾃ、ショーコ。!@ﾏだ、殺ｻﾚﾙﾄ決ﾏｯﾀﾜｹじｬﾅｲだﾛｳ」!_","[UNTRANSLATED]"
s_005201,Alshark (Opening disk).hdm,0x0D07CC,"シオンﾄショーコﾊ、   @岩陰ﾆ身ｦﾋｿﾒﾃ様子ｦｳｶがｯﾀ。!@ ２人ﾉ父親ﾀﾁｦ含ﾑ調査隊ﾉ面々ﾓ @ｿﾉ現場ﾍ来ﾃｲﾙﾊずだｯﾀ。!_","Sion and Shoko took cover. The survey team—including both their fathers—was supposed to be here."
s_005202,Alshark (Opening disk).hdm,0x0D08CA,"連邦軍ﾉ船ｶｼﾗ。!@ でﾓ、見慣ﾚﾅｲタイプﾖﾈ」!_","[UNTRANSLATED]"
s_005203,Alshark (Opening disk).hdm,0x0D0E5F,"無慈悲ﾅﾙ銃声が３発、峡谷ﾆｺだﾏｽﾙ。!@ シオンﾄショーコﾊ、声ｦｱげﾙｺﾄﾓでｷﾅｶｯﾀ!!_","[UNTRANSLATED]"
s_005204,Alshark (Opening disk).hdm,0x0D1A39,"無慈悲ﾅﾙ銃声が３発、峡谷ﾆｺだﾏｼﾀ。!@ シオンﾄショーコﾊ、声ｦｱげﾙ暇ﾓﾅｶｯﾀ。!_","[UNTRANSLATED]"
s_005205,Alshark (Opening disk).hdm,0x0D0941,"ゾリアスｯﾃ‥‥‥@! ﾁｮｯﾄ、ﾅﾝでｺﾝﾅ所ﾆ来ﾃﾝﾉﾖ？！」!_","[UNTRANSLATED]"
s_005206,Alshark (Opening disk).hdm,0x0D0A89,"静ｶﾆ！! @B 見ﾂｶｯﾀﾗ、俺達ﾏで捕ﾏｯﾁﾏｳぞ」!_","[UNTRANSLATED]"
s_005207,Alshark (Opening disk).hdm,0x0D0D75,"マモン‥‥‥大丈夫ｶ？‥‥」!#O_","[UNTRANSLATED]"
s_005208,Alshark (Opening disk).hdm,0x0D1AF0,"何ﾄｶﾅﾝﾅｲﾉ？ !ｺﾉﾏﾏじｬｱ、@ｱﾅﾀﾉｵ父ｻﾝﾓ一緒ﾆ殺ｻﾚﾁｬｳﾉﾖ」!_","[UNTRANSLATED]"
s_005209,Alshark (Opening disk).hdm,0x0D0DF2,"マモン！!#OB どｳｼﾀﾝだ？」!#L","Commander! What's wrong?!"
s_005210,Alshark (Opening disk).hdm,0x0D19DF,"マモン！ どｳｼﾀﾝだ？」!#L","[UNTRANSLATED]"
s_005211,Alshark (Opening disk).hdm,0x0D0D16,"がｧｱーーー！！」!#O#P","[UNTRANSLATED]"
s_005212,Alshark (Opening disk).hdm,0x0D0D43,"マモン！！」!#L","[UNTRANSLATED]"
s_005213,Alshark (Opening disk).hdm,0x0D0914,"ゾリアス帝国ﾉ戦闘艇だぞ」!_","[UNTRANSLATED]"
s_005214,Alshark (Opening disk).hdm,0x00421C,"ユｰザｰディスクｦ作成ｼﾏｽ。@ブランクディスクｦドライブ２ﾆ@入ﾚ、何ｶキｰｦ押ｼﾃｸだｻｲ","[UNTRANSLATED]"
s_005215,Alshark (Opening disk).hdm,0x0D19A9,"悪ｸﾅｲ・・・・」!#L
_","[UNTRANSLATED]"
s_005216,Alshark (Opening disk).hdm,0x0D083D,"調査隊ﾉジェットホバー以外ﾆ  得体ﾉｼﾚﾅｲ宇宙船が着陸ｼﾃｲﾀﾉでｱﾙ。!#L","[UNTRANSLATED]"
s_005217,Alshark (Opening disk).hdm,0x0D0982,"シッ！ 出ﾃ来ﾙぞ」E!F_","[UNTRANSLATED]"
s_005218,Alshark (Opening disk).hdm,0x0D0BC4,"ゾリアス兵達ﾉ一瞬ﾉ間隙ｦﾂｲﾃ、  @ジド達が、ゾリアスﾉ指揮官ﾆ襲ｲｶｶｯﾀﾉだ。!#L","[UNTRANSLATED]"
s_005219,Alshark (Opening disk).hdm,0x0D0C17,"ジドﾉ強烈ﾅ一撃が、  @ゾリアス指揮官ﾉ額ｦﾄﾗｴﾀ！！!#L","[UNTRANSLATED]"
s_005220,Alshark (Opening disk).hdm,0x0D0C51,"ゾリアス指揮官ﾊ、ﾓﾝどﾘｳｯﾃ倒ﾚ込ﾝだ。@! ｿｼﾃ、ｿﾉ手ﾆ握ﾗﾚﾀ銃ｦ奪ｵｳﾄ  @ペンローズ博士が駆ｹ込ﾝだ。!#L","The Zolius commander staggered and fell. Dr. Penrose saw his chance and lunged for the gun"
s_005221,Alshark (Opening disk).hdm,0x0D0CB7,"ペンローズ博士がｿﾉ銃ﾆ触ﾚﾀ瞬間、  異変が起ｺｯﾀ！!#C#Z^#F","Dr. Penrose touched the gun... and it went haywire!!"
s_005222,Alshark (Opening disk).hdm,0x0D0EAB,"今ﾔ、ｽでﾆ別人ﾄ化ｼﾃｼﾏｯﾀペンローズ博士ﾉ号令が響ｷﾜﾀﾙ。!_","[UNTRANSLATED]"
s_005223,Alshark (Opening disk).hdm,0x0D0B93,"突然、銃声が鳴ﾘ響ｷ、２人ﾊ驚ｲﾃ振ﾘ返ｯﾀ。!#L","[UNTRANSLATED]"
s_005224,Alshark (Opening disk).hdm,0x0D079B,"峡谷ﾉ隕石が落下ｼﾀ現場ﾊ、   @ﾋｯｿﾘﾄ静ﾏﾘｶｴｯﾃｲﾀ。!_","[UNTRANSLATED]"
s_005225,Alshark (Opening disk).hdm,0x0D09A8,"宇宙船ﾉタラップが音ﾓﾅｸ開ｸ。!#L","[UNTRANSLATED]"
s_005226,Alshark (Opening disk).hdm,0x0D09CE,"２人ﾊ、ｶﾀずｦ飲ﾝでｿﾉ光景ｦ見守ｯﾀ。!#L","[UNTRANSLATED]"
s_005227,Alshark (Opening disk).hdm,0x004294,"作業が終了ｼﾏｼﾀ。@デｰタディスクｦドライブ２ﾆ@戻ｼ、何ｶキｰｦ押ｼﾃｸだｻｲ","[UNTRANSLATED]"
s_005228,Alshark (Opening disk).hdm,0x004306,"デｰタｦセｰブｼﾏｽ。@ユｰザｰディスクｦドライブ２ﾆ@入ﾚ、何ｶキｰｦ押ｼﾃｸだｻｲ","[UNTRANSLATED]"
s_005229,Alshark (Opening disk).hdm,0x004348,"デｰタｦロｰドｼﾏｽ。@ユｰザｰディスクｦドライブ２ﾆ@入ﾚ、何ｶキｰｦ押ｼﾃｸだｻｲ","[UNTRANSLATED]"
s_005230,Alshark (Opening disk).hdm,0x0045E4,"ディスクﾊ書ｷ込ﾐ禁止でｽ。@準備がでｷﾀﾗ、@何ｶキｰｦ押ｼﾃｸだｻｲ。","[UNTRANSLATED]"
s_005231,Alshark (Opening disk).hdm,0x004816,"現在ﾉエンジンでﾊ、@目的地点ﾏでﾉ航行ﾊ、@不可能でｽ。","[UNTRANSLATED]"
s_005232,Alshark (Opening disk).hdm,0x0D1BBF,"ゾリアス兵達ﾉ一瞬ﾉ間隙ｦﾂｲﾃ、ジド達が@ゾリアスﾉ指揮官ﾆ襲ｲｶｶｯﾀﾉだ。N","[UNTRANSLATED]"
s_005233,Alshark (Opening disk).hdm,0x004268,"ユｰザｰディスクｦ作成中でｽ。@ｼばﾗｸｵ待ﾁｸだｻｲ。","[UNTRANSLATED]"
s_005234,Alshark (Opening disk).hdm,0x00467B,"アイテムがｲｯぱｲで、@装備ｦ取ﾘ外ｽｺﾄがでｷﾅｲ。","[UNTRANSLATED]"
s_005235,Alshark (Opening disk).hdm,0x0D08F7,"シオン@/","[UNTRANSLATED]"
s_005236,Alshark (Opening disk).hdm,0x0047BC,"亜空間航法ﾉ目標ﾉ恒星ｦ@指定ｼﾃｸだｻｲ。","[UNTRANSLATED]"
s_005237,Alshark (Opening disk).hdm,0x0046EC,"装備の対象ﾄﾅﾙアイテムが@ｱﾘﾏｾﾝ。","[UNTRANSLATED]"
s_005238,Alshark (Opening disk).hdm,0x00052E,"ちゃんと動いてるよ！@","[UNTRANSLATED]"
s_005239,Alshark (Opening disk).hdm,0x00461E,"フォーマットﾆ失敗ｼﾏｼﾀ。@","[UNTRANSLATED]"
s_005241,Alshark (Opening disk).hdm,0x09E017,"払*JT物#GO睡9","SYSTEM FAIL"
s_005242,Alshark (Opening disk).hdm,0x0FE5A5,"頽{拉;ﾌ#Y踴","[UNTRANSLATED]"
s_005243,Alshark (Opening disk).hdm,0x0046A8,"アイテムｦｺｺで使ｳｺﾄﾊ@でｷﾅｲ。","[UNTRANSLATED]"
s_005244,Alshark (Opening disk).hdm,0x0047E2,"目的地点ﾆ設定ｼﾏｽ。@@ﾖﾛｼｲでｽｶ？","[UNTRANSLATED]"
s_005245,Alshark (Opening disk).hdm,0x004801,"亜空間航法ﾆ突入ｼﾏｽ。","[UNTRANSLATED]"
s_005246,Alshark (Opening disk).hdm,0x001461,"裹裹裹裹裹裹裹裹裹裹裹裹裹裹裹","[UNTRANSLATED]"
s_005247,Alshark (Opening disk).hdm,0x001FE1,"裹裹裹裹裹裹裹裹裹裹裹裹裹裹裹蛹ﾈ借実厲ﾐｼ","[UNTRANSLATED]"
s_005248,Alshark (Opening disk).hdm,0x002863,"ディスクを@１ドライブに入れて@何かキーを押してください","[UNTRANSLATED]"
s_005249,Alshark (Opening disk).hdm,0x0028A6,"ディスクを１ドライブに@　　　　　　ディスクを１ドライブに@入れて、何かキーを押してください","[UNTRANSLATED]"
s_005250,Alshark (Opening disk).hdm,0x00414D,"データ表示@ステｰタス@アイテム@作戦@装備変更@特殊能力@システム","Data / Status / Items / Tactics / Equip / Skills / System"
s_005251,Alshark (Opening disk).hdm,0x0042D7,"システム〉@セｰブ@ロｰド@メッセｰジ@UDフォｰマット","System> Save / Load / Message / Format"
s_005252,Alshark (Opening disk).hdm,0x0043F8,"アタック@特殊能力@アイテム@装備変更@ステータス@戦闘離脱","Attack / Skills / Item / Equip / Status / Flee"
s_005253,Alshark (Opening disk).hdm,0x004430,"ファイアー@応急修理@データ表示@戦闘離脱","Fire / Repair / Scan / Escape"
s_005254,Alshark (Opening disk).hdm,0x004478,"格納庫@武装変更@応急修理@兵器開発@兵器解体@上陸ｽﾙ@離陸ｽﾙ","Hangar / Outfit / Repair / Craft / Scrap / Land / Launch"
s_005255,Alshark (Opening disk).hdm,0x0046D9,"アイテムﾊ捨ﾃﾗﾚﾅｲ！","[UNTRANSLATED]"
s_005256,Alshark (Opening disk).hdm,0x00472B,"ャeスト＞@マップ@ビットON@スクロール@戦闘@アイテム@参加@ｵ金@戦闘能力@効果音@音楽@","Opt.> Map / Display / Scroll / Battle / Item / Party / Money / Stats / SFX / Music"
s_005257,Alshark (Opening disk).hdm,0x00477D,"恒星間移動@宇宙マップ@データ表示@応急修理@コクピット","Jump / Star Map / Scan / Repair / Bridge"
s_005258,Alshark (Opening disk).hdm,0x004849,"操作設定@修復設定@データ表示@ファイター@戦闘離脱","Config  Repair  Data  Fighter  Escape"
s_005259,Alshark (Opening disk).hdm,0x0048C6,"格納庫@武装変更@応急修理@兵器開発@兵器解体@システム","Hangar  Equip  Repair  Develop  Scrap  System"
s_005262,Alshark (Opening disk).hdm,0x0D0FC4,"ゾリアス兵達ﾉ一瞬ﾉ間隙ｦﾂｲﾃ、  @ジド達が、ゾリアスﾉ指揮官ﾆ襲ｲ","[UNTRANSLATED]"
s_005264,Alshark (Opening disk).hdm,0x0046C7,"使ｯﾃﾓ効果がﾅｲ！","[UNTRANSLATED]"
s_005265,Alshark (Opening disk).hdm,0x00470C,"最初から始める@ロードスタート","[UNTRANSLATED]"
s_005266,Alshark (Opening disk).hdm,0x00496B,"ファイターの出撃を準備します","[UNTRANSLATED]"
s_005267,Alshark (Opening disk).hdm,0x004899,"着陸ｼﾏｽ。@@ﾖﾛｼｲでｽｶ？","[UNTRANSLATED]"
s_005268,Alshark (Opening disk).hdm,0x004950,"自動修復をキャンセルします","[UNTRANSLATED]"
s_005269,Alshark (Opening disk).hdm,0x0D1AE4,"シオン/","[UNTRANSLATED]"
s_005270,Alshark (Opening disk).hdm,0x004988,"ファイターを帰還させます","[UNTRANSLATED]"
s_005271,Alshark (Opening disk).hdm,0x004639,"メッセｰジスピｰド〉@   速ｲ@   普通@   遅ｲ","[UNTRANSLATED]"
s_005272,Alshark (Opening disk).hdm,0x004939,"自動修復をセットします","[UNTRANSLATED]"
s_005273,Alshark (Opening disk).hdm,0x0049A1,"自動操縦に切り替えます","[UNTRANSLATED]"
s_005274,Alshark (Opening disk).hdm,0x0049B8,"手動操縦に切り替えます","[UNTRANSLATED]"
s_005275,Alshark (Opening disk).hdm,0x0049CF,"ファイターが出撃中です","[UNTRANSLATED]"
s_005276,Alshark (Opening disk).hdm,0x00B26F,"戮拔抛挂捍掵搆撼攀敕P","[UNTRANSLATED]"
s_005278,Alshark (Opening disk).hdm,0x000407,"環讌茫旗竿讌茫顔韓ﾑ","[UNTRANSLATED]"
s_005279,Alshark (Opening disk).hdm,0x00445D,"でﾆ搭載ｻﾚﾀ@タンクが存在ｼﾏｽ","[UNTRANSLATED]"
s_005280,Alshark (Opening disk).hdm,0x004913,"自動修復@修復しない","[UNTRANSLATED]"
s_005281,Alshark (Opening disk).hdm,0x00315D,"環讌茫旗竿讌茫鍠","[UNTRANSLATED]"
s_005282,Alshark (Opening disk).hdm,0x0045D1,"格納庫内アイテム","[UNTRANSLATED]"
s_005283,Alshark (Opening disk).hdm,0x00487A,"出撃命令@修復設定@","[UNTRANSLATED]"
s_005284,Alshark (Opening disk).hdm,0x004927,"自動戦闘@手動戦闘","[UNTRANSLATED]"
s_005285,Alshark (Opening disk).hdm,0x00B02E,"繕抛挂捍掵搆敕P灰","[UNTRANSLATED]"
s_005287,Alshark (Opening disk).hdm,0x00319D,"環讌茫旗竿讌茫","[UNTRANSLATED]"
s_005290,Alshark (Opening disk).hdm,0x0D0CFF,"ペンローズ博士@/","[UNTRANSLATED]"
s_005291,Alshark (Opening disk).hdm,0x0D0D97,"ペンローズ博士@A/","[UNTRANSLATED]"
s_005292,Alshark (Opening disk).hdm,0x10860D,"劯顆χ晙涯脱ｪT鈆｢ﾗｰﾟ顥ｮ","[UNTRANSLATED]"
s_005295,Alshark (Opening disk).hdm,0x002809,"オープニング","[UNTRANSLATED]"
s_005296,Alshark (Opening disk).hdm,0x00283D,"エンディング","[UNTRANSLATED]"
s_005299,Alshark (Opening disk).hdm,0x007A57,"潅鮻_訐看鮻_訐ﾆED","[UNTRANSLATED]"
s_005300,Alshark (Opening disk).hdm,0x00B261,"怺愍頭惺愍内","[UNTRANSLATED]"
s_005301,Alshark (Opening disk).hdm,0x00B661,"叮辧幌劍圻堝","[UNTRANSLATED]"
s_005302,Alshark (Opening disk).hdm,0x04942E,"獰湍Dﾄ潭H?猜箱臍","[UNTRANSLATED]"
s_005305,Alshark (Opening disk).hdm,0x06B01E,"莅ﾎ銷讎ﾄ蒭ﾄ逝靂","[UNTRANSLATED]"
s_005307,Alshark (Opening disk).hdm,0x077E37,"女償㍼椽庄昇ｹ岌｣","[UNTRANSLATED]"
s_005312,Alshark (Opening disk).hdm,0x0DEDB0,"靫頡頡毖汯倢zｽｪUJ%*","[UNTRANSLATED]"
s_005313,Alshark (Opening disk).hdm,0x0DFD27,"瀾幔ｶﾋ褪9ﾜ荢;斛f2勵ﾔZY","[UNTRANSLATED]"
s_005314,Alshark (Opening disk).hdm,0x0E06CF,"獎靤靤ｨﾐ靤靤頏jtz42","[UNTRANSLATED]"
s_005316,Alshark (Opening disk).hdm,0x0E5587,"刪f""刪f""刪f""刪f""刪f""刪","[UNTRANSLATED]"
s_005317,Alshark (Opening disk).hdm,0x0E57BF,"刪f""刪f""刪f""刪f""刮c&枕i","[UNTRANSLATED]"
s_005318,Alshark (Opening disk).hdm,0x0E7074,"刪f""刪f""刪f""刪f""刮c&枕h","[UNTRANSLATED]"
s_005320,Alshark (Opening disk).hdm,0x0007DD,"讌茫韓ｰ(讌茫
","[UNTRANSLATED]"
s_005321,Alshark (Opening disk).hdm,0x0022E5,"簷簷簷竓ﾚ錙","[UNTRANSLATED]"
s_005323,Alshark (Opening disk).hdm,0x002830,"ビジュアル::","[UNTRANSLATED]"
s_005325,Alshark (Opening disk).hdm,0x00450E,"タンク@徒歩","[UNTRANSLATED]"
s_005326,Alshark (Opening disk).hdm,0x00451B,"アトライア@","[UNTRANSLATED]"
s_005327,Alshark (Opening disk).hdm,0x0048B6,"話ｼｶｹﾙ@隊列変更","[UNTRANSLATED]"
s_005328,Alshark (Opening disk).hdm,0x0062C6,"獏獏獏獏煢","[UNTRANSLATED]"
s_005329,Alshark (Opening disk).hdm,0x00637D,"靦靦靦靦闃e","[UNTRANSLATED]"
s_005330,Alshark (Opening disk).hdm,0x0069FB,"葭獏獏獏獏","[UNTRANSLATED]"
s_005331,Alshark (Opening disk).hdm,0x00779E,"右 畿,右.畿2右4ｸ","[UNTRANSLATED]"
s_005332,Alshark (Opening disk).hdm,0x007A3C,"獏獏獏獗闍ﾈ","[UNTRANSLATED]"
s_005333,Alshark (Opening disk).hdm,0x00B815,"曲ｷ%館靫鰉驫ﾙ","[UNTRANSLATED]"
s_005334,Alshark (Opening disk).hdm,0x020179,"葭獏獏獏煖","[UNTRANSLATED]"
s_005335,Alshark (Opening disk).hdm,0x020E2A,"間嬉ﾑﾚ竿岩ｫ糅Y","[UNTRANSLATED]"
s_005336,Alshark (Opening disk).hdm,0x020E45,"獏獏獏煖ﾐﾑ獏","[UNTRANSLATED]"
s_005337,Alshark (Opening disk).hdm,0x043B18,"偽畿｢U｢ﾑ靱頡氿","[UNTRANSLATED]"
s_005338,Alshark (Opening disk).hdm,0x046F09,"慚輳{]N'#!沌ｮｨ遍棏ﾖｲｼ","[UNTRANSLATED]"
s_005339,Alshark (Opening disk).hdm,0x0494E8,"湍Dﾄ潭H?猜箱臍","[UNTRANSLATED]"
s_005340,Alshark (Opening disk).hdm,0x04D07F,"崘|ｾ夕m&2;撩ﾎG遘鴿ｴﾞz","[UNTRANSLATED]"
s_005344,Alshark (Opening disk).hdm,0x06E91E,"ф∠亦Φ翕砒ﾁ杦ⅹ＂鈼ｺｲt","[UNTRANSLATED]"
s_005347,Alshark (Opening disk).hdm,0x07246D,"燿瑩瑩濾璧","[UNTRANSLATED]"
s_005352,Alshark (Opening disk).hdm,0x0B1BB8,"瑾鞴珸狢鞨","[UNTRANSLATED]"
s_005353,Alshark (Opening disk).hdm,0x0DA0FC,"廩ｪQｫQ｣Sｫﾓ｣Q｣Q｡Q痃疽絏餡","[UNTRANSLATED]"
s_005354,Alshark (Opening disk).hdm,0x0DA313,"塒ﾄﾀ眥篦蕚粲","[UNTRANSLATED]"
s_005355,Alshark (Opening disk).hdm,0x0DB1C2,"獎靤靤(勢粋","[UNTRANSLATED]"
s_005356,Alshark (Opening disk).hdm,0x0DB6D6,"唳ｫQ｣Sｫﾓ｣Q｣Q｡Q疸鑼鎹鎹","[UNTRANSLATED]"
s_005357,Alshark (Opening disk).hdm,0x0DB823,"侘菻靤靫靤","[UNTRANSLATED]"
s_005358,Alshark (Opening disk).hdm,0x0DC7E7,"轍｣C｣ﾓ｣Q｣Q｡Q鑼鑼鎹鎹","[UNTRANSLATED]"
s_005360,Alshark (Opening disk).hdm,0x10F8F7,"鷆鷆ｪ_猤ｮWｫWｫWｫUｫUｪUｪUｪUｪuｺUｺUｪUｪUｫﾕ鷆黏","[UNTRANSLATED]"
s_005361,Alshark (Opening disk).hdm,0x000050,"嬉監2葭闃ﾈ.","[UNTRANSLATED]"
s_005362,Alshark (Opening disk).hdm,0x0007D1,"籥ｰ'讌茫旗ｰ","[UNTRANSLATED]"
s_005363,Alshark (Opening disk).hdm,0x0020DB,"己借実厲ﾐｼ","[UNTRANSLATED]"
s_005364,Alshark (Opening disk).hdm,0x002311,"簷簷簷竓ﾚ","[UNTRANSLATED]"
s_005365,Alshark (Opening disk).hdm,0x002331,"管譴PXPXPXPXPX甘譬ﾃｸ","[UNTRANSLATED]"
s_005367,Alshark (Opening disk).hdm,0x0025D8,"嬉監2葭闃ﾈ","[UNTRANSLATED]"
s_005369,Alshark (Opening disk).hdm,0x00272A,"潅ｪ竿ｪ環ｪ看ｪ","[UNTRANSLATED]"
s_005370,Alshark (Opening disk).hdm,0x002816,"システム::::","[UNTRANSLATED]"
s_005371,Alshark (Opening disk).hdm,0x00284A,"ユーザー::::","[UNTRANSLATED]"
s_005373,Alshark (Opening disk).hdm,0x003172,"粳ｰ'讌茫旗ｰ","[UNTRANSLATED]"
s_005374,Alshark (Opening disk).hdm,0x003F20,"簡ｬ韓ｭ串VW鞐","[UNTRANSLATED]"
s_005375,Alshark (Opening disk).hdm,0x0044B1,"搬出ｽﾙ@格納ｽﾙ","[UNTRANSLATED]"
s_005376,Alshark (Opening disk).hdm,0x004500,"開発ｽﾙ@中止ｽﾙ","[UNTRANSLATED]"
s_005377,Alshark (Opening disk).hdm,0x00466B,"使ｳ@捨ﾃﾙ@解体ｽﾙ","[UNTRANSLATED]"
s_005378,Alshark (Opening disk).hdm,0x0047B2,"確認@変更","[UNTRANSLATED]"
s_005379,Alshark (Opening disk).hdm,0x00488D,"帰艦命令@","[UNTRANSLATED]"
s_005380,Alshark (Opening disk).hdm,0x007FDB,"葭獏煖ﾘ3ﾀ借","[UNTRANSLATED]"
s_005383,Alshark (Opening disk).hdm,0x00B60E,"鋓ﾛ?甘誧ﾇ銧","[UNTRANSLATED]"
s_005384,Alshark (Opening disk).hdm,0x00B6AC,"圉喪化《z敗","[UNTRANSLATED]"
s_005385,Alshark (Opening disk).hdm,0x0202F1,"芫ﾘﾑ獏獏獏","[UNTRANSLATED]"
s_005386,Alshark (Opening disk).hdm,0x020DC0,"間嬉ﾑ竓ﾆ岩&","[UNTRANSLATED]"
s_005387,Alshark (Opening disk).hdm,0x020DD2,"間嬉ﾑﾒ竿岩&","[UNTRANSLATED]"
s_005390,Alshark (Opening disk).hdm,0x04379F,"黏ｸﾔ黏ｾ_ｺ]ｮWｫﾕｪU黏ｪUｺﾝ鷆ｮu*","[UNTRANSLATED]"
s_005394,Alshark (Opening disk).hdm,0x04D41F,"猴ﾈｿ猜箱萵","[UNTRANSLATED]"
s_005395,Alshark (Opening disk).hdm,0x04DDD7,"巒ﾍ哿>渮輳9","[UNTRANSLATED]"
s_005399,Alshark (Opening disk).hdm,0x05AA6A,"猖ﾈｿ猜箱萵","[UNTRANSLATED]"
s_005400,Alshark (Opening disk).hdm,0x05AB1F,"簍ﾌｿ猜覆萵","[UNTRANSLATED]"
s_005401,Alshark (Opening disk).hdm,0x05C634,"館攫9zy袤ｧ揚邑ｶv","[UNTRANSLATED]"
s_005403,Alshark (Opening disk).hdm,0x06692E,"凱&7咾｢UｪUｪUｪU涯ｪU涯ｪ","[UNTRANSLATED]"
s_005404,Alshark (Opening disk).hdm,0x06B09A,"莅ﾎ銷讎ﾔ晥ﾒ","[UNTRANSLATED]"
s_005410,Alshark (Opening disk).hdm,0x06C346,"磐JkeIﾝ蓙撝ﾏ鈑ﾞﾚ隆ｼ","[UNTRANSLATED]"
s_005416,Alshark (Opening disk).hdm,0x0707FB,"勝Oｿ庄ﾟ鍾ｯ/ｯﾏ出","[UNTRANSLATED]"
s_005418,Alshark (Opening disk).hdm,0x072643,"理ﾕﾋﾃ肓硅碼","[UNTRANSLATED]"
s_005419,Alshark (Opening disk).hdm,0x07383B,"擾遘鉈胚ｳ","[UNTRANSLATED]"
s_005420,Alshark (Opening disk).hdm,0x074473,"汞撥ﾗ躱倢yｾxy|ｿ","[UNTRANSLATED]"
s_005421,Alshark (Opening disk).hdm,0x092EBD,"匯]褶ｩｽ=E暠ｱﾕ咊ｿﾕﾟ","[UNTRANSLATED]"
s_005422,Alshark (Opening disk).hdm,0x0997F1,"偂渝ﾏ鈬泚","[UNTRANSLATED]"
s_005424,Alshark (Opening disk).hdm,0x0AA8FE,"瑩x8慚趙綢","[UNTRANSLATED]"
s_005425,Alshark (Opening disk).hdm,0x0AECED,"秡鴈X猝糶H","[UNTRANSLATED]"
s_005426,Alshark (Opening disk).hdm,0x0C40A3,"裾順メラｭ","[UNTRANSLATED]"
s_005427,Alshark (Opening disk).hdm,0x0D08B3,"ショーコ@/","[UNTRANSLATED]"
s_005428,Alshark (Opening disk).hdm,0x0D9612,"腋橳烙ﾀa1厦ﾆga","[UNTRANSLATED]"
s_005430,Alshark (Opening disk).hdm,0x0D9BFA,"球ﾊﾅ粢糂偰ｸqｺQ｢Q｢C""","[UNTRANSLATED]"
s_005431,Alshark (Opening disk).hdm,0x0DB250,"狢烙ﾂ}~ｿｻ旻vp08悚_o","[UNTRANSLATED]"
s_005436,Alshark (Opening disk).hdm,0x0E0F22,"拾｢E*EｪE旦酎｢U*分U","[UNTRANSLATED]"
s_005437,Alshark (Opening disk).hdm,0x0E7DA5,"睚ｦ""刪f""刪f""刪f""","[UNTRANSLATED]"
s_005438,Alshark (Opening disk).hdm,0x0E7E74,"刪f""刪f""刪f""刪d","[UNTRANSLATED]"
s_005439,Alshark (Opening disk).hdm,0x0EF3AB,"昊ﾍ淲碪ﾐﾘﾈ韲","[UNTRANSLATED]"
s_005440,Alshark (Opening disk).hdm,0x0F84E8,"昊濵vｻﾝⅸ{ｽﾝ\ｬJ｢ﾖ蒟s7履ｩ","[UNTRANSLATED]"
s_005441,Alshark (Opening disk).hdm,0x0F8578,"昊濵vｻﾝⅸ{ｽﾝ\ｬJ｢ﾖ蒟s7履","[UNTRANSLATED]"
s_005442,Alshark (Opening disk).hdm,0x0FA4F9,"暈＂傲l弡8授","[UNTRANSLATED]"
s_005443,Alshark (Opening disk).hdm,0x0FA66B,"懿＂傲l弡8授","[UNTRANSLATED]"
s_005445,Alshark (Opening disk).hdm,0x0FD23A,"阡8食P@ 0`聹詒","[UNTRANSLATED]"
s_005446,Alshark (Opening disk).hdm,0x0FDEC7,"轌~渮銓}>ﾏ輳","[UNTRANSLATED]"
s_005447,Alshark (Opening disk).hdm,0x101615,"殉ｪe.]瞬ｪ5祇響","[UNTRANSLATED]"
s_005450,Alshark (Opening disk).hdm,0x105D57,"眷ﾕﾔﾍ峭/鉐顥ﾃ㍼><}{ﾇ","[UNTRANSLATED]"
s_005456,Alshark (Opening disk).hdm,0x000000,"己借厲ﾐｼ","[UNTRANSLATED]"
s_005457,Alshark (Opening disk).hdm,0x002823,"データ::::::","[UNTRANSLATED]"
s_005458,Alshark (Opening disk).hdm,0x002D6F,"泯｣･ｧ矼蠱[","[UNTRANSLATED]"
s_005460,Alshark (Opening disk).hdm,0x0033F3,"己借実ｾn","[UNTRANSLATED]"
s_005461,Alshark (Opening disk).hdm,0x003419,"粡ﾃ己借ｾ","[UNTRANSLATED]"
s_005463,Alshark (Opening disk).hdm,0x006847,"右$ﾑ煖ﾘ.窮","[UNTRANSLATED]"
s_005464,Alshark (Opening disk).hdm,0x00685C,"右*ﾑ煖ﾘ.窮","[UNTRANSLATED]"
s_005465,Alshark (Opening disk).hdm,0x006871,"右0ﾑ煖ﾘ.窮","[UNTRANSLATED]"
s_005466,Alshark (Opening disk).hdm,0x006886,"右6ﾑ煖ﾘ.窮","[UNTRANSLATED]"
s_005467,Alshark (Opening disk).hdm,0x00697A,"筋ﾑ耜縺ﾃ","[UNTRANSLATED]"
s_005468,Alshark (Opening disk).hdm,0x007EE1,"貴,A偽<+ﾐ蔚","[UNTRANSLATED]"
s_005469,Alshark (Opening disk).hdm,0x00807E,"葭獏煖ﾘ.｡","[UNTRANSLATED]"
s_005474,Alshark (Opening disk).hdm,0x01A5B0,"礑Eﾊ序ｰ狢","[UNTRANSLATED]"
s_005475,Alshark (Opening disk).hdm,0x01C725,"牴pｸﾒ筍ﾀ@瀾x<>","[UNTRANSLATED]"
s_005476,Alshark (Opening disk).hdm,0x01C7C8,"險Tr｢瓠ﾀ瀾x<>","[UNTRANSLATED]"
s_005477,Alshark (Opening disk).hdm,0x01C920,"煮ﾃ碵ﾘ鑼4:","[UNTRANSLATED]"
s_005478,Alshark (Opening disk).hdm,0x01EE1E,"ョ供矢ﾌﾞ","[UNTRANSLATED]"
s_005484,Alshark (Opening disk).hdm,0x03B0FB,"粧ﾇ軾s3督""","[UNTRANSLATED]"
s_005486,Alshark (Opening disk).hdm,0x03C426,"黑靼ｰp狢","[UNTRANSLATED]"
s_005501,Alshark (Opening disk).hdm,0x04B3C5,"狢＜㍽愡q眦","[UNTRANSLATED]"
s_005502,Alshark (Opening disk).hdm,0x04B49A,"ユ惚ﾗｯ_ｿ}樰ﾖhｰ`ﾀ","[UNTRANSLATED]"
s_005504,Alshark (Opening disk).hdm,0x04B659,"滂ｾﾟ轆ｽﾞ鍄","[UNTRANSLATED]"
s_005505,Alshark (Opening disk).hdm,0x04BDDF,"殪ﾗ晙^ｷ燁","[UNTRANSLATED]"
s_005508,Alshark (Opening disk).hdm,0x04D760,"奪ｩR-麺褪y|ｾ_","[UNTRANSLATED]"
s_005509,Alshark (Opening disk).hdm,0x04DB03,"槲ﾏow3;刋ﾎﾇ胝ｼﾞ","[UNTRANSLATED]"
s_005510,Alshark (Opening disk).hdm,0x04E0E3,"咩ｷ袍=ﾞｯ揖･,N","[UNTRANSLATED]"
s_005511,Alshark (Opening disk).hdm,0x04E5C7,"栖F弾椛G","[UNTRANSLATED]"
s_005513,Alshark (Opening disk).hdm,0x04E9B9,"玻ﾅﾜ皛ｧﾏfｳY-妃","[UNTRANSLATED]"
s_005514,Alshark (Opening disk).hdm,0x051708,"猴ﾊｵ靤│萵","[UNTRANSLATED]"
s_005515,Alshark (Opening disk).hdm,0x051A9C,"般褪yｼ槃ﾇ｣","[UNTRANSLATED]"
s_005517,Alshark (Opening disk).hdm,0x0538AD,"翦慈8p`ﾁョ","[UNTRANSLATED]"
s_005518,Alshark (Opening disk).hdm,0x053E17,"耘忸睹ｾ","[UNTRANSLATED]"
s_005522,Alshark (Opening disk).hdm,0x0554DD,"逝ﾄﾈ珞蓴","[UNTRANSLATED]"
s_005525,Alshark (Opening disk).hdm,0x056B5C,"侘誑ｹﾜ荢;","[UNTRANSLATED]"
s_005527,Alshark (Opening disk).hdm,0x057A81,"っﾀ穢9慫","[UNTRANSLATED]"
s_005528,Alshark (Opening disk).hdm,0x059E2C,"烟杖~ﾇ疳8","[UNTRANSLATED]"
s_005529,Alshark (Opening disk).hdm,0x05A357,"瀾8慚ﾇ胝x<>","[UNTRANSLATED]"
s_005530,Alshark (Opening disk).hdm,0x05A8A8,"縡ｸﾜ葈ﾝⅸ髙","[UNTRANSLATED]"
s_005531,Alshark (Opening disk).hdm,0x05AA52,"八ﾅﾒ鴟暿","[UNTRANSLATED]"
s_005532,Alshark (Opening disk).hdm,0x05ADD1,"侘誑9慚ﾗ;","[UNTRANSLATED]"
s_005533,Alshark (Opening disk).hdm,0x05C2E3,"沛㏍疳89詑ﾜ","[UNTRANSLATED]"
s_005536,Alshark (Opening disk).hdm,0x05D8BB,"瀾|ｿ渮璧","[UNTRANSLATED]"
s_005539,Alshark (Opening disk).hdm,0x060E2B,"淪ﾅｦ｣噸ﾉﾇ瑩p","[UNTRANSLATED]"
s_005540,Alshark (Opening disk).hdm,0x060FA1,"矜翆ﾆﾎ惚?7o","[UNTRANSLATED]"
s_005541,Alshark (Opening disk).hdm,0x066B3E,"詩雑FGｦ#｣S選ｩY､\ｨTｪUｪUｪUｪUｪUｪUｪUｪUｪUｪUｪUｪ","[UNTRANSLATED]"
s_005542,Alshark (Opening disk).hdm,0x06A71C,"黏ｪ]ｫﾕ鷆鷯","[UNTRANSLATED]"
s_005548,Alshark (Opening disk).hdm,0x06BCB0,"蛆狎ｪ筮､ﾊD","[UNTRANSLATED]"
s_005553,Alshark (Opening disk).hdm,0x06DA31,"煽""5M鯱ｰ+a苣0Ap","[UNTRANSLATED]"
s_005557,Alshark (Opening disk).hdm,0x06E36E,"擾ﾟ吝ｷｮ屯","[UNTRANSLATED]"
s_005559,Alshark (Opening disk).hdm,0x06EF91,"袰ﾙﾑﾛﾞ粢ｮ脂ｩ","[UNTRANSLATED]"
s_005560,Alshark (Opening disk).hdm,0x06F75F,"曩q係ｧ8鵙]m","[UNTRANSLATED]"
s_005563,Alshark (Opening disk).hdm,0x070488,"皈!奮帯ﾓUy/^?","[UNTRANSLATED]"
s_005566,Alshark (Opening disk).hdm,0x0712AD,"暁鋏w{ｻｺ櫢wyｻ","[UNTRANSLATED]"
s_005567,Alshark (Opening disk).hdm,0x071563,"ヱ@ﾇﾊ貮ムﾑ;AUS･","[UNTRANSLATED]"
s_005570,Alshark (Opening disk).hdm,0x071DFA,"叫叮zZ暠","[UNTRANSLATED]"
s_005572,Alshark (Opening disk).hdm,0x072C58,"樟恁楙ｸ8ｲｰ$","[UNTRANSLATED]"
s_005573,Alshark (Opening disk).hdm,0x07398B,"鍾ﾏｿ鴆撫","[UNTRANSLATED]"
s_005576,Alshark (Opening disk).hdm,0x077DDD,"咽xﾑ@ﾀ瑣萵@","[UNTRANSLATED]"
s_005578,Alshark (Opening disk).hdm,0x07C125,"鎗科ﾌﾄ蓙","[UNTRANSLATED]"
s_005580,Alshark (Opening disk).hdm,0x080171,"粭琲獎ﾁ｣⑯","[UNTRANSLATED]"
s_005581,Alshark (Opening disk).hdm,0x0811FB,"狢鞨汯","[UNTRANSLATED]"
s_005582,Alshark (Opening disk).hdm,0x082B19,"狢鞨弴ﾜ","[UNTRANSLATED]"
s_005583,Alshark (Opening disk).hdm,0x082B60,"狢鞨汯<|}","[UNTRANSLATED]"
s_005586,Alshark (Opening disk).hdm,0x086D2C,"銛p<槊瑪","[UNTRANSLATED]"
s_005587,Alshark (Opening disk).hdm,0x086D83,"雑!戚c8>繪","[UNTRANSLATED]"
s_005588,Alshark (Opening disk).hdm,0x08B8B0,"擾v;斟銛","[UNTRANSLATED]"
s_005591,Alshark (Opening disk).hdm,0x08D2A3,"壓省ｽﾒﾖa萬ﾇ","[UNTRANSLATED]"
s_005598,Alshark (Opening disk).hdm,0x090503,"漾ぢ`ｰ陰","[UNTRANSLATED]"
s_005600,Alshark (Opening disk).hdm,0x092C95,"僂~ﾇ羡役Le\6","[UNTRANSLATED]"
s_005601,Alshark (Opening disk).hdm,0x094A05,"綵詈ｿｩ?矚ﾝ_O","[UNTRANSLATED]"
s_005602,Alshark (Opening disk).hdm,0x09B58C,"健孜c酢(k､ﾙ","[UNTRANSLATED]"
s_005603,Alshark (Opening disk).hdm,0x09D1F7,"欅ｧﾓ頡髙","[UNTRANSLATED]"
s_005605,Alshark (Opening disk).hdm,0x09E30D,"葮｣O栲紳","[UNTRANSLATED]"
s_005606,Alshark (Opening disk).hdm,0x0A0E4C,"廊､ﾐ頡劜:","[UNTRANSLATED]"
s_005607,Alshark (Opening disk).hdm,0x0A769D,"濮狢狡ﾁﾂﾄ","[UNTRANSLATED]"
s_005611,Alshark (Opening disk).hdm,0x0AA76D,"紙兆]ｼﾎ踐","[UNTRANSLATED]"
s_005614,Alshark (Opening disk).hdm,0x0AFA04,"瀞觜ｬSﾒi荻","[UNTRANSLATED]"
s_005615,Alshark (Opening disk).hdm,0x0AFF29,"矼ﾇﾏ償<8p`狢","[UNTRANSLATED]"
s_005616,Alshark (Opening disk).hdm,0x0B037A,"鵄uz:榊v2驚","[UNTRANSLATED]"
s_005617,Alshark (Opening disk).hdm,0x0B12FF,"隆ｱ侍D奸$","[UNTRANSLATED]"
s_005618,Alshark (Opening disk).hdm,0x0B1421,"葎豆ｩｫｹｾ猫^\NXQ/ ,","[UNTRANSLATED]"
s_005619,Alshark (Opening disk).hdm,0x0B17B7,"岱ﾗ#楕葢ﾁ","[UNTRANSLATED]"
s_005624,Alshark (Opening disk).hdm,0x0B5486,"瑩ｲﾘLlf6ｲ嬬ﾉ鱆","[UNTRANSLATED]"
s_005625,Alshark (Opening disk).hdm,0x0B6213,"順Caｰ席ﾌ踉","[UNTRANSLATED]"
s_005626,Alshark (Opening disk).hdm,0x0B6DF9,"狢摺aﾇﾏ涸","[UNTRANSLATED]"
s_005629,Alshark (Opening disk).hdm,0x0B99AF,"溽{懶晟>Oｳﾜ","[UNTRANSLATED]"
s_005632,Alshark (Opening disk).hdm,0x0DBD49,"瑰|~:ｾ渮鋩","[UNTRANSLATED]"
s_005633,Alshark (Opening disk).hdm,0x0DC454,"靫鑼ｨ484啜","[UNTRANSLATED]"
s_005634,Alshark (Opening disk).hdm,0x0DCCCF,"贊煇<ﾎ銷","[UNTRANSLATED]"
s_005635,Alshark (Opening disk).hdm,0x0DD585,"靫htｨｴ8濃､麌j%""%","[UNTRANSLATED]"
s_005639,Alshark (Opening disk).hdm,0x0E0131,"衆衆秀⑧ｧGｧGｧGｧGｧG⑧ｧG｣GｧG'","[UNTRANSLATED]"
s_005641,Alshark (Opening disk).hdm,0x0E53B0,"刪f""刪f""刪f""","[UNTRANSLATED]"
s_005648,Alshark (Opening disk).hdm,0x0EC509,"疳8<桴ﾇ縡0","[UNTRANSLATED]"
s_005652,Alshark (Opening disk).hdm,0x0F3B5D,"珱~/特瑩","[UNTRANSLATED]"
s_005653,Alshark (Opening disk).hdm,0x0F3C6B,"炬<渮胝","[UNTRANSLATED]"
s_005654,Alshark (Opening disk).hdm,0x0F3E40,"瑩p8恷ﾇﾃ矜","[UNTRANSLATED]"
s_005655,Alshark (Opening disk).hdm,0x0F6867,"秀｣ﾑ鑼yｾ渮g3","[UNTRANSLATED]"
s_005656,Alshark (Opening disk).hdm,0x0F6A42,"渮輳xｾ渮g3","[UNTRANSLATED]"
s_005657,Alshark (Opening disk).hdm,0x0F834A,"攷]犱蠻","[UNTRANSLATED]"
s_005660,Alshark (Opening disk).hdm,0x0FBCDA,"閖ｨﾝ隔鷭+EｪE｣","[UNTRANSLATED]"
s_005661,Alshark (Opening disk).hdm,0x0FBE70,"害!ﾐ慎0頌#","[UNTRANSLATED]"
s_005662,Alshark (Opening disk).hdm,0x0FBEE2,"分裘uｫUょ｢ﾂ","[UNTRANSLATED]"
s_005667,Alshark (Opening disk).hdm,0x0FECB9,"黑蕀翩ﾆ","[UNTRANSLATED]"
s_005668,Alshark (Opening disk).hdm,0x10011F,"酋j庄ｿﾞﾟﾚ褓","[UNTRANSLATED]"
s_005671,Alshark (Opening disk).hdm,0x1009F5,"硺ｻwｮ}ｫ_ｺ\鍜嗹ｺWｪuｯﾗｪ]ｫWｫWｪuｮTｨQｯ","[UNTRANSLATED]"
s_005673,Alshark (Opening disk).hdm,0x100E28,"鷂ｪ_皜荢ｮﾕｺ","[UNTRANSLATED]"
s_005674,Alshark (Opening disk).hdm,0x101018,"朸ｹv鷯鷆ｪWｯ","[UNTRANSLATED]"
s_005677,Alshark (Opening disk).hdm,0x102FDA,"肭濵跿","[UNTRANSLATED]"
s_005680,Alshark (Opening disk).hdm,0x106AF0,"寵怛d.鳶","[UNTRANSLATED]"
s_005682,Alshark (Opening disk).hdm,0x10815F,"鄂勝勤U","[UNTRANSLATED]"
s_005683,Alshark (Opening disk).hdm,0x108AFD,"鷆ｺUｪ]鷆ｪﾟ晙","[UNTRANSLATED]"
s_005684,Alshark (Opening disk).hdm,0x108BCD,"鷆輛ｬuｪﾅｸ鬆`","[UNTRANSLATED]"
s_005685,Alshark (Opening disk).hdm,0x10BE43,"布U*Uｪ分閉ﾜﾃ","[UNTRANSLATED]"
s_005686,Alshark (Opening disk).hdm,0x10BEC5,"布U*Uｪ分稗\C","[UNTRANSLATED]"
s_005690,Alshark (Opening disk).hdm,0x111430,"破寧､ﾒ)弼","[UNTRANSLATED]"
s_005691,Alshark (Opening disk).hdm,0x11163A,"醯律Eｭ暄&","[UNTRANSLATED]"
s_005692,Alshark (Opening disk).hdm,0x000469,"ιP糘_ﾃ竿<","[UNTRANSLATED]"
s_005693,Alshark (Opening disk).hdm,0x0020B0,"戸ｴ耋Bｸ","[UNTRANSLATED]"
s_005694,Alshark (Opening disk).hdm,0x00224A,"己借X｣_","[UNTRANSLATED]"
s_005696,Alshark (Opening disk).hdm,0x00308A,"諫^GGﾃW実","[UNTRANSLATED]"
s_005697,Alshark (Opening disk).hdm,0x0031B2,"粳_ﾃ顔｣","[UNTRANSLATED]"
s_005698,Alshark (Opening disk).hdm,0x00325E,"諫^GﾃVW実ｬ&","[UNTRANSLATED]"
s_005699,Alshark (Opening disk).hdm,0x003715,"燻ﾀ凝&#","[UNTRANSLATED]"
s_005702,Alshark (Opening disk).hdm,0x004662,"使ｳ@捨ﾃﾙ","[UNTRANSLATED]"
s_005703,Alshark (Opening disk).hdm,0x00606F,"暹ﾋ髙QVW","[UNTRANSLATED]"
s_005704,Alshark (Opening disk).hdm,0x006307,"逢$)甘ｿ","[UNTRANSLATED]"
s_005705,Alshark (Opening disk).hdm,0x006369,"凱BX潅ﾃﾃｿ","[UNTRANSLATED]"
s_005706,Alshark (Opening disk).hdm,0x0063A6,"括$)[ﾃ雍","[UNTRANSLATED]"
s_005707,Alshark (Opening disk).hdm,0x006409,"鮻_訐ZYXﾃPSQRVWU","[UNTRANSLATED]"
s_005711,Alshark (Opening disk).hdm,0x007740,"貴8窺:ｸ","[UNTRANSLATED]"
s_005712,Alshark (Opening disk).hdm,0x00778B,"貴&窺(ｸ","[UNTRANSLATED]"
s_005713,Alshark (Opening disk).hdm,0x0079A6,"訐訐ﾆE@","[UNTRANSLATED]"
s_005714,Alshark (Opening disk).hdm,0x007A4A,"脾訐ｨ t","[UNTRANSLATED]"
s_005716,Alshark (Opening disk).hdm,0x007EC6,"貴&A右","[UNTRANSLATED]"
s_005718,Alshark (Opening disk).hdm,0x00B303,"韲j絈|","[UNTRANSLATED]"
s_005719,Alshark (Opening disk).hdm,0x00B31E,"靦7絈D","[UNTRANSLATED]"
s_005723,Alshark (Opening disk).hdm,0x0191EF,"聿Cｱﾚ哿","[UNTRANSLATED]"
s_005726,Alshark (Opening disk).hdm,0x0192E0,"簇ﾍ匳{s","[UNTRANSLATED]"
s_005727,Alshark (Opening disk).hdm,0x01A515,"睨匯3aﾅﾍ","[UNTRANSLATED]"
s_005729,Alshark (Opening disk).hdm,0x01D736,"泚ｻr粱ﾝｼｺuhR@T","[UNTRANSLATED]"
s_005730,Alshark (Opening disk).hdm,0x01DB62,"泚ｻ{館蠶","[UNTRANSLATED]"
s_005731,Alshark (Opening disk).hdm,0x01DD7C,"瑩<憔\","[UNTRANSLATED]"
s_005733,Alshark (Opening disk).hdm,0x020673,"箜_^ﾃ&汽","[UNTRANSLATED]"
s_005734,Alshark (Opening disk).hdm,0x0206FD,"粢_^ﾃ&汽","[UNTRANSLATED]"
s_005735,Alshark (Opening disk).hdm,0x020781,"筋S頷;ﾃs","[UNTRANSLATED]"
s_005736,Alshark (Opening disk).hdm,0x02086A,"粫_ﾃ竿<","[UNTRANSLATED]"
s_005738,Alshark (Opening disk).hdm,0x02205D,"鰹痢ｯｭⅲﾇ","[UNTRANSLATED]"
s_005739,Alshark (Opening disk).hdm,0x0221B1,"燿ｰ森HLFb#","[UNTRANSLATED]"
s_005740,Alshark (Opening disk).hdm,0x02250B,"瑣ﾒﾐt鏞","[UNTRANSLATED]"
s_005746,Alshark (Opening disk).hdm,0x033642,"侘蔬}ｿ","[UNTRANSLATED]"
s_005748,Alshark (Opening disk).hdm,0x033B0E,"症胙|<ｼｽ","[UNTRANSLATED]"
s_005751,Alshark (Opening disk).hdm,0x03536F,"推ﾂﾀ汯","[UNTRANSLATED]"
s_005752,Alshark (Opening disk).hdm,0x035C7F,"滌8pP燿ﾀ@","[UNTRANSLATED]"
s_005754,Alshark (Opening disk).hdm,0x03700A,"悛｣｢ﾂつ","[UNTRANSLATED]"
s_005755,Alshark (Opening disk).hdm,0x0383D2,"煜涇ｽ]ｮ","[UNTRANSLATED]"
s_005756,Alshark (Opening disk).hdm,0x038FF4,"渝ﾞ\碗3","[UNTRANSLATED]"
s_005758,Alshark (Opening disk).hdm,0x03B21D,"淺ｿﾟ錏","[UNTRANSLATED]"
s_005759,Alshark (Opening disk).hdm,0x03B33F,"霾ﾒ密ｯ/o","[UNTRANSLATED]"
s_005760,Alshark (Opening disk).hdm,0x03B6E4,"矼ﾇﾏ涸?","[UNTRANSLATED]"
s_005762,Alshark (Opening disk).hdm,0x03C624,"館ｻw驎ｾ}毫","[UNTRANSLATED]"
s_005763,Alshark (Opening disk).hdm,0x03C85F,"跌鉐ﾏﾟｿｾqO?","[UNTRANSLATED]"
s_005764,Alshark (Opening disk).hdm,0x03D453,"摺 c賚ﾆ","[UNTRANSLATED]"
s_005765,Alshark (Opening disk).hdm,0x03ECD2,"翕ﾇﾄﾃﾏﾟ渕","[UNTRANSLATED]"
s_005766,Alshark (Opening disk).hdm,0x03ED52,"睿ﾟｿｾｼ咏?","[UNTRANSLATED]"
s_005767,Alshark (Opening disk).hdm,0x03F044,"鉐ﾏﾟ涸?","[UNTRANSLATED]"
s_005768,Alshark (Opening disk).hdm,0x03F167,"跫ﾋ旅o^","[UNTRANSLATED]"
s_005769,Alshark (Opening disk).hdm,0x03F685,"狢≫鉐ｿ","[UNTRANSLATED]"
s_005772,Alshark (Opening disk).hdm,0x041A69,"蒐ｾｽﾝﾛﾗ樵","[UNTRANSLATED]"
s_005774,Alshark (Opening disk).hdm,0x042236,"迴?~繚","[UNTRANSLATED]"
s_005775,Alshark (Opening disk).hdm,0x0432F2,"歙殪ｯOｯW","[UNTRANSLATED]"
s_005779,Alshark (Opening disk).hdm,0x043A6A,"鎹鑼ｪtｺ]ｪ].","[UNTRANSLATED]"
s_005780,Alshark (Opening disk).hdm,0x043AFA,"糂僘ｺ\>","[UNTRANSLATED]"
s_005783,Alshark (Opening disk).hdm,0x04447F,"黑ﾜｸp狢","[UNTRANSLATED]"
s_005784,Alshark (Opening disk).hdm,0x04697C,"獪ｰｸ慰ﾎﾊｦ･crﾑﾐﾘｸｨ","[UNTRANSLATED]"
s_005785,Alshark (Opening disk).hdm,0x046DF9,"顆D割h","[UNTRANSLATED]"
s_005786,Alshark (Opening disk).hdm,0x046FA2,"昊榘ﾖｾｿ","[UNTRANSLATED]"
s_005787,Alshark (Opening disk).hdm,0x047036,"胝xｼ悵ｷﾛﾝﾞo/","[UNTRANSLATED]"
s_005788,Alshark (Opening disk).hdm,0x0471E2,"姑縡ｸﾜⅸ","[UNTRANSLATED]"
s_005789,Alshark (Opening disk).hdm,0x04743D,"ρ<ｷﾟﾛ?在ﾆ魵","[UNTRANSLATED]"
s_005790,Alshark (Opening disk).hdm,0x0475F4,"頡礼>渮c1","[UNTRANSLATED]"
s_005791,Alshark (Opening disk).hdm,0x047793,"縱ｹﾜ鰀s9","[UNTRANSLATED]"
s_005793,Alshark (Opening disk).hdm,0x04915F,"萃ﾁ瀾ｸ\ｮ","[UNTRANSLATED]"
s_005795,Alshark (Opening disk).hdm,0x049FF8,"燃H&ｦ逗","[UNTRANSLATED]"
s_005797,Alshark (Opening disk).hdm,0x04A83D,"錥ﾕk暦?ﾟ","[UNTRANSLATED]"
s_005798,Alshark (Opening disk).hdm,0x04A85D,"鷯[･衷","[UNTRANSLATED]"
s_005799,Alshark (Opening disk).hdm,0x04AAA1,"轅苜$lT","[UNTRANSLATED]"
s_005801,Alshark (Opening disk).hdm,0x04B82B,"鰓ｭs雖ｿ","[UNTRANSLATED]"
s_005802,Alshark (Opening disk).hdm,0x04BA64,"愡s鉐ﾟｿ","[UNTRANSLATED]"
s_005805,Alshark (Opening disk).hdm,0x04D068,"釖Fﾃﾁ瑩","[UNTRANSLATED]"
s_005808,Alshark (Opening disk).hdm,0x04DBB5,"軅zﾕｫﾞﾕ＇uzｽ^?ﾏ銛","[UNTRANSLATED]"
s_005809,Alshark (Opening disk).hdm,0x04DD9D,"餧狢ﾇｿ","[UNTRANSLATED]"
s_005811,Alshark (Opening disk).hdm,0x04E00C,"楙靺ｧﾃ!p~","[UNTRANSLATED]"
s_005815,Alshark (Opening disk).hdm,0x04E8EE,"礑勢TｪuｾK､Sｨﾕh !","[UNTRANSLATED]"
s_005817,Alshark (Opening disk).hdm,0x04ECE2,"瀾ｸ廸gc","[UNTRANSLATED]"
s_005818,Alshark (Opening disk).hdm,0x04ECEC,"ъとﾁﾃ癶","[UNTRANSLATED]"
s_005819,Alshark (Opening disk).hdm,0x04F47B,"昞_ｾ霳ﾗoｿ","[UNTRANSLATED]"
s_005820,Alshark (Opening disk).hdm,0x04FB6F,"瀾8慚ﾇc","[UNTRANSLATED]"
s_005822,Alshark (Opening disk).hdm,0x0500E5,"夕ｶｩTｪﾕ銈","[UNTRANSLATED]"
s_005824,Alshark (Opening disk).hdm,0x050C7D,"暾銷|{ﾏ","[UNTRANSLATED]"
s_005825,Alshark (Opening disk).hdm,0x050FBF,"沆ｷn､Q翩","[UNTRANSLATED]"
s_005826,Alshark (Opening disk).hdm,0x051150,"醯ｯ_ﾟ?ｾ}z拭","[UNTRANSLATED]"
s_005828,Alshark (Opening disk).hdm,0x0518C7,"耄ﾍｻ萵","[UNTRANSLATED]"
s_005830,Alshark (Opening disk).hdm,0x051DEE,"看糅ｾﾟ/","[UNTRANSLATED]"
s_005832,Alshark (Opening disk).hdm,0x05217B,"酩堅0`ﾀ","[UNTRANSLATED]"
s_005833,Alshark (Opening disk).hdm,0x052387,"歙ﾟ^ﾎ蠧ｰoｬh､塚","[UNTRANSLATED]"
s_005838,Alshark (Opening disk).hdm,0x052890,"暑泱>.~^","[UNTRANSLATED]"
s_005840,Alshark (Opening disk).hdm,0x053D80,"禰｡H｢拭","[UNTRANSLATED]"
s_005847,Alshark (Opening disk).hdm,0x055A82,"避hｸ韲ﾆ","[UNTRANSLATED]"
s_005849,Alshark (Opening disk).hdm,0x056867,"溟_Q寔&","[UNTRANSLATED]"
s_005850,Alshark (Opening disk).hdm,0x056F5A,"雪#ﾂB､蠣SVｲ_ﾅfX","[UNTRANSLATED]"
s_005852,Alshark (Opening disk).hdm,0x05737E,"薪ｩﾊ`米ﾈﾂ!","[UNTRANSLATED]"
s_005857,Alshark (Opening disk).hdm,0x058C81,"籍頡zｼﾝ","[UNTRANSLATED]"
s_005858,Alshark (Opening disk).hdm,0x05949E,"酪ﾃ褫|>","[UNTRANSLATED]"
s_005860,Alshark (Opening disk).hdm,0x059AA9,"炬^ｷ咩ｽ","[UNTRANSLATED]"
s_005861,Alshark (Opening disk).hdm,0x059FD0,"瑩xｼﾟ鍄","[UNTRANSLATED]"
s_005862,Alshark (Opening disk).hdm,0x05A08F,"瀾ｼﾎ輳9","[UNTRANSLATED]"
s_005864,Alshark (Opening disk).hdm,0x05A6CE,"胝ｸ\ｯﾗ燁","[UNTRANSLATED]"
s_005866,Alshark (Opening disk).hdm,0x05AD12,"揖･R)寧ｵ*","[UNTRANSLATED]"
s_005867,Alshark (Opening disk).hdm,0x05AD5F,"恷ﾎﾇﾃ聶","[UNTRANSLATED]"
s_005870,Alshark (Opening disk).hdm,0x05B999,"満ﾚﾋ竫ﾇ","[UNTRANSLATED]"
s_005872,Alshark (Opening disk).hdm,0x05BBDF,"Ｍ仟倨AC㏍","[UNTRANSLATED]"
s_005873,Alshark (Opening disk).hdm,0x05BC28,"礦ﾎ沾>|","[UNTRANSLATED]"
s_005875,Alshark (Opening disk).hdm,0x05BE36,"靍iﾌ徑","[UNTRANSLATED]"
s_005876,Alshark (Opening disk).hdm,0x05BE7A,"瑩靃lRPSｯ","[UNTRANSLATED]"
s_005877,Alshark (Opening disk).hdm,0x05BF62,"向ﾎ1警","[UNTRANSLATED]"
s_005878,Alshark (Opening disk).hdm,0x05C097,"釿瑩px8<","[UNTRANSLATED]"
s_005879,Alshark (Opening disk).hdm,0x05CACF,"矮ﾅ許-:TｨP","[UNTRANSLATED]"
s_005880,Alshark (Opening disk).hdm,0x05CF72,"沆ｷoﾟｿﾟ猾ﾟｿ","[UNTRANSLATED]"
s_005885,Alshark (Opening disk).hdm,0x05F68B,"伃ｬG柝ﾎ","[UNTRANSLATED]"
s_005890,Alshark (Opening disk).hdm,0x060170,"褓;ﾎWmｺﾕ贒w","[UNTRANSLATED]"
s_005896,Alshark (Opening disk).hdm,0x0606CC,"翕ﾇ勝?~o","[UNTRANSLATED]"
s_005898,Alshark (Opening disk).hdm,0x0609CF,"娶ｷｯO歙ｿ?","[UNTRANSLATED]"
s_005899,Alshark (Opening disk).hdm,0x060A34,"顋ﾑ躇ﾏ","[UNTRANSLATED]"
s_005902,Alshark (Opening disk).hdm,0x060E14,"瀅ﾟﾛ濤ｿ","[UNTRANSLATED]"
s_005903,Alshark (Opening disk).hdm,0x060EE3,"篦ﾅﾌ距7/","[UNTRANSLATED]"
s_005904,Alshark (Opening disk).hdm,0x0610A1,"搭ﾋﾌg)Oﾎ漫'C","[UNTRANSLATED]"
s_005905,Alshark (Opening disk).hdm,0x0610FE,"燾~ﾟｷ燾","[UNTRANSLATED]"
s_005906,Alshark (Opening disk).hdm,0x061167,"匇u53墮ｴ4l`ﾘｼqﾀ","[UNTRANSLATED]"
s_005908,Alshark (Opening disk).hdm,0x065D97,"姿@ 食$","[UNTRANSLATED]"
s_005910,Alshark (Opening disk).hdm,0x06ADE3,"賦母ﾕJUje210","[UNTRANSLATED]"
s_005916,Alshark (Opening disk).hdm,0x06BA4F,"赤ﾖ飩ｵP'ｨWC","[UNTRANSLATED]"
s_005918,Alshark (Opening disk).hdm,0x06BC65,"滾隝}ｿ~","[UNTRANSLATED]"
s_005919,Alshark (Opening disk).hdm,0x06BCD9,"禝黎ｪvｫWｾV","[UNTRANSLATED]"
s_005923,Alshark (Opening disk).hdm,0x06BFAA,"瑰xﾐ移I%","[UNTRANSLATED]"
s_005926,Alshark (Opening disk).hdm,0x06C207,"沛ﾏ鈬x|ｼ","[UNTRANSLATED]"
s_005928,Alshark (Opening disk).hdm,0x06C6AC,"沮Jid4ｸ橫T}kie2ｺｹ","[UNTRANSLATED]"
s_005933,Alshark (Opening disk).hdm,0x06CCDF,"爼p､園Hｪ""","[UNTRANSLATED]"
s_005935,Alshark (Opening disk).hdm,0x06D407,"力5Sｷ{暙ｾ","[UNTRANSLATED]"
s_005939,Alshark (Opening disk).hdm,0x06DAA0,"僥隕Ewｻ","[UNTRANSLATED]"
s_005943,Alshark (Opening disk).hdm,0x06E1C7,"井)井ｲﾋg","[UNTRANSLATED]"
s_005944,Alshark (Opening disk).hdm,0x06E22A,"致<|W~閖ﾏﾋ","[UNTRANSLATED]"
s_005945,Alshark (Opening disk).hdm,0x06E304,"娩ｰ^@h2荿","[UNTRANSLATED]"
s_005953,Alshark (Opening disk).hdm,0x06FC37,"＇ｼﾖｭ､ピﾎ涇","[UNTRANSLATED]"
s_005955,Alshark (Opening disk).hdm,0x07006A,"俐跚s1ﾐ","[UNTRANSLATED]"
s_005958,Alshark (Opening disk).hdm,0x0705A1,"籍ﾜﾘ雕","[UNTRANSLATED]"
s_005959,Alshark (Opening disk).hdm,0x070607,"濮0傀xhtTｬｼ<ﾜ","[UNTRANSLATED]"
s_005960,Alshark (Opening disk).hdm,0x0707A0,"顏鑵`ｰp","[UNTRANSLATED]"
s_005961,Alshark (Opening disk).hdm,0x070BFB,"勝Oｿ舟ﾈ","[UNTRANSLATED]"
s_005962,Alshark (Opening disk).hdm,0x0714C9,"葬ｶP(鴉","[UNTRANSLATED]"
s_005963,Alshark (Opening disk).hdm,0x071730,"獻y淅'ｫﾏ","[UNTRANSLATED]"
s_005964,Alshark (Opening disk).hdm,0x07173C,"舜拊?TS","[UNTRANSLATED]"
s_005967,Alshark (Opening disk).hdm,0x071E6B,"燿食L$&""","[UNTRANSLATED]"
s_005968,Alshark (Opening disk).hdm,0x071E90,"位ﾋI缶JH$","[UNTRANSLATED]"
s_005969,Alshark (Opening disk).hdm,0x0725B7,"剳盤ﾒb""a","[UNTRANSLATED]"
s_005970,Alshark (Opening disk).hdm,0x0726F3,"霏禀b*4<","[UNTRANSLATED]"
s_005972,Alshark (Opening disk).hdm,0x072B13,"卲ｮv楴>ｮ~","[UNTRANSLATED]"
s_005973,Alshark (Opening disk).hdm,0x072B38,"仄ﾚxｵｶ丨Hﾐp","[UNTRANSLATED]"
s_005975,Alshark (Opening disk).hdm,0x072BB3,"寝餌EﾁQ","[UNTRANSLATED]"
s_005977,Alshark (Opening disk).hdm,0x0739CF,"鰆ﾄ狷ﾀﾐﾘﾀ","[UNTRANSLATED]"
s_005978,Alshark (Opening disk).hdm,0x073D15,"隙ﾆﾀ矜p","[UNTRANSLATED]"
s_005979,Alshark (Opening disk).hdm,0x073D3B,"歙]ｿ泅O","[UNTRANSLATED]"
s_005981,Alshark (Opening disk).hdm,0x075963,"殯Rjﾏｿ胯%","[UNTRANSLATED]"
s_005982,Alshark (Opening disk).hdm,0x075DD5,"蛄譱/5?","[UNTRANSLATED]"
s_005985,Alshark (Opening disk).hdm,0x078739,"衒ﾐsc睚/","[UNTRANSLATED]"
s_005986,Alshark (Opening disk).hdm,0x078D69,"茂ｨﾖ霸0@ p @","[UNTRANSLATED]"
s_005988,Alshark (Opening disk).hdm,0x079E3B,"鍾ｽ}?硺ﾛ","[UNTRANSLATED]"
s_005989,Alshark (Opening disk).hdm,0x07A028,"鉋ｾ偂ﾌ @","[UNTRANSLATED]"
s_005990,Alshark (Opening disk).hdm,0x07EAF3,"霏ﾍ見*hj","[UNTRANSLATED]"
s_005992,Alshark (Opening disk).hdm,0x080948,"襃ﾎﾏ楡<x`","[UNTRANSLATED]"
s_005993,Alshark (Opening disk).hdm,0x080B8F,"瑟ﾌﾙ崕ｽｰ","[UNTRANSLATED]"
s_005994,Alshark (Opening disk).hdm,0x0818BD,"免ﾔｸp狢","[UNTRANSLATED]"
s_005995,Alshark (Opening disk).hdm,0x082B83,"狢鞨z8|ｼ}","[UNTRANSLATED]"
s_005997,Alshark (Opening disk).hdm,0x086D19,"銛yｼ柞ﾗ","[UNTRANSLATED]"
s_005998,Alshark (Opening disk).hdm,0x086D7B,"界""ﾑ鑼:","[UNTRANSLATED]"
s_005999,Alshark (Opening disk).hdm,0x08B293,"鉉ﾌ葢","[UNTRANSLATED]"
s_006003,Alshark (Opening disk).hdm,0x08C0FA,"框f咢ﾐｴ","[UNTRANSLATED]"
s_006004,Alshark (Opening disk).hdm,0x08C550,"褝~9姑p","[UNTRANSLATED]"
s_006005,Alshark (Opening disk).hdm,0x08C879,"漾ﾀ 籵ﾀ","[UNTRANSLATED]"
s_006007,Alshark (Opening disk).hdm,0x08DBE7,"ビ披'?ﾗ~","[UNTRANSLATED]"
s_006011,Alshark (Opening disk).hdm,0x090066,"湶ｳ?8hﾇ滯ⅸ","[UNTRANSLATED]"
s_006017,Alshark (Opening disk).hdm,0x092E71,"暠ｱﾕ咊ｿﾕﾟ","[UNTRANSLATED]"
s_006020,Alshark (Opening disk).hdm,0x094C09,"苫5.ｳｽﾕ猝#","[UNTRANSLATED]"
s_006022,Alshark (Opening disk).hdm,0x094C5B,"羽oJ昮jﾌ朎","[UNTRANSLATED]"
s_006027,Alshark (Opening disk).hdm,0x09678A,"斫ﾟ譟ﾗ","[UNTRANSLATED]"
s_006028,Alshark (Opening disk).hdm,0x09A5F4,"装･)IU鮒(QWｦｨG","[UNTRANSLATED]"
s_006029,Alshark (Opening disk).hdm,0x09BEDA,"浣ﾕﾛ詢ｳﾛ","[UNTRANSLATED]"
s_006030,Alshark (Opening disk).hdm,0x09BFFD,"浣ﾕﾛ詢3","[UNTRANSLATED]"
s_006032,Alshark (Opening disk).hdm,0x09DB6B,"萵ﾂﾀﾁ碣","[UNTRANSLATED]"
s_006033,Alshark (Opening disk).hdm,0x09F086,"儀ｬﾘﾙﾓｳ｣酥","[UNTRANSLATED]"
s_006034,Alshark (Opening disk).hdm,0x09F140,"儀ｬﾘﾙ撞｣'FA","[UNTRANSLATED]"
s_006037,Alshark (Opening disk).hdm,0x0A1469,"贍7醺ｻqa","[UNTRANSLATED]"
s_006038,Alshark (Opening disk).hdm,0x0A2941,"酪ｧ兒:ｺ","[UNTRANSLATED]"
s_006041,Alshark (Opening disk).hdm,0x0A6147,"撓ぜｴ4L\X@T\","[UNTRANSLATED]"
s_006043,Alshark (Opening disk).hdm,0x0A76B3,"瑣瑩","[UNTRANSLATED]"
s_006046,Alshark (Opening disk).hdm,0x0A8E05,"專風ﾖﾆFﾖﾎﾜ","[UNTRANSLATED]"
s_006050,Alshark (Opening disk).hdm,0x0A9F3E,"堅0p`狢","[UNTRANSLATED]"
s_006051,Alshark (Opening disk).hdm,0x0AA0B7,"酩g's硎}","[UNTRANSLATED]"
s_006057,Alshark (Opening disk).hdm,0x0AD4F0,"渝ﾏgｧﾓ綢`a","[UNTRANSLATED]"
s_006058,Alshark (Opening disk).hdm,0x0AE2FF,"稍sｳ姙'","[UNTRANSLATED]"
s_006059,Alshark (Opening disk).hdm,0x0AE4F1,"篦曝 0`@ﾀ","[UNTRANSLATED]"
s_006061,Alshark (Opening disk).hdm,0x0AEEB0,"釞ｰ窗ﾘﾁﾀ_","[UNTRANSLATED]"
s_006068,Alshark (Opening disk).hdm,0x0AF7C6,"鷂晥ｺW","[UNTRANSLATED]"
s_006069,Alshark (Opening disk).hdm,0x0AFAED,"牴ﾘｨ寧L","[UNTRANSLATED]"
s_006071,Alshark (Opening disk).hdm,0x0B0013,"秀#践D""","[UNTRANSLATED]"
s_006073,Alshark (Opening disk).hdm,0x0B038B,"恟ﾃ瑩|?","[UNTRANSLATED]"
s_006074,Alshark (Opening disk).hdm,0x0B0D68,"寸aAﾇ勝","[UNTRANSLATED]"
s_006077,Alshark (Opening disk).hdm,0x0B161C,"粋(､-`*xﾉi)安Z","[UNTRANSLATED]"
s_006078,Alshark (Opening disk).hdm,0x0B1669,"慈<8p鞨ﾀ","[UNTRANSLATED]"
s_006080,Alshark (Opening disk).hdm,0x0B18FC,"涯ｮU鷆ｪﾝｺ]","[UNTRANSLATED]"
s_006084,Alshark (Opening disk).hdm,0x0B4ECF,"孥ﾎ<獎0","[UNTRANSLATED]"
s_006085,Alshark (Opening disk).hdm,0x0B5A4F,"渇ﾋﾉﾁ矜x8","[UNTRANSLATED]"
s_006086,Alshark (Opening disk).hdm,0x0B6BF1,"翩ﾆ惚7/_ｿ","[UNTRANSLATED]"
s_006088,Alshark (Opening disk).hdm,0x0B8A21,"佝碣|~","[UNTRANSLATED]"
s_006091,Alshark (Opening disk).hdm,0x0B92C3,"症>ﾟ錏","[UNTRANSLATED]"
s_006092,Alshark (Opening disk).hdm,0x0B9E2A,"瑩ﾔ栖*ﾆ","[UNTRANSLATED]"
s_006093,Alshark (Opening disk).hdm,0x0BA201,"呼""ｳﾙﾌ趙x,>","[UNTRANSLATED]"
s_006095,Alshark (Opening disk).hdm,0x0BA407,"紙FG#c刀","[UNTRANSLATED]"
s_006096,Alshark (Opening disk).hdm,0x0BA414,"牴ﾐ鑞t:<","[UNTRANSLATED]"
s_006098,Alshark (Opening disk).hdm,0x0BA680,"順ﾇﾃ聶","[UNTRANSLATED]"
s_006099,Alshark (Opening disk).hdm,0x0BA75B,"恷ﾇ疳x<","[UNTRANSLATED]"
s_006100,Alshark (Opening disk).hdm,0x0BB195,"睇桍ﾃ'Oﾏ","[UNTRANSLATED]"
s_006102,Alshark (Opening disk).hdm,0x0BB437,"睇桍ﾋ7","[UNTRANSLATED]"
s_006104,Alshark (Opening disk).hdm,0x0BC216,"域~殪ｷﾋtｸ@","[UNTRANSLATED]"
s_006105,Alshark (Opening disk).hdm,0x0BDB7D,"賣于0`ﾀ","[UNTRANSLATED]"
s_006106,Alshark (Opening disk).hdm,0x0BDF4D,"伸椙""Fﾆ","[UNTRANSLATED]"
s_006107,Alshark (Opening disk).hdm,0x0BE515,"賣于0`@ﾀ","[UNTRANSLATED]"
s_006110,Alshark (Opening disk).hdm,0x0D3CF0,"彡g暦on","[UNTRANSLATED]"
s_006111,Alshark (Opening disk).hdm,0x0D4416,"硅澈Nn~","[UNTRANSLATED]"
s_006114,Alshark (Opening disk).hdm,0x0D6949,"献ｱｸ槎o","[UNTRANSLATED]"
s_006115,Alshark (Opening disk).hdm,0x0D696C,"璽ｳｸ槎o","[UNTRANSLATED]"
s_006116,Alshark (Opening disk).hdm,0x0D6A10,"煦jﾂﾀ瑩","[UNTRANSLATED]"
s_006117,Alshark (Opening disk).hdm,0x0D89B0,"沛ﾇﾃ矜","[UNTRANSLATED]"
s_006120,Alshark (Opening disk).hdm,0x0D8F90,"蠶ﾅﾊﾅﾋUﾋU偽","[UNTRANSLATED]"
s_006122,Alshark (Opening disk).hdm,0x0D942B,"鍄^J*ｬﾞ恙","[UNTRANSLATED]"
s_006123,Alshark (Opening disk).hdm,0x0D9F3D,"沾攫ｵｫZ","[UNTRANSLATED]"
s_006125,Alshark (Opening disk).hdm,0x0DA57C,"ホt@ﾀ■4z^/7;槧O","[UNTRANSLATED]"
s_006127,Alshark (Opening disk).hdm,0x0DA8C3,"珮肭jZ]","[UNTRANSLATED]"
s_006128,Alshark (Opening disk).hdm,0x0DB179,"楳ﾌﾇaｰ游","[UNTRANSLATED]"
s_006130,Alshark (Opening disk).hdm,0x0DCACD,"粱毖txｾ>]b?","[UNTRANSLATED]"
s_006132,Alshark (Opening disk).hdm,0x0DCF5F,"塁ﾙ澈~","[UNTRANSLATED]"
s_006133,Alshark (Opening disk).hdm,0x0DD479,"獎鎹ｨPh 0","[UNTRANSLATED]"
s_006135,Alshark (Opening disk).hdm,0x0DD5E1,"泛ﾟ_/靭","[UNTRANSLATED]"
s_006139,Alshark (Opening disk).hdm,0x0DE404,"瑩x}ｾﾟ輛xｾ","[UNTRANSLATED]"
s_006140,Alshark (Opening disk).hdm,0x0DE5ED,"姑c!(陪","[UNTRANSLATED]"
s_006143,Alshark (Opening disk).hdm,0x0DFB1E,"痃ｸﾘ\ｬｶﾒﾓ艢","[UNTRANSLATED]"
s_006144,Alshark (Opening disk).hdm,0x0E0207,"浣ｧ欄ﾑﾈH","[UNTRANSLATED]"
s_006145,Alshark (Opening disk).hdm,0x0E0265,"椡ｧ欄ﾑﾈ","[UNTRANSLATED]"
s_006146,Alshark (Opening disk).hdm,0x0E0CB9,"狎WｪUｪUｪUｪUｪUｪUｪUｪUｪUｪUｪUｪUｪUｪUｪUｪUｪUｪUｪUｪUｪUｪU閑ｪ","[UNTRANSLATED]"
s_006147,Alshark (Opening disk).hdm,0x0E4370,"菠秦1nA","[UNTRANSLATED]"
s_006148,Alshark (Opening disk).hdm,0x0E57B3,"刪f""刪f""","[UNTRANSLATED]"
s_006153,Alshark (Opening disk).hdm,0x0E7F3D,"聹胄1`","[UNTRANSLATED]"
s_006154,Alshark (Opening disk).hdm,0x0EA850,"琲獎ﾀ､ｩs3ﾇﾐ","[UNTRANSLATED]"
s_006157,Alshark (Opening disk).hdm,0x0EB9A9,"昊ﾍ冾a20","[UNTRANSLATED]"
s_006159,Alshark (Opening disk).hdm,0x0EC578,"γ`8<桴ﾇ縡0","[UNTRANSLATED]"
s_006160,Alshark (Opening disk).hdm,0x0ECD8D,"陵ﾅ矮","[UNTRANSLATED]"
s_006161,Alshark (Opening disk).hdm,0x0ED172,"珞ﾁﾂﾁﾂﾅﾊ賦≠","[UNTRANSLATED]"
s_006162,Alshark (Opening disk).hdm,0x0ED3F1,"馞>}j賦","[UNTRANSLATED]"
s_006163,Alshark (Opening disk).hdm,0x0ED900,"鉐ﾎﾞ椌ｽ","[UNTRANSLATED]"
s_006164,Alshark (Opening disk).hdm,0x0F0084,"獎0p`逗","[UNTRANSLATED]"
s_006165,Alshark (Opening disk).hdm,0x0F0E98,"順ﾁ瑩>","[UNTRANSLATED]"
s_006166,Alshark (Opening disk).hdm,0x0F1157,"メ路G|","[UNTRANSLATED]"
s_006168,Alshark (Opening disk).hdm,0x0F3876,"据ﾌﾆ聶xｸ","[UNTRANSLATED]"
s_006169,Alshark (Opening disk).hdm,0x0F38BF,"鞴憊ﾏog39","[UNTRANSLATED]"
s_006170,Alshark (Opening disk).hdm,0x0F3909,"牴憊ﾏog39","[UNTRANSLATED]"
s_006171,Alshark (Opening disk).hdm,0x0F3DE9,"渮ﾇ胝|>","[UNTRANSLATED]"
s_006174,Alshark (Opening disk).hdm,0x0F681D,"溽q枷ﾟ","[UNTRANSLATED]"
s_006176,Alshark (Opening disk).hdm,0x0F6EAA,"駑o孺ﾇｽ","[UNTRANSLATED]"
s_006178,Alshark (Opening disk).hdm,0x0F88F0,"噸ﾃs#禿","[UNTRANSLATED]"
s_006179,Alshark (Opening disk).hdm,0x0F89B3,"隣ﾇw'倫O","[UNTRANSLATED]"
s_006180,Alshark (Opening disk).hdm,0x0F8A7C,"帯ﾁq!唾A","[UNTRANSLATED]"
s_006182,Alshark (Opening disk).hdm,0x0F9017,"娠娠hp8","[UNTRANSLATED]"
s_006183,Alshark (Opening disk).hdm,0x0F902A,"踞ｻ5鱇ｿ","[UNTRANSLATED]"
s_006186,Alshark (Opening disk).hdm,0x0FA0ED,"繁ｲﾔ鋻m","[UNTRANSLATED]"
s_006187,Alshark (Opening disk).hdm,0x0FA10C,"夢油uﾋﾟ","[UNTRANSLATED]"
s_006193,Alshark (Opening disk).hdm,0x0FB1FF,"皜ｪWｪﾕｪuｪU黏ｮ","[UNTRANSLATED]"
s_006194,Alshark (Opening disk).hdm,0x0FC3CD,"覯`緑uｨﾅｹ","[UNTRANSLATED]"
s_006198,Alshark (Opening disk).hdm,0x0FDF6D,"瑩|>夙s","[UNTRANSLATED]"
s_006199,Alshark (Opening disk).hdm,0x0FE000,"瑰|>夙s","[UNTRANSLATED]"
s_006201,Alshark (Opening disk).hdm,0x0FE648,"蔽瑩|>","[UNTRANSLATED]"
s_006202,Alshark (Opening disk).hdm,0x0FE83E,"秦8ﾍ7滂ﾓ","[UNTRANSLATED]"
s_006203,Alshark (Opening disk).hdm,0x0FEEE4,"鉋ﾌﾄ頏p`@ﾀ","[UNTRANSLATED]"
s_006205,Alshark (Opening disk).hdm,0x0FF504,"翕ﾇ償<8`","[UNTRANSLATED]"
s_006206,Alshark (Opening disk).hdm,0x0FF5B1,"瑩pｼﾞ鍄>","[UNTRANSLATED]"
s_006208,Alshark (Opening disk).hdm,0x0FF7A6,"瑩pｼﾞ鍄>ﾏs}ﾞ","[UNTRANSLATED]"
s_006209,Alshark (Opening disk).hdm,0x0FFE9A,"恆権ｵｶｸ","[UNTRANSLATED]"
s_006212,Alshark (Opening disk).hdm,0x100F71,"鍜;u顥ｫ","[UNTRANSLATED]"
s_006214,Alshark (Opening disk).hdm,0x10122D,"笠ﾌD岸｢","[UNTRANSLATED]"
s_006216,Alshark (Opening disk).hdm,0x10145C,"世q涯ﾚtｲuB","[UNTRANSLATED]"
s_006219,Alshark (Opening disk).hdm,0x1018DB,"隔｣Uｺ}黌ｮ","[UNTRANSLATED]"
s_006221,Alshark (Opening disk).hdm,0x104436,"鴉ﾓｧO楙8hP","[UNTRANSLATED]"
s_006224,Alshark (Opening disk).hdm,0x105FD9,"褊ﾛ;鉐ﾎ","[UNTRANSLATED]"
s_006225,Alshark (Opening disk).hdm,0x10607D,"酩ﾎ楙ﾜ8p","[UNTRANSLATED]"
s_006232,Alshark (Opening disk).hdm,0x108399,"疑zo隸ｮ=","[UNTRANSLATED]"
s_006235,Alshark (Opening disk).hdm,0x108845,"躍鶲ｲﾕｧﾝｶﾕ","[UNTRANSLATED]"
s_006242,Alshark (Opening disk).hdm,0x10A23F,"赧ｳmﾙ1胚w","[UNTRANSLATED]"
s_006243,Alshark (Opening disk).hdm,0x10A926,"寛ｶws裘ﾐﾑ｣ｧｯ^]ｽｻ","[UNTRANSLATED]"
s_006244,Alshark (Opening disk).hdm,0x10B965,"狢$蒡ﾎﾏﾟﾝｼ<|","[UNTRANSLATED]"
s_006245,Alshark (Opening disk).hdm,0x10C2F0,"炎沿ｭ､$D","[UNTRANSLATED]"
s_006247,Alshark (Opening disk).hdm,0x10CA26,"ａョ楙8ypﾇ","[UNTRANSLATED]"
s_006248,Alshark (Opening disk).hdm,0x10DD9F,"枉擢ｭMｫCｧP","[UNTRANSLATED]"
s_006256,Alshark (Opening disk).hdm,0x10FF53,"偉故ﾎdｦE","[UNTRANSLATED]"
s_006258,Alshark (Opening disk).hdm,0x1102E2,"黏鷆ｪUｪUｪUｪUｪ}","[UNTRANSLATED]"
s_006262,Alshark (Opening disk).hdm,0x110B5F,"獎澑ｨP(","[UNTRANSLATED]"
s_006263,Alshark (Opening disk).hdm,0x110C49,"瑩ﾈ乖(H","[UNTRANSLATED]"
s_006264,Alshark (Opening disk).hdm,0x110E43,"刮ﾈﾂ龝{>~","[UNTRANSLATED]"
s_006266,Alshark (Opening disk).hdm,0x1110FF,"鷆ｪUｪUｪUｪUｪUｪ]鷆ｪUｪUｪUｪUｪUｪUｪUｪUｪUｪUｪUｪUｪU","[UNTRANSLATED]"
s_006268,Alshark (Opening disk).hdm,0x111D89,"黏鷆ｪUｪUｪUｪUｪUｪUｪUｪU","[UNTRANSLATED]"
s_006271,Alshark (Opening disk).hdm,0x113203,"蔗2ｲﾘ頏","[UNTRANSLATED]"
s_006273,Alshark (Opening disk).hdm,0x117D6B,"上x?渮","[UNTRANSLATED]"
s_006274,Alshark (Opening disk).hdm,0x119083,"γ碣ﾞ踉","[UNTRANSLATED]"
s_006275,Alshark (Ending disk).hdm,0x00398D,"ジョー\「なんてこった！\!　こんな化け物、どうやって相手にしろってんだ」!!!","[UNTRANSLATED]"
s_006276,Alshark (Ending disk).hdm,0x003A50,"ルシア\「‥‥シオン！cd!‥‥部屋よ！!この部屋を壊すのよ！！」!!!","[UNTRANSLATED]"
s_006277,Alshark (Ending disk).hdm,0x003B8E,"ルシア\「‥‥天井よ、シオン！C!‥‥天井を壊すのよ！！」!!!","[UNTRANSLATED]"
s_006278,Alshark (Ending disk).hdm,0x003D57,"シオン\「さあA‥‥!俺にも分からなBCいよ。\!!　思いつくままにやっBCてみたんだしA‥‥」!!!","Heh, I dunno. I just kinda went for it!"
s_006279,Alshark (Ending disk).hdm,0x003DB2,"マモン\「ジョー、!!ウェルダ、!!シオンA、!!ショーコ。\!!　そして、カル。\!!!　ついにやったようだな」!!!","Joe... Werda... Sion... Shoko. And you too, Kal. You actually pulled it off!"
s_006280,Alshark (Ending disk).hdm,0x003E3B,"ジョー\「マモン、!ずいぶんと遅かったじゃねぇか。\!!　もう、すっかり片づいちまったぜ」!!!","[UNTRANSLATED]"
s_006281,Alshark (Ending disk).hdm,0x004090,"ジョー\「キャッホー！！！!\　極上の酒もたのむぜ！」!!!","[UNTRANSLATED]"
s_006282,Alshark (Ending disk).hdm,0x003C78,"ジョー\%3「やったな！！」","[UNTRANSLATED]"
s_006283,Alshark (Ending disk).hdm,0x003BCB,"シオン\「ABそうか！！」!!!","So that's it!"
s_006284,Alshark (Ending disk).hdm,0x003C62,"ジョー\「シオン！」","[UNTRANSLATED]"
s_006285,Alshark (Ending disk).hdm,0x00367F,"ルシア\「‥‥シオンC‥‥私たちは、とんでもない間違いを\犯してしまったかもしれないC」!!!","Sion... I'm afraid we've made a terrible mistake."
s_006286,Alshark (Ending disk).hdm,0x003B39,"シオン\「母さん、そんCなこと言っても‥‥\　こんなでっかい広間をどうやって‥‥」!!!","But Mom... how can we? This hall is enormous!"
s_006287,Alshark (Ending disk).hdm,0x003CB3,"ジョー\「しかし、!どうやって奴を倒したんだ」!!!","[UNTRANSLATED]"
s_006288,Alshark (Ending disk).hdm,0x0039DC,"シオン\「‥‥な、なんて奴だ‥‥」!!!","[UNTRANSLATED]"
s_006289,Alshark (Ending disk).hdm,0x00400F,"シオン\「じゃあ、!俺達は‥‥」!!!","[UNTRANSLATED]"
s_006290,Alshark (Ending disk).hdm,0x003E96,"マモン\「いや、!申し訳ない。\!!　連邦の頭の固いおA偉方を相手にしていたもんでね。!!!\　しかし、!やっとわかってもらえたよ。\!!　今日からA、!私がチャウスノーミュの司令官だ」!!!","My apologies. I was tied up with the blockheads in Federation command. But I finally got them to see reason. As of today, I'm the new commander of Chausunomyu."
s_006291,Alshark (Ending disk).hdm,0x003F46,"ウェルダ\「なんだって？！\!!　ロイの野郎はどうしたんだ？」!!!","[UNTRANSLATED]"
s_006292,Alshark (Ending disk).hdm,0x004033,"マモン\「チュウスノーミュのステーションへ帰ってきたまえ。!!　歓迎の準備を整えておくよ」!!!","[UNTRANSLATED]"
s_006293,Alshark (Ending disk).hdm,0x0038B8,"ウェルダ\「クッ、!なんだ！こいつは？！」!!!","[UNTRANSLATED]"
s_006294,Alshark (Ending disk).hdm,0x0038E6,"ウェルダ\「ウオォーーーッ！！」!!!","[UNTRANSLATED]"
s_006295,Alshark (Ending disk).hdm,0x003575,"ジャグマは、力尽き、広間の中央にその肉体を\横たえた。!!!!","[UNTRANSLATED]"
s_006296,Alshark (Ending disk).hdm,0x0035B1,"シオンのふるった秘力によって白金のオーラに\包まれたその体から、ジャグマの精神が次第に\感じられなくなっていく。!!!!","[UNTRANSLATED]"
s_006297,Alshark (Ending disk).hdm,0x00374D,"次の瞬間、ジャグマの肉体をまとっていたオーラが、その頭頂に集中したかと思うと、強烈な閃光と共に、\本来、精神体であるはずのカーマが実体化した。\!!!!","[UNTRANSLATED]"
s_006298,Alshark (Ending disk).hdm,0x0037E2,"完全にエネルギー体として実体化したカーマの閃光にシオン達は、一瞬ではあったが怯んでしまった。\!!　その隙を逃さず、カーマがウェルダを襲う。\!!!","[UNTRANSLATED]"
s_006299,Alshark (Ending disk).hdm,0x00396B,"ショーコ\「ウェルダさん！！」!!","[UNTRANSLATED]"
s_006300,Alshark (Ending disk).hdm,0x003A03,"驚愕するシオンの脳裏に、ルシアの声が耳鳴りを\伴うほど激しく響きわたる。!!!","[UNTRANSLATED]"
s_006301,Alshark (Ending disk).hdm,0x003A93,"シオンは、あまりに強いその精神波動に、意識を\失いそうになった。\!!　明らかに、ルシアの精神が増幅されていた。\!!　何か、得体の知れない力が、それに関与していた。!!!","The psychic wave was so strong, Sion nearly blacked out. It was his mother's power, amplified... by some other, unknown force."
s_006302,Alshark (Ending disk).hdm,0x003CE5,"それは、シオンが聞きたいことだった。\!!　シオンは、ルシアに心の中で呼びかけたが、!!\返事は帰ってこなかった。!!!","[UNTRANSLATED]"
s_006303,Alshark (Ending disk).hdm,0x0040E8,"一つの戦いが終わりを告げた。!!\　シオンは誓った。!!\　父に、!母に、!そしてドゥムナの遺志に。!!\　そう、!彼は知っていた。!!\　これが、!真の闘いへの序章に過ぎぬことを。!!!\","The battle was over. Sion made a vow: to his father, his mother, and to the legacy of We-Dumnah. For he knew this was only the prelude to the true war to come."
s_006304,Alshark (Ending disk).hdm,0x003C94,"ショーコ\「シオーン！！」!!!","[UNTRANSLATED]"
s_006305,Alshark (Ending disk).hdm,0x003E1B,"ショーコ\「お父さまA！！」!!!","[UNTRANSLATED]"
s_006306,Alshark (Ending disk).hdm,0x00370B,"ルシア\「それが何だったのかC‥‥!Dああ、!思い出せない‥‥」\!!!","What was that...? Ugh, I can't remember..."
s_006307,Alshark (Ending disk).hdm,0x003BE8,"カーマ\「ギュヨン‥‥ギャミューノン‥‥‥ポリュ‥‥\キョ‥‥‥‥タ‥‥」!!!","[UNTRANSLATED]"
s_006308,Alshark (Ending disk).hdm,0x003F86,"マモン\「まあ、!ずいぶんと問題の多い上官だったようだからねA!!　今ごろは、A!どこか植民惑星のシェリフにでもなってる　んじゃないかな」!!!","He was a real handful, that commander. I'll bet he's been busted down to sheriff on some backwater colony by now."
s_006309,Alshark (Ending disk).hdm,0x003C36,"ウェルダ\「チッ、!脅かしやがって‥‥」!!!","[UNTRANSLATED]"
s_006310,Alshark (Ending disk).hdm,0x0040C9,"マモン\「分かっているよ」!!!","[UNTRANSLATED]"
s_006311,Alshark (Ending disk).hdm,0x003626,"死期の近づいた肉体は、侵入したカーマと共に\消滅するはずであった。!!!","[UNTRANSLATED]"
s_006312,Alshark (Ending disk).hdm,0x0036D9,"ルシアは、必死に何かを思い出そうとしていた。!!!","[UNTRANSLATED]"
s_006313,Alshark (Ending disk).hdm,0x003872,"カーマの攻撃を跳ね返そうとしたウェルダの右腕が、閃光に包まれる。!!!","[UNTRANSLATED]"
s_006314,Alshark (Ending disk).hdm,0x00390B,"そして、次の瞬間、放電を起こしながら、ウェルダの右腕が上腕部だけを残してちぎれ飛んだ。!!!","[UNTRANSLATED]"
s_006315,Alshark (Ending disk).hdm,0x004195,"しかし、!刻々と迫りくる恐怖によって、もたらされるであろう悲劇の大きさを彼が知ったとき‥‥。!!!!","[UNTRANSLATED]"
s_006316,Alshark (Ending disk).hdm,0x004219,"そして、!!戦士達は、!束の間の休息につく。!!","[UNTRANSLATED]"
s_006317,Alshark (Ending disk).hdm,0x0041F7,"その時は、!近づいていた。!!!!","[UNTRANSLATED]"
s_006319,Alshark (Ending disk).hdm,0x086C3A,"挌(ﾋ:隊ﾑ@o&k#A径","Fight"
s_006320,Alshark (Ending disk).hdm,0x086D22,"烙X珈#G鬼","[UNTRANSLATED]"
s_006322,Alshark (Ending disk).hdm,0x0DADCC,"触""""賃ｨﾀｲ@ｺ!@<ﾁ-磊?","What's this...?"
s_006325,Alshark (Ending disk).hdm,0x097BE6,"菻ﾎﾑRVｷ｣Vｷ桧fｵ#R!?","[UNTRANSLATED]"
s_006326,Alshark (Ending disk).hdm,0x0F4CD3,"陀#B%詮","[UNTRANSLATED]"
s_006327,Alshark (Ending disk).hdm,0x115AB9,"駿ﾀ呆ｰ0Za<L4ｰﾙ#UｪJ@(p","[UNTRANSLATED]"
s_006329,Alshark (Ending disk).hdm,0x00075E,"諧ｬ諧ｬ諧ｬ諧ｪｬ諧ｬ諧ｬ諧ｬ諧ｪｬ諧ｬ諧ｬ諧ｬ諧ｪｬ諧ｬ諧ｬ諧ｬ諧ｪｬ諧ｬ諧ｬ諧ｬ諧ｪｬ諧ｬ諧ｬ諧ｬ諧ｪｬ諧ｬ諧ｬ諧ｬ諧ｪｬ諧ｬ諧ｬ諧ｬ諧ｪｬ諧ｬ諧ｬ諧ｬ諧ｪｬ諧ｬ諧ｬ諧ｬ諧ｪｬ諧ｬ諧ｬ諧ｬ諧ｪｬ諧ｬ諧ｬ諧ｬ諧ｪｬ諧ｬ諧ｬ諧ｬ諧ｪｬ諧ｬ諧ｬ諧ｬ諧ｪｬ諧ｬ諧ｬ諧ｬ諧ｪｬ諧ｬ諧ｬ諧ｬ諧ｪｬ諧ｬ諧ｬ諧ｬ諧ｪｬ諧ｬ諧ｬ諧ｬ諧ｪｬ諧ｬ諧ｬ諧ｬ諧ｪｬ諧ｬ諧ｬ諧ｬ諧ｪｬ諧ｬ諧ｬ諧ｬ諧ｪｬ諧ｬ諧ｬ諧ｬ諧ｪｬ諧ｬ諧ｬ諧ｬ諧ｪｬ諧ｬ諧ｬ諧ｬ諧ｪｬ諧ｬ諧ｬ諧ｬ諧ｪｬ諧ｬ諧ｬ諧ｬ諧ｪｬ諧ｬ諧ｬ諧ｬ諧ｪｬ諧ｬ諧ｬ諧ｬ諧ｪｬ諧ｬ諧ｬ諧ｬ諧ｪｬ諧ｬ諧ｬ諧ｬ諧ｪｬ諧ｬ諧ｬ諧ｬ諧ｪｬ諧ｬ諧ｬ諧ｬ諧ｪθ(ι0","[UNTRANSLATED]"
s_006335,Alshark (Ending disk).hdm,0x01AFC1,"絶#辛ｪ'扇+人/刃/壬ｪ7扇/栓/泉/洗ｪ/潜/煽/穿/線","[UNTRANSLATED]"
s_006336,Alshark (Ending disk).hdm,0x00366D,"しかし‥‥。!!","[UNTRANSLATED]"
s_006337,Alshark (Ending disk).hdm,0x016148,"彫。脳ｰK須ﾖ?","[UNTRANSLATED]"
s_006339,Alshark (Ending disk).hdm,0x0027CC,"アルシャーク　制作スタッフ　－－－","[UNTRANSLATED]"
s_006340,Alshark (Ending disk).hdm,0x01D8F8,"穰A點ﾟ2。Y","[UNTRANSLATED]"
s_006341,Alshark (Ending disk).hdm,0x088977,"堰ﾕ0<`朗。","[UNTRANSLATED]"
s_006342,Alshark (Ending disk).hdm,0x09A244,"誡｣狷;ﾏMﾂUQ。ﾂh","[UNTRANSLATED]"
s_006345,Alshark (Ending disk).hdm,0x011380,"秀チN汁Ⅴ
k輝z工給ｱ衝省歟ｧ","[UNTRANSLATED]"
s_006347,Alshark (Ending disk).hdm,0x01ECE6,"港(港*ｪ港,港.港0港2鼾`4港6港","[UNTRANSLATED]"
s_006348,Alshark (Ending disk).hdm,0x01F02A,"荏ﾒ荏ﾔ荏Uﾖ荏ﾘ荏ﾚ荏ﾜ荏uﾞ荏煢`","[UNTRANSLATED]"
s_006351,Alshark (Ending disk).hdm,0x015B57,"覗ｸ覗ｺ覗ｼｪ覗ｾ覗ﾀ覗ﾂ覗ﾄ哿`ﾆﾄbﾈ","[UNTRANSLATED]"
s_006352,Alshark (Ending disk).hdm,0x01EA55,"檗1櫃欟殀毓沂曷沺","[UNTRANSLATED]"
s_006353,Alshark (Ending disk).hdm,0x01EFB4,"汕泅洳淦渙溪滬渝","[UNTRANSLATED]"
s_006354,Alshark (Ending disk).hdm,0x02F9F2,"浙淕ﾁr歿渤滂毯泱杉","[UNTRANSLATED]"
s_006355,Alshark (Ending disk).hdm,0x065CE1,"厲齟0A@蹴重檎貲奮･#所","[UNTRANSLATED]"
s_006356,Alshark (Ending disk).hdm,0x07C6E9,"檻鬱淆f毋汪沮洌淆","[UNTRANSLATED]"
s_006358,Alshark (Ending disk).hdm,0x09F5D7,"庶匠彰焼裳紹闖叝","[UNTRANSLATED]"
s_006359,Alshark (Ending disk).hdm,0x0A3552,"殱氤泓洸渊渭渝汕","[UNTRANSLATED]"
s_006360,Alshark (Ending disk).hdm,0x0AA88B,"沁泛浚淨渫溯滯淨","[UNTRANSLATED]"
s_006363,Alshark (Ending disk).hdm,0x0F0776,"将準ｽ粧障状竣処軸q","[UNTRANSLATED]"
s_006365,Alshark (Ending disk).hdm,0x120606,"潤藷唱捷硝象常宗","[UNTRANSLATED]"
s_006366,Alshark (Ending disk).hdm,0x12C196,"初鋤宗ｭ樵肖上穣冗=","[UNTRANSLATED]"
s_006369,Alshark (Ending disk).hdm,0x0129C3,"鼠｡ﾄ栴ﾀÅ是転統曹戦","[UNTRANSLATED]"
s_006371,Alshark (Ending disk).hdm,0x01DF52,"瓠ｮ紂ｵ漾H霳逮$@ﾁ漾H@&ﾉ瓠0","[UNTRANSLATED]"
s_006373,Alshark (Ending disk).hdm,0x02CB52,"獎叶跟ﾌ恫=?th靤摺ﾔu謂/","[UNTRANSLATED]"
s_006374,Alshark (Ending disk).hdm,0x04126F,"踉靕砠蛟|贈它皛7","[UNTRANSLATED]"
s_006376,Alshark (Ending disk).hdm,0x096656,"髄哨諮o潤詳唱轡","[UNTRANSLATED]"
s_006377,Alshark (Ending disk).hdm,0x0A7122,"準.宗蹴重竣処恕","[UNTRANSLATED]"
s_006378,Alshark (Ending disk).hdm,0x0CCA78,"蘗欖歹毆捕杖淳","[UNTRANSLATED]"
s_006379,Alshark (Ending disk).hdm,0x0DE33B,"習従出潤藷唱捷","[UNTRANSLATED]"
s_006381,Alshark (Ending disk).hdm,0x112B28,"循曙償床沼ﾂ蕉乗","[UNTRANSLATED]"
s_006382,Alshark (Ending disk).hdm,0x11C7F1,"湍溲滌李滌ｭ涸簾","[UNTRANSLATED]"
s_006383,Alshark (Ending disk).hdm,0x11FDB0,"漫ｨ渕淮滿溟毳鉚ﾁ","[UNTRANSLATED]"
s_006384,Alshark (Ending disk).hdm,0x1261A4,"欟殀毓沂沱浣淬","[UNTRANSLATED]"
s_006385,Alshark (Ending disk).hdm,0x12DB8B,"界｢U喬Q麭bZ粛淳殺ﾐ逗","[UNTRANSLATED]"
s_006386,Alshark (Ending disk).hdm,0x00FA53,"甄ﾔ夷i籍aﾑﾗ榑f爛ﾐﾖZ榑ﾙ｡ﾒ","[UNTRANSLATED]"
s_006387,Alshark (Ending disk).hdm,0x00FE02,"宗蹴重d竣顕ﾀg随","[UNTRANSLATED]"
s_006388,Alshark (Ending disk).hdm,0x011F50,"噫柘巾榠責晩","[UNTRANSLATED]"
s_006389,Alshark (Ending disk).hdm,0x014FBC,"瓠>ﾈﾀ顕ゃ批鞘W繹､","[UNTRANSLATED]"
s_006390,Alshark (Ending disk).hdm,0x01618F,"逅@ﾋ潺&R｡ﾟ?梵-団;但普","[UNTRANSLATED]"
s_006391,Alshark (Ending disk).hdm,0x0161F5,"闡N厨ﾜ奈K蛇I2盾忿","[UNTRANSLATED]"
s_006392,Alshark (Ending disk).hdm,0x017687,"濆G燧羂瞼-眼ﾚ呉C-","[UNTRANSLATED]"
s_006394,Alshark (Ending disk).hdm,0x0197E2,"┌ｵU横S治帳e腹b劬e擒W｡｡･]ｦ","[UNTRANSLATED]"
s_006396,Alshark (Ending disk).hdm,0x05B541,"秀什縮殉緒埴","[UNTRANSLATED]"
s_006397,Alshark (Ending disk).hdm,0x0966D4,"董･孩汢溂洒唐","[UNTRANSLATED]"
s_006398,Alshark (Ending disk).hdm,0x09D671,"惣游供據ｯ淬唯p","[UNTRANSLATED]"
s_006400,Alshark (Ending disk).hdm,0x0AA7EF,"修酋夙准淳糾","[UNTRANSLATED]"
s_006401,Alshark (Ending disk).hdm,0x0AB093,"殱氤泓洸渊洫","[UNTRANSLATED]"
s_006403,Alshark (Ending disk).hdm,0x0B6C75,"摺UｨQUｪrPま瓮ﾜ痰ﾇｱ淹淪","[UNTRANSLATED]"
s_006408,Alshark (Ending disk).hdm,0x0F416E,"鱒ｿ椦訂oｽP､独跚鴿ｰ","[UNTRANSLATED]"
s_006409,Alshark (Ending disk).hdm,0x10D05F,"漾蝣.宗@蹴重竣","[UNTRANSLATED]"
s_006410,Alshark (Ending disk).hdm,0x10E1CB,"障ﾇWpｸ嘗ﾊ愁伍条終v!?hｬ","[UNTRANSLATED]"
s_006411,Alshark (Ending disk).hdm,0x113E0A,"檸欷殃毬欟｣J狠","[UNTRANSLATED]"
s_006413,Alshark (Ending disk).hdm,0x120627,"晞j9沚沺浤淌湫","[UNTRANSLATED]"
s_006414,Alshark (Ending disk).hdm,0x120DAF,"櫟歃殤麾汳拊0ﾐ'ﾜ","[UNTRANSLATED]"
s_006415,Alshark (Ending disk).hdm,0x126184,"洲醜祝楯庶匠","[UNTRANSLATED]"
s_006417,Alshark (Ending disk).hdm,0x000969,"錘ﾘｬ諧灰'ｪ籏_^θPιPJuﾂ2ﾀ諫ﾃｽ","[UNTRANSLATED]"
s_006419,Alshark (Ending disk).hdm,0x001976,"諫2ﾀ諧諧諧諧h","[UNTRANSLATED]"
s_006420,Alshark (Ending disk).hdm,0x0020D7,"諫2ﾀ諧諧諧諧ｹ","[UNTRANSLATED]"
s_006421,Alshark (Ending disk).hdm,0x0021E3,"茴訐訐訐訐ｨ","[UNTRANSLATED]"
s_006422,Alshark (Ending disk).hdm,0x0021F3,"譴訐訐訐訐","[UNTRANSLATED]"
s_006423,Alshark (Ending disk).hdm,0x002200,"譬訐訐訐訐","[UNTRANSLATED]"
s_006424,Alshark (Ending disk).hdm,0x0022EE,"杓寓2莅筋ｬ曲]ﾑ","[UNTRANSLATED]"
s_006425,Alshark (Ending disk).hdm,0x002A6A,"星野　宇喜子","[UNTRANSLATED]"
s_006426,Alshark (Ending disk).hdm,0x002B97,"斉藤　しおみ","[UNTRANSLATED]"
s_006427,Alshark (Ending disk).hdm,0x002BB5,"川久保　雄一","[UNTRANSLATED]"
s_006428,Alshark (Ending disk).hdm,0x008276,"諧諧諧諧ｪ糜θ","[UNTRANSLATED]"
s_006429,Alshark (Ending disk).hdm,0x00FAF3,"竦ﾐ#ﾕ2｣p侑*j艱帥2H+ﾐr獺`FE5*","[UNTRANSLATED]"
s_006431,Alshark (Ending disk).hdm,0x0139B3,"捜ｱ}ｬuｰ湾ヒ湾荊","[UNTRANSLATED]"
s_006434,Alshark (Ending disk).hdm,0x015B43,"形:ｪ秦v覗x覗z覗|ｪ","[UNTRANSLATED]"
s_006435,Alshark (Ending disk).hdm,0x015E61,"猜剃淘&ﾗ疲黛","[UNTRANSLATED]"
s_006436,Alshark (Ending disk).hdm,0x016170,"尽帯ゑ竪""ﾋ潛","[UNTRANSLATED]"
s_006438,Alshark (Ending disk).hdm,0x0163D6,"瞋ｽ1熨3蹟'闡,ｧ蹟%","[UNTRANSLATED]"
s_006439,Alshark (Ending disk).hdm,0x0171F2,"症ョ尭]浴ﾝ譫","[UNTRANSLATED]"
s_006440,Alshark (Ending disk).hdm,0x0176B3,"濛ﾗ]箜發訐珀","[UNTRANSLATED]"
s_006441,Alshark (Ending disk).hdm,0x017C8E,"炳砥ﾒ＃ﾔf獨9$2振ﾐ＃ﾕ苑3ｨ","[UNTRANSLATED]"
s_006442,Alshark (Ending disk).hdm,0x01A7D8,"泛氛輪滌陝ｲ","[UNTRANSLATED]"
s_006444,Alshark (Ending disk).hdm,0x01AB7E,"糊L0ﾕPﾟﾔ 濛ﾐ@瞑ﾐ6眇`6瑩ｴ","[UNTRANSLATED]"
s_006445,Alshark (Ending disk).hdm,0x01AE42,"潺0E0紹Gﾛ ﾚ耙ﾕJhqJ`ﾓﾓE諭帰=ﾓ","[UNTRANSLATED]"
s_006446,Alshark (Ending disk).hdm,0x01BDDF,"諮陝専幢]ｰ樌ﾁ","[UNTRANSLATED]"
s_006447,Alshark (Ending disk).hdm,0x02434A,"焼裳剰蕉叝","[UNTRANSLATED]"
s_006448,Alshark (Ending disk).hdm,0x024464,"漢愾ｨｷ斫a隹暲","[UNTRANSLATED]"
s_006450,Alshark (Ending disk).hdm,0x04D0F6,"踉靕碯蛟楝W`","[UNTRANSLATED]"
s_006452,Alshark (Ending disk).hdm,0x054D9C,"汝aP鑷訟助酋ﾂｰ","[UNTRANSLATED]"
s_006453,Alshark (Ending disk).hdm,0x058F23,"臭戎術盾嘉","[UNTRANSLATED]"
s_006455,Alshark (Ending disk).hdm,0x058FC6,"獰N歔殲檗─漫","[UNTRANSLATED]"
s_006457,Alshark (Ending disk).hdm,0x05A54A,"杳ｿ熄p症燻竫ﾏ","[UNTRANSLATED]"
s_006459,Alshark (Ending disk).hdm,0x0630FA,"ホu
パ=毳z汯pﾉ驚ｿ","[UNTRANSLATED]"
s_006462,Alshark (Ending disk).hdm,0x066167,"粉z<ﾀｧ熄ﾇ胝眠賚","[UNTRANSLATED]"
s_006463,Alshark (Ending disk).hdm,0x071A81,"厚ﾖﾁs錞珮草枹","[UNTRANSLATED]"
s_006467,Alshark (Ending disk).hdm,0x076E57,"窯邸瑙ﾐﾈQ
i栓只","[UNTRANSLATED]"
s_006472,Alshark (Ending disk).hdm,0x07F41D,"慥ァha泛D｢z磬%澁ｱ","[UNTRANSLATED]"
s_006474,Alshark (Ending disk).hdm,0x0920FE,"撰Пﾓﾁl毯沐澄b蓉>","[UNTRANSLATED]"
s_006475,Alshark (Ending disk).hdm,0x092235,"剪･ｪ蕁白･0戸浴t.'","[UNTRANSLATED]"
s_006477,Alshark (Ending disk).hdm,0x097EA5,"伴燗逗ﾞqpﾒ0薰珉","[UNTRANSLATED]"
s_006478,Alshark (Ending disk).hdm,0x099BDE,"絶篋摺瀚A'!顴ﾎ","[UNTRANSLATED]"
s_006479,Alshark (Ending disk).hdm,0x09C3F0,"渙\殤麾汳徂","[UNTRANSLATED]"
s_006480,Alshark (Ending disk).hdm,0x09EC56,"嵳糊瞼氈鮱<xﾄ","[UNTRANSLATED]"
s_006482,Alshark (Ending disk).hdm,0x0A87A2,"船隆鰤3i船B些","[UNTRANSLATED]"
s_006489,Alshark (Ending disk).hdm,0x0BFDB9,"梗6|腥P抉猖畤","[UNTRANSLATED]"
s_006490,Alshark (Ending disk).hdm,0x0CF5C0,"咀h毟沍沾滌","[UNTRANSLATED]"
s_006491,Alshark (Ending disk).hdm,0x0D21F9,"集淑旬渚勝","[UNTRANSLATED]"
s_006492,Alshark (Ending disk).hdm,0x0D6B0A,"こ湘衝笑迯","[UNTRANSLATED]"
s_006494,Alshark (Ending disk).hdm,0x0DAF67,"橘 #針ﾐt@{壮｡ｰ>ﾈn烟獣","[UNTRANSLATED]"
s_006495,Alshark (Ending disk).hdm,0x0DCFFC,"悄ｮ淆湟滉滾","[UNTRANSLATED]"
s_006496,Alshark (Ending disk).hdm,0x0E4516,"夬ｻm裏m[沆`ｶ昞Z錥","[UNTRANSLATED]"
s_006501,Alshark (Ending disk).hdm,0x0E9DA3,"撫ｧ昌祥醤擾","[UNTRANSLATED]"
s_006506,Alshark (Ending disk).hdm,0x0F4FA8,"汜麥綴iI､族$蝕!","[UNTRANSLATED]"
s_006508,Alshark (Ending disk).hdm,0x0F7BA3,"竇Ay@講ﾁﾏﾁ@眉ﾀｪ紹ﾙ蓙ye","[UNTRANSLATED]"
s_006510,Alshark (Ending disk).hdm,0x0F9BD7,"璧燧ｸRpV疼縲ﾀx苅","[UNTRANSLATED]"
s_006511,Alshark (Ending disk).hdm,0x0FB2C4,"汪沮洌淆嗾2ｫ","[UNTRANSLATED]"
s_006512,Alshark (Ending disk).hdm,0x0FBA86,"泚ｻ{馞滸跟説iﾒ","[UNTRANSLATED]"
s_006513,Alshark (Ending disk).hdm,0x108366,"ゲ1J糯甕/{}ｽｾ｣`ﾟ伶L燻e","[UNTRANSLATED]"
s_006514,Alshark (Ending disk).hdm,0x10EAE5,"衷 ､掌省詳嬢","[UNTRANSLATED]"
s_006515,Alshark (Ending disk).hdm,0x10F4C2,"鉈﨔ﾇﾋ撼瀏ｯyｯ怯擶ｯｫ","[UNTRANSLATED]"
s_006516,Alshark (Ending disk).hdm,0x111FD3,"錦諌蘋飢.碩ｰ","[UNTRANSLATED]"
s_006517,Alshark (Ending disk).hdm,0x115E3F,"瑰ﾑ縁ｨ寤限草","[UNTRANSLATED]"
s_006518,Alshark (Ending disk).hdm,0x1189CC,"汨泪涎殼ﾇ低","[UNTRANSLATED]"
s_006519,Alshark (Ending disk).hdm,0x11933D,"齠妊|B溯T歿毋","[UNTRANSLATED]"
s_006523,Alshark (Ending disk).hdm,0x11D740,"渮oｷ渮醉胝頌
&!pﾐ","[UNTRANSLATED]"
s_006524,Alshark (Ending disk).hdm,0x11EEC6,"ｄ植@B乂|ﾀP逐〓サaa殱","[UNTRANSLATED]"
s_006525,Alshark (Ending disk).hdm,0x11F6AD,"浬iS捻卮羯Qﾁﾐ@｡%ｰ`ｱ 魲R","[UNTRANSLATED]"
s_006526,Alshark (Ending disk).hdm,0x120219,"グ桧ｧOｹO+)悛@｣鮏_U]｡ﾐ猛~ﾐ(>O","[UNTRANSLATED]"
s_006528,Alshark (Ending disk).hdm,0x126193,"焼裳就?垣ダ","[UNTRANSLATED]"
s_006529,Alshark (Ending disk).hdm,0x1266E3,"鐘9習従出潤","[UNTRANSLATED]"
s_006531,Alshark (Ending disk).hdm,0x000DEA,"膠ｭ巾ｭ曲QRｭ巾ｭﾁ","[UNTRANSLATED]"
s_006532,Alshark (Ending disk).hdm,0x0016FC,"潅讌茫ｪ潅","[UNTRANSLATED]"
s_006534,Alshark (Ending disk).hdm,0x001A0B,"臍訐訐訐ｨ","[UNTRANSLATED]"
s_006535,Alshark (Ending disk).hdm,0x001A1A,"茴訐訐訐ｨ","[UNTRANSLATED]"
s_006536,Alshark (Ending disk).hdm,0x00285F,"田名網　正","[UNTRANSLATED]"
s_006537,Alshark (Ending disk).hdm,0x0028A2,"小倉　唯克","[UNTRANSLATED]"
s_006538,Alshark (Ending disk).hdm,0x002911,"木村　明広","[UNTRANSLATED]"
s_006539,Alshark (Ending disk).hdm,0x00293F,"富田　記史","[UNTRANSLATED]"
s_006540,Alshark (Ending disk).hdm,0x00294C,"原田　誠一","[UNTRANSLATED]"
s_006541,Alshark (Ending disk).hdm,0x002A79,"前島　弘史","[UNTRANSLATED]"
s_006542,Alshark (Ending disk).hdm,0x002A97,"赤石　龍彌","[UNTRANSLATED]"
s_006543,Alshark (Ending disk).hdm,0x002AD4,"佐藤　天平","[UNTRANSLATED]"
s_006544,Alshark (Ending disk).hdm,0x002B14,"鈴木　丈司","[UNTRANSLATED]"
s_006545,Alshark (Ending disk).hdm,0x002B88,"青山　勝治","[UNTRANSLATED]"
s_006546,Alshark (Ending disk).hdm,0x002BA6,"横山　秀明","[UNTRANSLATED]"
s_006547,Alshark (Ending disk).hdm,0x004EA6,"丹･O瑢馼秡","[UNTRANSLATED]"
s_006548,Alshark (Ending disk).hdm,0x004F4E,"叡ﾀb.cec劃Qdvd嫖ﾒd?e嫺ﾒe","[UNTRANSLATED]"
s_006549,Alshark (Ending disk).hdm,0x00FE29,"軽0掩ｶ花>掘","[UNTRANSLATED]"
s_006550,Alshark (Ending disk).hdm,0x00FE92,"蔦ｽ日儘丑","[UNTRANSLATED]"
s_006551,Alshark (Ending disk).hdm,0x0100A6,"燭GPﾐ1ﾐｭ遷Pｭ怠ﾑ侵","[UNTRANSLATED]"
s_006552,Alshark (Ending disk).hdm,0x010DB1,"菎鰕釥･袮ﾗ@0ﾙ`4ﾓhﾕ","[UNTRANSLATED]"
s_006554,Alshark (Ending disk).hdm,0x01175A,"橢bu糂貔X碩9","[UNTRANSLATED]"
s_006555,Alshark (Ending disk).hdm,0x011F5E,"榧壷ｲﾓ厘榧","[UNTRANSLATED]"
s_006556,Alshark (Ending disk).hdm,0x011F6E,"鍔､ﾐ｡ﾐ榧噫ﾍﾔ橆","[UNTRANSLATED]"
s_006557,Alshark (Ending disk).hdm,0x011F85,"蕃紗ﾁﾒ厘獗","[UNTRANSLATED]"
s_006558,Alshark (Ending disk).hdm,0x011FB1,"責ﾝﾒ画P菴ﾝｳﾑL赧ﾒ","[UNTRANSLATED]"
s_006560,Alshark (Ending disk).hdm,0x012684,"眥x黛s専ｮ閠ｱ","[UNTRANSLATED]"
s_006561,Alshark (Ending disk).hdm,0x0126BE,"箭閧4線=戦","[UNTRANSLATED]"
s_006562,Alshark (Ending disk).hdm,0x014001,"檬殺ﾈE廬､IﾏFﾊG澎","[UNTRANSLATED]"
s_006563,Alshark (Ending disk).hdm,0x014CAE,"殄病退ﾃ逼8ｩ","[UNTRANSLATED]"
s_006564,Alshark (Ending disk).hdm,0x014EA5,"挫裏QｰWｰ>y0僊蕁ﾉﾁD","[UNTRANSLATED]"
s_006565,Alshark (Ending disk).hdm,0x016158,"蹟蕫uBﾋ滷W逮??┳","[UNTRANSLATED]"
s_006566,Alshark (Ending disk).hdm,0x016307,"告>棲=ζ愧特","[UNTRANSLATED]"
s_006567,Alshark (Ending disk).hdm,0x01643A,"糶ﾕH裼ﾕﾔ&d瑟W瑕ﾐﾔ(/","[UNTRANSLATED]"
s_006568,Alshark (Ending disk).hdm,0x016A19,"序禁ｦ尚a瀞M","[UNTRANSLATED]"
s_006570,Alshark (Ending disk).hdm,0x017227,"塔N樗N欸徴y","[UNTRANSLATED]"
s_006571,Alshark (Ending disk).hdm,0x0176A6,"聆耜纔蒭v","[UNTRANSLATED]"
s_006572,Alshark (Ending disk).hdm,0x0179B1,"側鐫ｺｪ礰$授``bｪ","[UNTRANSLATED]"
s_006573,Alshark (Ending disk).hdm,0x018057,"芋L$:1浄ﾒｺ峰ﾔ;0ﾕQ$F\峰ﾞ@","[UNTRANSLATED]"
s_006576,Alshark (Ending disk).hdm,0x01961F,"瞑;ｽﾐ72ｻﾀ4ﾁﾀL炒9ｻﾀL瑙rP瀏9Nﾐﾟ","[UNTRANSLATED]"
s_006577,Alshark (Ending disk).hdm,0x019E68,"顛榧c榧[:O｡O9澂","[UNTRANSLATED]"
s_006578,Alshark (Ending disk).hdm,0x01A681,"鷯兪犱臑H","[UNTRANSLATED]"
s_006579,Alshark (Ending disk).hdm,0x01A75B,"瑞/崇/数/振","[UNTRANSLATED]"
s_006581,Alshark (Ending disk).hdm,0x01B4B3,"芦　ﾎ瞞瘟ｱﾜ畸","[UNTRANSLATED]"
s_006583,Alshark (Ending disk).hdm,0x01CA46,"付ﾞLPﾟ.ﾇJ@ﾐ冪4ﾐﾏ辱@俔`","[UNTRANSLATED]"
s_006584,Alshark (Ending disk).hdm,0x01CD91,"蔘`腕-柝珉030ﾜｦq･q $@ｬp","[UNTRANSLATED]"
s_006585,Alshark (Ending disk).hdm,0x01D968,"稘 炬$燻(爐","[UNTRANSLATED]"
s_006586,Alshark (Ending disk).hdm,0x01DAA5,"紐ﾛCsｰCR0C 琴CWｳ録ｰﾖｻ2``貊ba*^c`a","[UNTRANSLATED]"
s_006587,Alshark (Ending disk).hdm,0x01DAE1,"禧v 燧$狡(琲1","[UNTRANSLATED]"
s_006595,Alshark (Ending disk).hdm,0x027683,"酷瓸e竪地ﾐmA","[UNTRANSLATED]"
s_006597,Alshark (Ending disk).hdm,0x02B4C3,"矜赫靦鰔ｫｳ=p","[UNTRANSLATED]"
s_006598,Alshark (Ending disk).hdm,0x02B5C0,"燧ﾐ垈\衆=`ﾙ補","[UNTRANSLATED]"
s_006601,Alshark (Ending disk).hdm,0x0332DC,"ＶｱG伝亜圈ｬ囗@","[UNTRANSLATED]"
s_006602,Alshark (Ending disk).hdm,0x036D39,"倨p們鏥ﾁ儖ｫD","[UNTRANSLATED]"
s_006603,Alshark (Ending disk).hdm,0x0376FE,"祓ｰ炫髭瞎ｸ","[UNTRANSLATED]"
s_006607,Alshark (Ending disk).hdm,0x04230F,"麟BD乳ﾍ'ﾒ披侠","[UNTRANSLATED]"
s_006608,Alshark (Ending disk).hdm,0x042401,"罔迸x璧ｲ厨ｰtxｱｱﾜ","[UNTRANSLATED]"
s_006609,Alshark (Ending disk).hdm,0x043E1F,"涸ぃﾇ!澈a昻ﾀ","[UNTRANSLATED]"
s_006610,Alshark (Ending disk).hdm,0x0442C8,"踉靕碯蛟,","[UNTRANSLATED]"
s_006611,Alshark (Ending disk).hdm,0x044812,"煖沱戛ｭ涙J@Cﾀﾘ ﾀ_ﾑ","[UNTRANSLATED]"
s_006613,Alshark (Ending disk).hdm,0x04873F,"琅鈬ｿ裘矜","[UNTRANSLATED]"
s_006614,Alshark (Ending disk).hdm,0x04A33B,"並ｼ$蝸q炬樒8","[UNTRANSLATED]"
s_006615,Alshark (Ending disk).hdm,0x04B378,"梶1j#ぁ函ｦ涅","[UNTRANSLATED]"
s_006616,Alshark (Ending disk).hdm,0x04BCD5,"氤欟捜w梢","[UNTRANSLATED]"
s_006619,Alshark (Ending disk).hdm,0x04D294,"璧閼kp勾歙","[UNTRANSLATED]"
s_006620,Alshark (Ending disk).hdm,0x04FE3A,"猊潜牧栲aﾓ","[UNTRANSLATED]"
s_006621,Alshark (Ending disk).hdm,0x04FF23,"朴/_ｿ|鍄蒭髑ﾜ","[UNTRANSLATED]"
s_006622,Alshark (Ending disk).hdm,0x05164B,"轤辨肇脾@","[UNTRANSLATED]"
s_006625,Alshark (Ending disk).hdm,0x054E6C,"虧ｵ鍔粢ﾖ癲","[UNTRANSLATED]"
s_006626,Alshark (Ending disk).hdm,0x057575,"父ｦ総=OOO林杙ﾀ}ﾁ","[UNTRANSLATED]"
s_006627,Alshark (Ending disk).hdm,0x058C66,"鐐輌礰ｾ僘","[UNTRANSLATED]"
s_006630,Alshark (Ending disk).hdm,0x05A376,"衍ﾐ｣ｽﾌ鉦条畳","[UNTRANSLATED]"
s_006631,Alshark (Ending disk).hdm,0x05A470,"鱸A2`怯擶ｯｯ愠ｯ","[UNTRANSLATED]"
s_006633,Alshark (Ending disk).hdm,0x05CB40,"席､ﾐﾈ蔗呶{@戞","[UNTRANSLATED]"
s_006634,Alshark (Ending disk).hdm,0x05CF15,"痊槭錏鐐ﾟ","[UNTRANSLATED]"
s_006635,Alshark (Ending disk).hdm,0x05D418,"瑳ﾔ涸_陝夋","[UNTRANSLATED]"
s_006636,Alshark (Ending disk).hdm,0x05DE1F,"欅遘Sｩ罫ﾓp褪ｘr","[UNTRANSLATED]"
s_006637,Alshark (Ending disk).hdm,0x05E89C,"矣ｲ紬ｰ鞣3狢","[UNTRANSLATED]"
s_006638,Alshark (Ending disk).hdm,0x05F069,"矼醯凵ｵPt誉ｩ\","[UNTRANSLATED]"
s_006639,Alshark (Ending disk).hdm,0x05F5FC,"珸.跋燼p)煦","[UNTRANSLATED]"
s_006640,Alshark (Ending disk).hdm,0x060EDC,"浣厨聢灑ｦ","[UNTRANSLATED]"
s_006641,Alshark (Ending disk).hdm,0x061264,"禍爍ｵ枯pWｰ劯`ﾁc","[UNTRANSLATED]"
s_006642,Alshark (Ending disk).hdm,0x06188A,"赭嵜}G4柔髜\P","[UNTRANSLATED]"
s_006644,Alshark (Ending disk).hdm,0x063DD8,"写A橸v捕ｧﾙ造","[UNTRANSLATED]"
s_006645,Alshark (Ending disk).hdm,0x064157,"熕A后 `狹胥,","[UNTRANSLATED]"
s_006646,Alshark (Ending disk).hdm,0x0664B7,"狷燼ﾂ`粡蒹KalB}","[UNTRANSLATED]"
s_006647,Alshark (Ending disk).hdm,0x066678,"岱ｰ烟｡ﾙ碓恊","[UNTRANSLATED]"
s_006648,Alshark (Ending disk).hdm,0x067289,"隴涸湲奬]","[UNTRANSLATED]"
s_006649,Alshark (Ending disk).hdm,0x0689AB,"旨釤ｿ鞨嵩","[UNTRANSLATED]"
s_006650,Alshark (Ending disk).hdm,0x069BB5,"炅ｦ昇礁除","[UNTRANSLATED]"
s_006652,Alshark (Ending disk).hdm,0x06E785,"鰌3鉞ﾟ倏ﾛ酪","[UNTRANSLATED]"
s_006654,Alshark (Ending disk).hdm,0x06F598,"嵋ｽ溌t剿叩","[UNTRANSLATED]"
s_006655,Alshark (Ending disk).hdm,0x06F7F6,"閃_椹烋[兪ﾃ=ﾂ","[UNTRANSLATED]"
s_006656,Alshark (Ending disk).hdm,0x07097E,"あﾈ蝎P@f1銃ﾍPもg`9r","[UNTRANSLATED]"
s_006657,Alshark (Ending disk).hdm,0x070D6D,"澈ﾔ峰縷梠@","[UNTRANSLATED]"
s_006661,Alshark (Ending disk).hdm,0x071D2D,"畯x∝噫静,cｻ栖","[UNTRANSLATED]"
s_006662,Alshark (Ending disk).hdm,0x0726A0,"咫C_挺ﾔQ!1榔鳳","[UNTRANSLATED]"
s_006663,Alshark (Ending disk).hdm,0x074A38,"莢_ ﾁ巳瑜縦ﾐ","[UNTRANSLATED]"
s_006664,Alshark (Ending disk).hdm,0x074C54,"粫溿ﾗﾖﾌﾙｿｲ･距ｯ_ｺ烝","[UNTRANSLATED]"
s_006666,Alshark (Ending disk).hdm,0x075E53,"豪g廻紡擴","[UNTRANSLATED]"
s_006667,Alshark (Ending disk).hdm,0x0764A0,"徘悋ﾆp@｡ﾍﾁ2Q択Wｰ凜ﾄ","[UNTRANSLATED]"
s_006668,Alshark (Ending disk).hdm,0x076F93,"蕫`パｵｱ鄒0パs","[UNTRANSLATED]"
s_006670,Alshark (Ending disk).hdm,0x07A64C,"舌鉈貘ﾟ%洲","[UNTRANSLATED]"
s_006672,Alshark (Ending disk).hdm,0x07AAA4,"蘖Q歡滔汞","[UNTRANSLATED]"
s_006673,Alshark (Ending disk).hdm,0x07BF37,"箟Xｯjｯ[f･ェ*@獺,ｿ>ｿPｿ@疳ｷ","[UNTRANSLATED]"
s_006674,Alshark (Ending disk).hdm,0x07CEC7,"洲醜畳j哨a(ｸ","[UNTRANSLATED]"
s_006675,Alshark (Ending disk).hdm,0x07D149,"済渮ｱﾏﾃﾏﾕﾏ醫妓","[UNTRANSLATED]"
s_006676,Alshark (Ending disk).hdm,0x07D806,"牆癌ﾁﾑｱ-ｽ粧障х","[UNTRANSLATED]"
s_006677,Alshark (Ending disk).hdm,0x07D832,"倉-d殼汕鞭p","[UNTRANSLATED]"
s_006678,Alshark (Ending disk).hdm,0x07F7D9,"張r沼玳矣0ﾉ","[UNTRANSLATED]"
s_006679,Alshark (Ending disk).hdm,0x080B1A,"満ﾁ饗*只釭DQ","[UNTRANSLATED]"
s_006680,Alshark (Ending disk).hdm,0x0833EA,"釶棏尢7僴","[UNTRANSLATED]"
s_006681,Alshark (Ending disk).hdm,0x083C06,"幼!ﾃq蚤閹ｲ]粮q","[UNTRANSLATED]"
s_006682,Alshark (Ending disk).hdm,0x083CD0,"睿挾伐;睡ﾀ","[UNTRANSLATED]"
s_006683,Alshark (Ending disk).hdm,0x085F27,"于ｰiｯ`･kｴ詑皖0姚ﾚfｯ`ﾈ","[UNTRANSLATED]"
s_006685,Alshark (Ending disk).hdm,0x086941,"犢 ;ﾀ頁ｪﾆ家ﾅﾓｶﾄﾅoﾑ芋ﾄﾅｿ~2","[UNTRANSLATED]"
s_006686,Alshark (Ending disk).hdm,0x086A91,"筆r晥钁1鎔Ⅵ","[UNTRANSLATED]"
s_006687,Alshark (Ending disk).hdm,0x086BC0,"拜椡ｰｫo@懃Cﾀ]ﾐQｿ鈐YK%ｻ","[UNTRANSLATED]"
s_006692,Alshark (Ending disk).hdm,0x08B1ED,"瀚0樞ﾇ逍`熕","[UNTRANSLATED]"
s_006693,Alshark (Ending disk).hdm,0x08B832,"轂鉐ﾙP發 愛","[UNTRANSLATED]"
s_006694,Alshark (Ending disk).hdm,0x08DDEB,"熄ﾟ_ｼ`ﾃ㊧貯庠#迴","[UNTRANSLATED]"
s_006695,Alshark (Ending disk).hdm,0x08E93C,"夘ｻp眠艟BQ0q靦0ﾑ`","[UNTRANSLATED]"
s_006698,Alshark (Ending disk).hdm,0x092190,"苺繝瘋｡ビ{","[UNTRANSLATED]"
s_006699,Alshark (Ending disk).hdm,0x0927D5,"錫ｿ染ﾐ釤鬟;C(","[UNTRANSLATED]"
s_006701,Alshark (Ending disk).hdm,0x0967B0,"賣湾ﾆ榎窟ﾗ","[UNTRANSLATED]"
s_006703,Alshark (Ending disk).hdm,0x0979AC,"ゲ旺ﾆ`9｡ｸﾕo軛ｻ狡L","[UNTRANSLATED]"
s_006704,Alshark (Ending disk).hdm,0x09C398,"ご千竅@sﾁ`較","[UNTRANSLATED]"
s_006705,Alshark (Ending disk).hdm,0x09C3B5,"瑰ﾀ菖蒐苡p","[UNTRANSLATED]"
s_006706,Alshark (Ending disk).hdm,0x09EC06,"ャﾃF籔ｱ酎髄ﾘu","[UNTRANSLATED]"
s_006710,Alshark (Ending disk).hdm,0x0A2611,"匆俑先遡ﾀ","[UNTRANSLATED]"
s_006711,Alshark (Ending disk).hdm,0x0A2643,"瘻｣ﾏ?ｿ沢騨っ|","[UNTRANSLATED]"
s_006716,Alshark (Ending disk).hdm,0x0AB1B1,"鯀Mﾐdﾏvﾏ委墹ｬﾏｾﾏ`ﾐﾏ簪","[UNTRANSLATED]"
s_006718,Alshark (Ending disk).hdm,0x0AC92C,"綸惜ﾀﾁj毫鳴ﾀ","[UNTRANSLATED]"
s_006719,Alshark (Ending disk).hdm,0x0AD45D,"届3ﾏ湎楹役","[UNTRANSLATED]"
s_006720,Alshark (Ending disk).hdm,0x0AF636,"檻鞦泯B@O 逝","[UNTRANSLATED]"
s_006721,Alshark (Ending disk).hdm,0x0AFDA7,"誑59ｺ悃橸誌","[UNTRANSLATED]"
s_006722,Alshark (Ending disk).hdm,0x0B0102,"呻ﾗｮ竰ﾝ滂滲","[UNTRANSLATED]"
s_006724,Alshark (Ending disk).hdm,0x0B304A,"照爿E*襞ﾟF疼""","[UNTRANSLATED]"
s_006725,Alshark (Ending disk).hdm,0x0B4BCC,"械ｮ苗孱奝ﾇｿ_ｯﾚ0Mqｬﾐ","[UNTRANSLATED]"
s_006727,Alshark (Ending disk).hdm,0x0B54D3,"犇ﾀ|庶匠彰","[UNTRANSLATED]"
s_006728,Alshark (Ending disk).hdm,0x0B6006,"絜｢ﾀ瑪mｱwp掟尿","[UNTRANSLATED]"
s_006730,Alshark (Ending disk).hdm,0x0B7F87,"安ⅲ]鷯ｺﾝ錞U鑷ﾆ","[UNTRANSLATED]"
s_006731,Alshark (Ending disk).hdm,0x0B8094,"停AﾛEｿ矼蕕ﾛ@櫃","[UNTRANSLATED]"
s_006732,Alshark (Ending disk).hdm,0x0B86EB,"療限岺誾｢ﾀ","[UNTRANSLATED]"
s_006735,Alshark (Ending disk).hdm,0x0BA4E1,"瓩ﾉｼｯｻx紵ｵ過嶝а","[UNTRANSLATED]"
s_006736,Alshark (Ending disk).hdm,0x0BB354,"髦蓉^ﾗｬ鴆,柄､Kｱx_)","[UNTRANSLATED]"
s_006737,Alshark (Ending disk).hdm,0x0BDC5C,"裲瑰鰀枢r","[UNTRANSLATED]"
s_006738,Alshark (Ending disk).hdm,0x0BDDC1,"伶闥(0髜會ﾀq","[UNTRANSLATED]"
s_006739,Alshark (Ending disk).hdm,0x0BF700,"濮ｴ0髜p嫣8鎹_","[UNTRANSLATED]"
s_006740,Alshark (Ending disk).hdm,0x0BF8C2,"姫眸J罵慱8pzRn0","[UNTRANSLATED]"
s_006741,Alshark (Ending disk).hdm,0x0C3209,"臆~ｪPwｻﾝ貪畆巡m","[UNTRANSLATED]"
s_006742,Alshark (Ending disk).hdm,0x0C5A89,"鑽>蠕h択""`總ﾂ","[UNTRANSLATED]"
s_006743,Alshark (Ending disk).hdm,0x0C6BF5,"獏ﾃ肖凪ｰﾏ@括$","[UNTRANSLATED]"
s_006744,Alshark (Ending disk).hdm,0x0C75A6,"炊勢尅巨ﾕ､","[UNTRANSLATED]"
s_006745,Alshark (Ending disk).hdm,0x0C9C4A,"砒Pm璧蕷ﾈ5死","[UNTRANSLATED]"
s_006746,Alshark (Ending disk).hdm,0x0CA84F,"ョ商莨ｱ側Q?","[UNTRANSLATED]"
s_006747,Alshark (Ending disk).hdm,0x0CC5F7,"肅)ﾐ昌!綢閠","[UNTRANSLATED]"
s_006751,Alshark (Ending disk).hdm,0x0D16AB,"犖焙W瓔r(誂A","[UNTRANSLATED]"
s_006752,Alshark (Ending disk).hdm,0x0D16D5,"剰p攝薺濂K","[UNTRANSLATED]"
s_006754,Alshark (Ending disk).hdm,0x0D4436,"侭去激<縦｡","[UNTRANSLATED]"
s_006756,Alshark (Ending disk).hdm,0x0D530D,"琢櫢俍<0 駱","[UNTRANSLATED]"
s_006757,Alshark (Ending disk).hdm,0x0D7516,"渇鋤少惟ﾀd","[UNTRANSLATED]"
s_006758,Alshark (Ending disk).hdm,0x0D8471,"炬R裏×顕ﾂ篆","[UNTRANSLATED]"
s_006759,Alshark (Ending disk).hdm,0x0D9C22,"綫&磋随`ﾎ瀾x","[UNTRANSLATED]"
s_006761,Alshark (Ending disk).hdm,0x0DAE88,"晴賃璋脊p0h｡","[UNTRANSLATED]"
s_006762,Alshark (Ending disk).hdm,0x0DB658,"柞〈腎r衰dｸ`端0","[UNTRANSLATED]"
s_006763,Alshark (Ending disk).hdm,0x0DD061,"繝漢[筍ｱ ﾒ%ﾑ#]犖ｿﾇT?","[UNTRANSLATED]"
s_006764,Alshark (Ending disk).hdm,0x0DDF89,"縦兪%匠7引","[UNTRANSLATED]"
s_006766,Alshark (Ending disk).hdm,0x0DFFC7,"粤鳧獪'вｲ雪oｱ","[UNTRANSLATED]"
s_006768,Alshark (Ending disk).hdm,0x0E0A93,"蜻槿篩ﾞ=樰w","[UNTRANSLATED]"
s_006771,Alshark (Ending disk).hdm,0x0E4118,"彬ｪ掴%2鈹Uﾈ0夜+ｦﾙ","[UNTRANSLATED]"
s_006777,Alshark (Ending disk).hdm,0x0E631E,"覡ﾔﾚIﾞ瞳ｿ<ｯｹ^R=*2ﾕｩﾓ30ﾛ*ﾙ[ｿｲｵﾓZ嵭@0]ⅴ0珒1","[UNTRANSLATED]"
s_006785,Alshark (Ending disk).hdm,0x0E917D,"彰鰻ｿ絃~鋓ｰｷw_ｻｭ","[UNTRANSLATED]"
s_006786,Alshark (Ending disk).hdm,0x0E91D3,"椴#拙'粍1塀","[UNTRANSLATED]"
s_006787,Alshark (Ending disk).hdm,0x0EB760,"泣嫁ﾂ笶碚","[UNTRANSLATED]"
s_006788,Alshark (Ending disk).hdm,0x0EF86C,"儂赱ｱaﾜv墸琿}","[UNTRANSLATED]"
s_006791,Alshark (Ending disk).hdm,0x0F14C3,"旋nｬ晴貸ﾛｿ葈0ｻ","[UNTRANSLATED]"
s_006793,Alshark (Ending disk).hdm,0x0F1846,"椄皜@交巨oｲQ","[UNTRANSLATED]"
s_006796,Alshark (Ending disk).hdm,0x0F20D8,"炮ﾙ燹垂瀦","[UNTRANSLATED]"
s_006799,Alshark (Ending disk).hdm,0x0F354C,"鯢鋤種漿ﾁ","[UNTRANSLATED]"
s_006801,Alshark (Ending disk).hdm,0x0F38CB,"慫ﾇ遁ﾞ槞ﾓｾｲ薀oZ","[UNTRANSLATED]"
s_006803,Alshark (Ending disk).hdm,0x0F590D,"檻B蛇`LJﾘ剄9^FﾗﾏiO{C厓0","[UNTRANSLATED]"
s_006806,Alshark (Ending disk).hdm,0x0F67B6,"寮ｯｶ崕-?ｾｻｽ6ｽ淤3凰","[UNTRANSLATED]"
s_006807,Alshark (Ending disk).hdm,0x0F698F,"谷)痛)J咸Iｦ弄pJ","[UNTRANSLATED]"
s_006808,Alshark (Ending disk).hdm,0x0F6D40,"霰ﾗ畝ﾛ儿}帝","[UNTRANSLATED]"
s_006809,Alshark (Ending disk).hdm,0x0F7384,"篳%ﾍﾐw1|ﾀぢ爭3L族!ｨ","[UNTRANSLATED]"
s_006810,Alshark (Ending disk).hdm,0x0F7502,"神N(胚r@蔵Fe荏:６","[UNTRANSLATED]"
s_006815,Alshark (Ending disk).hdm,0x0F956F,"甕瑩ﾗ｣ｷ@烟ﾆQ寬","[UNTRANSLATED]"
s_006817,Alshark (Ending disk).hdm,0x0FA1C6,"衵ﾃ>醴;ﾙ潘鈞","[UNTRANSLATED]"
s_006818,Alshark (Ending disk).hdm,0x0FA954,"棡ヌ足B霞,､","[UNTRANSLATED]"
s_006819,Alshark (Ending disk).hdm,0x0FB245,"秀什縮掘T","[UNTRANSLATED]"
s_006820,Alshark (Ending disk).hdm,0x0FB82B,"鞴跚賣ﾐD4Kﾀ潼;","[UNTRANSLATED]"
s_006821,Alshark (Ending disk).hdm,0x0FBC6F,"色0ｧ妊ｰ瓊訂","[UNTRANSLATED]"
s_006824,Alshark (Ending disk).hdm,0x0FDDF8,"溟2櫂欸殄","[UNTRANSLATED]"
s_006825,Alshark (Ending disk).hdm,0x0FFADA,"庶匠佼ｪz禁","[UNTRANSLATED]"
s_006826,Alshark (Ending disk).hdm,0x1006A8,"毆鮒晶拒","[UNTRANSLATED]"
s_006827,Alshark (Ending disk).hdm,0x100B14,"梵k｡Y纜韈ｵRZ胚","[UNTRANSLATED]"
s_006828,Alshark (Ending disk).hdm,0x10118B,"港ﾌﾁ滂wｻﾝ鱶貫","[UNTRANSLATED]"
s_006830,Alshark (Ending disk).hdm,0x10404E,"鑰療蓚ﾞｵ&ﾛ役","[UNTRANSLATED]"
s_006831,Alshark (Ending disk).hdm,0x105CB6,"枝､q伐qｿα柄ｧｿ嫉ｶg","[UNTRANSLATED]"
s_006834,Alshark (Ending disk).hdm,0x10A4F7,"涓熾うQヰ","[UNTRANSLATED]"
s_006836,Alshark (Ending disk).hdm,0x10B116,"条5秀什縮","[UNTRANSLATED]"
s_006837,Alshark (Ending disk).hdm,0x10B4EC,"篁犖琺 >\0ｿ｣`ゑ","[UNTRANSLATED]"
s_006839,Alshark (Ending disk).hdm,0x10BBCC,"猖滲ﾛ溏筈ｨ","[UNTRANSLATED]"
s_006842,Alshark (Ending disk).hdm,0x1103BE,"缺y銛釶ﾁa鄭","[UNTRANSLATED]"
s_006844,Alshark (Ending disk).hdm,0x11214A,"淼ﾖﾐVS扶搾簣","[UNTRANSLATED]"
s_006848,Alshark (Ending disk).hdm,0x11908A,"濱B薫ﾖO鎔唔","[UNTRANSLATED]"
s_006849,Alshark (Ending disk).hdm,0x11A45D,"籟ｭｨT慰諺楞","[UNTRANSLATED]"
s_006850,Alshark (Ending disk).hdm,0x11AB94,"ｅ女娼淳菟","[UNTRANSLATED]"
s_006851,Alshark (Ending disk).hdm,0x11B46C,"│蔵操_腹鉢ﾗQ","[UNTRANSLATED]"
s_006852,Alshark (Ending disk).hdm,0x11B762,"岦M芥je勀求8","[UNTRANSLATED]"
s_006853,Alshark (Ending disk).hdm,0x11BA56,"帛虞yﾁ瑤q8っ","[UNTRANSLATED]"
s_006856,Alshark (Ending disk).hdm,0x11D13F,"亜囹DｯVｯhｪｯ泰檜ｪ-","[UNTRANSLATED]"
s_006857,Alshark (Ending disk).hdm,0x11DA3C,"牢ﾃ湫滯逖","[UNTRANSLATED]"
s_006858,Alshark (Ending disk).hdm,0x11DD8A,"搾滄=劯ﾒ蓜","[UNTRANSLATED]"
s_006859,Alshark (Ending disk).hdm,0x11E451,"毆`ｿC洵除ｽ享Qﾂ","[UNTRANSLATED]"
s_006860,Alshark (Ending disk).hdm,0x11E998,"醫拆;ｷwo搾ﾎ澄","[UNTRANSLATED]"
s_006861,Alshark (Ending disk).hdm,0x11F129,"条ｯ泉ﾛ[巛忞mnf","[UNTRANSLATED]"
s_006863,Alshark (Ending disk).hdm,0x11FFB3,"縹謝蛛乾","[UNTRANSLATED]"
s_006864,Alshark (Ending disk).hdm,0x120126,"偕{瑜ﾉ纃随ｬ","[UNTRANSLATED]"
s_006865,Alshark (Ending disk).hdm,0x120AD4,"菫侘珖fﾕl廡","[UNTRANSLATED]"
s_006867,Alshark (Ending disk).hdm,0x12180B,"星煽獏ｾ!ｬ穿","[UNTRANSLATED]"
s_006869,Alshark (Ending disk).hdm,0x123C98,"煌汁恟ｮ況ﾁg","[UNTRANSLATED]"
s_006870,Alshark (Ending disk).hdm,0x12460E,"籍ﾚ鳰矮a獣｡","[UNTRANSLATED]"
s_006871,Alshark (Ending disk).hdm,0x1246E1,"毓沂沱栓`a","[UNTRANSLATED]"
s_006873,Alshark (Ending disk).hdm,0x124E38,"哨ﾇ逕1ﾋp丐蹲R","[UNTRANSLATED]"
s_006874,Alshark (Ending disk).hdm,0x12534A,"橢涯~蠡U概)","[UNTRANSLATED]"
s_006875,Alshark (Ending disk).hdm,0x125AA8,"櫂欸殄匪ｰﾅ","[UNTRANSLATED]"
s_006876,Alshark (Ending disk).hdm,0x1261B5,"溷欅O軌.ｯ@ｯ涌","[UNTRANSLATED]"
s_006878,Alshark (Ending disk).hdm,0x126E0D,"褪_述鍾鴻","[UNTRANSLATED]"
s_006879,Alshark (Ending disk).hdm,0x128819,"睡A｡ｷﾐ韜髣?擒ﾇｷs","[UNTRANSLATED]"
s_006882,Alshark (Ending disk).hdm,0x12AF80,"ュﾊ薤蹄饒ﾁｰ","[UNTRANSLATED]"
s_006887,Alshark (Ending disk).hdm,0x12DAD7,"鶉薐匏oﾇoﾙgK與p｛h","[UNTRANSLATED]"
s_006888,Alshark (Ending disk).hdm,0x12DB4A,"説]蘇ｺｱ昕抗","[UNTRANSLATED]"
s_006889,Alshark (Ending disk).hdm,0x12DC22,"據ｯ淬渾提ﾁｫ","[UNTRANSLATED]"
s_006890,Alshark (Ending disk).hdm,0x12E87A,"受ﾃ報,\濺ｸ編","[UNTRANSLATED]"
s_006891,Alshark (Ending disk).hdm,0x12F1FF,"罎`!汯0孤ﾑ恐","[UNTRANSLATED]"
s_006893,Alshark (Ending disk).hdm,0x12F80C,"陵褪駿ｼ杼","[UNTRANSLATED]"
s_006894,Alshark (Ending disk).hdm,0x000A4A,"煦e(FG簽_^YθPιP篥ﾃ","[UNTRANSLATED]"
s_006895,Alshark (Ending disk).hdm,0x00119E,"筋ｬ簡ｭ巾","[UNTRANSLATED]"
s_006896,Alshark (Ending disk).hdm,0x0011D3,"戸ｽvkｬ簡ｭ巾ｵ","[UNTRANSLATED]"
s_006897,Alshark (Ending disk).hdm,0x001278,"讎鯑賰.｣","[UNTRANSLATED]"
s_006900,Alshark (Ending disk).hdm,0x002B79,"島　　達郎","[UNTRANSLATED]"
s_006901,Alshark (Ending disk).hdm,0x0082DE,"譴訐2ﾀ譬","[UNTRANSLATED]"
s_006902,Alshark (Ending disk).hdm,0x008548,"訐紆腓ｨ8t","[UNTRANSLATED]"
s_006904,Alshark (Ending disk).hdm,0x00F8F3,"劈ｴ信ﾖｸ滞H4｡","[UNTRANSLATED]"
s_006905,Alshark (Ending disk).hdm,0x00FA71,"蝴aﾐﾜy耨2C筅p0ｿ0ﾖ/0ﾐ00ｾｭpﾕ0","[UNTRANSLATED]"
s_006906,Alshark (Ending disk).hdm,0x00FF48,"伸詬ｰOﾀ硫ﾙpｰ","[UNTRANSLATED]"
s_006907,Alshark (Ending disk).hdm,0x00FF8E,"註ﾙQﾊﾙｰS挙&註h`","[UNTRANSLATED]"
s_006908,Alshark (Ending disk).hdm,0x010037,"二`ﾊ;派;廃9","[UNTRANSLATED]"
s_006909,Alshark (Ending disk).hdm,0x0101BF,"霤酢a嫣Fｪ｡","[UNTRANSLATED]"
s_006910,Alshark (Ending disk).hdm,0x0105FA,"奄ﾚ尖瀕｡","[UNTRANSLATED]"
s_006911,Alshark (Ending disk).hdm,0x010606,"飃{b鴫ﾞ撞J","[UNTRANSLATED]"
s_006912,Alshark (Ending disk).hdm,0x010752,"瀾:它0楳","[UNTRANSLATED]"
s_006913,Alshark (Ending disk).hdm,0x010F1F,"鰯h鮭ｵ(ｵ酒""","[UNTRANSLATED]"
s_006917,Alshark (Ending disk).hdm,0x011A89,"磚瓮5 3ｳ@珒","[UNTRANSLATED]"
s_006920,Alshark (Ending disk).hdm,0x0126F8,"耄x旋ジ｡","[UNTRANSLATED]"
s_006921,Alshark (Ending disk).hdm,0x01284F,"菟拜ｻ`死Q`","[UNTRANSLATED]"
s_006922,Alshark (Ending disk).hdm,0x012D1E,"礎徠Z`菟ｻ`","[UNTRANSLATED]"
s_006924,Alshark (Ending disk).hdm,0x012F56,"出茖oｧb北lﾄi","[UNTRANSLATED]"
s_006925,Alshark (Ending disk).hdm,0x0131F2,"屹ﾝ゜ﾀ設J","[UNTRANSLATED]"
s_006926,Alshark (Ending disk).hdm,0x0132C0,"註鋹ｭC奛","[UNTRANSLATED]"
s_006927,Alshark (Ending disk).hdm,0x0136DF,"僴艝q湾8zpｳ""ﾞ;","[UNTRANSLATED]"
s_006928,Alshark (Ending disk).hdm,0x0145B2,"Вﾈ琺盍銖","[UNTRANSLATED]"
s_006929,Alshark (Ending disk).hdm,0x0145BF,"窶鈞.RウｰAｱ","[UNTRANSLATED]"
s_006931,Alshark (Ending disk).hdm,0x014F96,"榁?蕁搬FX","[UNTRANSLATED]"
s_006932,Alshark (Ending disk).hdm,0x014FAF,"瓠AﾐﾀA績ゃﾑﾁ","[UNTRANSLATED]"
s_006933,Alshark (Ending disk).hdm,0x0155D1,"氏凰ﾕ9 5劇ｽ","[UNTRANSLATED]"
s_006935,Alshark (Ending disk).hdm,0x015738,"鴬VK吻咩ｭU､","[UNTRANSLATED]"
s_006937,Alshark (Ending disk).hdm,0x015CC0,"正晴仙!6","[UNTRANSLATED]"
s_006944,Alshark (Ending disk).hdm,0x017C5F,"滞2晰$+$}ﾛB已","[UNTRANSLATED]"
s_006946,Alshark (Ending disk).hdm,0x017D3A,"駐ほ噫O0","[UNTRANSLATED]"
s_006947,Alshark (Ending disk).hdm,0x017D57,"獸G瘰帳│ｬ","[UNTRANSLATED]"
s_006948,Alshark (Ending disk).hdm,0x017F87,"萪tｰ""諤袿","[UNTRANSLATED]"
s_006950,Alshark (Ending disk).hdm,0x018170,"馼槍?瑰`F","[UNTRANSLATED]"
s_006951,Alshark (Ending disk).hdm,0x019425,"衰ｳﾗ:卒ﾚ亠ﾕE","[UNTRANSLATED]"
s_006954,Alshark (Ending disk).hdm,0x019833,"濔,瀉7嶢","[UNTRANSLATED]"
s_006955,Alshark (Ending disk).hdm,0x019994,"躬$瀑(瀉d0","[UNTRANSLATED]"
s_006956,Alshark (Ending disk).hdm,0x0199B4,"疊L澆e4""`*獨","[UNTRANSLATED]"
s_006957,Alshark (Ending disk).hdm,0x019B31,"娜cﾒ弃ﾓ娜aﾒ`","[UNTRANSLATED]"
s_006958,Alshark (Ending disk).hdm,0x01A6A7,"影R暫N怦f","[UNTRANSLATED]"
s_006961,Alshark (Ending disk).hdm,0x01AE73,"獗E ﾗ}Dﾁ瓮跡D \ﾐｵﾘ_g","[UNTRANSLATED]"
s_006962,Alshark (Ending disk).hdm,0x01B34C,"著QGチｵｰDﾅﾁ梁lrBﾊﾒpﾂﾓI<[ﾁⅸﾀ<HﾁP","[UNTRANSLATED]"
s_006963,Alshark (Ending disk).hdm,0x01B58F,"橢ｦ奎ﾚkl偕!Er","[UNTRANSLATED]"
s_006964,Alshark (Ending disk).hdm,0x01CB3D,"叢;`巾ﾓ>赤","[UNTRANSLATED]"
s_006965,Alshark (Ending disk).hdm,0x01CDD4,"午p釈p星","[UNTRANSLATED]"
s_006966,Alshark (Ending disk).hdm,0x01CEC7,"条苡L゛","[UNTRANSLATED]"
s_006967,Alshark (Ending disk).hdm,0x01D1D7,"にrぱpｴﾓp豈","[UNTRANSLATED]"
s_006970,Alshark (Ending disk).hdm,0x01DC12,"皺靤Y葢ﾐ","[UNTRANSLATED]"
s_006971,Alshark (Ending disk).hdm,0x01DC77,"濾ﾟ';H毖ｻ瑩","[UNTRANSLATED]"
s_006972,Alshark (Ending disk).hdm,0x01E184,"瑰f靦ta]^瞋","[UNTRANSLATED]"
s_006973,Alshark (Ending disk).hdm,0x01E348,"撰虹整Sp","[UNTRANSLATED]"
s_006974,Alshark (Ending disk).hdm,0x01E477,"碇ｳ5OR食魎","[UNTRANSLATED]"
s_006975,Alshark (Ending disk).hdm,0x01E564,"濱H窈畆~","[UNTRANSLATED]"
s_006978,Alshark (Ending disk).hdm,0x01F01C,"荏ｸ荏ｺ荏ｼ","[UNTRANSLATED]"
s_006980,Alshark (Ending disk).hdm,0x01FDAD,"烙篤ｶｱap繽?","[UNTRANSLATED]"
s_006988,Alshark (Ending disk).hdm,0x021E03,"罍x繽粒ｳﾀｮ","[UNTRANSLATED]"
s_006989,Alshark (Ending disk).hdm,0x021F15,"烙威咀Uｲqﾃ","[UNTRANSLATED]"
s_006990,Alshark (Ending disk).hdm,0x02244F,"葬梳単ｮc","[UNTRANSLATED]"
s_006991,Alshark (Ending disk).hdm,0x023091,"ァΕ8｢3弃貪P","[UNTRANSLATED]"
s_006993,Alshark (Ending disk).hdm,0x0239E9,"織ﾀpｶﾑw雪2愁","[UNTRANSLATED]"
s_006998,Alshark (Ending disk).hdm,0x0244E1,"癩ﾀ｢1ZてA$ｨﾏｺﾅ英`｣0z(p","[UNTRANSLATED]"
s_006999,Alshark (Ending disk).hdm,0x024CB3,"徐将胡PWP","[UNTRANSLATED]"
s_007000,Alshark (Ending disk).hdm,0x025265,"情冏悴`D0ﾈｰ","[UNTRANSLATED]"
s_007001,Alshark (Ending disk).hdm,0x0252E4,"擴ob胚取`","[UNTRANSLATED]"
s_007003,Alshark (Ending disk).hdm,0x025B43,"碼釛ｺQ鴦ﾍ","[UNTRANSLATED]"
s_007005,Alshark (Ending disk).hdm,0x025F06,"旋逶fﾝ39o径ｦﾓﾘВMp","[UNTRANSLATED]"
s_007006,Alshark (Ending disk).hdm,0x02629F,"辜pwﾜs璞｡v`D笏RＥ","[UNTRANSLATED]"
s_007007,Alshark (Ending disk).hdm,0x026382,"玻&ｰﾇヶｿR諶","[UNTRANSLATED]"
s_007008,Alshark (Ending disk).hdm,0x027913,"鑿_雲婀)2q","[UNTRANSLATED]"
s_007009,Alshark (Ending disk).hdm,0x027AF5,"従出焼ｳ","[UNTRANSLATED]"
s_007013,Alshark (Ending disk).hdm,0x029B30,"順メ儔Wﾞ@","[UNTRANSLATED]"
s_007014,Alshark (Ending disk).hdm,0x029B47,"炬x_概拭c","[UNTRANSLATED]"
s_007015,Alshark (Ending disk).hdm,0x02A128,"鄲熄輝c","[UNTRANSLATED]"
s_007017,Alshark (Ending disk).hdm,0x02AA45,"蒂ﾕﾍ昕忸｢p`P","[UNTRANSLATED]"
s_007018,Alshark (Ending disk).hdm,0x02B15B,"株､ux4ｶﾐﾐ65Iｹ'IHﾒ<｡p]:ｪｶ麾ﾈ淌Wﾞﾑn","[UNTRANSLATED]"
s_007019,Alshark (Ending disk).hdm,0x02B3DC,"棧~>ﾚpp Zﾆ芽躓ta`Eｰ","[UNTRANSLATED]"
s_007020,Alshark (Ending disk).hdm,0x02B4F3,"蘊ｧｵﾐ""c釥Jﾀ3紊ｰﾆ","[UNTRANSLATED]"
s_007021,Alshark (Ending disk).hdm,0x02BE16,"パﾀ%Q然ｭA抉m`","[UNTRANSLATED]"
s_007022,Alshark (Ending disk).hdm,0x02C12C,"濮&A煆漏ﾇ","[UNTRANSLATED]"
s_007023,Alshark (Ending disk).hdm,0x02C16B,"蜷}(lqﾀ瑩ﾔｯﾌ譴ﾉ0","[UNTRANSLATED]"
s_007024,Alshark (Ending disk).hdm,0x02C2B8,"僻E只#がP9ｯ!","[UNTRANSLATED]"
s_007027,Alshark (Ending disk).hdm,0x02C5E2,"鐐4錝w耐","[UNTRANSLATED]"
s_007029,Alshark (Ending disk).hdm,0x02C682,"訌G冗接","[UNTRANSLATED]"
s_007030,Alshark (Ending disk).hdm,0x02C865,"軫2帝q餌","[UNTRANSLATED]"
s_007031,Alshark (Ending disk).hdm,0x02CA30,"碾ﾌ蒹糂Rcｶ [c","[UNTRANSLATED]"
s_007032,Alshark (Ending disk).hdm,0x02CB1D,"凧ﾈ狢ﾃｰ勢","[UNTRANSLATED]"
s_007033,Alshark (Ending disk).hdm,0x02CBBB,"腆樰RAl@汜","[UNTRANSLATED]"
s_007034,Alshark (Ending disk).hdm,0x02CC13,"肅ﾇﾏ勝悅","[UNTRANSLATED]"
s_007037,Alshark (Ending disk).hdm,0x02D655,"頴ﾀ孃ｭoｿoﾑo縊","[UNTRANSLATED]"
s_007038,Alshark (Ending disk).hdm,0x02E725,"陀ﾅ籵靃ﾟ","[UNTRANSLATED]"
s_007041,Alshark (Ending disk).hdm,0x02FE88,"亢1砧!o涇5l-a","[UNTRANSLATED]"
s_007042,Alshark (Ending disk).hdm,0x030F6E,"隙B釤鍰q","[UNTRANSLATED]"
s_007047,Alshark (Ending disk).hdm,0x0321D1,"聿壬霏ﾃ<","[UNTRANSLATED]"
s_007048,Alshark (Ending disk).hdm,0x032439,"紳0Z磬栓ﾐｰ","[UNTRANSLATED]"
s_007051,Alshark (Ending disk).hdm,0x0335D5,"朖逝!ﾞ癢ﾛ","[UNTRANSLATED]"
s_007054,Alshark (Ending disk).hdm,0x033C10,"餐lﾑ?升ｧQ<Y澀X","[UNTRANSLATED]"
s_007055,Alshark (Ending disk).hdm,0x033F1F,"蝉低　ｯRｬ魵ｰ","[UNTRANSLATED]"
s_007057,Alshark (Ending disk).hdm,0x03422F,"徇玻ｼ`wﾀﾍ`ﾃ軋","[UNTRANSLATED]"
s_007058,Alshark (Ending disk).hdm,0x03458C,"炮2晴n鶯","[UNTRANSLATED]"
s_007059,Alshark (Ending disk).hdm,0x03459C,"犁ｼﾟ淏膣","[UNTRANSLATED]"
s_007060,Alshark (Ending disk).hdm,0x0348F6,"珥ｽ`E欷毀ｱﾙｾ","[UNTRANSLATED]"
s_007061,Alshark (Ending disk).hdm,0x034B28,"恵篩釮ｳ｢w","[UNTRANSLATED]"
s_007062,Alshark (Ending disk).hdm,0x034EC4,"涸o甦ﾇ蒴qZ","[UNTRANSLATED]"
s_007064,Alshark (Ending disk).hdm,0x036470,"手xYｰバ彬","[UNTRANSLATED]"
s_007067,Alshark (Ending disk).hdm,0x036BD1,"烟ﾁ沐62/D,眤Aﾐ","[UNTRANSLATED]"
s_007069,Alshark (Ending disk).hdm,0x038769,"橿珥ﾙ隊｣0ｶP2Na","[UNTRANSLATED]"
s_007070,Alshark (Ending disk).hdm,0x038A7B,"研魁篇@6""ﾁ","[UNTRANSLATED]"
s_007072,Alshark (Ending disk).hdm,0x0391EB,"矮璧5痂`:","[UNTRANSLATED]"
s_007073,Alshark (Ending disk).hdm,0x03C774,"槢襃ﾀｩｰ> =躁","[UNTRANSLATED]"
s_007074,Alshark (Ending disk).hdm,0x03CB2E,"臑ﾞﾂﾀﾁヮ挂","[UNTRANSLATED]"
s_007075,Alshark (Ending disk).hdm,0x03CCA3,"菇迫痼@?","[UNTRANSLATED]"
s_007078,Alshark (Ending disk).hdm,0x03D103,"胥ツﾓ謡`","[UNTRANSLATED]"
s_007079,Alshark (Ending disk).hdm,0x03DD7C,"痒奸瞎ｷ!","[UNTRANSLATED]"
s_007080,Alshark (Ending disk).hdm,0x03DDD6,"昵ｿG9ｺ@唾叢""^`","[UNTRANSLATED]"
s_007082,Alshark (Ending disk).hdm,0x03E83F,"鼇O儖濾$","[UNTRANSLATED]"
s_007084,Alshark (Ending disk).hdm,0x03EA68,"决Q縦夙A1ﾈ","[UNTRANSLATED]"
s_007085,Alshark (Ending disk).hdm,0x03EB4D,"其淅披gA2|","[UNTRANSLATED]"
s_007086,Alshark (Ending disk).hdm,0x03F2EE,"胥毫烙%","[UNTRANSLATED]"
s_007088,Alshark (Ending disk).hdm,0x040ACA,"烙ﾗｿ魎竦","[UNTRANSLATED]"
s_007089,Alshark (Ending disk).hdm,0x040E70,"凍04Э""切ゲ","[UNTRANSLATED]"
s_007090,Alshark (Ending disk).hdm,0x041054,"聲碵qa渮@","[UNTRANSLATED]"
s_007091,Alshark (Ending disk).hdm,0x0416EE,"炬檠軅0ｹｰ","[UNTRANSLATED]"
s_007092,Alshark (Ending disk).hdm,0x041B3D,"陌犾*1!糅\ﾆｱ]ﾏ","[UNTRANSLATED]"
s_007093,Alshark (Ending disk).hdm,0x041F7D,"遐ﾐ爐ｰ僴","[UNTRANSLATED]"
s_007094,Alshark (Ending disk).hdm,0x0423A8,"譓戛u褶O","[UNTRANSLATED]"
s_007095,Alshark (Ending disk).hdm,0x042791,"踉靕砒|$","[UNTRANSLATED]"
s_007097,Alshark (Ending disk).hdm,0x042C42,"刈ｭ階ｧﾐ嶢(","[UNTRANSLATED]"
s_007098,Alshark (Ending disk).hdm,0x042CF9,"鉚闊:ﾐﾃ艇","[UNTRANSLATED]"
s_007099,Alshark (Ending disk).hdm,0x043F0C,"醒ヮ收ｸ","[UNTRANSLATED]"
s_007101,Alshark (Ending disk).hdm,0x044368,"聶珉洟ﾀ","[UNTRANSLATED]"
s_007102,Alshark (Ending disk).hdm,0x044490,"釭撚<槢KﾀА","[UNTRANSLATED]"
s_007104,Alshark (Ending disk).hdm,0x044D34,"詮邊""3猾ﾀ","[UNTRANSLATED]"
s_007105,Alshark (Ending disk).hdm,0x045122,"梯ﾋ潼Kﾐ釡･Bﾟ","[UNTRANSLATED]"
s_007107,Alshark (Ending disk).hdm,0x045689,"哨裔ｸ簇 Q","[UNTRANSLATED]"
s_007108,Alshark (Ending disk).hdm,0x045A68,"弑ﾖC瀨鮻P","[UNTRANSLATED]"
s_007111,Alshark (Ending disk).hdm,0x046C56,"簑皷ﾏ窮O","[UNTRANSLATED]"
s_007113,Alshark (Ending disk).hdm,0x04733C,"潤埖@AｾR苻ﾒﾐ","[UNTRANSLATED]"
s_007115,Alshark (Ending disk).hdm,0x0477AF,"溥ｬｼ<8栴G!"".w`ﾂ?ﾏ樢ﾆ@","[UNTRANSLATED]"
s_007117,Alshark (Ending disk).hdm,0x0480FF,"蹇検瘰ｬp","[UNTRANSLATED]"
s_007120,Alshark (Ending disk).hdm,0x04B133,"杙P毫狆AcS|","[UNTRANSLATED]"
s_007122,Alshark (Ending disk).hdm,0x04BA93,"傘:ｰ皷1統","[UNTRANSLATED]"
s_007124,Alshark (Ending disk).hdm,0x04CB95,"渼y驤鉦p","[UNTRANSLATED]"
s_007125,Alshark (Ending disk).hdm,0x04CEF1,"琥眤ﾁﾝﾇ鮹","[UNTRANSLATED]"
s_007126,Alshark (Ending disk).hdm,0x04D1BC,"轌~ｿOo捜8黑B","[UNTRANSLATED]"
s_007127,Alshark (Ending disk).hdm,0x04D55F,"册奐雹ﾐ""`","[UNTRANSLATED]"
s_007128,Alshark (Ending disk).hdm,0x04D7EE,"蜥H涵Z淒","[UNTRANSLATED]"
s_007129,Alshark (Ending disk).hdm,0x04DE76,"愾描_1脆??","[UNTRANSLATED]"
s_007130,Alshark (Ending disk).hdm,0x04E02E,"珱5瓏p挾","[UNTRANSLATED]"
s_007132,Alshark (Ending disk).hdm,0x04E2A0,"順εﾏ鉅滷!ﾀ","[UNTRANSLATED]"
s_007133,Alshark (Ending disk).hdm,0x04E39C,"燔植ｷｲ私","[UNTRANSLATED]"
s_007134,Alshark (Ending disk).hdm,0x04EE81,"淆Α福ｧ壗","[UNTRANSLATED]"
s_007135,Alshark (Ending disk).hdm,0x04F630,"煌A烙'c冪ﾈX","[UNTRANSLATED]"
s_007136,Alshark (Ending disk).hdm,0x04FCE6,"恆嘯｡""ﾇ2o!-122F撚","[UNTRANSLATED]"
s_007138,Alshark (Ending disk).hdm,0x05072B,"知掏ﾃ`法","[UNTRANSLATED]"
s_007139,Alshark (Ending disk).hdm,0x051766,"滂患(tV發A","[UNTRANSLATED]"
s_007140,Alshark (Ending disk).hdm,0x051B42,"逾旋奸ｾX","[UNTRANSLATED]"
s_007143,Alshark (Ending disk).hdm,0x052CBA,"瀾佶ﾂ气u`","[UNTRANSLATED]"
s_007144,Alshark (Ending disk).hdm,0x053557,"豈栞烙Y","[UNTRANSLATED]"
s_007145,Alshark (Ending disk).hdm,0x05381B,"鰄鱆釿`","[UNTRANSLATED]"
s_007146,Alshark (Ending disk).hdm,0x053902,"舜餌濳P","[UNTRANSLATED]"
s_007147,Alshark (Ending disk).hdm,0x0539CC,"貶磔紹2ｰ","[UNTRANSLATED]"
s_007148,Alshark (Ending disk).hdm,0x053E06,"轂ｮ揵Y女Uｪｭ","[UNTRANSLATED]"
s_007150,Alshark (Ending disk).hdm,0x054EBF,"鬪""｣@諶]ｨ@u偽","[UNTRANSLATED]"
s_007153,Alshark (Ending disk).hdm,0x0560FC,"氣 5矗ﾐ焚xq","[UNTRANSLATED]"
s_007155,Alshark (Ending disk).hdm,0x05642C,"虚ﾂ#辧ｫ毯T","[UNTRANSLATED]"
s_007157,Alshark (Ending disk).hdm,0x056857,"も眄厘ｶ｡!","[UNTRANSLATED]"
s_007158,Alshark (Ending disk).hdm,0x056A2D,"琪I硅ZFﾛ炬MﾂﾖQ","[UNTRANSLATED]"
s_007163,Alshark (Ending disk).hdm,0x0585B1,"分ﾀ撲ｨoｺoﾌoﾞo眦ｧｇ","[UNTRANSLATED]"
s_007165,Alshark (Ending disk).hdm,0x059049,"瀰｡*寵ﾟ蹂","[UNTRANSLATED]"
s_007167,Alshark (Ending disk).hdm,0x059277,"肓盻置Fｸﾀ","[UNTRANSLATED]"
s_007169,Alshark (Ending disk).hdm,0x059532,"﨩尽p疳y@=択qｲ{ｳ","[UNTRANSLATED]"
s_007170,Alshark (Ending disk).hdm,0x0595B0,"裲ﾕﾊﾕﾊﾅﾍ!厓ﾔ磧0~q","[UNTRANSLATED]"
s_007172,Alshark (Ending disk).hdm,0x05971D,"薫朧ｰOp_r豐","[UNTRANSLATED]"
s_007173,Alshark (Ending disk).hdm,0x059A41,"勢ﾐ案諟T1","[UNTRANSLATED]"
s_007174,Alshark (Ending disk).hdm,0x059C90,"爿u*o擶浮d｡","[UNTRANSLATED]"
s_007176,Alshark (Ending disk).hdm,0x05A501,"兪ｪU鷂鷆","[UNTRANSLATED]"
s_007180,Alshark (Ending disk).hdm,0x05B10B,"渮銖x<ﾏ冗q<","[UNTRANSLATED]"
s_007181,Alshark (Ending disk).hdm,0x05B44D,"餡漆lS遏Oj","[UNTRANSLATED]"
s_007183,Alshark (Ending disk).hdm,0x05C0D2,"粧皓ﾁ用ｮ","[UNTRANSLATED]"
s_007184,Alshark (Ending disk).hdm,0x05C696,"聟_俿ﾏQfuP随","[UNTRANSLATED]"
s_007185,Alshark (Ending disk).hdm,0x05CD34,"座厲dP赫","[UNTRANSLATED]"
s_007186,Alshark (Ending disk).hdm,0x05D351,"蝣ｷｰ韭t2寝ｲ","[UNTRANSLATED]"
s_007187,Alshark (Ending disk).hdm,0x05D38A,"縵橦襠#","[UNTRANSLATED]"
s_007188,Alshark (Ending disk).hdm,0x05D50A,"睦迸x.0沃","[UNTRANSLATED]"
s_007189,Alshark (Ending disk).hdm,0x05DFD9,"涵s暠ﾗｼp狠","[UNTRANSLATED]"
s_007190,Alshark (Ending disk).hdm,0x05E017,"裲%界摺@ﾟ","[UNTRANSLATED]"
s_007191,Alshark (Ending disk).hdm,0x05E937,"線ｹ箭毖cﾒｹrｦｱpV","[UNTRANSLATED]"
s_007192,Alshark (Ending disk).hdm,0x05EA6A,"蹈ﾈ9儲逗*C｣","[UNTRANSLATED]"
s_007193,Alshark (Ending disk).hdm,0x05F0C6,"拝)rn+｢a噫ﾈｩ`姉","[UNTRANSLATED]"
s_007196,Alshark (Ending disk).hdm,0x060CC0,"耄澄g嗽ｪU","[UNTRANSLATED]"
s_007197,Alshark (Ending disk).hdm,0x060D5C,"誓S径I ｦ燿F","[UNTRANSLATED]"
s_007199,Alshark (Ending disk).hdm,0x061DDF,"雋絣%ｬr瑜ｰﾑ","[UNTRANSLATED]"
s_007200,Alshark (Ending disk).hdm,0x062638,"麦ﾟﾏﾎ菶0钁S","[UNTRANSLATED]"
s_007201,Alshark (Ending disk).hdm,0x062A73,"慨藾maﾏ`K捜","[UNTRANSLATED]"
s_007202,Alshark (Ending disk).hdm,0x062F71,"雲媽ｭ_ｿ_ﾑ_綫ted","[UNTRANSLATED]"
s_007203,Alshark (Ending disk).hdm,0x0633AA,"鞣ｮﾑ歛ﾙﾉﾐ腸","[UNTRANSLATED]"
s_007204,Alshark (Ending disk).hdm,0x0639F4,"緤b鑈ﾞｹg後B+Q","[UNTRANSLATED]"
s_007205,Alshark (Ending disk).hdm,0x063A26,"皸【贖ｱ酢8ｭﾂ","[UNTRANSLATED]"
s_007206,Alshark (Ending disk).hdm,0x063B13,"齏蔗fベc`","[UNTRANSLATED]"
s_007208,Alshark (Ending disk).hdm,0x063F1F,"燗瑕滬ﾃﾘR","[UNTRANSLATED]"
s_007209,Alshark (Ending disk).hdm,0x064279,"弡w}b罎#ﾐｻAｸ4\ｰ2ﾅB纜cｽ","[UNTRANSLATED]"
s_007210,Alshark (Ending disk).hdm,0x0642FE,"授図馞@","[UNTRANSLATED]"
s_007211,Alshark (Ending disk).hdm,0x064585,"潜泚屏@ｮﾂAA","[UNTRANSLATED]"
s_007213,Alshark (Ending disk).hdm,0x064CF1,"限Mｴ髏ﾗ靭．","[UNTRANSLATED]"
s_007215,Alshark (Ending disk).hdm,0x064DB4,"蚊3ﾒト待ﾌB","[UNTRANSLATED]"
s_007217,Alshark (Ending disk).hdm,0x064EDC,"闡胙ワﾂ1","[UNTRANSLATED]"
s_007218,Alshark (Ending disk).hdm,0x0652D8,"銛碣R絶ﾀ","[UNTRANSLATED]"
s_007219,Alshark (Ending disk).hdm,0x06536A,"臆ﾟA x整2C痳","[UNTRANSLATED]"
s_007221,Alshark (Ending disk).hdm,0x0655CE,"浸症瀰←Pﾁﾅ2]QC|Pｧﾐ_A","[UNTRANSLATED]"
s_007222,Alshark (Ending disk).hdm,0x065AE0,"静?l3俚3ﾎ罸1","[UNTRANSLATED]"
s_007225,Alshark (Ending disk).hdm,0x065F0C,"ふ図ﾐF筵","[UNTRANSLATED]"
s_007227,Alshark (Ending disk).hdm,0x06663B,"肅ﾇﾏ繽廝","[UNTRANSLATED]"
s_007228,Alshark (Ending disk).hdm,0x066649,"椌#棟:0H乍","[UNTRANSLATED]"
s_007229,Alshark (Ending disk).hdm,0x067232,"轜殀#泉","[UNTRANSLATED]"
s_007230,Alshark (Ending disk).hdm,0x06727D,"殫嫖`◆董･","[UNTRANSLATED]"
s_007231,Alshark (Ending disk).hdm,0x067C61,"昔跣sy<槞q","[UNTRANSLATED]"
s_007232,Alshark (Ending disk).hdm,0x068226,"譫t鰈溲ﾔｨﾊ","[UNTRANSLATED]"
s_007234,Alshark (Ending disk).hdm,0x069611,"韵橆w篩oqﾄY@","[UNTRANSLATED]"
s_007235,Alshark (Ending disk).hdm,0x0696D6,"靤 ﾈ0ｫ箭ﾃ竄C","[UNTRANSLATED]"
s_007236,Alshark (Ending disk).hdm,0x069802,"湾戒戟D`","[UNTRANSLATED]"
s_007237,Alshark (Ending disk).hdm,0x069851,"瑁瑰犾""_","[UNTRANSLATED]"
s_007239,Alshark (Ending disk).hdm,0x06A66E,"漢Bﾌ`ｲﾘ匤厨","[UNTRANSLATED]"
s_007240,Alshark (Ending disk).hdm,0x06ACB7,"勢 瑩熕j","[UNTRANSLATED]"
s_007242,Alshark (Ending disk).hdm,0x06B103,"璢ﾖｭ[ｷ畯_劬ｾ","[UNTRANSLATED]"
s_007243,Alshark (Ending disk).hdm,0x06B4B4,"焚読ﾝpc瓊","[UNTRANSLATED]"
s_007245,Alshark (Ending disk).hdm,0x06BBB6,"焙羨 笄ｼ","[UNTRANSLATED]"
s_007246,Alshark (Ending disk).hdm,0x06C848,"恷ﾄﾁ肅ﾏ涸><xﾏp","[UNTRANSLATED]"
s_007248,Alshark (Ending disk).hdm,0x06CD45,"曁:&逵x猛K,","[UNTRANSLATED]"
s_007249,Alshark (Ending disk).hdm,0x06CF0B,"形伝ア4A","[UNTRANSLATED]"
s_007252,Alshark (Ending disk).hdm,0x06D484,"羌ﾋ峅ﾂ郞","[UNTRANSLATED]"
s_007255,Alshark (Ending disk).hdm,0x06DD72,"責/ﾟ<輾徘","[UNTRANSLATED]"
s_007256,Alshark (Ending disk).hdm,0x06DFDB,"巣qa瑯腺","[UNTRANSLATED]"
s_007258,Alshark (Ending disk).hdm,0x06ED01,"痼ﾗA螟ﾒ&裔o","[UNTRANSLATED]"
s_007262,Alshark (Ending disk).hdm,0x06FBBB,"猟謔{ﾇ橆ｭ","[UNTRANSLATED]"
s_007263,Alshark (Ending disk).hdm,0x0701A9,"贄ｯaｽ棋ﾋ仰","[UNTRANSLATED]"
s_007264,Alshark (Ending disk).hdm,0x0701D9,"驟@上\紹","[UNTRANSLATED]"
s_007265,Alshark (Ending disk).hdm,0x07023A,"裃ｧ{ﾉ呵｢ﾐ(藤ﾋF","[UNTRANSLATED]"
s_007266,Alshark (Ending disk).hdm,0x0705BE,"畋飯贊忸*P","[UNTRANSLATED]"
s_007267,Alshark (Ending disk).hdm,0x070B4E,"眩登毯}ｲ","[UNTRANSLATED]"
s_007269,Alshark (Ending disk).hdm,0x0711D8,"鋠3賣于0","[UNTRANSLATED]"
s_007270,Alshark (Ending disk).hdm,0x071448,"瑩闡11|ﾎ誠","[UNTRANSLATED]"
s_007272,Alshark (Ending disk).hdm,0x0717FC,"恟sﾌ3ﾏ柢{S國","[UNTRANSLATED]"
s_007273,Alshark (Ending disk).hdm,0x071988,"礑tﾀ蚪べﾐ","[UNTRANSLATED]"
s_007274,Alshark (Ending disk).hdm,0x071E7B,"醯7ﾋ限杪","[UNTRANSLATED]"
s_007275,Alshark (Ending disk).hdm,0x072412,"鋠ｿ3賣于0","[UNTRANSLATED]"
s_007279,Alshark (Ending disk).hdm,0x073106,"蠱啻紜Pﾙvｩ","[UNTRANSLATED]"
s_007280,Alshark (Ending disk).hdm,0x0734A4,"謫@ﾉｷｽ碧ｲBﾟ昴","[UNTRANSLATED]"
s_007281,Alshark (Ending disk).hdm,0x074848,"煌簪ﾁ滂","[UNTRANSLATED]"
s_007282,Alshark (Ending disk).hdm,0x074C6D,"鞁#ｳ｣Xｶ珥ﾞ珱q","[UNTRANSLATED]"
s_007283,Alshark (Ending disk).hdm,0x074D33,"窃ｼｹｳ誧乎","[UNTRANSLATED]"
s_007284,Alshark (Ending disk).hdm,0x07529E,"迹栴i竄Fq7","[UNTRANSLATED]"
s_007285,Alshark (Ending disk).hdm,0x075454,"秩(0迹ｺb濮","[UNTRANSLATED]"
s_007286,Alshark (Ending disk).hdm,0x075586,"靏琿ﾗｶG心ｷｯ","[UNTRANSLATED]"
s_007287,Alshark (Ending disk).hdm,0x075CF3,"肘晰戛!`｡8?","[UNTRANSLATED]"
s_007289,Alshark (Ending disk).hdm,0x076770,"０寧ｿ};僮僧ｧD","[UNTRANSLATED]"
s_007290,Alshark (Ending disk).hdm,0x0769F7,"眩/就承ﾀVÅ8F","[UNTRANSLATED]"
s_007293,Alshark (Ending disk).hdm,0x076D32,"檍戸ﾐ睦","[UNTRANSLATED]"
s_007294,Alshark (Ending disk).hdm,0x077378,"牒鑵｢p陜","[UNTRANSLATED]"
s_007296,Alshark (Ending disk).hdm,0x077644,"簇嬉､b爍TRｯ0","[UNTRANSLATED]"
s_007297,Alshark (Ending disk).hdm,0x077C0A,"肅R靑g闃ﾐp'9｡","[UNTRANSLATED]"
s_007298,Alshark (Ending disk).hdm,0x077D31,"歩敏@｡xy>4銚ﾔ","[UNTRANSLATED]"
s_007299,Alshark (Ending disk).hdm,0x077E8C,"跼咥､錘B","[UNTRANSLATED]"
s_007301,Alshark (Ending disk).hdm,0x0780BE,"炸゛澎!Up","[UNTRANSLATED]"
s_007302,Alshark (Ending disk).hdm,0x0781EB,"膏⑧/鰔畜","[UNTRANSLATED]"
s_007303,Alshark (Ending disk).hdm,0x078334,"稈悦.鷹a","[UNTRANSLATED]"
s_007304,Alshark (Ending disk).hdm,0x0784A1,"顕描uｰ竕1","[UNTRANSLATED]"
s_007306,Alshark (Ending disk).hdm,0x0789E2,"羲痙舌~?ｂﾔ","[UNTRANSLATED]"
s_007308,Alshark (Ending disk).hdm,0x079D37,"ゴR袈_|_燦ﾇ","[UNTRANSLATED]"
s_007309,Alshark (Ending disk).hdm,0x07A0E0,"資ﾌ薙赶","[UNTRANSLATED]"
s_007310,Alshark (Ending disk).hdm,0x07A734,"粫ﾄ語ApN饌","[UNTRANSLATED]"
s_007311,Alshark (Ending disk).hdm,0x07A82D,"餾瀨ﾒ\卦ﾈﾐ","[UNTRANSLATED]"
s_007313,Alshark (Ending disk).hdm,0x07B3F4,"碾|?ﾓt説*唾","[UNTRANSLATED]"
s_007315,Alshark (Ending disk).hdm,0x07C15B,"ｓo西盻ｭUP炒ｸ","[UNTRANSLATED]"
s_007316,Alshark (Ending disk).hdm,0x07C837,"狷ｿﾖｿ霑惞","[UNTRANSLATED]"
s_007321,Alshark (Ending disk).hdm,0x07D6B1,"蔵バ賓ｧoｹoﾋh","[UNTRANSLATED]"
s_007324,Alshark (Ending disk).hdm,0x07FB22,"桐淲qﾄ璧ﾕｵｴ","[UNTRANSLATED]"
s_007325,Alshark (Ending disk).hdm,0x08014A,"繽ﾁ>ｫQﾗ性1靏","[UNTRANSLATED]"
s_007326,Alshark (Ending disk).hdm,0x080238,"ゾ_o_仝德","[UNTRANSLATED]"
s_007328,Alshark (Ending disk).hdm,0x080AF6,"巖&'繿餧","[UNTRANSLATED]"
s_007329,Alshark (Ending disk).hdm,0x080D18,"ひ茵oｱg眈b","[UNTRANSLATED]"
s_007330,Alshark (Ending disk).hdm,0x08112D,"嘔?毋ｰ淺","[UNTRANSLATED]"
s_007332,Alshark (Ending disk).hdm,0x0819C7,"髭(殼:狸","[UNTRANSLATED]"
s_007334,Alshark (Ending disk).hdm,0x081EC0,"氣!ﾃﾁ}迯""ﾛ汞","[UNTRANSLATED]"
s_007335,Alshark (Ending disk).hdm,0x082213,"秀什衛fZ0i⊂","[UNTRANSLATED]"
s_007338,Alshark (Ending disk).hdm,0x0838CA,"譟ﾇ;醯濫","[UNTRANSLATED]"
s_007339,Alshark (Ending disk).hdm,0x083CFB,"瑞ｧﾁ潁*訌q","[UNTRANSLATED]"
s_007341,Alshark (Ending disk).hdm,0x0843A4,"湜ﾚﾒｶｦｿlJVﾌ倭犂","[UNTRANSLATED]"
s_007342,Alshark (Ending disk).hdm,0x084551,"藏`舊伴Q","[UNTRANSLATED]"
s_007344,Alshark (Ending disk).hdm,0x084B6A,"安雉杳ﾞ","[UNTRANSLATED]"
s_007346,Alshark (Ending disk).hdm,0x0851F9,"鰲吭ﾇ釤ﾁｽ@","[UNTRANSLATED]"
s_007348,Alshark (Ending disk).hdm,0x08606E,"弉Y殘捍ｽQS","[UNTRANSLATED]"
s_007349,Alshark (Ending disk).hdm,0x086142,"棕Iｿ[ｿ棕D謳ﾀ","[UNTRANSLATED]"
s_007350,Alshark (Ending disk).hdm,0x086492,"鑷汀.ﾊ蠖BM","[UNTRANSLATED]"
s_007351,Alshark (Ending disk).hdm,0x086912,"漑7ﾁ 錙稈","[UNTRANSLATED]"
s_007353,Alshark (Ending disk).hdm,0x087639,"憧縺惶{c","[UNTRANSLATED]"
s_007355,Alshark (Ending disk).hdm,0x087CB8,"亦倒P図R","[UNTRANSLATED]"
s_007358,Alshark (Ending disk).hdm,0x087F35,"葮｢畿郷ﾃ","[UNTRANSLATED]"
s_007359,Alshark (Ending disk).hdm,0x088438,"輿,Ir穢ﾉ熔ｩoｻo","[UNTRANSLATED]"
s_007363,Alshark (Ending disk).hdm,0x088BF1,"鰉Qwﾟ過已ｭﾔﾊ1a┯E","[UNTRANSLATED]"
s_007365,Alshark (Ending disk).hdm,0x0897CE,"琲葫粃ﾒ","[UNTRANSLATED]"
s_007367,Alshark (Ending disk).hdm,0x089F4B,"瘁ﾁヒ%爻p!｡","[UNTRANSLATED]"
s_007368,Alshark (Ending disk).hdm,0x08A074,"煬 矜i･ｿ@棆","[UNTRANSLATED]"
s_007369,Alshark (Ending disk).hdm,0x08A21F,"琺祠R柿:ｨ","[UNTRANSLATED]"
s_007370,Alshark (Ending disk).hdm,0x08A275,"沛〟aｴ袍昀'ﾒ","[UNTRANSLATED]"
s_007371,Alshark (Ending disk).hdm,0x08A3DE,"爰Aﾘﾂ竦瀲?","[UNTRANSLATED]"
s_007372,Alshark (Ending disk).hdm,0x08A420,"芋ﾁ 受E,奉ﾟv","[UNTRANSLATED]"
s_007374,Alshark (Ending disk).hdm,0x08B3D1,"欅ｳﾌFr鋧狎ﾀ","[UNTRANSLATED]"
s_007376,Alshark (Ending disk).hdm,0x08BDE7,"一瀝ﾒ､!ﾁや","[UNTRANSLATED]"
s_007377,Alshark (Ending disk).hdm,0x08BDFD,"僂坡82皂","[UNTRANSLATED]"
s_007378,Alshark (Ending disk).hdm,0x08C843,"鏗ﾔ簑瀲  ｡<","[UNTRANSLATED]"
s_007379,Alshark (Ending disk).hdm,0x08CA4F,"汁｢J0`5噌2'ﾐp苟","[UNTRANSLATED]"
s_007380,Alshark (Ending disk).hdm,0x08CB24,"輿瑣淆ｿﾑ","[UNTRANSLATED]"
s_007381,Alshark (Ending disk).hdm,0x08DA7D,"炬ｿﾏ胖髙","[UNTRANSLATED]"
s_007382,Alshark (Ending disk).hdm,0x08E032,"碪'/决戀","[UNTRANSLATED]"
s_007383,Alshark (Ending disk).hdm,0x08E7C3,"闡栲wR2皈aIP","[UNTRANSLATED]"
s_007385,Alshark (Ending disk).hdm,0x08E9FD,"俄ﾀｯｱx4UCK署珱","[UNTRANSLATED]"
s_007386,Alshark (Ending disk).hdm,0x08ED75,"杖狠←鉄b","[UNTRANSLATED]"
s_007387,Alshark (Ending disk).hdm,0x08EDD4,"燭ｱ鰲Lｲ庁2ﾑ","[UNTRANSLATED]"
s_007388,Alshark (Ending disk).hdm,0x08EF23,"胛ﾗ_饅ﾄ_xﾖ_鐇9p>|Gpﾖ8","[UNTRANSLATED]"
s_007389,Alshark (Ending disk).hdm,0x08F0E5,"煽a衵ﾔ騨ﾀ","[UNTRANSLATED]"
s_007390,Alshark (Ending disk).hdm,0x08FB47,"是痴0C色","[UNTRANSLATED]"
s_007391,Alshark (Ending disk).hdm,0x08FEBB,"餧倚ｰ0`@ﾁ伝","[UNTRANSLATED]"
s_007394,Alshark (Ending disk).hdm,0x090478,"痺ｨ烙駸ﾏﾀ","[UNTRANSLATED]"
s_007395,Alshark (Ending disk).hdm,0x090502,"跛頏ﾀ!ピ","[UNTRANSLATED]"
s_007397,Alshark (Ending disk).hdm,0x0906DF,"烋｡ﾈ厲ｵq榔","[UNTRANSLATED]"
s_007398,Alshark (Ending disk).hdm,0x09078E,"浣ﾏ銷鉎ｱﾎ0","[UNTRANSLATED]"
s_007402,Alshark (Ending disk).hdm,0x091F6A,"珱朮茯ﾐs0","[UNTRANSLATED]"
s_007404,Alshark (Ending disk).hdm,0x0942A8,"羽ｪ遭漾j","[UNTRANSLATED]"
s_007405,Alshark (Ending disk).hdm,0x094474,"犹0､0銛柢@","[UNTRANSLATED]"
s_007410,Alshark (Ending disk).hdm,0x0964E8,"腸糊蹇Zﾄ0","[UNTRANSLATED]"
s_007411,Alshark (Ending disk).hdm,0x096674,"暲;:@潔即ﾑ","[UNTRANSLATED]"
s_007413,Alshark (Ending disk).hdm,0x09675A,"惘ｮｭ,wｯ憶岷ｭｯ}ｱｱ","[UNTRANSLATED]"
s_007414,Alshark (Ending disk).hdm,0x09688C,"璧y璧獗0","[UNTRANSLATED]"
s_007415,Alshark (Ending disk).hdm,0x0968AE,"承fﾌ亘竅","[UNTRANSLATED]"
s_007417,Alshark (Ending disk).hdm,0x0972BA,"蛋轢ﾆ艫%_Kj0K@Pｫ","[UNTRANSLATED]"
s_007418,Alshark (Ending disk).hdm,0x0976D1,"先奝0ｯC途","[UNTRANSLATED]"
s_007419,Alshark (Ending disk).hdm,0x097BA7,"と｡A滿ｧO怠ｪｽ｢L0","[UNTRANSLATED]"
s_007422,Alshark (Ending disk).hdm,0x09A6DF,"苓舞Opｾ3υdr<積","[UNTRANSLATED]"
s_007423,Alshark (Ending disk).hdm,0x09A726,"荊a七皺","[UNTRANSLATED]"
s_007426,Alshark (Ending disk).hdm,0x09C3DC,"瓶A=把簑_","[UNTRANSLATED]"
s_007427,Alshark (Ending disk).hdm,0x09C44D,"稼2叫 5炳","[UNTRANSLATED]"
s_007430,Alshark (Ending disk).hdm,0x09D6C6,"僧1o灘餧","[UNTRANSLATED]"
s_007431,Alshark (Ending disk).hdm,0x09D710,"弍ｪｯｼｯﾎｯ牆覬","[UNTRANSLATED]"
s_007432,Alshark (Ending disk).hdm,0x09D9C2,"炮 ﾃｬ腓u`滂oa","[UNTRANSLATED]"
s_007433,Alshark (Ending disk).hdm,0x09DA48,"罌ﾘP佖乞","[UNTRANSLATED]"
s_007434,Alshark (Ending disk).hdm,0x09DA92,"辻錢絈0L34ﾉ","[UNTRANSLATED]"
s_007435,Alshark (Ending disk).hdm,0x09DB98,"涜ﾍ2<校拭OROdGZ","[UNTRANSLATED]"
s_007436,Alshark (Ending disk).hdm,0x09F5FA,"覆閉ﾑ鞴","[UNTRANSLATED]"
s_007437,Alshark (Ending disk).hdm,0x09F6F3,"莵Qﾋ締鬆ｻ","[UNTRANSLATED]"
s_007439,Alshark (Ending disk).hdm,0x09FE76,"癲ﾚ擢錘ﾐ","[UNTRANSLATED]"
s_007440,Alshark (Ending disk).hdm,0x09FF60,"ユﾟoｿﾞ暑鰌","[UNTRANSLATED]"
s_007443,Alshark (Ending disk).hdm,0x0A2368,"濮竓_彑ｮU益","[UNTRANSLATED]"
s_007444,Alshark (Ending disk).hdm,0x0A2379,"眤膤ﾇ亦ﾑ","[UNTRANSLATED]"
s_007445,Alshark (Ending disk).hdm,0x0A2895,"令近旛;bﾌﾟ","[UNTRANSLATED]"
s_007447,Alshark (Ending disk).hdm,0x0A2E29,"滲}豊乏ｰ","[UNTRANSLATED]"
s_007448,Alshark (Ending disk).hdm,0x0A2E3B,"尠膨ﾊ變0ﾘ5q=Pｷﾐﾆ","[UNTRANSLATED]"
s_007449,Alshark (Ending disk).hdm,0x0A2F0E,"狹`龝ｸ預","[UNTRANSLATED]"
s_007452,Alshark (Ending disk).hdm,0x0A4D06,"疳ｾﾑ鰉鱒","[UNTRANSLATED]"
s_007458,Alshark (Ending disk).hdm,0x0A78A3,"葹eｩ徳崧 $","[UNTRANSLATED]"
s_007459,Alshark (Ending disk).hdm,0x0A84BA,"繽~柀ﾛｮ掟'","[UNTRANSLATED]"
s_007461,Alshark (Ending disk).hdm,0x0A8958,"聲ﾋﾗ留o效","[UNTRANSLATED]"
s_007463,Alshark (Ending disk).hdm,0x0A8F99,"滌1粧整","[UNTRANSLATED]"
s_007464,Alshark (Ending disk).hdm,0x0A8FBE,"曄脛ﾎ{C湘","[UNTRANSLATED]"
s_007466,Alshark (Ending disk).hdm,0x0A9111,"匈堕≡那･ﾔ","[UNTRANSLATED]"
s_007467,Alshark (Ending disk).hdm,0x0A9791,"碼h約+ｰ猷","[UNTRANSLATED]"
s_007468,Alshark (Ending disk).hdm,0x0A9F9D,"鰹酬烙@","[UNTRANSLATED]"
s_007472,Alshark (Ending disk).hdm,0x0ABB75,"新_h_z_祁(棒","[UNTRANSLATED]"
s_007473,Alshark (Ending disk).hdm,0x0AC48E,"九#ョQ壮ﾀC`","[UNTRANSLATED]"
s_007474,Alshark (Ending disk).hdm,0x0AC6AF,"瑩ﾀ恚_曄","[UNTRANSLATED]"
s_007476,Alshark (Ending disk).hdm,0x0ACBDA,"世b0籍2P隹","[UNTRANSLATED]"
s_007478,Alshark (Ending disk).hdm,0x0ACCA1,"懺如漑ｼ {","[UNTRANSLATED]"
s_007482,Alshark (Ending disk).hdm,0x0ADF59,"旺ｼ@擾殿vﾅ","[UNTRANSLATED]"
s_007483,Alshark (Ending disk).hdm,0x0ADF70,"汢ﾏ崢ｹﾛ鉐ﾏ","[UNTRANSLATED]"
s_007485,Alshark (Ending disk).hdm,0x0ADFD3,"鰌%｣8ﾌ梅ﾑ冒","[UNTRANSLATED]"
s_007486,Alshark (Ending disk).hdm,0x0ADFF2,"燒/鴪<諌","[UNTRANSLATED]"
s_007487,Alshark (Ending disk).hdm,0x0AE42F,"濮覚徙oﾀeNdｿ","[UNTRANSLATED]"
s_007488,Alshark (Ending disk).hdm,0x0AF11C,"峻孜繙9a&","[UNTRANSLATED]"
s_007489,Alshark (Ending disk).hdm,0x0AF3C4,"ル煙_!Sﾁ牴p","[UNTRANSLATED]"
s_007490,Alshark (Ending disk).hdm,0x0AFA0D,"川ﾙｳpﾑ#徐潺}r3","[UNTRANSLATED]"
s_007492,Alshark (Ending disk).hdm,0x0B00EB,"醒P?C彖蓮ｽ","[UNTRANSLATED]"
s_007493,Alshark (Ending disk).hdm,0x0B06E6,"衞富gFﾁ蚋O","[UNTRANSLATED]"
s_007494,Alshark (Ending disk).hdm,0x0B094C,"氏?OｯO歙ｿ白w","[UNTRANSLATED]"
s_007495,Alshark (Ending disk).hdm,0x0B0BE0,"楚P歩_鎮","[UNTRANSLATED]"
s_007496,Alshark (Ending disk).hdm,0x0B0D5B,"井猶禔ｰﾒ","[UNTRANSLATED]"
s_007498,Alshark (Ending disk).hdm,0x0B2A80,"１@ｨｸ濁UｾUu@w晥朎","[UNTRANSLATED]"
s_007499,Alshark (Ending disk).hdm,0x0B2B06,"秡引p皛ｪﾝ","[UNTRANSLATED]"
s_007501,Alshark (Ending disk).hdm,0x0B30BE,"ムﾁ禍3煎""","[UNTRANSLATED]"
s_007504,Alshark (Ending disk).hdm,0x0B3612,"耜ﾕ晥扈ﾗｮ","[UNTRANSLATED]"
s_007509,Alshark (Ending disk).hdm,0x0B49D9,"妣｢耨鎰r%","[UNTRANSLATED]"
s_007512,Alshark (Ending disk).hdm,0x0B55D0,"焉覓@筺","[UNTRANSLATED]"
s_007513,Alshark (Ending disk).hdm,0x0B59F2,"珮ﾃ註JA慝pｩ@","[UNTRANSLATED]"
s_007514,Alshark (Ending disk).hdm,0x0B5D03,"郛磑Kｱｩ箭ｭ","[UNTRANSLATED]"
s_007515,Alshark (Ending disk).hdm,0x0B5D44,"燿ｿ籍ﾈﾌ蓙;D","[UNTRANSLATED]"
s_007516,Alshark (Ending disk).hdm,0x0B6068,"毘 {ﾀﾁﾀ｣G皐丼|｢ｦ","[UNTRANSLATED]"
s_007518,Alshark (Ending disk).hdm,0x0B6503,"涓ﾑ蹂窶w｡ｳ","[UNTRANSLATED]"
s_007520,Alshark (Ending disk).hdm,0x0B6B4C,"倦ｸ瓰Dm:綠""Qｨ","[UNTRANSLATED]"
s_007521,Alshark (Ending disk).hdm,0x0B6EB6,"覲ｾﾏﾐﾏ篳:`楝","[UNTRANSLATED]"
s_007525,Alshark (Ending disk).hdm,0x0B86CD,"濮妥ﾁ鋐","[UNTRANSLATED]"
s_007528,Alshark (Ending disk).hdm,0x0B8AFE,"麌ﾒ8ﾋ選=択","[UNTRANSLATED]"
s_007530,Alshark (Ending disk).hdm,0x0B90F0,"穰Pｿ曽ｪw晥ｿ","[UNTRANSLATED]"
s_007533,Alshark (Ending disk).hdm,0x0B9FAA,"蹟=轗A咳","[UNTRANSLATED]"
s_007534,Alshark (Ending disk).hdm,0x0BA137,"槊A$渧獲","[UNTRANSLATED]"
s_007536,Alshark (Ending disk).hdm,0x0BA470,"尉ｿﾕ浅ｷ橾","[UNTRANSLATED]"
s_007537,Alshark (Ending disk).hdm,0x0BA47D,"薈鰡獷ﾋｷ","[UNTRANSLATED]"
s_007539,Alshark (Ending disk).hdm,0x0BA925,"招攫ﾎﾙ驎ｻ|ｾQ","[UNTRANSLATED]"
s_007541,Alshark (Ending disk).hdm,0x0BB9D4,"罐(牛ｻ鍄IB","[UNTRANSLATED]"
s_007543,Alshark (Ending disk).hdm,0x0BC51B,"淆琲磬ｼ1ﾍD","[UNTRANSLATED]"
s_007544,Alshark (Ending disk).hdm,0x0BC78D,"事鋩胥ﾖ~:Bｿ","[UNTRANSLATED]"
s_007547,Alshark (Ending disk).hdm,0x0BD1B8,"釶Y頚檗","[UNTRANSLATED]"
s_007548,Alshark (Ending disk).hdm,0x0BD519,"麾ﾞHX狷苫","[UNTRANSLATED]"
s_007549,Alshark (Ending disk).hdm,0x0BDFEB,"晏ｫg?滌卲館","[UNTRANSLATED]"
s_007550,Alshark (Ending disk).hdm,0x0BE509,"壟0｡渮`蚪","[UNTRANSLATED]"
s_007552,Alshark (Ending disk).hdm,0x0BEDE4,"疽棲仙~","[UNTRANSLATED]"
s_007554,Alshark (Ending disk).hdm,0x0BF22D,"夙ﾛｼy炫z烝ﾁﾗB","[UNTRANSLATED]"
s_007555,Alshark (Ending disk).hdm,0x0BF447,"入ﾙ磑0釶?","[UNTRANSLATED]"
s_007557,Alshark (Ending disk).hdm,0x0BF82B,"珮蓐ﾂ測ﾀ","[UNTRANSLATED]"
s_007558,Alshark (Ending disk).hdm,0x0BFA94,"浅ﾁ劣謳","[UNTRANSLATED]"
s_007560,Alshark (Ending disk).hdm,0x0BFE15,"挂b叶ｴ`綾1A^","[UNTRANSLATED]"
s_007561,Alshark (Ending disk).hdm,0x0BFE99,"炒ﾀｷ蜘砥","[UNTRANSLATED]"
s_007562,Alshark (Ending disk).hdm,0x0BFF54,"苻ｴぜｺ肖","[UNTRANSLATED]"
s_007563,Alshark (Ending disk).hdm,0x0C0DF7,"珮/蓐ﾂ袖ｯ","[UNTRANSLATED]"
s_007564,Alshark (Ending disk).hdm,0x0C1184,"植dK<icy誓ﾟo7祓$p","[UNTRANSLATED]"
s_007567,Alshark (Ending disk).hdm,0x0C2D8C,"頒陋ｱ伐ｻ","[UNTRANSLATED]"
s_007569,Alshark (Ending disk).hdm,0x0C2FF0,"迎煕^G臍","[UNTRANSLATED]"
s_007572,Alshark (Ending disk).hdm,0x0C4232,"ゅa炳垂0ｻ0","[UNTRANSLATED]"
s_007573,Alshark (Ending disk).hdm,0x0C4375,"院ﾘﾙﾎ鉐疏","[UNTRANSLATED]"
s_007574,Alshark (Ending disk).hdm,0x0C51AC,"溿軾擾w{","[UNTRANSLATED]"
s_007575,Alshark (Ending disk).hdm,0x0C57CD,"内7ｱq瑰閠1","[UNTRANSLATED]"
s_007576,Alshark (Ending disk).hdm,0x0C6116,"詹Wｮ晉;g曷","[UNTRANSLATED]"
s_007577,Alshark (Ending disk).hdm,0x0C621D,"妊ﾌ浤@摺","[UNTRANSLATED]"
s_007578,Alshark (Ending disk).hdm,0x0C67F5,"獏ﾃ肖凪ｰﾏ@","[UNTRANSLATED]"
s_007579,Alshark (Ending disk).hdm,0x0C741B,"析!ﾋ瑩ﾓ""/ｷ政","[UNTRANSLATED]"
s_007580,Alshark (Ending disk).hdm,0x0C77B4,"掻l千ｰ~嗔","[UNTRANSLATED]"
s_007582,Alshark (Ending disk).hdm,0x0C7DA4,"悄ｮ淆病","[UNTRANSLATED]"
s_007584,Alshark (Ending disk).hdm,0x0C8296,"鞴裂N磬b","[UNTRANSLATED]"
s_007585,Alshark (Ending disk).hdm,0x0C850E,"樵猥ﾂ継m","[UNTRANSLATED]"
s_007589,Alshark (Ending disk).hdm,0x0C8B28,"颪鉷sﾀ狢ﾙ~ｧ","[UNTRANSLATED]"
s_007590,Alshark (Ending disk).hdm,0x0C9703,"鞋ｸt馞鮴ｭ","[UNTRANSLATED]"
s_007591,Alshark (Ending disk).hdm,0x0C9DFC,"繽>|羇叝","[UNTRANSLATED]"
s_007593,Alshark (Ending disk).hdm,0x0CA340,"審慍ｰ橳ｱ","[UNTRANSLATED]"
s_007595,Alshark (Ending disk).hdm,0x0CA58C,"篋ﾇﾁ簟晰","[UNTRANSLATED]"
s_007597,Alshark (Ending disk).hdm,0x0CBCE6,"縡謀3÷ﾊ`@ﾃ疼2","[UNTRANSLATED]"
s_007602,Alshark (Ending disk).hdm,0x0CEB6A,"攝ﾀ`撰頏#","[UNTRANSLATED]"
s_007603,Alshark (Ending disk).hdm,0x0CED02,"丙･連ﾀ昵@","[UNTRANSLATED]"
s_007604,Alshark (Ending disk).hdm,0x0CEDBE,"ゃﾖｯ隸8崧","[UNTRANSLATED]"
s_007605,Alshark (Ending disk).hdm,0x0CEF41,"烙誄?隋k","[UNTRANSLATED]"
s_007606,Alshark (Ending disk).hdm,0x0CEFC8,"粧>|ﾐoｳr秦罇","[UNTRANSLATED]"
s_007607,Alshark (Ending disk).hdm,0x0CF2FC,"闡￢ｱﾀ泛eﾐ栓0","[UNTRANSLATED]"
s_007608,Alshark (Ending disk).hdm,0x0CF360,"栓ﾖ瓊/ｸqｱ準o","[UNTRANSLATED]"
s_007611,Alshark (Ending disk).hdm,0x0CFE37,"謄禿ﾓﾃ聿","[UNTRANSLATED]"
s_007612,Alshark (Ending disk).hdm,0x0D0400,"根 岫鞫Nﾁﾎﾟ〟","[UNTRANSLATED]"
s_007614,Alshark (Ending disk).hdm,0x0D08BE,"ビe狷叶b@","[UNTRANSLATED]"
s_007615,Alshark (Ending disk).hdm,0x0D096D,"猖･K孩奛","[UNTRANSLATED]"
s_007616,Alshark (Ending disk).hdm,0x0D0B2E,"疱典+r拈ｯY","[UNTRANSLATED]"
s_007617,Alshark (Ending disk).hdm,0x0D0BA5,"穹ボﾓ2争｢","[UNTRANSLATED]"
s_007618,Alshark (Ending disk).hdm,0x0D0C00,"沆ﾗ霹栞ﾀ","[UNTRANSLATED]"
s_007619,Alshark (Ending disk).hdm,0x0D0FA7,"綫酩ﾏ勝｢ｳ","[UNTRANSLATED]"
s_007620,Alshark (Ending disk).hdm,0x0D107A,"鄰瓣憫$ﾀ","[UNTRANSLATED]"
s_007621,Alshark (Ending disk).hdm,0x0D11C4,"渼鶯ﾌｷﾊ分u","[UNTRANSLATED]"
s_007622,Alshark (Ending disk).hdm,0x0D1952,"禍;｡ﾀﾏ∥曝烝Azﾀ","[UNTRANSLATED]"
s_007623,Alshark (Ending disk).hdm,0x0D1C6B,"瀲Vﾖ躓逓S","[UNTRANSLATED]"
s_007624,Alshark (Ending disk).hdm,0x0D218D,"銜Bﾙd醇っBｨ","[UNTRANSLATED]"
s_007625,Alshark (Ending disk).hdm,0x0D22A8,"齎Y代ﾇ柞ｰ","[UNTRANSLATED]"
s_007630,Alshark (Ending disk).hdm,0x0D3C01,"羈p佗D吠O","[UNTRANSLATED]"
s_007632,Alshark (Ending disk).hdm,0x0D4414,"兮捲TＱ枷","[UNTRANSLATED]"
s_007635,Alshark (Ending disk).hdm,0x0D5849,"熈`<權D%､諾ﾇ","[UNTRANSLATED]"
s_007637,Alshark (Ending disk).hdm,0x0D6E48,"檻GｲﾎﾑﾃCiﾟ{ﾟ罪､渺","[UNTRANSLATED]"
s_007638,Alshark (Ending disk).hdm,0x0D7049,"鈹.,(ｧｱ滲ﾁ浯ﾍ","[UNTRANSLATED]"
s_007639,Alshark (Ending disk).hdm,0x0D7335,"悃0Y璧鴦ﾟ2","[UNTRANSLATED]"
s_007640,Alshark (Ending disk).hdm,0x0D8813,"尋v櫺ﾃ繝B>","[UNTRANSLATED]"
s_007641,Alshark (Ending disk).hdm,0x0D89A0,"瘡ﾜ勅!ﾟ杉","[UNTRANSLATED]"
s_007642,Alshark (Ending disk).hdm,0x0D8FF8,"舸7巒毅ﾁ","[UNTRANSLATED]"
s_007643,Alshark (Ending disk).hdm,0x0D9166,"煦1汯@ﾀﾆ爨ｦ｢","[UNTRANSLATED]"
s_007644,Alshark (Ending disk).hdm,0x0D94BD,"湟晄船ﾀkｱ","[UNTRANSLATED]"
s_007645,Alshark (Ending disk).hdm,0x0D951D,"魲ﾌ們 yQ{拭","[UNTRANSLATED]"
s_007646,Alshark (Ending disk).hdm,0x0D975A,"縱っp8梟V","[UNTRANSLATED]"
s_007647,Alshark (Ending disk).hdm,0x0D9C81,"徒杳MQ麌","[UNTRANSLATED]"
s_007648,Alshark (Ending disk).hdm,0x0DABAE,"醯<侫ｰ牧","[UNTRANSLATED]"
s_007650,Alshark (Ending disk).hdm,0x0DAEA3,"閘皃暖ｰ@]","[UNTRANSLATED]"
s_007652,Alshark (Ending disk).hdm,0x0DB924,"箭R薪跡@","[UNTRANSLATED]"
s_007653,Alshark (Ending disk).hdm,0x0DBA2F,"縊･(ﾀ峵7鑓ﾀﾝ`A","[UNTRANSLATED]"
s_007654,Alshark (Ending disk).hdm,0x0DBB9F,"冪｢h2びｯ羆","[UNTRANSLATED]"
s_007656,Alshark (Ending disk).hdm,0x0DC1ED,"訣｡吟裡\","[UNTRANSLATED]"
s_007658,Alshark (Ending disk).hdm,0x0DC62F,"避ｴﾅ$毅坑","[UNTRANSLATED]"
s_007659,Alshark (Ending disk).hdm,0x0DC64F,"矼ｺ!`T推ﾃ颪","[UNTRANSLATED]"
s_007660,Alshark (Ending disk).hdm,0x0DCB54,"个壬s拳ﾂ`ﾃ","[UNTRANSLATED]"
s_007662,Alshark (Ending disk).hdm,0x0DD4C6,"操ﾁ鵲吹ﾊ","[UNTRANSLATED]"
s_007663,Alshark (Ending disk).hdm,0x0DDAB3,"癲答璋P","[UNTRANSLATED]"
s_007664,Alshark (Ending disk).hdm,0x0DE14F,"潼繻ｵ 淏","[UNTRANSLATED]"
s_007665,Alshark (Ending disk).hdm,0x0DE2B0,"祇x拈ｯ^榑|","[UNTRANSLATED]"
s_007666,Alshark (Ending disk).hdm,0x0DE3FE,"蜀ｪ搬8ｿ玩","[UNTRANSLATED]"
s_007667,Alshark (Ending disk).hdm,0x0DE92D,"蘋3刄v紬ﾂﾑ0","[UNTRANSLATED]"
s_007668,Alshark (Ending disk).hdm,0x0DF6ED,"涇拒ﾟ 咩","[UNTRANSLATED]"
s_007669,Alshark (Ending disk).hdm,0x0DF9F6,"錝鉈鏞D","[UNTRANSLATED]"
s_007672,Alshark (Ending disk).hdm,0x0DFEDB,"醺-塁ｧｵ_｡!Nｦ#橳ｮ""","[UNTRANSLATED]"
s_007674,Alshark (Ending disk).hdm,0x0E0984,"冉-ﾕｿUj囎UH厲(","[UNTRANSLATED]"
s_007675,Alshark (Ending disk).hdm,0x0E0CE7,"あ・Aラﾏ","[UNTRANSLATED]"
s_007676,Alshark (Ending disk).hdm,0x0E119C,"窶w晁[鈐","[UNTRANSLATED]"
s_007677,Alshark (Ending disk).hdm,0x0E1761,"灣Srｳ罍鄙ADﾆB","[UNTRANSLATED]"
s_007678,Alshark (Ending disk).hdm,0x0E1918,"鑓ｦ卅ﾞｿ銛X","[UNTRANSLATED]"
s_007679,Alshark (Ending disk).hdm,0x0E196E,"胄･N鶯勾","[UNTRANSLATED]"
s_007681,Alshark (Ending disk).hdm,0x0E2070,"蘖@禛線ｲﾛ","[UNTRANSLATED]"
s_007687,Alshark (Ending disk).hdm,0x0E2CB6,"寐a彷{晟","[UNTRANSLATED]"
s_007688,Alshark (Ending disk).hdm,0x0E30C1,"沽臈仟ｿ {","[UNTRANSLATED]"
s_007690,Alshark (Ending disk).hdm,0x0E3144,"曚1安q顰","[UNTRANSLATED]"
s_007694,Alshark (Ending disk).hdm,0x0E3D92,"嗄､ｳLVｲMｿiｮ添ﾖ*浤k","[UNTRANSLATED]"
s_007697,Alshark (Ending disk).hdm,0x0E42A0,"安ひｰﾀひ","[UNTRANSLATED]"
s_007699,Alshark (Ending disk).hdm,0x0E4612,"捩ｯﾟ劯ﾏ楷","[UNTRANSLATED]"
s_007700,Alshark (Ending disk).hdm,0x0E47E2,"碯ﾓ鉐ﾏ_蕷-","[UNTRANSLATED]"
s_007701,Alshark (Ending disk).hdm,0x0E4B8B,"嗇伏ｪ･慓","[UNTRANSLATED]"
s_007702,Alshark (Ending disk).hdm,0x0E4D36,"嶽e俟e嬖","[UNTRANSLATED]"
s_007703,Alshark (Ending disk).hdm,0x0E4E4B,"噫ﾖ0l@霻妹","[UNTRANSLATED]"
s_007709,Alshark (Ending disk).hdm,0x0E56D3,"覺乢ﾍW亅","[UNTRANSLATED]"
s_007710,Alshark (Ending disk).hdm,0x0E5712,"拔弖類n[","[UNTRANSLATED]"
s_007712,Alshark (Ending disk).hdm,0x0E6105,"蔵闖｢匠V","[UNTRANSLATED]"
s_007714,Alshark (Ending disk).hdm,0x0E68F1,"孃鮪ﾘt倹","[UNTRANSLATED]"
s_007716,Alshark (Ending disk).hdm,0x0E6E00,"伸%ｩ旦Hｿｶ岨$","[UNTRANSLATED]"
s_007720,Alshark (Ending disk).hdm,0x0E74CB,"跪ﾘｨ砌R煬0","[UNTRANSLATED]"
s_007721,Alshark (Ending disk).hdm,0x0E7876,"罔跂ﾟ汯","[UNTRANSLATED]"
s_007722,Alshark (Ending disk).hdm,0x0E7997,"瞭lbU丕ﾎ<ｳﾃ郤ﾁﾗｿﾁﾉ","[UNTRANSLATED]"
s_007723,Alshark (Ending disk).hdm,0x0E7AC3,"紬ﾊ析Gｷ蘒釡@","[UNTRANSLATED]"
s_007725,Alshark (Ending disk).hdm,0x0E7F08,"捉j鋲z曇","[UNTRANSLATED]"
s_007727,Alshark (Ending disk).hdm,0x0E8357,"夭芯,ﾉ6鱈","[UNTRANSLATED]"
s_007728,Alshark (Ending disk).hdm,0x0E86A9,"栓x燧村`","[UNTRANSLATED]"
s_007730,Alshark (Ending disk).hdm,0x0E880E,"顋pﾘﾐ狒ｨﾀ@操B","[UNTRANSLATED]"
s_007737,Alshark (Ending disk).hdm,0x0E9700,"滂ｵ|ﾏｻｿｶ}ﾍｶ錝峅[","[UNTRANSLATED]"
s_007738,Alshark (Ending disk).hdm,0x0E9918,"遍*&棚ｭ蹄&","[UNTRANSLATED]"
s_007740,Alshark (Ending disk).hdm,0x0E9BFC,"听DoVohoﾀzo経柞ｰoﾂoﾔjﾉ$","[UNTRANSLATED]"
s_007741,Alshark (Ending disk).hdm,0x0E9C7F,"啼･話包IH&｡dﾀA$","[UNTRANSLATED]"
s_007742,Alshark (Ending disk).hdm,0x0EA1B5,"緯皺ﾄ墮ﾎﾐ","[UNTRANSLATED]"
s_007744,Alshark (Ending disk).hdm,0x0EAD15,"肘未Ie著","[UNTRANSLATED]"
s_007749,Alshark (Ending disk).hdm,0x0EBE49,"妄ﾉ頒ﾃ項ﾆ","[UNTRANSLATED]"
s_007750,Alshark (Ending disk).hdm,0x0EBF60,"殘ﾖ冕鵬)","[UNTRANSLATED]"
s_007752,Alshark (Ending disk).hdm,0x0ECDE0,"釆通$綿ｪ","[UNTRANSLATED]"
s_007753,Alshark (Ending disk).hdm,0x0ED080,"樗ｱ<渝Mｯｧ&ﾓﾀ朔,･ｲ","[UNTRANSLATED]"
s_007756,Alshark (Ending disk).hdm,0x0ED7BE,"趾､萋顗ﾖ","[UNTRANSLATED]"
s_007758,Alshark (Ending disk).hdm,0x0EE0A0,"舟ｶXｱ沼J@頁","[UNTRANSLATED]"
s_007760,Alshark (Ending disk).hdm,0x0EE902,"昞ｽ茁抵W<ﾀ`","[UNTRANSLATED]"
s_007764,Alshark (Ending disk).hdm,0x0EFE1E,"皚鷏ｯO鯢5ﾁ*","[UNTRANSLATED]"
s_007766,Alshark (Ending disk).hdm,0x0F09CC,"放=襦芋@","[UNTRANSLATED]"
s_007767,Alshark (Ending disk).hdm,0x0F0CD1,"啅K啅W端","[UNTRANSLATED]"
s_007768,Alshark (Ending disk).hdm,0x0F0D33,"褂衂ﾊﾍ漉","[UNTRANSLATED]"
s_007769,Alshark (Ending disk).hdm,0x0F0E1F,"嶼旒ﾛｿ簾&1ｿ+0ｿｽ","[UNTRANSLATED]"
s_007773,Alshark (Ending disk).hdm,0x0F15DD,"達ﾈ癶穡ﾒ","[UNTRANSLATED]"
s_007774,Alshark (Ending disk).hdm,0x0F161F,"卷貯Iﾉ迺","[UNTRANSLATED]"
s_007776,Alshark (Ending disk).hdm,0x0F1B09,"棔ｿﾕ=ｯ｢O*汰ﾘ狄","[UNTRANSLATED]"
s_007777,Alshark (Ending disk).hdm,0x0F1D37,"釵ｱ""ﾎgcsｺ&桒瑾ｲﾁ","[UNTRANSLATED]"
s_007779,Alshark (Ending disk).hdm,0x0F2050,"銹鄕抂1{ `%P","[UNTRANSLATED]"
s_007780,Alshark (Ending disk).hdm,0x0F2104,"瘋全Bｭ○璧H`3","[UNTRANSLATED]"
s_007782,Alshark (Ending disk).hdm,0x0F2281,"囘湊j浜S","[UNTRANSLATED]"
s_007783,Alshark (Ending disk).hdm,0x0F22C9,"彬哘4嫖+","[UNTRANSLATED]"
s_007787,Alshark (Ending disk).hdm,0x0F251E,"蒜Y%ﾚ知ｿ炭ｦｪ","[UNTRANSLATED]"
s_007790,Alshark (Ending disk).hdm,0x0F27B1,"冉5儂""姚","[UNTRANSLATED]"
s_007792,Alshark (Ending disk).hdm,0x0F29FA,"￤yﾛ銷ﾞЯ{ﾟﾟ咩ﾟｻ淲ﾀﾝｷ","[UNTRANSLATED]"
s_007794,Alshark (Ending disk).hdm,0x0F2C79,"煎燾ｿｼ煎?;7","[UNTRANSLATED]"
s_007796,Alshark (Ending disk).hdm,0x0F2ECF,"吼cs=橸S鍄","[UNTRANSLATED]"
s_007797,Alshark (Ending disk).hdm,0x0F2F38,"泝~F`ﾏﾎ釿銛Ob","[UNTRANSLATED]"
s_007799,Alshark (Ending disk).hdm,0x0F3344,"囓ｭ囑m峡","[UNTRANSLATED]"
s_007803,Alshark (Ending disk).hdm,0x0F37D9,"芽鑷若tｲ","[UNTRANSLATED]"
s_007804,Alshark (Ending disk).hdm,0x0F3976,"靑k6ﾛo溿奚1","[UNTRANSLATED]"
s_007809,Alshark (Ending disk).hdm,0x0F4AD8,"誓畯ﾝ靃ｶY","[UNTRANSLATED]"
s_007812,Alshark (Ending disk).hdm,0x0F4DE9,"蛸Ya7`|0ﾌ箴>Q拇","[UNTRANSLATED]"
s_007816,Alshark (Ending disk).hdm,0x0F51BA,"蓊&ﾙ川髙｡ﾀ","[UNTRANSLATED]"
s_007818,Alshark (Ending disk).hdm,0x0F53CC,"哿yPｿﾝ荢ｹﾞ遉 ｿ","[UNTRANSLATED]"
s_007820,Alshark (Ending disk).hdm,0x0F5AE8,"燾ｾw胙ﾛn渡c","[UNTRANSLATED]"
s_007821,Alshark (Ending disk).hdm,0x0F5D40,"梁ﾈﾐ此aﾀ銛ﾚ","[UNTRANSLATED]"
s_007825,Alshark (Ending disk).hdm,0x0F68F6,"彬喃4ﾊ囀","[UNTRANSLATED]"
s_007829,Alshark (Ending disk).hdm,0x0F6F33,"永D唔D貯","[UNTRANSLATED]"
s_007831,Alshark (Ending disk).hdm,0x0F75B9,"高ｽ｢ｬ2ﾊび慣7ﾄ","[UNTRANSLATED]"
s_007832,Alshark (Ending disk).hdm,0x0F7807,"呵4Qｨ芟祓","[UNTRANSLATED]"
s_007834,Alshark (Ending disk).hdm,0x0F8080,"昔ﾉJ荀雋","[UNTRANSLATED]"
s_007837,Alshark (Ending disk).hdm,0x0F82AA,"萵牧覃ｰ@","[UNTRANSLATED]"
s_007839,Alshark (Ending disk).hdm,0x0F8C1C,"上ぢ@ﾏRﾍ'楔|sk","[UNTRANSLATED]"
s_007840,Alshark (Ending disk).hdm,0x0F954E,"跡ｱ<qﾟu 限就","[UNTRANSLATED]"
s_007844,Alshark (Ending disk).hdm,0x0FAA70,"瀲想羈'>","[UNTRANSLATED]"
s_007846,Alshark (Ending disk).hdm,0x0FBC01,"栖｡H　`袖cｻ閃","[UNTRANSLATED]"
s_007847,Alshark (Ending disk).hdm,0x0FC0AC,"千1\促@蒼","[UNTRANSLATED]"
s_007848,Alshark (Ending disk).hdm,0x0FC4DA,"剞ﾀﾛ｣(猖C輌ﾛ","[UNTRANSLATED]"
s_007849,Alshark (Ending disk).hdm,0x0FD6BA,"燗ｱﾄq誾逝","[UNTRANSLATED]"
s_007850,Alshark (Ending disk).hdm,0x0FDF37,"狒1ぃ橇nﾀ|ｪ","[UNTRANSLATED]"
s_007851,Alshark (Ending disk).hdm,0x0FE33F,"珱?窮煕@""","[UNTRANSLATED]"
s_007852,Alshark (Ending disk).hdm,0x0FE400,"犹?疏ｩｰ珱","[UNTRANSLATED]"
s_007853,Alshark (Ending disk).hdm,0x0FE7E7,"檳ﾐ造1囹@","[UNTRANSLATED]"
s_007854,Alshark (Ending disk).hdm,0x0FE976,"描wﾏ珂嶂ｭﾏﾃ","[UNTRANSLATED]"
s_007855,Alshark (Ending disk).hdm,0x0FEC8C,"獨睫1 濮ｽ","[UNTRANSLATED]"
s_007856,Alshark (Ending disk).hdm,0x0FEF1F,"狢雪W爽'","[UNTRANSLATED]"
s_007857,Alshark (Ending disk).hdm,0x0FF1DB,"檳∑帥G 湯ｽq","[UNTRANSLATED]"
s_007858,Alshark (Ending disk).hdm,0x0FF33D,"宗ﾚ伸｢鋙｢","[UNTRANSLATED]"
s_007860,Alshark (Ending disk).hdm,0x0FF8AF,"隯莖}袖9","[UNTRANSLATED]"
s_007865,Alshark (Ending disk).hdm,0x1007E7,"順ｯﾇ胚濵","[UNTRANSLATED]"
s_007867,Alshark (Ending disk).hdm,0x101277,"輝ｸpｼｯｯ|ｰ嵭ｵcﾃｪｶ#諺","[UNTRANSLATED]"
s_007868,Alshark (Ending disk).hdm,0x101483,"盂繼Pｻ赱","[UNTRANSLATED]"
s_007869,Alshark (Ending disk).hdm,0x101653,"鱒Ardﾐ武訌/0","[UNTRANSLATED]"
s_007870,Alshark (Ending disk).hdm,0x1020DF,"ア連(0僖｡P","[UNTRANSLATED]"
s_007871,Alshark (Ending disk).hdm,0x1022D6,"將p0痒ﾃ宦ｧ","[UNTRANSLATED]"
s_007872,Alshark (Ending disk).hdm,0x103694,"粧｡ﾏｳﾏﾅﾏﾗﾏ鰕蕘ﾏﾓ","[UNTRANSLATED]"
s_007873,Alshark (Ending disk).hdm,0x10376B,"瞰Hp魏,0ﾑﾐ冗>ﾐ%","[UNTRANSLATED]"
s_007876,Alshark (Ending disk).hdm,0x1048E8,"岫ﾍﾕ跛灌","[UNTRANSLATED]"
s_007878,Alshark (Ending disk).hdm,0x10536C,"罫蕾K`姫","[UNTRANSLATED]"
s_007881,Alshark (Ending disk).hdm,0x10707A,"占帰ｶﾓ9痿ﾎ""","[UNTRANSLATED]"
s_007883,Alshark (Ending disk).hdm,0x107374,"眺ﾐ0獻泙","[UNTRANSLATED]"
s_007884,Alshark (Ending disk).hdm,0x108669,"沛ﾇﾏﾇ蹣牀""","[UNTRANSLATED]"
s_007885,Alshark (Ending disk).hdm,0x1087B9,"楝凰k漕p","[UNTRANSLATED]"
s_007886,Alshark (Ending disk).hdm,0x108D71,"甓ｬ_ｾ_ﾐ_祺ﾏｽｰ_犱U","[UNTRANSLATED]"
s_007887,Alshark (Ending disk).hdm,0x108E21,"禍z畫0ﾘ髙","[UNTRANSLATED]"
s_007889,Alshark (Ending disk).hdm,0x1091B7,"獎ﾀ鑄灣Pﾄ@`AQ","[UNTRANSLATED]"
s_007890,Alshark (Ending disk).hdm,0x109638,"胚0Ncｷ澁掃","[UNTRANSLATED]"
s_007891,Alshark (Ending disk).hdm,0x109940,"昿栓>屍Q","[UNTRANSLATED]"
s_007892,Alshark (Ending disk).hdm,0x10A37F,"け髪ｦｯｸｯﾊｯﾜｯx鉧","[UNTRANSLATED]"
s_007893,Alshark (Ending disk).hdm,0x10A45F,"猊ﾞ邵p牾rb","[UNTRANSLATED]"
s_007897,Alshark (Ending disk).hdm,0x10B618,"馞ﾜｼｸxpし~ｱ吹","[UNTRANSLATED]"
s_007898,Alshark (Ending disk).hdm,0x10BB07,"詑ｼ竦 限","[UNTRANSLATED]"
s_007899,Alshark (Ending disk).hdm,0x10BB5B,"供摯沃ﾃkP","[UNTRANSLATED]"
s_007900,Alshark (Ending disk).hdm,0x10BCCC,"峭4P靍p､ﾀ,犲ｿｯ","[UNTRANSLATED]"
s_007901,Alshark (Ending disk).hdm,0x10BD2A,"諭ｻ瘢濱O","[UNTRANSLATED]"
s_007903,Alshark (Ending disk).hdm,0x10C5EC,"熈$羃ﾈ疚","[UNTRANSLATED]"
s_007904,Alshark (Ending disk).hdm,0x10C888,"籤ｩ出ﾂ淋","[UNTRANSLATED]"
s_007905,Alshark (Ending disk).hdm,0x10D2F6,"溽y椥錏>","[UNTRANSLATED]"
s_007908,Alshark (Ending disk).hdm,0x10DB52,"はｰR4言玻ｸ","[UNTRANSLATED]"
s_007910,Alshark (Ending disk).hdm,0x10E029,"欖,0鴫疳","[UNTRANSLATED]"
s_007911,Alshark (Ending disk).hdm,0x10E3DD,"ぱ煩ｦﾏ@ｸﾏﾊﾏﾜﾏ鑈","[UNTRANSLATED]"
s_007913,Alshark (Ending disk).hdm,0x10E580,"渚ﾁ肅飯NSﾁp","[UNTRANSLATED]"
s_007914,Alshark (Ending disk).hdm,0x10E8A3,"紹O祕頡O","[UNTRANSLATED]"
s_007918,Alshark (Ending disk).hdm,0x10F148,"璟s?=槁脉ⅵ pｰ","[UNTRANSLATED]"
s_007920,Alshark (Ending disk).hdm,0x10F352,"薩ろ｣ﾃ旺ﾁ","[UNTRANSLATED]"
s_007922,Alshark (Ending disk).hdm,0x110079,"沾砡0黑ﾜ","[UNTRANSLATED]"
s_007923,Alshark (Ending disk).hdm,0x1102D1,"睥<冂ﾏ董","[UNTRANSLATED]"
s_007929,Alshark (Ending disk).hdm,0x11146F,"殃 暲$賃rﾐﾏt`ﾋ","[UNTRANSLATED]"
s_007932,Alshark (Ending disk).hdm,0x111927,"歙ｿ欅ｯOｿo屬","[UNTRANSLATED]"
s_007933,Alshark (Ending disk).hdm,0x111FAA,"昊ﾎ_鮻訒Z","[UNTRANSLATED]"
s_007934,Alshark (Ending disk).hdm,0x11248E,"焙筑ｻw擾ﾟ","[UNTRANSLATED]"
s_007937,Alshark (Ending disk).hdm,0x1128E8,"粨ﾐﾀ鴣黑_","[UNTRANSLATED]"
s_007939,Alshark (Ending disk).hdm,0x112DF5,"瑩x､啣如","[UNTRANSLATED]"
s_007940,Alshark (Ending disk).hdm,0x11301B,"澎ｰ械j烹@`","[UNTRANSLATED]"
s_007941,Alshark (Ending disk).hdm,0x1131DD,"唇｢OﾀｴOﾆMvB交ﾗO颶","[UNTRANSLATED]"
s_007942,Alshark (Ending disk).hdm,0x113359,"銛ｲﾀ}pヒ矣","[UNTRANSLATED]"
s_007943,Alshark (Ending disk).hdm,0x1133E8,"彜ﾜﾎﾆP崑胚ﾑ","[UNTRANSLATED]"
s_007944,Alshark (Ending disk).hdm,0x113D21,"檬ﾇﾃ甓遡","[UNTRANSLATED]"
s_007945,Alshark (Ending disk).hdm,0x113F8C,"狐槃ﾀｰﾏﾂﾏﾔﾏ賺j","[UNTRANSLATED]"
s_007946,Alshark (Ending disk).hdm,0x114007,"眞バｩ>ﾟﾌﾟ玻ﾟ","[UNTRANSLATED]"
s_007947,Alshark (Ending disk).hdm,0x114D2B,"済渮雎ﾏﾃﾏﾕﾌ","[UNTRANSLATED]"
s_007949,Alshark (Ending disk).hdm,0x11570B,"艨縊ﾐ若","[UNTRANSLATED]"
s_007950,Alshark (Ending disk).hdm,0x115D65,"川ﾑ烝t]熾","[UNTRANSLATED]"
s_007952,Alshark (Ending disk).hdm,0x116A43,"纜p隊ヰﾆｳ8","[UNTRANSLATED]"
s_007953,Alshark (Ending disk).hdm,0x116AA0,"膠ﾅ製ﾘO襤ﾉﾒ","[UNTRANSLATED]"
s_007954,Alshark (Ending disk).hdm,0x116AAD,"侘蔗ﾇﾏﾟ泱ﾙ<","[UNTRANSLATED]"
s_007955,Alshark (Ending disk).hdm,0x116E5A,"丗ｷ巒ﾍ鮻","[UNTRANSLATED]"
s_007956,Alshark (Ending disk).hdm,0x1171EC,"叙ﾛ`>ﾟ毆ｲも","[UNTRANSLATED]"
s_007957,Alshark (Ending disk).hdm,0x117456,"痼C悧ｰﾇﾏ鴪u","[UNTRANSLATED]"
s_007961,Alshark (Ending disk).hdm,0x117D56,"贈h擎?讐","[UNTRANSLATED]"
s_007963,Alshark (Ending disk).hdm,0x117E7F,"存ゝｰﾗ 刈","[UNTRANSLATED]"
s_007964,Alshark (Ending disk).hdm,0x118ADE,"仭ｪｿｼｿﾎｿ犂槢","[UNTRANSLATED]"
s_007965,Alshark (Ending disk).hdm,0x119877,"圈Q&9拭 w層ｰ","[UNTRANSLATED]"
s_007966,Alshark (Ending disk).hdm,0x119B4F,"席宣*ｿ@{ｱ)ヰ","[UNTRANSLATED]"
s_007971,Alshark (Ending disk).hdm,0x11ADE5,"肅ﾇﾏ勝鎹","[UNTRANSLATED]"
s_007972,Alshark (Ending disk).hdm,0x11B8F4,"界""倍拭!","[UNTRANSLATED]"
s_007973,Alshark (Ending disk).hdm,0x11BCA1,"劒劒岡Iﾟ,M,U､","[UNTRANSLATED]"
s_007974,Alshark (Ending disk).hdm,0x11BCF1,"侠刈ﾜ$ﾛ!寸x4E","[UNTRANSLATED]"
s_007975,Alshark (Ending disk).hdm,0x11BF3D,"慍ﾃB子}頗)M","[UNTRANSLATED]"
s_007976,Alshark (Ending disk).hdm,0x11C658,"澡bRQqoデAoSo鋹m}BR","[UNTRANSLATED]"
s_007977,Alshark (Ending disk).hdm,0x11D1F3,"炬ｿ漢愾ｮｿ","[UNTRANSLATED]"
s_007978,Alshark (Ending disk).hdm,0x11D236,"菫wﾏ珂嶂ｭﾇ","[UNTRANSLATED]"
s_007979,Alshark (Ending disk).hdm,0x11DC3D,"綢拇0瑞ｦ","[UNTRANSLATED]"
s_007980,Alshark (Ending disk).hdm,0x11DCCB,"想 @ﾀ璞ﾚｮ燹","[UNTRANSLATED]"
s_007983,Alshark (Ending disk).hdm,0x11E367,"畧升9@艨ﾆ","[UNTRANSLATED]"
s_007984,Alshark (Ending disk).hdm,0x11E3FF,"粧銖H澂","[UNTRANSLATED]"
s_007985,Alshark (Ending disk).hdm,0x11E4D8,"毓ｰﾐ鰊銷ﾀ","[UNTRANSLATED]"
s_007987,Alshark (Ending disk).hdm,0x11E98B,"羆毋遏ﾚﾂ","[UNTRANSLATED]"
s_007988,Alshark (Ending disk).hdm,0x11EDA3,"椀焉梟｢z","[UNTRANSLATED]"
s_007989,Alshark (Ending disk).hdm,0x11F054,"頗薩ﾇ聿ﾐ@","[UNTRANSLATED]"
s_007990,Alshark (Ending disk).hdm,0x11F751,"抗+cｿﾟoｧﾓI鮨拓""","[UNTRANSLATED]"
s_007992,Alshark (Ending disk).hdm,0x11FCC0,"槢噫8櫺ｶ","[UNTRANSLATED]"
s_007993,Alshark (Ending disk).hdm,0x120038,"謝m耶澤","[UNTRANSLATED]"
s_007994,Alshark (Ending disk).hdm,0x1201C3,"抱悛薯/ﾞ","[UNTRANSLATED]"
s_007995,Alshark (Ending disk).hdm,0x120EF4,"渝ﾏVﾐ醫吹","[UNTRANSLATED]"
s_007998,Alshark (Ending disk).hdm,0x12199D,"炬聳x_烙","[UNTRANSLATED]"
s_007999,Alshark (Ending disk).hdm,0x121BE2,"蒟鯏ﾓ次0","[UNTRANSLATED]"
s_008001,Alshark (Ending disk).hdm,0x121FCC,"醤醜綟$","[UNTRANSLATED]"
s_008002,Alshark (Ending disk).hdm,0x122022,"錮･疽漲","[UNTRANSLATED]"
s_008003,Alshark (Ending disk).hdm,0x122830,"黍挌ｬ÷ｮBﾒﾔ｡鏆r","[UNTRANSLATED]"
s_008004,Alshark (Ending disk).hdm,0x122CE0,"蜍kSG抉灼","[UNTRANSLATED]"
s_008005,Alshark (Ending disk).hdm,0x123085,"縡9q凍豺ｰ","[UNTRANSLATED]"
s_008009,Alshark (Ending disk).hdm,0x124407,"璧.｣檠磑x@ﾀ","[UNTRANSLATED]"
s_008012,Alshark (Ending disk).hdm,0x12507A,"対瑁ｰﾋ穩@","[UNTRANSLATED]"
s_008013,Alshark (Ending disk).hdm,0x125094,"聟ﾈ踴ﾟ洟1","[UNTRANSLATED]"
s_008014,Alshark (Ending disk).hdm,0x125207,"獵ﾉ愼 噫","[UNTRANSLATED]"
s_008017,Alshark (Ending disk).hdm,0x125679,"枋T(般瑣","[UNTRANSLATED]"
s_008020,Alshark (Ending disk).hdm,0x125744,"舊p贒WS潸｢XｭV","[UNTRANSLATED]"
s_008021,Alshark (Ending disk).hdm,0x125851,"拊ﾅ溟|ｿﾏ瀁ﾀ","[UNTRANSLATED]"
s_008022,Alshark (Ending disk).hdm,0x125C09,"鍾｡ﾟｳﾟﾅﾟ葫ﾟ鰒","[UNTRANSLATED]"
s_008025,Alshark (Ending disk).hdm,0x1261E7,"響攸ｯｿﾁｿﾓｿ蠢jbﾟ","[UNTRANSLATED]"
s_008026,Alshark (Ending disk).hdm,0x12646C,"瓊蕚@眤s","[UNTRANSLATED]"
s_008029,Alshark (Ending disk).hdm,0x126ED1,"雛恟Rﾄア","[UNTRANSLATED]"
s_008030,Alshark (Ending disk).hdm,0x127260,"睾3&｡瑩ﾐg葭","[UNTRANSLATED]"
s_008031,Alshark (Ending disk).hdm,0x127278,"塔ﾆFfｦ涕6Vﾖ莽0ｪ@","[UNTRANSLATED]"
s_008033,Alshark (Ending disk).hdm,0x127454,"總瑯晋pxO","[UNTRANSLATED]"
s_008034,Alshark (Ending disk).hdm,0x127A6A,"朴iﾟﾟ罪湫","[UNTRANSLATED]"
s_008035,Alshark (Ending disk).hdm,0x127C77,"珮籵妖ｨW","[UNTRANSLATED]"
s_008036,Alshark (Ending disk).hdm,0x127E0F,"ゲ1瀏秉Pu 3@Qﾆ?","[UNTRANSLATED]"
s_008037,Alshark (Ending disk).hdm,0x1280AD,"塵ﾄpｼﾐ串舌","[UNTRANSLATED]"
s_008039,Alshark (Ending disk).hdm,0x12816A,"灼<ys翕ﾇﾒ壯","[UNTRANSLATED]"
s_008040,Alshark (Ending disk).hdm,0x128432,"域ﾟ湫斉ｰ<ﾀﾅｰ","[UNTRANSLATED]"
s_008041,Alshark (Ending disk).hdm,0x1284E4,"琅耄首ｱﾄ","[UNTRANSLATED]"
s_008042,Alshark (Ending disk).hdm,0x128A92,"氿t獎釐ｨp","[UNTRANSLATED]"
s_008043,Alshark (Ending disk).hdm,0x129363,"鰲賰ﾕ烙ｲ""","[UNTRANSLATED]"
s_008045,Alshark (Ending disk).hdm,0x12A12B,"澤蒐称ﾏﾞﾏ","[UNTRANSLATED]"
s_008046,Alshark (Ending disk).hdm,0x12A168,"覊bUｰ~q徃泛ﾟｲﾟ","[UNTRANSLATED]"
s_008047,Alshark (Ending disk).hdm,0x12A6AA,"泉f胆腴｣","[UNTRANSLATED]"
s_008048,Alshark (Ending disk).hdm,0x12A7D8,"尖0非浚","[UNTRANSLATED]"
s_008049,Alshark (Ending disk).hdm,0x12ABEC,"槙つ.`wｰげ","[UNTRANSLATED]"
s_008050,Alshark (Ending disk).hdm,0x12AD56,"粧GoC矜畚ｰ","[UNTRANSLATED]"
s_008053,Alshark (Ending disk).hdm,0x12BC7E,"委堽-cRP霻P@iｵ-","[UNTRANSLATED]"
s_008054,Alshark (Ending disk).hdm,0x12C3F7,"粧銛|腋","[UNTRANSLATED]"
s_008055,Alshark (Ending disk).hdm,0x12C6E5,"黑砠ﾏ?j殍?~","[UNTRANSLATED]"
s_008056,Alshark (Ending disk).hdm,0x12C7C4,"浩歇肅ﾟｸﾞｱ\","[UNTRANSLATED]"
s_008057,Alshark (Ending disk).hdm,0x12DE01,"醯ﾟGaｱBｪ襞匏ｷ","[UNTRANSLATED]"
s_008058,Alshark (Ending disk).hdm,0x12E08F,"印iﾕﾛ2翆隋","[UNTRANSLATED]"
s_008060,Alshark (Ending disk).hdm,0x12E4B4,"黎ﾀ6ﾞも提","[UNTRANSLATED]"
s_008061,Alshark (Ending disk).hdm,0x12E775,"拙Pﾌ｣ｴｰﾛﾓlｰ閾穿ﾐ","[UNTRANSLATED]"
s_008062,Alshark (Ending disk).hdm,0x12EB48,"疸6冴≡察","[UNTRANSLATED]"
s_008063,Alshark (Ending disk).hdm,0x12EB73,"廁轤ﾀﾀ?臍*","[UNTRANSLATED]"
s_008064,Alshark (Ending disk).hdm,0x12EC46,"鸞夸驚aﾀﾍ","[UNTRANSLATED]"
s_008066,Alshark (Ending disk).hdm,0x12F218,"怙僘Pﾘ森!M","[UNTRANSLATED]"
s_008067,Alshark (Ending disk).hdm,0x12F269,"喉淆94T斐","[UNTRANSLATED]"
s_008070,Alshark (Ending disk).hdm,0x1300C1,"粢隕ﾀｿ狄","[UNTRANSLATED]"
s_008071,Alshark (Ending disk).hdm,0x130377,"謹談p醪@｡","[UNTRANSLATED]"
s_008072,Alshark (Ending disk).hdm,0x13040E,"寐妥q@｡[蹟ｲ","[UNTRANSLATED]"
s_008073,Alshark (Ending disk).hdm,0x1304DB,"瓠ｱΓ征蝿 ﾞ1","[UNTRANSLATED]"
s_008074,Alshark (Ending disk).hdm,0x1304FA,"劈ﾎﾁ餘渮","[UNTRANSLATED]"
s_008075,Alshark (Ending disk).hdm,0x13058C,"霤V催魵ｺｰ","[UNTRANSLATED]"
s_008076,Alshark (Ending disk).hdm,0x000025,"讎｢ik阮","[UNTRANSLATED]"
s_008077,Alshark (Ending disk).hdm,0x00002F,"讎｢ik闌","[UNTRANSLATED]"
s_008078,Alshark (Ending disk).hdm,0x0000AB,"実YX@簫","[UNTRANSLATED]"
s_008081,Alshark (Ending disk).hdm,0x000B29,"筍θ(ι0η0Y竭.","[UNTRANSLATED]"
s_008082,Alshark (Ending disk).hdm,0x001092,"温Oi.検Qi.","[UNTRANSLATED]"
s_008083,Alshark (Ending disk).hdm,0x0010BD,"狭Oi.次Qi","[UNTRANSLATED]"
s_008085,Alshark (Ending disk).hdm,0x001348,"進玖.ﾆF","[UNTRANSLATED]"
s_008086,Alshark (Ending disk).hdm,0x001763,"燻ﾘ2ﾀ讎","[UNTRANSLATED]"
s_008087,Alshark (Ending disk).hdm,0x00183A,"犾ﾐ諤ﾆ!","[UNTRANSLATED]"
s_008088,Alshark (Ending disk).hdm,0x001C05,"己実ｿﾀnｹ","[UNTRANSLATED]"
s_008089,Alshark (Ending disk).hdm,0x001C1D,"己借ｾｽﾐ","[UNTRANSLATED]"
s_008090,Alshark (Ending disk).hdm,0x001CA4,"己ｫ糯.ﾇ","[UNTRANSLATED]"
s_008091,Alshark (Ending disk).hdm,0x002197,"己借｡&oﾁ","[UNTRANSLATED]"
s_008092,Alshark (Ending disk).hdm,0x0022E0,"実YX@簣","[UNTRANSLATED]"
s_008094,Alshark (Ending disk).hdm,0x0025D8,"実ｰﾀ諫ｺ","[UNTRANSLATED]"
s_008098,Alshark (Ending disk).hdm,0x00FD27,"狠潯ﾟ:(ｷ","[UNTRANSLATED]"
s_008099,Alshark (Ending disk).hdm,0x00FDA6,"ぢO4Hﾐ+ﾉ｡wﾐ3畋ｶｷ","[UNTRANSLATED]"
s_008100,Alshark (Ending disk).hdm,0x0100E4,"峩伴BP｢@","[UNTRANSLATED]"
s_008102,Alshark (Ending disk).hdm,0x010297,"甍P蘖ｽP","[UNTRANSLATED]"
s_008103,Alshark (Ending disk).hdm,0x01041E,"篥Pｬ@ｷPﾊ祓","[UNTRANSLATED]"
s_008104,Alshark (Ending disk).hdm,0x0104D0,"籥ｰ壼%ﾑ","[UNTRANSLATED]"
s_008105,Alshark (Ending disk).hdm,0x01050B,"瑁Oｬ@蘖","[UNTRANSLATED]"
s_008106,Alshark (Ending disk).hdm,0x010544,"筬AｺP褜~ﾁ8ｦQﾎA&R","[UNTRANSLATED]"
s_008107,Alshark (Ending disk).hdm,0x010588,"燹PﾟP如ｷP","[UNTRANSLATED]"
s_008108,Alshark (Ending disk).hdm,0x010729,"襾=G;于ﾀ","[UNTRANSLATED]"
s_008109,Alshark (Ending disk).hdm,0x010765,"跡ｦ跡0ﾟ*ｻ％｡","[UNTRANSLATED]"
s_008110,Alshark (Ending disk).hdm,0x010772,"楳ﾕ0ｬ赤1","[UNTRANSLATED]"
s_008111,Alshark (Ending disk).hdm,0x01078A,"権ﾂｰ$ﾊ信Pﾕu@","[UNTRANSLATED]"
s_008112,Alshark (Ending disk).hdm,0x010891,"礼/cQa拮熔ｩd*`｢g","[UNTRANSLATED]"
s_008113,Alshark (Ending disk).hdm,0x0108D1,"斗ｻe詁Jl*`","[UNTRANSLATED]"
s_008114,Alshark (Ending disk).hdm,0x010D02,"糊墫ﾓｹN^ﾐｸﾕ","[UNTRANSLATED]"
s_008116,Alshark (Ending disk).hdm,0x010E38,"節ﾐfE`ﾓB麈50D`'L","[UNTRANSLATED]"
s_008117,Alshark (Ending disk).hdm,0x010E5A,"琢状･ﾒN","[UNTRANSLATED]"
s_008118,Alshark (Ending disk).hdm,0x010E63,"σﾐ琢索ｫ","[UNTRANSLATED]"
s_008120,Alshark (Ending disk).hdm,0x0110A3,"邃?Cﾕ｢ﾆ7茗","[UNTRANSLATED]"
s_008122,Alshark (Ending disk).hdm,0x0116AF,"ゃﾗｹCcﾟ嗔J","[UNTRANSLATED]"
s_008123,Alshark (Ending disk).hdm,0x011777,"炅ｷ?9H蓿9","[UNTRANSLATED]"
s_008124,Alshark (Ending disk).hdm,0x0117D0,"声)rBk詆ﾝ(","[UNTRANSLATED]"
s_008125,Alshark (Ending disk).hdm,0x0118B7,"施4ｨ]ﾑﾓ4H;ﾃ烱l","[UNTRANSLATED]"
s_008126,Alshark (Ending disk).hdm,0x011A96,"澆:蹌<","[UNTRANSLATED]"
s_008128,Alshark (Ending disk).hdm,0x011D01,"詐ﾆ甸ﾈo","[UNTRANSLATED]"
s_008130,Alshark (Ending disk).hdm,0x011DEB,"劦ｬｲｩ漾","[UNTRANSLATED]"
s_008131,Alshark (Ending disk).hdm,0x011F1C,"崑~輿ﾝｯ","[UNTRANSLATED]"
s_008133,Alshark (Ending disk).hdm,0x012653,"狠≫ﾁ｛蠱","[UNTRANSLATED]"
s_008134,Alshark (Ending disk).hdm,0x0127C8,"尽｢H｡""箭","[UNTRANSLATED]"
s_008135,Alshark (Ending disk).hdm,0x012805,"普 qm`死","[UNTRANSLATED]"
s_008137,Alshark (Ending disk).hdm,0x012B87,"豎皺ﾘｰs","[UNTRANSLATED]"
s_008140,Alshark (Ending disk).hdm,0x0134E7,"廐3ﾀ節Z","[UNTRANSLATED]"
s_008141,Alshark (Ending disk).hdm,0x01365C,"ムﾟ0鍈<","[UNTRANSLATED]"
s_008142,Alshark (Ending disk).hdm,0x0136F6,"孀ﾗ!嶹 ﾘ","[UNTRANSLATED]"
s_008144,Alshark (Ending disk).hdm,0x013A32,"謔&瘁ﾜ*","[UNTRANSLATED]"
s_008147,Alshark (Ending disk).hdm,0x013ADB,"紛ﾐG｡G｡ﾁｴﾐ袒Z","[UNTRANSLATED]"
s_008151,Alshark (Ending disk).hdm,0x01418A,"相r｢閣ｵＵ","[UNTRANSLATED]"
s_008152,Alshark (Ending disk).hdm,0x014195,"砥衞ｺzﾛj|%ﾊ","[UNTRANSLATED]"
s_008153,Alshark (Ending disk).hdm,0x0141CA,"層ﾕ/$ﾁ珀","[UNTRANSLATED]"
s_008155,Alshark (Ending disk).hdm,0x014266,"厲&20厓","[UNTRANSLATED]"
s_008156,Alshark (Ending disk).hdm,0x01427E,"萵ﾟ&30T萵f","[UNTRANSLATED]"
s_008157,Alshark (Ending disk).hdm,0x0142DA,"夸gﾓ>T=`鋗<","[UNTRANSLATED]"
s_008160,Alshark (Ending disk).hdm,0x014A33,"珮ﾐJ_ｰN_ｰ鍵_ｸS","[UNTRANSLATED]"
s_008161,Alshark (Ending disk).hdm,0x014AAC,"聖獨cﾐgi","[UNTRANSLATED]"
s_008164,Alshark (Ending disk).hdm,0x014C97,"怠5k製5","[UNTRANSLATED]"
s_008167,Alshark (Ending disk).hdm,0x014E07,"國ﾙ澈ｨ","[UNTRANSLATED]"
s_008169,Alshark (Ending disk).hdm,0x014F2C,"欽槞ﾊ8ﾃLoPLbﾓｹﾓ","[UNTRANSLATED]"
s_008171,Alshark (Ending disk).hdm,0x0153C8,"炒P8Pﾓ6ｦｨ0ﾕ2撤""QHﾌ","[UNTRANSLATED]"
s_008172,Alshark (Ending disk).hdm,0x015442,"涯ﾕ端｡Uｭ`","[UNTRANSLATED]"
s_008173,Alshark (Ending disk).hdm,0x0157B4,"星F ﾐH-践Yｱﾟﾟ","[UNTRANSLATED]"
s_008175,Alshark (Ending disk).hdm,0x015D2F,"腿-0ﾐ7P跡~","[UNTRANSLATED]"
s_008176,Alshark (Ending disk).hdm,0x015DA8,"昨･K愚OHB6AA+@","[UNTRANSLATED]"
s_008177,Alshark (Ending disk).hdm,0x015DD5,"寄I錯?nｰ","[UNTRANSLATED]"
s_008178,Alshark (Ending disk).hdm,0x016054,"槝瞼DHﾔpａ；","[UNTRANSLATED]"
s_008179,Alshark (Ending disk).hdm,0x016247,"凧織b､`ﾔGS","[UNTRANSLATED]"
s_008181,Alshark (Ending disk).hdm,0x016369,"告`ﾁJ崑IｴﾄIKﾂ%ﾀB","[UNTRANSLATED]"
s_008182,Alshark (Ending disk).hdm,0x0166F2,"諭德!Oｿ""Q","[UNTRANSLATED]"
s_008183,Alshark (Ending disk).hdm,0x01672F,"貫!M諭Pﾚ$=5ﾐ""K(V5Q?FBO","[UNTRANSLATED]"
s_008184,Alshark (Ending disk).hdm,0x01674A,"囁BF犾F","[UNTRANSLATED]"
s_008185,Alshark (Ending disk).hdm,0x0167ED,"靑@ﾓ$ﾀ!`&0&<蕁0&0","[UNTRANSLATED]"
s_008188,Alshark (Ending disk).hdm,0x016AD9,"它ﾒFｭ゛g","[UNTRANSLATED]"
s_008189,Alshark (Ending disk).hdm,0x016AEF,"芯ｵｿwｿ仮ﾒE","[UNTRANSLATED]"
s_008190,Alshark (Ending disk).hdm,0x016BCB,"墟湲$$K","[UNTRANSLATED]"
s_008191,Alshark (Ending disk).hdm,0x016BD4,"來$｢ﾑ榧","[UNTRANSLATED]"
s_008195,Alshark (Ending disk).hdm,0x017490,"特Eﾒﾁ綷Eｩｰ","[UNTRANSLATED]"
s_008196,Alshark (Ending disk).hdm,0x0177EB,"価料ｩｿｻｿ","[UNTRANSLATED]"
s_008197,Alshark (Ending disk).hdm,0x017861,"窕0ﾟ""B0C箍","[UNTRANSLATED]"
s_008198,Alshark (Ending disk).hdm,0x01791C,"邸0=ﾐｭ2>ｳ0L@`ﾐﾎ0ﾝﾎ1=`>ｪﾋ0;坑9ﾕ0=ﾉ1","[UNTRANSLATED]"
s_008199,Alshark (Ending disk).hdm,0x017D79,"虞g彫ﾟ･","[UNTRANSLATED]"
s_008200,Alshark (Ending disk).hdm,0x017F69,"繊羨ﾙCx","[UNTRANSLATED]"
s_008201,Alshark (Ending disk).hdm,0x018021,"嶽E<燭$","[UNTRANSLATED]"
s_008202,Alshark (Ending disk).hdm,0x01804E,"寝$L$ﾝ娑","[UNTRANSLATED]"
s_008204,Alshark (Ending disk).hdm,0x018966,"逗&$楳ﾋ$","[UNTRANSLATED]"
s_008207,Alshark (Ending disk).hdm,0x018AC2,"圍｢･棗&","[UNTRANSLATED]"
s_008209,Alshark (Ending disk).hdm,0x018B4F,"橿ｲ7ｴPﾔｵP義","[UNTRANSLATED]"
s_008210,Alshark (Ending disk).hdm,0x018B9B,"烽ﾆeﾏ斫*ﾊ9","[UNTRANSLATED]"
s_008211,Alshark (Ending disk).hdm,0x018C13,"環ﾔ蚤,ﾂﾛｰﾜｵ","[UNTRANSLATED]"
s_008212,Alshark (Ending disk).hdm,0x018C51,"趙h悅ﾝ^","[UNTRANSLATED]"
s_008213,Alshark (Ending disk).hdm,0x018F2C,"そBﾎAﾊE紵ﾒF0","[UNTRANSLATED]"
s_008214,Alshark (Ending disk).hdm,0x019297,"辛ﾓ箭fQｬ T","[UNTRANSLATED]"
s_008215,Alshark (Ending disk).hdm,0x0192D7,"ヰmﾓﾟ待OS","[UNTRANSLATED]"
s_008217,Alshark (Ending disk).hdm,0x0196A5,"瓔ﾓ@ｳ獪C","[UNTRANSLATED]"
s_008218,Alshark (Ending disk).hdm,0x0196EA,"牋栴rﾒRo","[UNTRANSLATED]"
s_008219,Alshark (Ending disk).hdm,0x019700,"僧ﾙX5uﾖX%髙X&","[UNTRANSLATED]"
s_008222,Alshark (Ending disk).hdm,0x0199A9,"瓩>熹1","[UNTRANSLATED]"
s_008223,Alshark (Ending disk).hdm,0x019AAF,"閠]i地ﾗ","[UNTRANSLATED]"
s_008225,Alshark (Ending disk).hdm,0x019CCB,"嗽X@捍ｬs","[UNTRANSLATED]"
s_008226,Alshark (Ending disk).hdm,0x019D99,"浴aｪ鷁[ﾁ","[UNTRANSLATED]"
s_008228,Alshark (Ending disk).hdm,0x01A023,"療B迷Hﾁ","[UNTRANSLATED]"
s_008232,Alshark (Ending disk).hdm,0x01A568,"紜H拭VSoP","[UNTRANSLATED]"
s_008233,Alshark (Ending disk).hdm,0x01A693,"病ﾀ{ｧ`faH}d?qｪ疽O}d","[UNTRANSLATED]"
s_008235,Alshark (Ending disk).hdm,0x01AAF8,"脊U ﾐ*釿","[UNTRANSLATED]"
s_008236,Alshark (Ending disk).hdm,0x01AB46,"渫@I濱I","[UNTRANSLATED]"
s_008238,Alshark (Ending disk).hdm,0x01ADF0,"禹@`喰OBY4ﾕ@pﾟ;","[UNTRANSLATED]"
s_008239,Alshark (Ending disk).hdm,0x01AE99,"脊悠 ﾐjQ","[UNTRANSLATED]"
s_008241,Alshark (Ending disk).hdm,0x01B372,"襭ﾊoﾊでU0ﾒﾀﾐ","[UNTRANSLATED]"
s_008244,Alshark (Ending disk).hdm,0x01B662,"梁W嶂dﾘｮﾎﾙﾄ","[UNTRANSLATED]"
s_008245,Alshark (Ending disk).hdm,0x01B671,"抉I`鋐H~ｰ","[UNTRANSLATED]"
s_008247,Alshark (Ending disk).hdm,0x01B96B,"獨z獗@ﾀ","[UNTRANSLATED]"
s_008248,Alshark (Ending disk).hdm,0x01B97C,"獰親 2`ﾙGHﾔ","[UNTRANSLATED]"
s_008249,Alshark (Ending disk).hdm,0x01BD46,"驢ﾏ佰ｪﾄ","[UNTRANSLATED]"
s_008251,Alshark (Ending disk).hdm,0x01BDFF,"跖0赳C0","[UNTRANSLATED]"
s_008252,Alshark (Ending disk).hdm,0x01BE29,"跣｡睇W","[UNTRANSLATED]"
s_008253,Alshark (Ending disk).hdm,0x01C52B,"述!6 ﾕ6ﾐ 榻","[UNTRANSLATED]"
s_008254,Alshark (Ending disk).hdm,0x01C5A4,"責6撰ﾝ6 ﾒr","[UNTRANSLATED]"
s_008255,Alshark (Ending disk).hdm,0x01C7F7,"┣&AW尖帖20102uﾀｺp930ﾒ'","[UNTRANSLATED]"
s_008256,Alshark (Ending disk).hdm,0x01C8D1,"裾D儖ｫI}`_UﾟE","[UNTRANSLATED]"
s_008257,Alshark (Ending disk).hdm,0x01C96C,"ドﾗｲ-瓠","[UNTRANSLATED]"
s_008259,Alshark (Ending disk).hdm,0x01CCE5,"水a""p倞","[UNTRANSLATED]"
s_008261,Alshark (Ending disk).hdm,0x01CD46,"鞠0mb喨ﾄcｺ{h0","[UNTRANSLATED]"
s_008263,Alshark (Ending disk).hdm,0x01CF43,"糎0ｭﾛｿ槧","[UNTRANSLATED]"
s_008264,Alshark (Ending disk).hdm,0x01D014,"迷6 欽1ﾜ","[UNTRANSLATED]"
s_008265,Alshark (Ending disk).hdm,0x01D115,"矮版ﾒｳｰ","[UNTRANSLATED]"
s_008266,Alshark (Ending disk).hdm,0x01D18B,"鋿vﾓ鋿@ﾏﾀp","[UNTRANSLATED]"
s_008268,Alshark (Ending disk).hdm,0x01D533,"歴`ﾐ贈'ｻQ","[UNTRANSLATED]"
s_008269,Alshark (Ending disk).hdm,0x01D8EC,"綠<0摩ﾟdﾗ9x","[UNTRANSLATED]"
s_008270,Alshark (Ending disk).hdm,0x01DC28,"珀1;H釁;","[UNTRANSLATED]"
s_008272,Alshark (Ending disk).hdm,0x01DFBE,"汁ﾊ伝1","[UNTRANSLATED]"
s_008273,Alshark (Ending disk).hdm,0x01E243,"慶､r[mh]yeUＤIh儔","[UNTRANSLATED]"
s_008274,Alshark (Ending disk).hdm,0x01E32A,"夾Tﾙ[餤a`r","[UNTRANSLATED]"
s_008275,Alshark (Ending disk).hdm,0x01E356,"仰桓ｴ0ﾆｸ0","[UNTRANSLATED]"
s_008276,Alshark (Ending disk).hdm,0x01E3ED,"鴬ｱ0x@悦@","[UNTRANSLATED]"
s_008278,Alshark (Ending disk).hdm,0x01E6E9,"梵Pﾓ_t籌","[UNTRANSLATED]"
s_008280,Alshark (Ending disk).hdm,0x01EADA,"均斫ｯﾏﾁﾏ6^J","[UNTRANSLATED]"
s_008281,Alshark (Ending disk).hdm,0x01EF36,"將jｾ醒7Q","[UNTRANSLATED]"
s_008282,Alshark (Ending disk).hdm,0x01EF56,"堵@ePケ","[UNTRANSLATED]"
s_008283,Alshark (Ending disk).hdm,0x01F007,"娩bpsbUdy`x}`戟`","[UNTRANSLATED]"
s_008285,Alshark (Ending disk).hdm,0x01F1A0,"驚ﾐｹﾁO釥","[UNTRANSLATED]"
s_008286,Alshark (Ending disk).hdm,0x01F853,"潯RI@儚","[UNTRANSLATED]"
s_008287,Alshark (Ending disk).hdm,0x01FC8E,"準ﾀ敷%0","[UNTRANSLATED]"
s_008289,Alshark (Ending disk).hdm,0x01FDC6,"濕ﾅｩ組ﾀ","[UNTRANSLATED]"
s_008291,Alshark (Ending disk).hdm,0x02025A,"銛ﾉ$ﾃ磔","[UNTRANSLATED]"
s_008293,Alshark (Ending disk).hdm,0x0202BD,"靤ﾏｯ_ﾟ繧","[UNTRANSLATED]"
s_008296,Alshark (Ending disk).hdm,0x020652,"涜ｾﾁﾏｾbｴU鴦R","[UNTRANSLATED]"
s_008299,Alshark (Ending disk).hdm,0x020819,"嫣ﾃb杦ｧ","[UNTRANSLATED]"
s_008301,Alshark (Ending disk).hdm,0x02084C,"會ﾏ羈sｹ｣","[UNTRANSLATED]"
s_008305,Alshark (Ending disk).hdm,0x020EA5,"鋒a悊p","[UNTRANSLATED]"
s_008307,Alshark (Ending disk).hdm,0x021296,"餧>逗pﾊ","[UNTRANSLATED]"
s_008308,Alshark (Ending disk).hdm,0x0212D8,"幕､aD､b>ｱH燻`","[UNTRANSLATED]"
s_008310,Alshark (Ending disk).hdm,0x021470,"仟;ﾓ･ﾀ_`痼","[UNTRANSLATED]"
s_008311,Alshark (Ending disk).hdm,0x0216E9,"沛燧ｧ!F`ｿ","[UNTRANSLATED]"
s_008312,Alshark (Ending disk).hdm,0x021711,"ヰﾀﾝ跌A","[UNTRANSLATED]"
s_008314,Alshark (Ending disk).hdm,0x02197A,"焜ｰ智H･""","[UNTRANSLATED]"
s_008316,Alshark (Ending disk).hdm,0x021A4D,"随|_推UQ","[UNTRANSLATED]"
s_008320,Alshark (Ending disk).hdm,0x021DCB,"荏ｫ｡瀘@","[UNTRANSLATED]"
s_008321,Alshark (Ending disk).hdm,0x021E96,"秩ﾀ`ﾃ8ﾐT1ﾃ簷","[UNTRANSLATED]"
s_008322,Alshark (Ending disk).hdm,0x021EDF,"吹ﾂ[ﾀ寅","[UNTRANSLATED]"
s_008323,Alshark (Ending disk).hdm,0x021F44,"榾ﾁｸﾜｶﾖ胚ﾚ","[UNTRANSLATED]"
s_008324,Alshark (Ending disk).hdm,0x022178,"碾?ｪ/ｼ/昀/x9","[UNTRANSLATED]"
s_008326,Alshark (Ending disk).hdm,0x022253,"霜@?ｵqｳ浅p\","[UNTRANSLATED]"
s_008328,Alshark (Ending disk).hdm,0x0223E3,"誰P+ｦ總K","[UNTRANSLATED]"
s_008329,Alshark (Ending disk).hdm,0x022435,"典`^､愼","[UNTRANSLATED]"
s_008330,Alshark (Ending disk).hdm,0x022508,"龝ｬﾀ繚<","[UNTRANSLATED]"
s_008332,Alshark (Ending disk).hdm,0x0227C0,"烙ﾐ脛ﾛﾁ","[UNTRANSLATED]"
s_008333,Alshark (Ending disk).hdm,0x0227FA,"翆6wﾐ1`|狢","[UNTRANSLATED]"
s_008336,Alshark (Ending disk).hdm,0x022FB4,"迴_ﾘｼ@鄭","[UNTRANSLATED]"
s_008337,Alshark (Ending disk).hdm,0x02334F,"鎗*圍b#","[UNTRANSLATED]"
s_008338,Alshark (Ending disk).hdm,0x0233EC,"走ｰ8ZQ鈊","[UNTRANSLATED]"
s_008339,Alshark (Ending disk).hdm,0x023489,"諭Nｺﾁﾀ~ヵｱQ","[UNTRANSLATED]"
s_008342,Alshark (Ending disk).hdm,0x023596,"靤<c迫@}P","[UNTRANSLATED]"
s_008347,Alshark (Ending disk).hdm,0x023D3A,"衣壤ｬﾟｾﾟ","[UNTRANSLATED]"
s_008348,Alshark (Ending disk).hdm,0x023EA1,"怐0ﾐ,游","[UNTRANSLATED]"
s_008349,Alshark (Ending disk).hdm,0x023ED2,"惰 7ぺﾑﾈｻ","[UNTRANSLATED]"
s_008351,Alshark (Ending disk).hdm,0x0241D8,"珮薰sｪｰ","[UNTRANSLATED]"
s_008352,Alshark (Ending disk).hdm,0x024228,"惰pｮ｣｛登ｨ･oｷoｯ｢$ｨ｡","[UNTRANSLATED]"
s_008353,Alshark (Ending disk).hdm,0x02448B,"奉a7鄧sOﾄ@","[UNTRANSLATED]"
s_008356,Alshark (Ending disk).hdm,0x0245A6,"浯vﾀ@墫Zｱ","[UNTRANSLATED]"
s_008357,Alshark (Ending disk).hdm,0x0245D2,"逑､箜ﾖz","[UNTRANSLATED]"
s_008358,Alshark (Ending disk).hdm,0x0245FD,"承Qu苳ﾃx","[UNTRANSLATED]"
s_008361,Alshark (Ending disk).hdm,0x02465F,"萬ﾓ収yﾃ","[UNTRANSLATED]"
s_008363,Alshark (Ending disk).hdm,0x0246AD,"杪庠'ﾏｼs","[UNTRANSLATED]"
s_008364,Alshark (Ending disk).hdm,0x024E61,"脆艇-3","[UNTRANSLATED]"
s_008365,Alshark (Ending disk).hdm,0x0254AD,"馞ｾ幼|xh､","[UNTRANSLATED]"
s_008366,Alshark (Ending disk).hdm,0x02566B,"鐘0""^ｱ釤","[UNTRANSLATED]"
s_008367,Alshark (Ending disk).hdm,0x0256ED,"亰kｰ｣ｳﾜｿ錞D","[UNTRANSLATED]"
s_008368,Alshark (Ending disk).hdm,0x025754,"渦萬soﾑ2oﾄ#","[UNTRANSLATED]"
s_008369,Alshark (Ending disk).hdm,0x02576F,"枅@掫ﾘg!0ﾅ","[UNTRANSLATED]"
s_008370,Alshark (Ending disk).hdm,0x0257B0,"貰 遺","[UNTRANSLATED]"
s_008371,Alshark (Ending disk).hdm,0x02586A,"蒄wﾓﾎ猊ﾂ","[UNTRANSLATED]"
s_008372,Alshark (Ending disk).hdm,0x0258A4,"慯9炬|ﾃ","[UNTRANSLATED]"
s_008374,Alshark (Ending disk).hdm,0x025BF0,"蔵兩ｫ_ｽ_ﾏZ㎝","[UNTRANSLATED]"
s_008375,Alshark (Ending disk).hdm,0x025C3F,"泡陞　ﾐN","[UNTRANSLATED]"
s_008377,Alshark (Ending disk).hdm,0x025CEB,"迸ﾇy驍*","[UNTRANSLATED]"
s_008378,Alshark (Ending disk).hdm,0x025EB1,"繚\ﾁOﾀ@葡uS'","[UNTRANSLATED]"
s_008379,Alshark (Ending disk).hdm,0x026015,"董A8.秉","[UNTRANSLATED]"
s_008380,Alshark (Ending disk).hdm,0x02606A,"釶奝Vy0","[UNTRANSLATED]"
s_008381,Alshark (Ending disk).hdm,0x02647E,"燿｢ﾌ1又","[UNTRANSLATED]"
s_008383,Alshark (Ending disk).hdm,0x026795,"錝｣ﾔ匆ﾙ$","[UNTRANSLATED]"
s_008384,Alshark (Ending disk).hdm,0x026E96,"臈&津Ia","[UNTRANSLATED]"
s_008386,Alshark (Ending disk).hdm,0x0273E2,"仭ｪｿｼｷ単ppﾁ","[UNTRANSLATED]"
s_008387,Alshark (Ending disk).hdm,0x027444,"但KTﾏfﾏxﾏ竿'","[UNTRANSLATED]"
s_008388,Alshark (Ending disk).hdm,0x0276F9,"滯ﾍ之B","[UNTRANSLATED]"
s_008389,Alshark (Ending disk).hdm,0x027962,"璧ﾁ｢駱.","[UNTRANSLATED]"
s_008392,Alshark (Ending disk).hdm,0x027CEC,"眩0｢sｷ珞ﾀ","[UNTRANSLATED]"
s_008393,Alshark (Ending disk).hdm,0x027EAA,"切ﾈM=正pﾜ0","[UNTRANSLATED]"
s_008394,Alshark (Ending disk).hdm,0x027FDF,"颯[a淏e","[UNTRANSLATED]"
s_008395,Alshark (Ending disk).hdm,0x028440,"柱｡n弔","[UNTRANSLATED]"
s_008396,Alshark (Ending disk).hdm,0x028491,"製Qh築","[UNTRANSLATED]"
s_008397,Alshark (Ending disk).hdm,0x028E80,"姿喘k0`","[UNTRANSLATED]"
s_008402,Alshark (Ending disk).hdm,0x02A430,"渝ｯGﾃーﾐﾅﾑ","[UNTRANSLATED]"
s_008403,Alshark (Ending disk).hdm,0x02A55D,"吮､畍qVﾁ","[UNTRANSLATED]"
s_008404,Alshark (Ending disk).hdm,0x02A5EB,"縣複M X","[UNTRANSLATED]"
s_008406,Alshark (Ending disk).hdm,0x02A8C8,"迪ﾌD~眦ﾀ","[UNTRANSLATED]"
s_008407,Alshark (Ending disk).hdm,0x02A96D,"醍チ｢lRnｮ2","[UNTRANSLATED]"
s_008408,Alshark (Ending disk).hdm,0x02AC9B,"疳ｴ甄ｼｺb*c","[UNTRANSLATED]"
s_008409,Alshark (Ending disk).hdm,0x02AD13,"症吼!pHﾀ､","[UNTRANSLATED]"
s_008411,Alshark (Ending disk).hdm,0x02AFD3,"眸田bﾕY","[UNTRANSLATED]"
s_008412,Alshark (Ending disk).hdm,0x02B0CB,"酬ゲｼrﾕ","[UNTRANSLATED]"
s_008413,Alshark (Ending disk).hdm,0x02B1B8,"畦Pｨ U?竓ﾐX","[UNTRANSLATED]"
s_008414,Alshark (Ending disk).hdm,0x02B23D,"糘ﾗ!順ｻﾀ","[UNTRANSLATED]"
s_008416,Alshark (Ending disk).hdm,0x02B28C,"煕c靖FｯﾋP5","[UNTRANSLATED]"
s_008418,Alshark (Ending disk).hdm,0x02B3A6,"鐘`p8殲","[UNTRANSLATED]"
s_008419,Alshark (Ending disk).hdm,0x02B473,"輛│鐵ﾀ(q>","[UNTRANSLATED]"
s_008420,Alshark (Ending disk).hdm,0x02B484,"傲悌6f","[UNTRANSLATED]"
s_008421,Alshark (Ending disk).hdm,0x02B54A,"韆@?喜ｰ","[UNTRANSLATED]"
s_008424,Alshark (Ending disk).hdm,0x02C63A,"呎5@訪A","[UNTRANSLATED]"
s_008425,Alshark (Ending disk).hdm,0x02C7CF,"紫ﾃ璧|ﾝ +1_auRｷ0ﾕ","[UNTRANSLATED]"
s_008426,Alshark (Ending disk).hdm,0x02C8C5,"矜hﾐ\QP痼","[UNTRANSLATED]"
s_008427,Alshark (Ending disk).hdm,0x02C9CC,"煽樅ｷｰ","[UNTRANSLATED]"
s_008428,Alshark (Ending disk).hdm,0x02CA08,"徘瓸`hﾐ","[UNTRANSLATED]"
s_008429,Alshark (Ending disk).hdm,0x02CA8E,"絮Jﾕ逮X","[UNTRANSLATED]"
s_008431,Alshark (Ending disk).hdm,0x02CD14,"鄂蝉@-ｰxX0","[UNTRANSLATED]"
s_008433,Alshark (Ending disk).hdm,0x02CD6B,"洳R@-ｰﾏ鍈ﾁ","[UNTRANSLATED]"
s_008434,Alshark (Ending disk).hdm,0x02CDA0,"犲p謂Rq","[UNTRANSLATED]"
s_008435,Alshark (Ending disk).hdm,0x02CDEF,"髦xz汯=ｿｫbｿﾐ","[UNTRANSLATED]"
s_008436,Alshark (Ending disk).hdm,0x02CE49,"琉]ｸ籠ｾ0｣","[UNTRANSLATED]"
s_008437,Alshark (Ending disk).hdm,0x02CEDD,"袤'ｿﾎ'倨ﾀQ","[UNTRANSLATED]"
s_008438,Alshark (Ending disk).hdm,0x02CFDE,"翩ﾃ碣pﾑ","[UNTRANSLATED]"
s_008441,Alshark (Ending disk).hdm,0x02D2F4,"觜渟'9@","[UNTRANSLATED]"
s_008442,Alshark (Ending disk).hdm,0x02D5F2,"柀苛$0Z","[UNTRANSLATED]"
s_008443,Alshark (Ending disk).hdm,0x02D7C6,"羮嚼ｯﾀy>?","[UNTRANSLATED]"
s_008444,Alshark (Ending disk).hdm,0x02D7DC,"糊4ｱﾈ烝7ｰ","[UNTRANSLATED]"
s_008449,Alshark (Ending disk).hdm,0x02DB1D,"酉ﾉﾏaｳ[ｳ/幽Q","[UNTRANSLATED]"
s_008452,Alshark (Ending disk).hdm,0x02DBFA,"粧ﾇﾁa3嶮ﾏ","[UNTRANSLATED]"
s_008460,Alshark (Ending disk).hdm,0x02E8E9,"沛ﾇﾃ冒p6｡","[UNTRANSLATED]"
s_008461,Alshark (Ending disk).hdm,0x02E96B,"佰ｪﾏｼﾏﾎﾏ猾","[UNTRANSLATED]"
s_008462,Alshark (Ending disk).hdm,0x02EA3C,"線i熕｡#","[UNTRANSLATED]"
s_008463,Alshark (Ending disk).hdm,0x02EC93,"疱`択ﾄｰ","[UNTRANSLATED]"
s_008464,Alshark (Ending disk).hdm,0x02ECB4,"瓔%^ﾓ窶","[UNTRANSLATED]"
s_008466,Alshark (Ending disk).hdm,0x02F1B4,"け髪ｦｧﾓｱ","[UNTRANSLATED]"
s_008468,Alshark (Ending disk).hdm,0x02FFA9,"泉｢ｎT法","[UNTRANSLATED]"
s_008470,Alshark (Ending disk).hdm,0x030000,"璧ｽ0%0G尋","[UNTRANSLATED]"
s_008471,Alshark (Ending disk).hdm,0x0300B6,"寇ｿ2霧ｵ","[UNTRANSLATED]"
s_008472,Alshark (Ending disk).hdm,0x0301E2,"轤ﾂﾟﾔﾟ贓9","[UNTRANSLATED]"
s_008475,Alshark (Ending disk).hdm,0x030432,"観慫ｮﾏﾀﾏﾒﾏ","[UNTRANSLATED]"
s_008477,Alshark (Ending disk).hdm,0x030FEB,"鐶ｽ@8;台","[UNTRANSLATED]"
s_008478,Alshark (Ending disk).hdm,0x0310DF,"隅ｿﾇ償=","[UNTRANSLATED]"
s_008480,Alshark (Ending disk).hdm,0x0314D2,"奘txｱﾎｩｸ`ｦ爻","[UNTRANSLATED]"
s_008483,Alshark (Ending disk).hdm,0x031BB8,"艇ｹa于sｰ","[UNTRANSLATED]"
s_008485,Alshark (Ending disk).hdm,0x032347,"杖ﾙa珱iq","[UNTRANSLATED]"
s_008486,Alshark (Ending disk).hdm,0x032413,"絣 J瀝P","[UNTRANSLATED]"
s_008487,Alshark (Ending disk).hdm,0x032427,"寝ﾀ!ﾇ誘Sｩ｢","[UNTRANSLATED]"
s_008488,Alshark (Ending disk).hdm,0x03246A,"鈑5疳i80","[UNTRANSLATED]"
s_008490,Alshark (Ending disk).hdm,0x032630,"挺_ｰｿ永","[UNTRANSLATED]"
s_008492,Alshark (Ending disk).hdm,0x0326E5,"楞只>/ﾂAｰ","[UNTRANSLATED]"
s_008493,Alshark (Ending disk).hdm,0x032793,"后ﾋﾃkP]@鐐","[UNTRANSLATED]"
s_008494,Alshark (Ending disk).hdm,0x03282E,"瀇gｲｽ碼","[UNTRANSLATED]"
s_008496,Alshark (Ending disk).hdm,0x032913,"安s><{焼5P","[UNTRANSLATED]"
s_008497,Alshark (Ending disk).hdm,0x032A1D,"釤ﾑﾆメｭﾕ","[UNTRANSLATED]"
s_008500,Alshark (Ending disk).hdm,0x032B9C,"捲Bｿ鈊A","[UNTRANSLATED]"
s_008501,Alshark (Ending disk).hdm,0x032E80,"聢(ﾀｴ烙","[UNTRANSLATED]"
s_008502,Alshark (Ending disk).hdm,0x033131,"味璧zB`","[UNTRANSLATED]"
s_008503,Alshark (Ending disk).hdm,0x033155,"ⅸ]rtxｱ枷qﾜｸ`ﾀ卵""0'?ｯｮ","[UNTRANSLATED]"
s_008504,Alshark (Ending disk).hdm,0x0331FE,"ヮ拵ｰﾏ}ﾟCq","[UNTRANSLATED]"
s_008505,Alshark (Ending disk).hdm,0x03335B,"抱`凍ｩ｡","[UNTRANSLATED]"
s_008506,Alshark (Ending disk).hdm,0x0334B1,"猊0E獸ﾓｪ","[UNTRANSLATED]"
s_008507,Alshark (Ending disk).hdm,0x033837,"繝cﾓ融`","[UNTRANSLATED]"
s_008508,Alshark (Ending disk).hdm,0x0338AD,"轌~ｿ欅o","[UNTRANSLATED]"
s_008512,Alshark (Ending disk).hdm,0x033FED,"旆iﾄ5侯ﾞ｡ﾞ","[UNTRANSLATED]"
s_008513,Alshark (Ending disk).hdm,0x034024,"瓮ﾏ(Vﾏ香Lh`","[UNTRANSLATED]"
s_008514,Alshark (Ending disk).hdm,0x034117,"崔瑩ﾁﾄ","[UNTRANSLATED]"
s_008516,Alshark (Ending disk).hdm,0x0345BF,"靭HAｲ朕B","[UNTRANSLATED]"
s_008519,Alshark (Ending disk).hdm,0x0349ED,"逖.ﾏ国jｰ","[UNTRANSLATED]"
s_008520,Alshark (Ending disk).hdm,0x0349FF,"伃1ﾓ蔓","[UNTRANSLATED]"
s_008522,Alshark (Ending disk).hdm,0x034CD2,"熔ﾕ沂pｿ","[UNTRANSLATED]"
s_008524,Alshark (Ending disk).hdm,0x0358E5,"継ﾀﾌｻ狒ﾃ","[UNTRANSLATED]"
s_008526,Alshark (Ending disk).hdm,0x035EAC,"羲ﾏﾌﾏ巨","[UNTRANSLATED]"
s_008529,Alshark (Ending disk).hdm,0x03619A,"簫羌m?","[UNTRANSLATED]"
s_008531,Alshark (Ending disk).hdm,0x0368C9,"豼蛟Bｰ","[UNTRANSLATED]"
s_008533,Alshark (Ending disk).hdm,0x036930,"矜畫BPｶﾐ","[UNTRANSLATED]"
s_008535,Alshark (Ending disk).hdm,0x036B2D,"懊腋Dｱﾃ","[UNTRANSLATED]"
s_008536,Alshark (Ending disk).hdm,0x036B65,"羊潁Kpﾀ","[UNTRANSLATED]"
s_008537,Alshark (Ending disk).hdm,0x036C96,"占鹸d8ﾝ","[UNTRANSLATED]"
s_008538,Alshark (Ending disk).hdm,0x036EF6,"炙q徼sP","[UNTRANSLATED]"
s_008539,Alshark (Ending disk).hdm,0x036F81,"糒aｷﾐｿﾀ`ｰﾘⅸ沒","[UNTRANSLATED]"
s_008540,Alshark (Ending disk).hdm,0x036FF9,"膳 M野ﾁﾀ","[UNTRANSLATED]"
s_008541,Alshark (Ending disk).hdm,0x0370DE,"焜谷ｲｼD","[UNTRANSLATED]"
s_008542,Alshark (Ending disk).hdm,0x0371A5,"蔵奛qﾇQﾁh","[UNTRANSLATED]"
s_008545,Alshark (Ending disk).hdm,0x037379,"醉訌ｱｵQｾ@","[UNTRANSLATED]"
s_008546,Alshark (Ending disk).hdm,0x0373B8,"跡1ﾅ辻2ﾞ","[UNTRANSLATED]"
s_008547,Alshark (Ending disk).hdm,0x037A1A,"鞘q~7ら","[UNTRANSLATED]"
s_008551,Alshark (Ending disk).hdm,0x038437,"疸蘋ｾqA","[UNTRANSLATED]"
s_008552,Alshark (Ending disk).hdm,0x038759,"繝wcﾓ絡p","[UNTRANSLATED]"
s_008555,Alshark (Ending disk).hdm,0x038DBD,"瀉""Ha3遵","[UNTRANSLATED]"
s_008559,Alshark (Ending disk).hdm,0x0393A8,"殳准@ﾝﾓxﾀﾄｓB","[UNTRANSLATED]"
s_008560,Alshark (Ending disk).hdm,0x0393D2,"け髪ﾞQBﾝﾐﾈoﾄ'ｯﾍ~","[UNTRANSLATED]"
s_008561,Alshark (Ending disk).hdm,0x03941D,"伸ﾀﾑ壯qR","[UNTRANSLATED]"
s_008562,Alshark (Ending disk).hdm,0x03C185,"祺Epw集","[UNTRANSLATED]"
s_008563,Alshark (Ending disk).hdm,0x03C2B5,"鉙ｼ<8睦","[UNTRANSLATED]"
s_008564,Alshark (Ending disk).hdm,0x03C4DC,"村嵩_ｧbｿtｳ","[UNTRANSLATED]"
s_008565,Alshark (Ending disk).hdm,0x03C52B,"蝣118鍰x","[UNTRANSLATED]"
s_008567,Alshark (Ending disk).hdm,0x03C667,"獨壤ｬﾟｾﾕ","[UNTRANSLATED]"
s_008568,Alshark (Ending disk).hdm,0x03CB5C,"聰@ｶ然ﾁ","[UNTRANSLATED]"
s_008569,Alshark (Ending disk).hdm,0x03CE02,"刮担UWｯ","[UNTRANSLATED]"
s_008571,Alshark (Ending disk).hdm,0x03CF2D,"梠5斥｡^ｳﾑP","[UNTRANSLATED]"
s_008572,Alshark (Ending disk).hdm,0x03D179,"聶a蘒獎ﾀp","[UNTRANSLATED]"
s_008574,Alshark (Ending disk).hdm,0x03D6CA,"朶ﾄ1P｡a,ｳW｣A厘","[UNTRANSLATED]"
s_008575,Alshark (Ending disk).hdm,0x03D879,"奮ﾟh偸","[UNTRANSLATED]"
s_008576,Alshark (Ending disk).hdm,0x03DB7C,"政ｰ､ｲ歪","[UNTRANSLATED]"
s_008577,Alshark (Ending disk).hdm,0x03DBDE,"瘢Q6燵ﾂ","[UNTRANSLATED]"
s_008578,Alshark (Ending disk).hdm,0x03DF30,"珖G拙 4@]","[UNTRANSLATED]"
s_008579,Alshark (Ending disk).hdm,0x03DF73,"忍!n`A漂","[UNTRANSLATED]"
s_008581,Alshark (Ending disk).hdm,0x03E0A5,"焜B`/ﾐ座B0ｭ","[UNTRANSLATED]"
s_008583,Alshark (Ending disk).hdm,0x03E163,"畜Q:鑾ｰ｣qw","[UNTRANSLATED]"
s_008586,Alshark (Ending disk).hdm,0x03E343,"犬{+脩ﾀｵ","[UNTRANSLATED]"
s_008587,Alshark (Ending disk).hdm,0x03E40F,"帯Jﾗ霻E","[UNTRANSLATED]"
s_008589,Alshark (Ending disk).hdm,0x03E8AB,"排磅ｶ!""_4S･","[UNTRANSLATED]"
s_008590,Alshark (Ending disk).hdm,0x03E98E,"皿Y[r竺","[UNTRANSLATED]"
s_008592,Alshark (Ending disk).hdm,0x03ECBD,"聶[a毟","[UNTRANSLATED]"
s_008593,Alshark (Ending disk).hdm,0x03EE5D,"鎹>ｸ!倨7","[UNTRANSLATED]"
s_008594,Alshark (Ending disk).hdm,0x03F0CD,"晴縣o'i6ﾚgA(9∩_ﾜ`","[UNTRANSLATED]"
s_008595,Alshark (Ending disk).hdm,0x03F2BD,"駮珉V@r","[UNTRANSLATED]"
s_008598,Alshark (Ending disk).hdm,0x03F53C,"縹喆PL5ｲ","[UNTRANSLATED]"
s_008601,Alshark (Ending disk).hdm,0x03F864,"逋ﾞ筐ﾈ","[UNTRANSLATED]"
s_008603,Alshark (Ending disk).hdm,0x03FBC4,"群ﾂｿ鑈ﾀﾀ","[UNTRANSLATED]"
s_008604,Alshark (Ending disk).hdm,0x03FC6D,"狼 0?ｯ隅ﾇ","[UNTRANSLATED]"
s_008607,Alshark (Ending disk).hdm,0x040AA5,"黴溥ﾝ?ｾ","[UNTRANSLATED]"
s_008608,Alshark (Ending disk).hdm,0x040CFA,"坊､,Y染","[UNTRANSLATED]"
s_008610,Alshark (Ending disk).hdm,0x0411C1,"煬滲wﾐ","[UNTRANSLATED]"
s_008611,Alshark (Ending disk).hdm,0x04136A,"旃9""橫ﾘ","[UNTRANSLATED]"
s_008612,Alshark (Ending disk).hdm,0x0415A2,"虻ﾟ幤ｳｰ","[UNTRANSLATED]"
s_008614,Alshark (Ending disk).hdm,0x0418AF,"塗|B｣gHｹ碾3","[UNTRANSLATED]"
s_008615,Alshark (Ending disk).hdm,0x04192D,"逵｣x珈q","[UNTRANSLATED]"
s_008616,Alshark (Ending disk).hdm,0x041CFD,"瑩ｲ禅Uﾁﾐﾕ","[UNTRANSLATED]"
s_008617,Alshark (Ending disk).hdm,0x041DC1,"折‐ 衽ﾟ","[UNTRANSLATED]"
s_008618,Alshark (Ending disk).hdm,0x041DD9,"煉齎ﾏ06","[UNTRANSLATED]"
s_008619,Alshark (Ending disk).hdm,0x041DEB,"耙駱ﾍ@?","[UNTRANSLATED]"
s_008621,Alshark (Ending disk).hdm,0x0422FC,"魃B3ﾃ7?ﾛﾂu搗ｰｵ","[UNTRANSLATED]"
s_008623,Alshark (Ending disk).hdm,0x042B80,"銜狢ｵ@gvｼ","[UNTRANSLATED]"
s_008625,Alshark (Ending disk).hdm,0x042EB5,"矜鏖?c7","[UNTRANSLATED]"
s_008626,Alshark (Ending disk).hdm,0x042EFB,"虞丹~Cv1","[UNTRANSLATED]"
s_008628,Alshark (Ending disk).hdm,0x043264,"沛ﾏ鉅Cｰd","[UNTRANSLATED]"
s_008629,Alshark (Ending disk).hdm,0x043278,"隅ﾇ償=F$`","[UNTRANSLATED]"
s_008631,Alshark (Ending disk).hdm,0x043C23,"隅ﾇ_償=","[UNTRANSLATED]"
s_008632,Alshark (Ending disk).hdm,0x043C2D,"撰ﾏ蛸ﾀ","[UNTRANSLATED]"
s_008634,Alshark (Ending disk).hdm,0x043E80,"誓躅Qs｣0U","[UNTRANSLATED]"
s_008635,Alshark (Ending disk).hdm,0x043EB8,"肖ﾜ`ﾀ妁","[UNTRANSLATED]"
s_008636,Alshark (Ending disk).hdm,0x044131,"涅@ﾏ鍾","[UNTRANSLATED]"
s_008640,Alshark (Ending disk).hdm,0x0446D0,"痼Ks;晴","[UNTRANSLATED]"
s_008642,Alshark (Ending disk).hdm,0x04483F,"隴走ﾃUｧ^EE","[UNTRANSLATED]"
s_008643,Alshark (Ending disk).hdm,0x04484B,"酩ﾟ8濔｡","[UNTRANSLATED]"
s_008644,Alshark (Ending disk).hdm,0x044D89,"舛?U1K蔀M","[UNTRANSLATED]"
s_008645,Alshark (Ending disk).hdm,0x044E8B,"只ﾃXﾆJY,Tひ","[UNTRANSLATED]"
s_008649,Alshark (Ending disk).hdm,0x04552A,"繝ﾓ遼@","[UNTRANSLATED]"
s_008652,Alshark (Ending disk).hdm,0x045A8B,"愨熈Rﾞ]","[UNTRANSLATED]"
s_008653,Alshark (Ending disk).hdm,0x045AA0,"琅oﾐ胙$-oWB","[UNTRANSLATED]"
s_008656,Alshark (Ending disk).hdm,0x045B10,"恵!ｴｫ""ﾗ`1捐","[UNTRANSLATED]"
s_008657,Alshark (Ending disk).hdm,0x045B23,"今)丐ﾀQﾐﾘ","[UNTRANSLATED]"
s_008658,Alshark (Ending disk).hdm,0x045CBE,"渮矜(ﾚtUﾒ@","[UNTRANSLATED]"
s_008660,Alshark (Ending disk).hdm,0x0467F2,"漾ﾕQ歡ﾉ ","[UNTRANSLATED]"
s_008662,Alshark (Ending disk).hdm,0x046DEA,"涅@ﾏ舜","[UNTRANSLATED]"
s_008663,Alshark (Ending disk).hdm,0x046E6D,"衆ﾟｿ驎ﾏ","[UNTRANSLATED]"
s_008668,Alshark (Ending disk).hdm,0x0476F6,"灣ﾇ銜#`","[UNTRANSLATED]"
s_008670,Alshark (Ending disk).hdm,0x047AB5,"０葱ﾟ苞1ﾅ0","[UNTRANSLATED]"
s_008673,Alshark (Ending disk).hdm,0x047F5D,"樵｡ｶ譯｢","[UNTRANSLATED]"
s_008674,Alshark (Ending disk).hdm,0x04810B,"洸 k炮?","[UNTRANSLATED]"
s_008675,Alshark (Ending disk).hdm,0x04818A,"恂 ?慱ｱ","[UNTRANSLATED]"
s_008676,Alshark (Ending disk).hdm,0x0484C2,"邸ﾘIk三","[UNTRANSLATED]"
s_008678,Alshark (Ending disk).hdm,0x049187,"邸ﾏ<ﾀ輳","[UNTRANSLATED]"
s_008681,Alshark (Ending disk).hdm,0x049342,"躁ﾈ*マcl","[UNTRANSLATED]"
s_008688,Alshark (Ending disk).hdm,0x04A2F6,"靭蟆.@(ﾒ0P{","[UNTRANSLATED]"
s_008691,Alshark (Ending disk).hdm,0x04A598,"湟3/Rqﾂ解","[UNTRANSLATED]"
s_008692,Alshark (Ending disk).hdm,0x04A616,"犁<ﾀｳ図","[UNTRANSLATED]"
s_008694,Alshark (Ending disk).hdm,0x04A6F9,"星澪3]ｿR","[UNTRANSLATED]"
s_008695,Alshark (Ending disk).hdm,0x04A7BE,"勝ｫch1寬","[UNTRANSLATED]"
s_008698,Alshark (Ending disk).hdm,0x04A918,"瀾懣▼P","[UNTRANSLATED]"
s_008699,Alshark (Ending disk).hdm,0x04AAB1,"蔔僘ｿxｶ","[UNTRANSLATED]"
s_008703,Alshark (Ending disk).hdm,0x04B3A1,"摩ﾟ笏oﾘ","[UNTRANSLATED]"
s_008704,Alshark (Ending disk).hdm,0x04B485,"は｡ﾜ1l!疳","[UNTRANSLATED]"
s_008707,Alshark (Ending disk).hdm,0x04BA3A,"潜CB燬ﾙF","[UNTRANSLATED]"
s_008711,Alshark (Ending disk).hdm,0x04BD16,"条1E煕e","[UNTRANSLATED]"
s_008712,Alshark (Ending disk).hdm,0x04BE94,"迸x烙|Ａﾅ","[UNTRANSLATED]"
s_008713,Alshark (Ending disk).hdm,0x04BF14,"繿莽ｰlAR","[UNTRANSLATED]"
s_008717,Alshark (Ending disk).hdm,0x04D01D,"衆ﾟｿ驎ﾏ㊤ﾐ","[UNTRANSLATED]"
s_008719,Alshark (Ending disk).hdm,0x04D40C,"柝Q~ｫp皂","[UNTRANSLATED]"
s_008723,Alshark (Ending disk).hdm,0x04DA14,"燭｡!畆a","[UNTRANSLATED]"
s_008724,Alshark (Ending disk).hdm,0x04DA81,"篦ﾟｸﾃRぅ","[UNTRANSLATED]"
s_008726,Alshark (Ending disk).hdm,0x04E42D,"争ｳｧﾂ準:","[UNTRANSLATED]"
s_008727,Alshark (Ending disk).hdm,0x04EB6D,"烟歟Cﾕ'ﾐ7","[UNTRANSLATED]"
s_008728,Alshark (Ending disk).hdm,0x04ED6B,"炬樒ﾔxﾟ","[UNTRANSLATED]"
s_008729,Alshark (Ending disk).hdm,0x04EE4A,"訴Aｿ_穡ﾐ","[UNTRANSLATED]"
s_008732,Alshark (Ending disk).hdm,0x04F47A,"滌XP-P{?氈","[UNTRANSLATED]"
s_008733,Alshark (Ending disk).hdm,0x04F5D3,"瀾nﾀ誼{≒2R","[UNTRANSLATED]"
s_008734,Alshark (Ending disk).hdm,0x04F87E,"財牴｢ｻﾂx","[UNTRANSLATED]"
s_008735,Alshark (Ending disk).hdm,0x04F9DA,"勝㏍ﾃﾏ輟R3ｲ","[UNTRANSLATED]"
s_008736,Alshark (Ending disk).hdm,0x04FD07,"齔7恊ﾀ0eﾌ6","[UNTRANSLATED]"
s_008737,Alshark (Ending disk).hdm,0x04FF80,"柘双｣f5ﾐ","[UNTRANSLATED]"
s_008739,Alshark (Ending disk).hdm,0x0500D6,"遏x浯9ｱ","[UNTRANSLATED]"
s_008741,Alshark (Ending disk).hdm,0x050601,"鄲8ﾇC世","[UNTRANSLATED]"
s_008743,Alshark (Ending disk).hdm,0x05082D,"轌~?衆ｱﾌ","[UNTRANSLATED]"
s_008744,Alshark (Ending disk).hdm,0x05084B,"弘櫚ﾕ*pg","[UNTRANSLATED]"
s_008745,Alshark (Ending disk).hdm,0x05085F,"拭ｲﾍﾉOﾛO･ﾀｶ析","[UNTRANSLATED]"
s_008748,Alshark (Ending disk).hdm,0x050D3E,"稜y遑ﾊﾞ","[UNTRANSLATED]"
s_008751,Alshark (Ending disk).hdm,0x0513C5,"驤Lﾆﾓﾝﾍﾖ羲z｣`ｫﾀﾓｲ","[UNTRANSLATED]"
s_008756,Alshark (Ending disk).hdm,0x0520B5,"臉魁9QMPnQ","[UNTRANSLATED]"
s_008757,Alshark (Ending disk).hdm,0x052105,"璞sﾇ滔!","[UNTRANSLATED]"
s_008758,Alshark (Ending disk).hdm,0x0521CD,"珀p們|v)","[UNTRANSLATED]"
s_008759,Alshark (Ending disk).hdm,0x052637,"杓哇ﾅﾓ@ｱ","[UNTRANSLATED]"
s_008762,Alshark (Ending disk).hdm,0x0529D5,"鈬ｷﾃﾏ錠ﾁ","[UNTRANSLATED]"
s_008763,Alshark (Ending disk).hdm,0x052A9D,"外塚K*匆ﾀ","[UNTRANSLATED]"
s_008764,Alshark (Ending disk).hdm,0x052C2B,"傴ｮw孩ﾟ","[UNTRANSLATED]"
s_008765,Alshark (Ending disk).hdm,0x052E6D,"淤k座C∩ﾋｶ","[UNTRANSLATED]"
s_008768,Alshark (Ending disk).hdm,0x0536BF,"惹嗔ﾟaﾐ@","[UNTRANSLATED]"
s_008769,Alshark (Ending disk).hdm,0x0536E4,"峻.托`&","[UNTRANSLATED]"
s_008770,Alshark (Ending disk).hdm,0x0538CA,"曹Pｮb翅","[UNTRANSLATED]"
s_008772,Alshark (Ending disk).hdm,0x053A20,"髜､ﾓ~丗","[UNTRANSLATED]"
s_008774,Alshark (Ending disk).hdm,0x053C5B,"驎靕ｮﾗｪw>","[UNTRANSLATED]"
s_008775,Alshark (Ending disk).hdm,0x054085,"輟毋ｳoﾅo･1","[UNTRANSLATED]"
s_008780,Alshark (Ending disk).hdm,0x0546EC,"槧ﾏｿo鮫","[UNTRANSLATED]"
s_008781,Alshark (Ending disk).hdm,0x05478C,"崑m!ﾙ`ﾀ!邉","[UNTRANSLATED]"
s_008782,Alshark (Ending disk).hdm,0x0547C6,"滉;]守I`","[UNTRANSLATED]"
s_008783,Alshark (Ending disk).hdm,0x0548DB,"遉aAｳ措@","[UNTRANSLATED]"
s_008787,Alshark (Ending disk).hdm,0x054B3C,"歙;ｿ#ｷwパ","[UNTRANSLATED]"
s_008789,Alshark (Ending disk).hdm,0x054CB8,"蕓鷆ｺu｢E","[UNTRANSLATED]"
s_008790,Alshark (Ending disk).hdm,0x054E05,"閣ｪm跚]ｪ","[UNTRANSLATED]"
s_008792,Alshark (Ending disk).hdm,0x055136,"胛假0`ﾀ","[UNTRANSLATED]"
s_008793,Alshark (Ending disk).hdm,0x055277,"倉Pp0釤","[UNTRANSLATED]"
s_008794,Alshark (Ending disk).hdm,0x055312,"蟾毫sKq","[UNTRANSLATED]"
s_008795,Alshark (Ending disk).hdm,0x05543D,"焚""ヰPp","[UNTRANSLATED]"
s_008796,Alshark (Ending disk).hdm,0x055492,"燗ｱ欅""Eqaｽ@","[UNTRANSLATED]"
s_008797,Alshark (Ending disk).hdm,0x055549,"振ｨ堂$S","[UNTRANSLATED]"
s_008798,Alshark (Ending disk).hdm,0x0555C9,"摺p`h韭","[UNTRANSLATED]"
s_008800,Alshark (Ending disk).hdm,0x05589A,"告岾FｰRP!","[UNTRANSLATED]"
s_008801,Alshark (Ending disk).hdm,0x0558D3,"倭ｺ1ﾃ書>'","[UNTRANSLATED]"
s_008803,Alshark (Ending disk).hdm,0x05598A,"覆ﾂ邸!sa","[UNTRANSLATED]"
s_008804,Alshark (Ending disk).hdm,0x055AC6,"蒸ﾖﾇ頏","[UNTRANSLATED]"
s_008806,Alshark (Ending disk).hdm,0x056062,"蒻ﾐ狢)【","[UNTRANSLATED]"
s_008808,Alshark (Ending disk).hdm,0x056504,"陀礪:ｻ*`","[UNTRANSLATED]"
s_008810,Alshark (Ending disk).hdm,0x0565E4,"愨ﾌz皋#","[UNTRANSLATED]"
s_008815,Alshark (Ending disk).hdm,0x0570AC,"蒻ﾐ狢´ﾁｺ","[UNTRANSLATED]"
s_008816,Alshark (Ending disk).hdm,0x05726F,"版ｯﾗｪg蠅","[UNTRANSLATED]"
s_008817,Alshark (Ending disk).hdm,0x0572B3,"楞ｰｿN0ﾅｶ｡芯p|","[UNTRANSLATED]"
s_008818,Alshark (Ending disk).hdm,0x0572E5,"毫賣;ﾏMﾎ","[UNTRANSLATED]"
s_008819,Alshark (Ending disk).hdm,0x0572FB,"案gｱ| 5免","[UNTRANSLATED]"
s_008820,Alshark (Ending disk).hdm,0x05735B,"羯ﾟﾋﾜ找ﾞﾟ","[UNTRANSLATED]"
s_008822,Alshark (Ending disk).hdm,0x0575E0,"豎 ｵ鵁ﾐ","[UNTRANSLATED]"
s_008824,Alshark (Ending disk).hdm,0x057A8F,"館靏晥ｫE","[UNTRANSLATED]"
s_008827,Alshark (Ending disk).hdm,0x057E20,"燼xt靼ﾐｰ","[UNTRANSLATED]"
s_008829,Alshark (Ending disk).hdm,0x057F9A,"嫣淦}ﾎJ0ﾟｿ","[UNTRANSLATED]"
s_008830,Alshark (Ending disk).hdm,0x058011,"半礼ykB繒","[UNTRANSLATED]"
s_008833,Alshark (Ending disk).hdm,0x058614,"煽袤ｺｳQﾁ","[UNTRANSLATED]"
s_008836,Alshark (Ending disk).hdm,0x058718,"最ｷ塔\ﾜ","[UNTRANSLATED]"
s_008837,Alshark (Ending disk).hdm,0x058804,"涛民ｨｯﾐｺｯﾌｯﾞｯ","[UNTRANSLATED]"
s_008840,Alshark (Ending disk).hdm,0x058969,"瞎`HﾟZﾟlﾟ~ﾟ節","[UNTRANSLATED]"
s_008842,Alshark (Ending disk).hdm,0x058DB3,"瓏w_閏","[UNTRANSLATED]"
s_008843,Alshark (Ending disk).hdm,0x058EBF,"瓊`/`鐘","[UNTRANSLATED]"
s_008845,Alshark (Ending disk).hdm,0x059143,"鑵砠ｯwｷ飼ｻ","[UNTRANSLATED]"
s_008846,Alshark (Ending disk).hdm,0x0591AE,"晴`ﾀｦ瀑","[UNTRANSLATED]"
s_008847,Alshark (Ending disk).hdm,0x0591C2,"隝菅ﾏｭﾋ(ｼﾏﾎﾏﾘ","[UNTRANSLATED]"
s_008848,Alshark (Ending disk).hdm,0x059287,"γ瑩x戛dﾀｫp","[UNTRANSLATED]"
s_008854,Alshark (Ending disk).hdm,0x059DD1,"蓿LP濮ﾁﾁﾈ","[UNTRANSLATED]"
s_008855,Alshark (Ending disk).hdm,0x059E8C,"胝x斈~ﾂ2","[UNTRANSLATED]"
s_008856,Alshark (Ending disk).hdm,0x059F80,"導ｿﾁ1狃ﾀｳR","[UNTRANSLATED]"
s_008857,Alshark (Ending disk).hdm,0x059FD4,"紳ﾓ""噫D/V)>2P","[UNTRANSLATED]"
s_008859,Alshark (Ending disk).hdm,0x05A0F0,"媼K+#悼_ﾄ`","[UNTRANSLATED]"
s_008861,Alshark (Ending disk).hdm,0x05A28E,"犇ﾄ矜-b","[UNTRANSLATED]"
s_008862,Alshark (Ending disk).hdm,0x05A421,"鑾ｪ}靏","[UNTRANSLATED]"
s_008864,Alshark (Ending disk).hdm,0x05A5A4,"陟ｾ爨ﾂ>","[UNTRANSLATED]"
s_008866,Alshark (Ending disk).hdm,0x05A771,"寘ｿ,ﾊ跟","[UNTRANSLATED]"
s_008869,Alshark (Ending disk).hdm,0x05AE68,"れeｾW侚","[UNTRANSLATED]"
s_008870,Alshark (Ending disk).hdm,0x05AEB6,"卅ｫｿｽｿﾏｿ盡","[UNTRANSLATED]"
s_008871,Alshark (Ending disk).hdm,0x05B55F,"灰ｨQ諟PW","[UNTRANSLATED]"
s_008872,Alshark (Ending disk).hdm,0x05BF69,"瀾廊ｦWｫ","[UNTRANSLATED]"
s_008873,Alshark (Ending disk).hdm,0x05C018,"怨･﨣ｺ擘","[UNTRANSLATED]"
s_008874,Alshark (Ending disk).hdm,0x05C139,"琲耿ﾄOﾟaﾗI","[UNTRANSLATED]"
s_008875,Alshark (Ending disk).hdm,0x05C1D6,"釚~補`1vﾌ.ｿ","[UNTRANSLATED]"
s_008877,Alshark (Ending disk).hdm,0x05C256,"殪wｻﾝﾛ汾","[UNTRANSLATED]"
s_008878,Alshark (Ending disk).hdm,0x05C27E,"難4･籵!","[UNTRANSLATED]"
s_008880,Alshark (Ending disk).hdm,0x05C557,"ユ乖@~ﾉ","[UNTRANSLATED]"
s_008881,Alshark (Ending disk).hdm,0x05C5B4,"缺}ﾇﾎｼpea$磴`","[UNTRANSLATED]"
s_008882,Alshark (Ending disk).hdm,0x05C64A,"濂濱!(1ｸﾐ/3","[UNTRANSLATED]"
s_008885,Alshark (Ending disk).hdm,0x05CA48,"績簷Vﾐ~`","[UNTRANSLATED]"
s_008887,Alshark (Ending disk).hdm,0x05CB32,"貍ﾐ?ﾏ+ﾉ靤","[UNTRANSLATED]"
s_008889,Alshark (Ending disk).hdm,0x05CDC8,"悖ｲｿfQ遂ﾈｿﾄEe","[UNTRANSLATED]"
s_008890,Alshark (Ending disk).hdm,0x05CE35,"睡ｱ伃o7","[UNTRANSLATED]"
s_008893,Alshark (Ending disk).hdm,0x05D1FC,"戴`座m","[UNTRANSLATED]"
s_008894,Alshark (Ending disk).hdm,0x05D47A,"艮浣ｱｦ+F","[UNTRANSLATED]"
s_008895,Alshark (Ending disk).hdm,0x05D58A,"積｢ﾏｴﾏ:鎗(ｹｱ､","[UNTRANSLATED]"
s_008897,Alshark (Ending disk).hdm,0x05DF54,"燹?術Op","[UNTRANSLATED]"
s_008898,Alshark (Ending disk).hdm,0x05E20F,"遞|ﾀｩﾖ釤$","[UNTRANSLATED]"
s_008899,Alshark (Ending disk).hdm,0x05E25C,"ョ渚ﾐh1","[UNTRANSLATED]"
s_008900,Alshark (Ending disk).hdm,0x05E467,"眦?ﾇﾏ涸","[UNTRANSLATED]"
s_008901,Alshark (Ending disk).hdm,0x05E485,"翩ﾄ眈I","[UNTRANSLATED]"
s_008902,Alshark (Ending disk).hdm,0x05E500,"朽ｵ5礎ｾ6ﾞ","[UNTRANSLATED]"
s_008904,Alshark (Ending disk).hdm,0x05E56C,"厰zPF線","[UNTRANSLATED]"
s_008906,Alshark (Ending disk).hdm,0x05EA08,"勝?輯zｺ","[UNTRANSLATED]"
s_008907,Alshark (Ending disk).hdm,0x05EA84,"濃#\碼G","[UNTRANSLATED]"
s_008908,Alshark (Ending disk).hdm,0x05EC4A,"緒0oﾘ0愚","[UNTRANSLATED]"
s_008910,Alshark (Ending disk).hdm,0x05EE86,"蠡@跪@IｰYa","[UNTRANSLATED]"
s_008911,Alshark (Ending disk).hdm,0x05EF17,"捩内 ﾒ","[UNTRANSLATED]"
s_008912,Alshark (Ending disk).hdm,0x05F128,"鰔Ｒﾘ}wa1赶","[UNTRANSLATED]"
s_008919,Alshark (Ending disk).hdm,0x05F8EA,"絨泯2e&(1ﾞ","[UNTRANSLATED]"
s_008922,Alshark (Ending disk).hdm,0x0604FC,"鵫盟ｨｷ8","[UNTRANSLATED]"
s_008923,Alshark (Ending disk).hdm,0x060639,"賤7_ｿﾄ腆ﾆﾕ","[UNTRANSLATED]"
s_008924,Alshark (Ending disk).hdm,0x0607A7,"芟9sWﾙ籍ﾁ","[UNTRANSLATED]"
s_008925,Alshark (Ending disk).hdm,0x0608FF,"欅勝ﾎｨ!","[UNTRANSLATED]"
s_008926,Alshark (Ending disk).hdm,0x060919,"嶄ﾞｰﾟ涸ｰ@","[UNTRANSLATED]"
s_008927,Alshark (Ending disk).hdm,0x060BD8,"逝""ｽSｪP槇","[UNTRANSLATED]"
s_008928,Alshark (Ending disk).hdm,0x060C17,"癸ｿaﾃﾎ彬ﾕ_ﾘLqsb","[UNTRANSLATED]"
s_008931,Alshark (Ending disk).hdm,0x060E88,"毋湾ﾒﾑUa","[UNTRANSLATED]"
s_008932,Alshark (Ending disk).hdm,0x06101F,"秀#qRﾐ謄","[UNTRANSLATED]"
s_008933,Alshark (Ending disk).hdm,0x061258,"癲躓Eﾀﾖ","[UNTRANSLATED]"
s_008937,Alshark (Ending disk).hdm,0x0616BF,"賚ｲl辛ﾇ","[UNTRANSLATED]"
s_008938,Alshark (Ending disk).hdm,0x061811,"歿Lｱﾇ商","[UNTRANSLATED]"
s_008939,Alshark (Ending disk).hdm,0x061958,"逵0Aラ'M1z","[UNTRANSLATED]"
s_008940,Alshark (Ending disk).hdm,0x061AE1,"羡pョﾇｳp","[UNTRANSLATED]"
s_008941,Alshark (Ending disk).hdm,0x061B5B,"聢ﾟ霳ｯ/ﾀ","[UNTRANSLATED]"
s_008943,Alshark (Ending disk).hdm,0x061C92,"希ﾕ濂ﾑｩ","[UNTRANSLATED]"
s_008944,Alshark (Ending disk).hdm,0x061E8C,"怒'x成0ﾟ","[UNTRANSLATED]"
s_008945,Alshark (Ending disk).hdm,0x061FA9,"肅v辱ﾀh","[UNTRANSLATED]"
s_008947,Alshark (Ending disk).hdm,0x062102,"痍u8u屏","[UNTRANSLATED]"
s_008949,Alshark (Ending disk).hdm,0x0621E8,"蝶0Qﾐ!弾","[UNTRANSLATED]"
s_008951,Alshark (Ending disk).hdm,0x062273,"汚縺Sﾑ","[UNTRANSLATED]"
s_008952,Alshark (Ending disk).hdm,0x0622DC,"症ﾃ疝Grｬﾁ","[UNTRANSLATED]"
s_008953,Alshark (Ending disk).hdm,0x062374,"紆ﾃ<澎￢ｯ^ﾜｬG","[UNTRANSLATED]"
s_008959,Alshark (Ending disk).hdm,0x0625F6,"葆ｷO毫","[UNTRANSLATED]"
s_008960,Alshark (Ending disk).hdm,0x0627B6,"杖O>acﾇﾟ愑","[UNTRANSLATED]"
s_008961,Alshark (Ending disk).hdm,0x062802,"的臘/u""_{&","[UNTRANSLATED]"
s_008962,Alshark (Ending disk).hdm,0x06287A,"安o`F笆","[UNTRANSLATED]"
s_008963,Alshark (Ending disk).hdm,0x062909,"矣ﾌｸ`歴@p","[UNTRANSLATED]"
s_008964,Alshark (Ending disk).hdm,0x06294B,"燧>釮~#`","[UNTRANSLATED]"
s_008965,Alshark (Ending disk).hdm,0x062981,"笞蹟F②ﾗ","[UNTRANSLATED]"
s_008967,Alshark (Ending disk).hdm,0x062B40,"ゃ描&@T""","[UNTRANSLATED]"
s_008968,Alshark (Ending disk).hdm,0x063277,"和ﾂｿﾔｿ豼W","[UNTRANSLATED]"
s_008970,Alshark (Ending disk).hdm,0x0636FF,"晴魂'p","[UNTRANSLATED]"
s_008972,Alshark (Ending disk).hdm,0x0637F1,"癬zt戝ﾄ1N","[UNTRANSLATED]"
s_008973,Alshark (Ending disk).hdm,0x06390E,"寝砕VJb#","[UNTRANSLATED]"
s_008974,Alshark (Ending disk).hdm,0x063ABB,"據ﾎ'ﾄ瑰Pqﾕ@","[UNTRANSLATED]"
s_008975,Alshark (Ending disk).hdm,0x063B7E,"順βAy 坿Kq","[UNTRANSLATED]"
s_008976,Alshark (Ending disk).hdm,0x063B9A,"姻Sｩcﾅ1s醫","[UNTRANSLATED]"
s_008977,Alshark (Ending disk).hdm,0x063C39,"鍾ｼpﾈxゃ","[UNTRANSLATED]"
s_008978,Alshark (Ending disk).hdm,0x063CE8,"翆傴<|A","[UNTRANSLATED]"
s_008979,Alshark (Ending disk).hdm,0x063D71,"猯ﾑｲﾐ盟ﾂKﾈ","[UNTRANSLATED]"
s_008980,Alshark (Ending disk).hdm,0x063DBF,"カﾉaﾚ猾","[UNTRANSLATED]"
s_008981,Alshark (Ending disk).hdm,0x063E55,"兮垂ｱXﾂ&ﾁHﾐ_","[UNTRANSLATED]"
s_008982,Alshark (Ending disk).hdm,0x063EBB,"沛Pｧ罅?S","[UNTRANSLATED]"
s_008983,Alshark (Ending disk).hdm,0x063F3C,"炸Pｯ1ｿ霻｡Q~ﾀ","[UNTRANSLATED]"
s_008984,Alshark (Ending disk).hdm,0x063F7F,"斡2!pｩcﾍ0遺","[UNTRANSLATED]"
s_008985,Alshark (Ending disk).hdm,0x0640B5,"碵ｧ｢u2F潺~ｳ","[UNTRANSLATED]"
s_008986,Alshark (Ending disk).hdm,0x064484,"捍>|_狃!","[UNTRANSLATED]"
s_008988,Alshark (Ending disk).hdm,0x0646CB,"鉞ﾅ捧･aﾏ","[UNTRANSLATED]"
s_008990,Alshark (Ending disk).hdm,0x064A02,"ベ&ｱ汜","[UNTRANSLATED]"
s_008992,Alshark (Ending disk).hdm,0x064D70,"秡ﾅ@8`殫","[UNTRANSLATED]"
s_008993,Alshark (Ending disk).hdm,0x064E32,"洽ｱﾄ鮮ﾐﾖ｡.","[UNTRANSLATED]"
s_008994,Alshark (Ending disk).hdm,0x064F11,"賰Iｶ[蟐ｭ","[UNTRANSLATED]"
s_008995,Alshark (Ending disk).hdm,0x065245,"胝a!C睛@ｻｰｺoﾀ","[UNTRANSLATED]"
s_008997,Alshark (Ending disk).hdm,0x06580F,"豁ﾒ脩ﾑrK`","[UNTRANSLATED]"
s_009001,Alshark (Ending disk).hdm,0x065B77,"凝1ﾃ爨ﾀ","[UNTRANSLATED]"
s_009002,Alshark (Ending disk).hdm,0x065B9F,"罌搜ﾕﾏp","[UNTRANSLATED]"
s_009003,Alshark (Ending disk).hdm,0x065BB1,"浩蘖MﾀｯA","[UNTRANSLATED]"
s_009004,Alshark (Ending disk).hdm,0x065C15,"黍捐ｯkﾙBﾂb","[UNTRANSLATED]"
s_009005,Alshark (Ending disk).hdm,0x065E10,"瑾a]ｿoｿ∩童","[UNTRANSLATED]"
s_009006,Alshark (Ending disk).hdm,0x065F4B,"を鵞ﾖ8ﾀﾂ","[UNTRANSLATED]"
s_009008,Alshark (Ending disk).hdm,0x06601E,"隊Hﾁ抱ｪP~ｨ","[UNTRANSLATED]"
s_009009,Alshark (Ending disk).hdm,0x0660A1,"硫乍ﾟﾏﾇkﾃﾁ","[UNTRANSLATED]"
s_009010,Alshark (Ending disk).hdm,0x066303,"ひvp磧G","[UNTRANSLATED]"
s_009012,Alshark (Ending disk).hdm,0x0663D6,"廛ﾃﾖ紆 a","[UNTRANSLATED]"
s_009013,Alshark (Ending disk).hdm,0x066440,"凍ﾌNY赶","[UNTRANSLATED]"
s_009018,Alshark (Ending disk).hdm,0x066795,"鮮ﾌa繚p","[UNTRANSLATED]"
s_009020,Alshark (Ending disk).hdm,0x06695A,"訒徊ﾟ|ﾟ","[UNTRANSLATED]"
s_009021,Alshark (Ending disk).hdm,0x06700F,"眤ﾟﾀ矚","[UNTRANSLATED]"
s_009024,Alshark (Ending disk).hdm,0x06768C,"濃ｿ_ｯOU黨","[UNTRANSLATED]"
s_009025,Alshark (Ending disk).hdm,0x0677EF,"イ｣S洵S+","[UNTRANSLATED]"
s_009027,Alshark (Ending disk).hdm,0x067AFC,"紡G倏W","[UNTRANSLATED]"
s_009029,Alshark (Ending disk).hdm,0x067BF4,"璧`ｧ瘢uｦﾀ","[UNTRANSLATED]"
s_009032,Alshark (Ending disk).hdm,0x067E3C,"財7恒??","[UNTRANSLATED]"
s_009033,Alshark (Ending disk).hdm,0x068052,"素勣ﾁDﾀ","[UNTRANSLATED]"
s_009034,Alshark (Ending disk).hdm,0x068156,"矜･pｯ胚","[UNTRANSLATED]"
s_009035,Alshark (Ending disk).hdm,0x068237,"磬｢q@泉ﾐｲ","[UNTRANSLATED]"
s_009036,Alshark (Ending disk).hdm,0x0684C0,"枢pｵﾀﾜﾀﾖｰ/_釤","[UNTRANSLATED]"
s_009039,Alshark (Ending disk).hdm,0x068AFE,"碌㏍ﾟ香ﾀF","[UNTRANSLATED]"
s_009040,Alshark (Ending disk).hdm,0x068DA3,"帚G色pB","[UNTRANSLATED]"
s_009041,Alshark (Ending disk).hdm,0x068FC2,"毬ｸp正","[UNTRANSLATED]"
s_009043,Alshark (Ending disk).hdm,0x0694CC,"鳰UR鈼ﾔｪﾐN｢","[UNTRANSLATED]"
s_009044,Alshark (Ending disk).hdm,0x0698CF,"潤""A0酒Б1ﾁ","[UNTRANSLATED]"
s_009049,Alshark (Ending disk).hdm,0x069EDF,"猾草Aｿﾜ/","[UNTRANSLATED]"
s_009050,Alshark (Ending disk).hdm,0x069F6B,"瞎]ｰｩ臻","[UNTRANSLATED]"
s_009051,Alshark (Ending disk).hdm,0x06A19C,"帆駐-,./@","[UNTRANSLATED]"
s_009054,Alshark (Ending disk).hdm,0x06A5F3,"滌E`|`ﾟ>q准","[UNTRANSLATED]"
s_009055,Alshark (Ending disk).hdm,0x06A6BF,"案糂ﾃq","[UNTRANSLATED]"
s_009056,Alshark (Ending disk).hdm,0x06A837,"巨SXｰL然","[UNTRANSLATED]"
s_009058,Alshark (Ending disk).hdm,0x06AD4A,"晴ﾁﾚ誄Or","[UNTRANSLATED]"
s_009059,Alshark (Ending disk).hdm,0x06AF11,"嫣@､も8Q","[UNTRANSLATED]"
s_009061,Alshark (Ending disk).hdm,0x06B37F,"矼ﾇﾎ敬ﾑ","[UNTRANSLATED]"
s_009062,Alshark (Ending disk).hdm,0x06B436,"昕ﾓ/鰲N@","[UNTRANSLATED]"
s_009064,Alshark (Ending disk).hdm,0x06B575,"鉄ﾟｿﾛ!榜","[UNTRANSLATED]"
s_009065,Alshark (Ending disk).hdm,0x06B62C,"御|QP悶","[UNTRANSLATED]"
s_009068,Alshark (Ending disk).hdm,0x06BAAD,"藷飯跫ﾍﾟ","[UNTRANSLATED]"
s_009069,Alshark (Ending disk).hdm,0x06BB71,"茸櫂dBﾁ","[UNTRANSLATED]"
s_009073,Alshark (Ending disk).hdm,0x06C8F2,"痳ﾓｿ蠢","[UNTRANSLATED]"
s_009076,Alshark (Ending disk).hdm,0x06CD2D,"警涯ｪUｨa""","[UNTRANSLATED]"
s_009077,Alshark (Ending disk).hdm,0x06D0B8,"瘁榠#0^","[UNTRANSLATED]"
s_009079,Alshark (Ending disk).hdm,0x06D360,"勾聾`/ﾑ","[UNTRANSLATED]"
s_009080,Alshark (Ending disk).hdm,0x06D44F,"肅ﾆﾍ嵌R","[UNTRANSLATED]"
s_009081,Alshark (Ending disk).hdm,0x06D499,"ポ蚪3ﾜ","[UNTRANSLATED]"
s_009082,Alshark (Ending disk).hdm,0x06D4A3,"蕨ﾐﾜ歩lA","[UNTRANSLATED]"
s_009083,Alshark (Ending disk).hdm,0x06DA99,"聶抵Mﾏ","[UNTRANSLATED]"
s_009084,Alshark (Ending disk).hdm,0x06DAD2,"鍾ｿｲPﾈ<臍2","[UNTRANSLATED]"
s_009088,Alshark (Ending disk).hdm,0x06DD60,"唱KWｯ榱ﾑm","[UNTRANSLATED]"
s_009089,Alshark (Ending disk).hdm,0x06DD82,"炙猊1ｬp>","[UNTRANSLATED]"
s_009091,Alshark (Ending disk).hdm,0x06DF10,"呼ﾂ粃P","[UNTRANSLATED]"
s_009093,Alshark (Ending disk).hdm,0x06E819,"狠Q~O唇","[UNTRANSLATED]"
s_009095,Alshark (Ending disk).hdm,0x06EAA4,"ョ湿ｿg","[UNTRANSLATED]"
s_009096,Alshark (Ending disk).hdm,0x06EAFC,"豬%v髜ｯｬG","[UNTRANSLATED]"
s_009099,Alshark (Ending disk).hdm,0x06EC27,"朎ﾛwﾌﾂ蛄","[UNTRANSLATED]"
s_009100,Alshark (Ending disk).hdm,0x06EE14,"漱1ﾇ4燧","[UNTRANSLATED]"
s_009101,Alshark (Ending disk).hdm,0x06EE3F,"愨&p^6;ｵｯ佗ｫK","[UNTRANSLATED]"
s_009102,Alshark (Ending disk).hdm,0x06EF29,"釶ｿ~/DM吹","[UNTRANSLATED]"
s_009103,Alshark (Ending disk).hdm,0x06EF54,"盜`V`ﾛ0ﾓ 吭ｭ","[UNTRANSLATED]"
s_009107,Alshark (Ending disk).hdm,0x06F188,"釞p=貳xﾐ","[UNTRANSLATED]"
s_009108,Alshark (Ending disk).hdm,0x06F19C,"繽<ﾝ哈","[UNTRANSLATED]"
s_009111,Alshark (Ending disk).hdm,0x06F49D,"關`8橫ｬ0|@","[UNTRANSLATED]"
s_009112,Alshark (Ending disk).hdm,0x06F50C,"煉s@鐸ﾜﾑ","[UNTRANSLATED]"
s_009113,Alshark (Ending disk).hdm,0x06F7B3,"臼ｼ苗B","[UNTRANSLATED]"
s_009114,Alshark (Ending disk).hdm,0x06F88C,"申剞ﾃｪr","[UNTRANSLATED]"
s_009116,Alshark (Ending disk).hdm,0x06FAC7,"桍ﾃ_珸","[UNTRANSLATED]"
s_009118,Alshark (Ending disk).hdm,0x06FB34,"濮0xﾙ~ｮﾁ泛","[UNTRANSLATED]"
s_009119,Alshark (Ending disk).hdm,0x06FB65,"粭@ﾂ栲 ｱ","[UNTRANSLATED]"
s_009120,Alshark (Ending disk).hdm,0x06FC34,"瑪ﾎｽ{怙w^","[UNTRANSLATED]"
s_009122,Alshark (Ending disk).hdm,0x06FDFC,"諺q鉱ｷ","[UNTRANSLATED]"
s_009123,Alshark (Ending disk).hdm,0x06FE13,"馮ﾒﾝｳ･智#'","[UNTRANSLATED]"
s_009124,Alshark (Ending disk).hdm,0x06FEE9,"澈ﾔ復Q)㎝","[UNTRANSLATED]"
s_009126,Alshark (Ending disk).hdm,0x0700E5,"侊,銓ｭs","[UNTRANSLATED]"
s_009128,Alshark (Ending disk).hdm,0x0703CE,"椅sIﾗOR盜Qﾒ7b0","[UNTRANSLATED]"
s_009130,Alshark (Ending disk).hdm,0x07070B,"坑7""@ﾃAﾒ[5Y~｡OP譛a","[UNTRANSLATED]"
s_009132,Alshark (Ending disk).hdm,0x0708DE,"蓴x""~啣","[UNTRANSLATED]"
s_009133,Alshark (Ending disk).hdm,0x070AF1,"柿]ｧ萢1(ｱ","[UNTRANSLATED]"
s_009135,Alshark (Ending disk).hdm,0x070C3C,"熏bｻ粮ﾃ","[UNTRANSLATED]"
s_009136,Alshark (Ending disk).hdm,0x070CAE,"苫ｱﾎ棡9s","[UNTRANSLATED]"
s_009137,Alshark (Ending disk).hdm,0x070CDF,"烝qｹ珀｡2@ｦ","[UNTRANSLATED]"
s_009138,Alshark (Ending disk).hdm,0x070DE5,"伜>v･默","[UNTRANSLATED]"
s_009139,Alshark (Ending disk).hdm,0x07101F,"徠軻ｰﾝ｣","[UNTRANSLATED]"
s_009140,Alshark (Ending disk).hdm,0x07103C,"貶ﾀ瑩!Pﾄ","[UNTRANSLATED]"
s_009141,Alshark (Ending disk).hdm,0x0710AA,"綠鼬pШ]","[UNTRANSLATED]"
s_009142,Alshark (Ending disk).hdm,0x0710DB,"學瑟`DT^ﾀ","[UNTRANSLATED]"
s_009143,Alshark (Ending disk).hdm,0x0711FD,"鑽ab2嘖qoﾀ","[UNTRANSLATED]"
s_009144,Alshark (Ending disk).hdm,0x0713BF,"惑!ﾉﾐﾞ焉","[UNTRANSLATED]"
s_009145,Alshark (Ending disk).hdm,0x071405,"蛍|2蝉","[UNTRANSLATED]"
s_009146,Alshark (Ending disk).hdm,0x07140F,"窯@ﾛｭ回","[UNTRANSLATED]"
s_009147,Alshark (Ending disk).hdm,0x0714C6,"顗ｰ`､心ﾅnAYq","[UNTRANSLATED]"
s_009148,Alshark (Ending disk).hdm,0x071591,"濾臚ﾎｪ!ｨﾟ｡f`ﾛ","[UNTRANSLATED]"
s_009149,Alshark (Ending disk).hdm,0x07162A,"帥ﾑ冾｣@ｦﾓabｫ`､<`･ﾀ","[UNTRANSLATED]"
s_009150,Alshark (Ending disk).hdm,0x071ADE,"璉鋭~ﾚDq@ｾ","[UNTRANSLATED]"
s_009151,Alshark (Ending disk).hdm,0x071B03,"ゲﾐR璋T","[UNTRANSLATED]"
s_009152,Alshark (Ending disk).hdm,0x071B11,"狠cYドU,","[UNTRANSLATED]"
s_009153,Alshark (Ending disk).hdm,0x071B1B,"型ｽzauヾjﾐ8｡\ｰﾀUr","[UNTRANSLATED]"
s_009154,Alshark (Ending disk).hdm,0x071B66,"恟p橿ｳｲﾃ^ｽ","[UNTRANSLATED]"
s_009155,Alshark (Ending disk).hdm,0x071BDA,"を<雕s","[UNTRANSLATED]"
s_009157,Alshark (Ending disk).hdm,0x071DC8,"鎮､@撻*","[UNTRANSLATED]"
s_009159,Alshark (Ending disk).hdm,0x071E86,"戎ｹf吼ﾁ","[UNTRANSLATED]"
s_009160,Alshark (Ending disk).hdm,0x071EC7,"栞`pﾑE抉ﾛ","[UNTRANSLATED]"
s_009161,Alshark (Ending disk).hdm,0x0724C3,"躾ｽ{漓f","[UNTRANSLATED]"
s_009163,Alshark (Ending disk).hdm,0x07297F,"べﾟ汞8ﾖ8","[UNTRANSLATED]"
s_009164,Alshark (Ending disk).hdm,0x072AA6,"醯沍ﾔﾒI","[UNTRANSLATED]"
s_009166,Alshark (Ending disk).hdm,0x072CC3,"樵_ｯﾗ娚2","[UNTRANSLATED]"
s_009167,Alshark (Ending disk).hdm,0x072CEA,"瘍簀ｳｪa","[UNTRANSLATED]"
s_009169,Alshark (Ending disk).hdm,0x072FD9,"框譏awｱ","[UNTRANSLATED]"
s_009171,Alshark (Ending disk).hdm,0x073047,"窿ｷw置ﾜﾃﾆ","[UNTRANSLATED]"
s_009172,Alshark (Ending disk).hdm,0x073199,"瘠ｳ$ ｹ0畭~V","[UNTRANSLATED]"
s_009174,Alshark (Ending disk).hdm,0x0733F7,"遏|｡@I瑰","[UNTRANSLATED]"
s_009175,Alshark (Ending disk).hdm,0x073424,"賠7奛ﾓｲ","[UNTRANSLATED]"
s_009176,Alshark (Ending disk).hdm,0x07348F,"蹌憮ｰ?_D","[UNTRANSLATED]"
s_009177,Alshark (Ending disk).hdm,0x0734BD,"聰ﾟｿ^宇","[UNTRANSLATED]"
s_009178,Alshark (Ending disk).hdm,0x07354E,"泛ｪQ鰓3ﾝｳｶ","[UNTRANSLATED]"
s_009179,Alshark (Ending disk).hdm,0x073C8D,"溽髙?ﾇ","[UNTRANSLATED]"
s_009180,Alshark (Ending disk).hdm,0x073DA9,"竝@o拶ｭ@ﾄP","[UNTRANSLATED]"
s_009181,Alshark (Ending disk).hdm,0x073E07,"繝繿Ar@","[UNTRANSLATED]"
s_009182,Alshark (Ending disk).hdm,0x073FDB,"鉐O洵@ﾐp_","[UNTRANSLATED]"
s_009183,Alshark (Ending disk).hdm,0x074040,"殫]`惰@","[UNTRANSLATED]"
s_009184,Alshark (Ending disk).hdm,0x074392,"檠園?ｿ)","[UNTRANSLATED]"
s_009185,Alshark (Ending disk).hdm,0x0743E7,"資ﾌK薙YBｫ ｿz{","[UNTRANSLATED]"
s_009186,Alshark (Ending disk).hdm,0x074423,"癨ﾀ0ｱｹ簔C>ﾛ","[UNTRANSLATED]"
s_009187,Alshark (Ending disk).hdm,0x07451B,"淆ｨ^E嫩","[UNTRANSLATED]"
s_009189,Alshark (Ending disk).hdm,0x0747EA,"矼ﾃョｨ1","[UNTRANSLATED]"
s_009190,Alshark (Ending disk).hdm,0x074D05,"粫ﾄ甯Hﾁp`","[UNTRANSLATED]"
s_009191,Alshark (Ending disk).hdm,0x074DE2,"犧ｵ皃`ｵ","[UNTRANSLATED]"
s_009192,Alshark (Ending disk).hdm,0x074E49,"錙喰]1÷","[UNTRANSLATED]"
s_009193,Alshark (Ending disk).hdm,0x074FA8,"粛ｰ歛②x1?ﾏLlｰx0","[UNTRANSLATED]"
s_009195,Alshark (Ending disk).hdm,0x07527E,"褐2~g津","[UNTRANSLATED]"
s_009196,Alshark (Ending disk).hdm,0x0752F0,"項w線ﾈ0ﾎｻ","[UNTRANSLATED]"
s_009198,Alshark (Ending disk).hdm,0x075531,"団ｿ_/遊p%c","[UNTRANSLATED]"
s_009199,Alshark (Ending disk).hdm,0x07554C,"蓄滂ﾏﾐ","[UNTRANSLATED]"
s_009200,Alshark (Ending disk).hdm,0x0755ED,"鑼ｺ[-ｭ尤","[UNTRANSLATED]"
s_009201,Alshark (Ending disk).hdm,0x075839,"殪鈴ｽﾞﾏoｷﾛ","[UNTRANSLATED]"
s_009203,Alshark (Ending disk).hdm,0x075EF5,"梶8b&瑩p","[UNTRANSLATED]"
s_009204,Alshark (Ending disk).hdm,0x076040,"昊ﾎ竑ｧS","[UNTRANSLATED]"
s_009206,Alshark (Ending disk).hdm,0x076657,"劫'ﾄﾂ癜qｹ","[UNTRANSLATED]"
s_009207,Alshark (Ending disk).hdm,0x0768D3,"琺?涓+ 2","[UNTRANSLATED]"
s_009208,Alshark (Ending disk).hdm,0x076A12,"前拭:｣fﾑ","[UNTRANSLATED]"
s_009209,Alshark (Ending disk).hdm,0x076A3E,"ヰ>+装ｱ","[UNTRANSLATED]"
s_009211,Alshark (Ending disk).hdm,0x0770B1,"症銓ﾂβP","[UNTRANSLATED]"
s_009213,Alshark (Ending disk).hdm,0x07725C,"牘ﾑ乞ｱ)X","[UNTRANSLATED]"
s_009214,Alshark (Ending disk).hdm,0x077475,"害G｡氈ｲ","[UNTRANSLATED]"
s_009215,Alshark (Ending disk).hdm,0x0775A9,"僉|糘QN","[UNTRANSLATED]"
s_009216,Alshark (Ending disk).hdm,0x0776CE,"就濘Qxﾑ","[UNTRANSLATED]"
s_009221,Alshark (Ending disk).hdm,0x077CA2,"滂0~1A~>梃ﾄﾈｼﾒo`","[UNTRANSLATED]"
s_009222,Alshark (Ending disk).hdm,0x077CE2,"鉈鍄}ｾ5p","[UNTRANSLATED]"
s_009223,Alshark (Ending disk).hdm,0x077E43,"僧ﾀ<歩j@","[UNTRANSLATED]"
s_009226,Alshark (Ending disk).hdm,0x078552,"衆沍ﾐ>ZA","[UNTRANSLATED]"
s_009227,Alshark (Ending disk).hdm,0x078594,"パ戡ｱ@","[UNTRANSLATED]"
s_009228,Alshark (Ending disk).hdm,0x078678,"矜;P旺62ﾒ","[UNTRANSLATED]"
s_009231,Alshark (Ending disk).hdm,0x078A84,"燦陵1ﾑ｣3ｿ","[UNTRANSLATED]"
s_009232,Alshark (Ending disk).hdm,0x078B6E,"アl瑞Ph","[UNTRANSLATED]"
s_009233,Alshark (Ending disk).hdm,0x078C03,"特TｨSﾔ崚.QC","[UNTRANSLATED]"
s_009234,Alshark (Ending disk).hdm,0x078C73,"怠2ﾚ霏ｮﾙ","[UNTRANSLATED]"
s_009236,Alshark (Ending disk).hdm,0x0796C3,"院疳Rｩ2","[UNTRANSLATED]"
s_009237,Alshark (Ending disk).hdm,0x0796D1,"盆K""mﾃ侍","[UNTRANSLATED]"
s_009238,Alshark (Ending disk).hdm,0x0798D7,"巾{ﾟ黙q","[UNTRANSLATED]"
s_009240,Alshark (Ending disk).hdm,0x079D17,"鳫q s犧A","[UNTRANSLATED]"
s_009241,Alshark (Ending disk).hdm,0x079F5F,"仲ﾃ?矜p8","[UNTRANSLATED]"
s_009242,Alshark (Ending disk).hdm,0x07A076,"八今ﾀ ･","[UNTRANSLATED]"
s_009247,Alshark (Ending disk).hdm,0x07A7FD,"澆pｾ雛_ｩ_ｻ_","[UNTRANSLATED]"
s_009248,Alshark (Ending disk).hdm,0x07A817,"攷=}･@斬 Wp","[UNTRANSLATED]"
s_009249,Alshark (Ending disk).hdm,0x07A87D,"蓿>qﾗﾀ咀ﾐ","[UNTRANSLATED]"
s_009251,Alshark (Ending disk).hdm,0x07AD0F,"禳ﾒ濮ｰﾀ`","[UNTRANSLATED]"
s_009252,Alshark (Ending disk).hdm,0x07ADB8,"簧9譏~ﾔ｡","[UNTRANSLATED]"
s_009253,Alshark (Ending disk).hdm,0x07ADD9,"励ﾐ%忠fh","[UNTRANSLATED]"
s_009255,Alshark (Ending disk).hdm,0x07B1A7,"娠paｪ瑜w{","[UNTRANSLATED]"
s_009257,Alshark (Ending disk).hdm,0x07B286,"欅)渫ﾐ)","[UNTRANSLATED]"
s_009258,Alshark (Ending disk).hdm,0x07B293,"瀬犢ιﾏﾘﾑ","[UNTRANSLATED]"
s_009260,Alshark (Ending disk).hdm,0x07B398,"チﾀﾁ慶","[UNTRANSLATED]"
s_009261,Alshark (Ending disk).hdm,0x07BBAA,"ⅸ溿ﾛ(猩ﾊﾛﾗ","[UNTRANSLATED]"
s_009262,Alshark (Ending disk).hdm,0x07BD64,"框贖ｺx","[UNTRANSLATED]"
s_009264,Alshark (Ending disk).hdm,0x07BEAE,"涯｢ﾕ鷆ﾏj","[UNTRANSLATED]"
s_009265,Alshark (Ending disk).hdm,0x07C0FE,"瞥u9ﾇ堯","[UNTRANSLATED]"
s_009266,Alshark (Ending disk).hdm,0x07C336,"熈ｮU鶤ｮ?}","[UNTRANSLATED]"
s_009268,Alshark (Ending disk).hdm,0x07C5B0,"Ｐ俳ｦoｸoﾊoﾜo綷","[UNTRANSLATED]"
s_009269,Alshark (Ending disk).hdm,0x07C772,"瓏]ｪｿ_劯礼","[UNTRANSLATED]"
s_009270,Alshark (Ending disk).hdm,0x07C7D9,"植M4蝕%2","[UNTRANSLATED]"
s_009271,Alshark (Ending disk).hdm,0x07C8AC,"渮醺ﾟiｽﾛ","[UNTRANSLATED]"
s_009272,Alshark (Ending disk).hdm,0x07CA6D,"皆ｩU禧ｹ","[UNTRANSLATED]"
s_009273,Alshark (Ending disk).hdm,0x07CBCF,"害ｻ]=舗","[UNTRANSLATED]"
s_009274,Alshark (Ending disk).hdm,0x07CC48,"贐ｷW輹","[UNTRANSLATED]"
s_009275,Alshark (Ending disk).hdm,0x07CD34,"撩\ﾘn@e@I宝","[UNTRANSLATED]"
s_009276,Alshark (Ending disk).hdm,0x07CD73,"点･_霍_ﾉ_ﾛ\","[UNTRANSLATED]"
s_009278,Alshark (Ending disk).hdm,0x07CF02,"鍾ﾓﾗｦ庖","[UNTRANSLATED]"
s_009282,Alshark (Ending disk).hdm,0x07D569,"抂ｯOﾁOﾓO薜","[UNTRANSLATED]"
s_009283,Alshark (Ending disk).hdm,0x07D5FE,"湫_wｫwl烱","[UNTRANSLATED]"
s_009291,Alshark (Ending disk).hdm,0x07E0A1,"襴ｪuDDU鎌","[UNTRANSLATED]"
s_009292,Alshark (Ending disk).hdm,0x07E0FD,"鞨!aｰ寅","[UNTRANSLATED]"
s_009293,Alshark (Ending disk).hdm,0x07E2C3,"次Mｯ_ｯqｯΡ剣ｯｧ","[UNTRANSLATED]"
s_009294,Alshark (Ending disk).hdm,0x07E2F7,"麾\`翼ｪUｯ","[UNTRANSLATED]"
s_009295,Alshark (Ending disk).hdm,0x07E3DD,"霑忞ｯﾟｴｭﾐ|2","[UNTRANSLATED]"
s_009301,Alshark (Ending disk).hdm,0x07EE81,"礇su6%s琮","[UNTRANSLATED]"
s_009302,Alshark (Ending disk).hdm,0x07EF44,"焉rv怙E","[UNTRANSLATED]"
s_009303,Alshark (Ending disk).hdm,0x07F2F7,"繚1溏ﾀ?","[UNTRANSLATED]"
s_009306,Alshark (Ending disk).hdm,0x07F9BC,"恢箔PR>","[UNTRANSLATED]"
s_009307,Alshark (Ending disk).hdm,0x07FA56,"蚊l逝q*01oQpｮ+｣","[UNTRANSLATED]"
s_009308,Alshark (Ending disk).hdm,0x07FAF4,"粗Q◯ﾜ猥｡zﾀﾖ0･ｵ","[UNTRANSLATED]"
s_009309,Alshark (Ending disk).hdm,0x07FB12,"挺ｵｳｮrｬ皙","[UNTRANSLATED]"
s_009310,Alshark (Ending disk).hdm,0x07FBA8,"凝耒ﾁ､@","[UNTRANSLATED]"
s_009311,Alshark (Ending disk).hdm,0x07FC28,"磑`昨z`","[UNTRANSLATED]"
s_009313,Alshark (Ending disk).hdm,0x07FFDF,"迷ﾁ|ｸ角","[UNTRANSLATED]"
s_009316,Alshark (Ending disk).hdm,0x080273,"鰌ﾃｧ常_3","[UNTRANSLATED]"
s_009318,Alshark (Ending disk).hdm,0x080333,"刀5瘠8""","[UNTRANSLATED]"
s_009320,Alshark (Ending disk).hdm,0x080557,"渕身ﾁB@","[UNTRANSLATED]"
s_009321,Alshark (Ending disk).hdm,0x0805C4,"靡=色ｯﾔX｣ｵ","[UNTRANSLATED]"
s_009322,Alshark (Ending disk).hdm,0x08079D,"畝穿Yc1ｴ0","[UNTRANSLATED]"
s_009323,Alshark (Ending disk).hdm,0x0808DC,"蹇素ﾁX","[UNTRANSLATED]"
s_009324,Alshark (Ending disk).hdm,0x0808FC,"籵D濂ｳｪ","[UNTRANSLATED]"
s_009325,Alshark (Ending disk).hdm,0x080921,"狒ｸﾘ靤","[UNTRANSLATED]"
s_009327,Alshark (Ending disk).hdm,0x0809B6,"嫁茖ｰ0ﾐpｪ","[UNTRANSLATED]"
s_009328,Alshark (Ending disk).hdm,0x080A1F,"去嫦ﾍ@S","[UNTRANSLATED]"
s_009329,Alshark (Ending disk).hdm,0x080A93,"瑩鞋ﾞｾｿ","[UNTRANSLATED]"
s_009332,Alshark (Ending disk).hdm,0x080E3E,"氓靭ｩﾀ","[UNTRANSLATED]"
s_009334,Alshark (Ending disk).hdm,0x080F60,"珥艫pｳﾀ@aﾆ","[UNTRANSLATED]"
s_009336,Alshark (Ending disk).hdm,0x08104C,"僉帋ﾈaA?ﾑ","[UNTRANSLATED]"
s_009337,Alshark (Ending disk).hdm,0x081810,"款_@ﾎ_濱SA3","[UNTRANSLATED]"
s_009338,Alshark (Ending disk).hdm,0x081962,"所我p~CPﾉ","[UNTRANSLATED]"
s_009339,Alshark (Ending disk).hdm,0x081A06,"焉m曹 P","[UNTRANSLATED]"
s_009340,Alshark (Ending disk).hdm,0x081CF0,"偸N笥ｰ","[UNTRANSLATED]"
s_009342,Alshark (Ending disk).hdm,0x081FB9,"磊{撼ﾓ0g?","[UNTRANSLATED]"
s_009343,Alshark (Ending disk).hdm,0x081FFD,"乾ﾀ痃AF","[UNTRANSLATED]"
s_009344,Alshark (Ending disk).hdm,0x0820DF,"趾LHﾘ衰","[UNTRANSLATED]"
s_009345,Alshark (Ending disk).hdm,0x08216D,"佳cｰｳ真?｡ﾏ","[UNTRANSLATED]"
s_009346,Alshark (Ending disk).hdm,0x08217B,"И0Sﾂ@ｹﾀg陣斥$Z'","[UNTRANSLATED]"
s_009347,Alshark (Ending disk).hdm,0x0821C5,"掵tyﾀ烟r","[UNTRANSLATED]"
s_009348,Alshark (Ending disk).hdm,0x0821D8,"もr壇fQﾛ","[UNTRANSLATED]"
s_009351,Alshark (Ending disk).hdm,0x0824D9,"靱濟aﾂ","[UNTRANSLATED]"
s_009353,Alshark (Ending disk).hdm,0x082630,"瀾ｽ栲","[UNTRANSLATED]"
s_009354,Alshark (Ending disk).hdm,0x08285F,"績魏ｴｴ$1","[UNTRANSLATED]"
s_009355,Alshark (Ending disk).hdm,0x082A11,"甓侒ﾚP","[UNTRANSLATED]"
s_009356,Alshark (Ending disk).hdm,0x0830A5,"瀅ﾖb黎P","[UNTRANSLATED]"
s_009358,Alshark (Ending disk).hdm,0x083341,"賣于ﾑ`*R.0m","[UNTRANSLATED]"
s_009359,Alshark (Ending disk).hdm,0x08354F,"邀?~ｩ`鄧2ﾁ","[UNTRANSLATED]"
s_009360,Alshark (Ending disk).hdm,0x083727,"掻⑰準2｡","[UNTRANSLATED]"
s_009362,Alshark (Ending disk).hdm,0x083796,"濮p0凡`","[UNTRANSLATED]"
s_009363,Alshark (Ending disk).hdm,0x0837BD,"誨爍ｲHﾁ(","[UNTRANSLATED]"
s_009364,Alshark (Ending disk).hdm,0x08381F,"輒ｩﾔ跿礼ｨ","[UNTRANSLATED]"
s_009365,Alshark (Ending disk).hdm,0x0838AE,"逝濛`b","[UNTRANSLATED]"
s_009367,Alshark (Ending disk).hdm,0x083CBA,"瀾奴ｬﾐ｣","[UNTRANSLATED]"
s_009368,Alshark (Ending disk).hdm,0x083DF0,"歡 $Fﾏｮ濾｡","[UNTRANSLATED]"
s_009369,Alshark (Ending disk).hdm,0x08404E,"頃x7S瑩","[UNTRANSLATED]"
s_009373,Alshark (Ending disk).hdm,0x08435F,"皺舂PﾎT","[UNTRANSLATED]"
s_009375,Alshark (Ending disk).hdm,0x0846B0,"弐珖π_ ﾚpx","[UNTRANSLATED]"
s_009378,Alshark (Ending disk).hdm,0x0848CF,"勝a@｣蝠R$@xｶ","[UNTRANSLATED]"
s_009379,Alshark (Ending disk).hdm,0x084AE2,"氈2ﾏﾀ>ﾑﾒｿWﾏiﾏ{ﾏ最","[UNTRANSLATED]"
s_009381,Alshark (Ending disk).hdm,0x084BCF,"茄∠@激_","[UNTRANSLATED]"
s_009383,Alshark (Ending disk).hdm,0x084EF7,"翅xｸmX拜","[UNTRANSLATED]"
s_009384,Alshark (Ending disk).hdm,0x08504D,"痒p!ﾐ@j餐","[UNTRANSLATED]"
s_009385,Alshark (Ending disk).hdm,0x0852B6,"簑ｸｶ悩ﾑ","[UNTRANSLATED]"
s_009387,Alshark (Ending disk).hdm,0x085EB4,"滷R紅_yW!","[UNTRANSLATED]"
s_009388,Alshark (Ending disk).hdm,0x086021,"扮+K留","[UNTRANSLATED]"
s_009389,Alshark (Ending disk).hdm,0x0860A7,"罅h屐ﾏ","[UNTRANSLATED]"
s_009390,Alshark (Ending disk).hdm,0x0860EA,"葦嗇RBｱ","[UNTRANSLATED]"
s_009391,Alshark (Ending disk).hdm,0x086123,"鰌eｦ崧UHqﾚ","[UNTRANSLATED]"
s_009392,Alshark (Ending disk).hdm,0x086586,"紳孱I?[?|m6zP","[UNTRANSLATED]"
s_009393,Alshark (Ending disk).hdm,0x086695,"兩ｫT拶V_h_:V","[UNTRANSLATED]"
s_009396,Alshark (Ending disk).hdm,0x08692C,"杉嫐ﾆ@ﾀﾈ","[UNTRANSLATED]"
s_009397,Alshark (Ending disk).hdm,0x086B57,"求のﾙ.|/","[UNTRANSLATED]"
s_009399,Alshark (Ending disk).hdm,0x08769D,"于駻ｦY&ﾉｦ3","[UNTRANSLATED]"
s_009400,Alshark (Ending disk).hdm,0x0877AF,"鈹ｱ誂ｳ","[UNTRANSLATED]"
s_009401,Alshark (Ending disk).hdm,0x08793C,"悛\q智","[UNTRANSLATED]"
s_009402,Alshark (Ending disk).hdm,0x087C9D,"食､gﾓ頽ＮoQ","[UNTRANSLATED]"
s_009403,Alshark (Ending disk).hdm,0x087D84,"侘ﾗ｡淞ﾍ","[UNTRANSLATED]"
s_009405,Alshark (Ending disk).hdm,0x087F9F,"邀ﾗ｡ｿ碌ﾇ7","[UNTRANSLATED]"
s_009406,Alshark (Ending disk).hdm,0x087FB5,"煩ｦﾉXｳﾏx･]畩ﾐ_","[UNTRANSLATED]"
s_009407,Alshark (Ending disk).hdm,0x08829B,"痺ｲuﾁYcカｳ","[UNTRANSLATED]"
s_009408,Alshark (Ending disk).hdm,0x088397,"澪ｵH瘠ﾁο","[UNTRANSLATED]"
s_009409,Alshark (Ending disk).hdm,0x088545,"浄操P｣B","[UNTRANSLATED]"
s_009411,Alshark (Ending disk).hdm,0x0886B3,"囚多2-ﾐ","[UNTRANSLATED]"
s_009412,Alshark (Ending disk).hdm,0x0888C8,"醗Cﾁ凄","[UNTRANSLATED]"
s_009418,Alshark (Ending disk).hdm,0x08950E,"肅ﾎ匚Oｿ","[UNTRANSLATED]"
s_009420,Alshark (Ending disk).hdm,0x0898C6,"涸<sLｰ依ｲﾁ","[UNTRANSLATED]"
s_009422,Alshark (Ending disk).hdm,0x089B8A,"渼,ｰ躊ﾑ","[UNTRANSLATED]"
s_009423,Alshark (Ending disk).hdm,0x089CB3,"炙B8錻｢G=p","[UNTRANSLATED]"
s_009424,Alshark (Ending disk).hdm,0x089CE1,"畛ﾗﾀ 粃ﾏ","[UNTRANSLATED]"
s_009427,Alshark (Ending disk).hdm,0x089ED5,"撥Gﾏ^ｼxpjｰ困","[UNTRANSLATED]"
s_009428,Alshark (Ending disk).hdm,0x08A166,"焙即ｰｱqX","[UNTRANSLATED]"
s_009429,Alshark (Ending disk).hdm,0x08A171,"澣致@iｧ{","[UNTRANSLATED]"
s_009430,Alshark (Ending disk).hdm,0x08A346,"瞻佐ｼ3ﾀ","[UNTRANSLATED]"
s_009431,Alshark (Ending disk).hdm,0x08A36F,"增ｧ狆ｾﾑs@A","[UNTRANSLATED]"
s_009433,Alshark (Ending disk).hdm,0x08AA28,"梵8ｰﾀ0P1c跣ﾃﾀ","[UNTRANSLATED]"
s_009434,Alshark (Ending disk).hdm,0x08AAF5,"閒彁ﾚｶ6","[UNTRANSLATED]"
s_009436,Alshark (Ending disk).hdm,0x08AEC8,"倫ﾎ愍@x","[UNTRANSLATED]"
s_009437,Alshark (Ending disk).hdm,0x08B17D,"慫2:紂$","[UNTRANSLATED]"
s_009438,Alshark (Ending disk).hdm,0x08B274,"碾紹Hp'","[UNTRANSLATED]"
s_009439,Alshark (Ending disk).hdm,0x08B2AA,"沆濤oﾟｿ?ﾉ","[UNTRANSLATED]"
s_009440,Alshark (Ending disk).hdm,0x08B3FB,"鄭枅uﾞｱNｰ$","[UNTRANSLATED]"
s_009441,Alshark (Ending disk).hdm,0x08B522,"踴ﾞ=鞨ﾟｾy","[UNTRANSLATED]"
s_009442,Alshark (Ending disk).hdm,0x08B550,"占隝ﾟ蘒?","[UNTRANSLATED]"
s_009444,Alshark (Ending disk).hdm,0x08B576,"愆lﾃu馞､@","[UNTRANSLATED]"
s_009446,Alshark (Ending disk).hdm,0x08B7B7,"皺ﾎp蟆|!","[UNTRANSLATED]"
s_009449,Alshark (Ending disk).hdm,0x08BBEC,"艶ｿ0w切ﾁ","[UNTRANSLATED]"
s_009450,Alshark (Ending disk).hdm,0x08BC4B,"緕xﾑ爬ﾂ","[UNTRANSLATED]"
s_009452,Alshark (Ending disk).hdm,0x08BFE5,"潼ﾁC権Y","[UNTRANSLATED]"
s_009453,Alshark (Ending disk).hdm,0x08C0EF,"妹ﾐ榱!","[UNTRANSLATED]"
s_009454,Alshark (Ending disk).hdm,0x08C12F,"溲兆?R@","[UNTRANSLATED]"
s_009457,Alshark (Ending disk).hdm,0x08C47A,"黑ﾜﾘｰ杖","[UNTRANSLATED]"
s_009458,Alshark (Ending disk).hdm,0x08C56B,"髓ｸ 準}","[UNTRANSLATED]"
s_009459,Alshark (Ending disk).hdm,0x08C5B7,"尿Y`烙K`","[UNTRANSLATED]"
s_009460,Alshark (Ending disk).hdm,0x08C6DC,"逝娜%ｰi","[UNTRANSLATED]"
s_009461,Alshark (Ending disk).hdm,0x08C736,"弘H逝!｢","[UNTRANSLATED]"
s_009462,Alshark (Ending disk).hdm,0x08C8E6,"圈ｬﾗﾛ煜?@ﾑｰ","[UNTRANSLATED]"
s_009463,Alshark (Ending disk).hdm,0x08C95D,"廖擴B10ﾛ","[UNTRANSLATED]"
s_009464,Alshark (Ending disk).hdm,0x08CAB4,"炳S.ｯ牘","[UNTRANSLATED]"
s_009466,Alshark (Ending disk).hdm,0x08CBD2,"閾ﾏ厮ｫﾏx","[UNTRANSLATED]"
s_009469,Alshark (Ending disk).hdm,0x08D9E7,"蓙fs]3藾","[UNTRANSLATED]"
s_009471,Alshark (Ending disk).hdm,0x08DB94,"邱ﾛ9z哂","[UNTRANSLATED]"
s_009472,Alshark (Ending disk).hdm,0x08DFB4,"爰' 牴0","[UNTRANSLATED]"
s_009474,Alshark (Ending disk).hdm,0x08E12B,"遏~|x}0疇","[UNTRANSLATED]"
s_009476,Alshark (Ending disk).hdm,0x08E478,"珀ｱn_斧~","[UNTRANSLATED]"
s_009477,Alshark (Ending disk).hdm,0x08E5FE,"状ｹQ竧ﾟMｲ","[UNTRANSLATED]"
s_009478,Alshark (Ending disk).hdm,0x08E648,"章└pyﾞ鷁9","[UNTRANSLATED]"
s_009481,Alshark (Ending disk).hdm,0x08E825,"璧揃ﾂｵQ","[UNTRANSLATED]"
s_009482,Alshark (Ending disk).hdm,0x08E8F2,"衢ﾛｶtｧ眇 hq","[UNTRANSLATED]"
s_009483,Alshark (Ending disk).hdm,0x08E921,"Π碇bmb暫ﾋ","[UNTRANSLATED]"
s_009486,Alshark (Ending disk).hdm,0x08EB62,"稼ﾓ?ﾃﾃr蕩","[UNTRANSLATED]"
s_009487,Alshark (Ending disk).hdm,0x08EBEE,"獵xS蝕P","[UNTRANSLATED]"
s_009488,Alshark (Ending disk).hdm,0x08ECEF,"蕩}K鑷@","[UNTRANSLATED]"
s_009490,Alshark (Ending disk).hdm,0x08F000,"斑w､ｰ菟","[UNTRANSLATED]"
s_009492,Alshark (Ending disk).hdm,0x08F16F,"黛琅ﾌﾞ*pｫtﾌ","[UNTRANSLATED]"
s_009493,Alshark (Ending disk).hdm,0x08F2DD,"済oj癲","[UNTRANSLATED]"
s_009494,Alshark (Ending disk).hdm,0x08F489,"漱ﾇ>k箚","[UNTRANSLATED]"
s_009499,Alshark (Ending disk).hdm,0x090022,"檗ｺ1 }僘","[UNTRANSLATED]"
s_009501,Alshark (Ending disk).hdm,0x090376,"紗8迭lp","[UNTRANSLATED]"
s_009504,Alshark (Ending disk).hdm,0x0905B9,"藷ｯﾑ~rﾀ濃ﾁ","[UNTRANSLATED]"
s_009505,Alshark (Ending disk).hdm,0x09067C,"靼ｰ｡Aﾃゲ､｢","[UNTRANSLATED]"
s_009506,Alshark (Ending disk).hdm,0x090762,"拓鱚ﾓｧﾇgO","[UNTRANSLATED]"
s_009507,Alshark (Ending disk).hdm,0x09077D,"誥ｨﾒ茵ｲkﾐ","[UNTRANSLATED]"
s_009508,Alshark (Ending disk).hdm,0x09087E,"避ﾑｰ蕫ｰ","[UNTRANSLATED]"
s_009509,Alshark (Ending disk).hdm,0x090B49,"瑩ｵq碗","[UNTRANSLATED]"
s_009510,Alshark (Ending disk).hdm,0x090BE5,"蛋@ﾀ \葬Pｸﾁ","[UNTRANSLATED]"
s_009512,Alshark (Ending disk).hdm,0x090CC1,"腆id@誑z","[UNTRANSLATED]"
s_009513,Alshark (Ending disk).hdm,0x090FF2,"狢証ｸｼｾｯ1ﾅﾓﾚy","[UNTRANSLATED]"
s_009514,Alshark (Ending disk).hdm,0x091993,"蠹ﾗ{`法ﾟ","[UNTRANSLATED]"
s_009515,Alshark (Ending disk).hdm,0x091C00,"扮株JUu","[UNTRANSLATED]"
s_009517,Alshark (Ending disk).hdm,0x09204F,"楳7`噫ﾑB","[UNTRANSLATED]"
s_009518,Alshark (Ending disk).hdm,0x0921AF,"徴ﾐ｢K著","[UNTRANSLATED]"
s_009519,Alshark (Ending disk).hdm,0x09220A,"蔭1?歿ﾑｼOｲMp","[UNTRANSLATED]"
s_009523,Alshark (Ending disk).hdm,0x09274B,"尊ﾐPg※`ﾘ犹","[UNTRANSLATED]"
s_009524,Alshark (Ending disk).hdm,0x092780,"蝓 ﾏ溂","[UNTRANSLATED]"
s_009528,Alshark (Ending disk).hdm,0x093530,"喘ﾈ計 N#ﾃ","[UNTRANSLATED]"
s_009531,Alshark (Ending disk).hdm,0x093BA4,"沐ｼ梼.*","[UNTRANSLATED]"
s_009532,Alshark (Ending disk).hdm,0x093CD7,"愁~O燭%A","[UNTRANSLATED]"
s_009534,Alshark (Ending disk).hdm,0x093F9C,"苟L>ｿ淺","[UNTRANSLATED]"
s_009536,Alshark (Ending disk).hdm,0x0943CC,"讃ｻw3糲","[UNTRANSLATED]"
s_009539,Alshark (Ending disk).hdm,0x094A99,"σ;漑M地ｭRｶｰ","[UNTRANSLATED]"
s_009543,Alshark (Ending disk).hdm,0x0959E6,"貶煎%wﾀ","[UNTRANSLATED]"
s_009544,Alshark (Ending disk).hdm,0x095BA3,"竰@摩r`","[UNTRANSLATED]"
s_009545,Alshark (Ending disk).hdm,0x095D73,"申ﾏｮｶﾚﾜk良","[UNTRANSLATED]"
s_009546,Alshark (Ending disk).hdm,0x095E3D,"猖｢#鈆N","[UNTRANSLATED]"
s_009547,Alshark (Ending disk).hdm,0x095EF6,"狃｡ﾎｲ~瓸","[UNTRANSLATED]"
s_009548,Alshark (Ending disk).hdm,0x096087,"鵫'聽+@}","[UNTRANSLATED]"
s_009550,Alshark (Ending disk).hdm,0x096341,"倅?ﾇ}潦ﾀ_","[UNTRANSLATED]"
s_009551,Alshark (Ending disk).hdm,0x096515,"喟ﾟ_燃","[UNTRANSLATED]"
s_009552,Alshark (Ending disk).hdm,0x0965A6,"亭襤ib~","[UNTRANSLATED]"
s_009553,Alshark (Ending disk).hdm,0x0965F8,"場tUl｢Lﾗ則y6","[UNTRANSLATED]"
s_009554,Alshark (Ending disk).hdm,0x0967CA,"臙､ 臙E[","[UNTRANSLATED]"
s_009555,Alshark (Ending disk).hdm,0x0967F8,"豎K熾'ﾄ","[UNTRANSLATED]"
s_009556,Alshark (Ending disk).hdm,0x096845,"靤ｨﾅﾐｳ･ﾘ0ｦ墟","[UNTRANSLATED]"
s_009557,Alshark (Ending disk).hdm,0x09689F,"繝ﾆ沓ﾁ\ﾀ","[UNTRANSLATED]"
s_009558,Alshark (Ending disk).hdm,0x096BF8,"豎K熾'ﾄ","[UNTRANSLATED]"
s_009559,Alshark (Ending disk).hdm,0x09733B,"樌@ﾕf柢","[UNTRANSLATED]"
s_009560,Alshark (Ending disk).hdm,0x0973AF,"將ｫ｢x肩","[UNTRANSLATED]"
s_009561,Alshark (Ending disk).hdm,0x097946,"沾SF0仟","[UNTRANSLATED]"
s_009562,Alshark (Ending disk).hdm,0x097A69,"菻QｏH住","[UNTRANSLATED]"
s_009563,Alshark (Ending disk).hdm,0x097B26,"澑0rPﾁ｢茲","[UNTRANSLATED]"
s_009564,Alshark (Ending disk).hdm,0x097B84,"庄阿Kﾀ~､","[UNTRANSLATED]"
s_009566,Alshark (Ending disk).hdm,0x097BFD,"職避 ｩ","[UNTRANSLATED]"
s_009567,Alshark (Ending disk).hdm,0x097C0F,"塙･塙(ｰｰｵ","[UNTRANSLATED]"
s_009568,Alshark (Ending disk).hdm,0x097D15,"縱)_熹ﾐe","[UNTRANSLATED]"
s_009569,Alshark (Ending disk).hdm,0x097E9C,"琅澆ﾀ∂`","[UNTRANSLATED]"
s_009570,Alshark (Ending disk).hdm,0x097EF3,"碾沼ｫDO","[UNTRANSLATED]"
s_009571,Alshark (Ending disk).hdm,0x0989C3,"狡p [ー2#`Rp","[UNTRANSLATED]"
s_009572,Alshark (Ending disk).hdm,0x098A5E,"琺@p 隋､ O","[UNTRANSLATED]"
s_009573,Alshark (Ending disk).hdm,0x099512,"廣轍6'b","[UNTRANSLATED]"
s_009575,Alshark (Ending disk).hdm,0x099DB3,"重@ 0ﾙ蒭ﾐﾚ""X","[UNTRANSLATED]"
s_009576,Alshark (Ending disk).hdm,0x099EB0,"濺@ﾑ陦Z","[UNTRANSLATED]"
s_009577,Alshark (Ending disk).hdm,0x099FAC,"端1ｲｰ5ﾒ倞","[UNTRANSLATED]"
s_009580,Alshark (Ending disk).hdm,0x09A767,"橿~ﾃP威P","[UNTRANSLATED]"
s_009582,Alshark (Ending disk).hdm,0x09A8D4,"祓rﾑ碵2]x","[UNTRANSLATED]"
s_009584,Alshark (Ending disk).hdm,0x09AFED,"較>8p珈ﾀ","[UNTRANSLATED]"
s_009586,Alshark (Ending disk).hdm,0x09B293,"啝ﾔﾈ嚊ｺxp","[UNTRANSLATED]"
s_009587,Alshark (Ending disk).hdm,0x09B4D5,"娥爆ｭmn","[UNTRANSLATED]"
s_009590,Alshark (Ending disk).hdm,0x09BB0E,"舷aﾀｰN腺pﾀ|","[UNTRANSLATED]"
s_009591,Alshark (Ending disk).hdm,0x09BB5D,"占焚ｩAp","[UNTRANSLATED]"
s_009592,Alshark (Ending disk).hdm,0x09C1BF,"蟾PP11鞨","[UNTRANSLATED]"
s_009593,Alshark (Ending disk).hdm,0x09C26F,"栓霖Kﾐ!ﾀ?ﾑ","[UNTRANSLATED]"
s_009595,Alshark (Ending disk).hdm,0x09C3D0,"瑰,禔BWｰp,","[UNTRANSLATED]"
s_009596,Alshark (Ending disk).hdm,0x09CC83,"け髪ｦｯ@ｸｩｰB","[UNTRANSLATED]"
s_009597,Alshark (Ending disk).hdm,0x09D411,"瑩恢ﾌ s@","[UNTRANSLATED]"
s_009598,Alshark (Ending disk).hdm,0x09D4DC,"椀ｪoｼoﾎo瀝ｽ","[UNTRANSLATED]"
s_009599,Alshark (Ending disk).hdm,0x09D503,"順マﾁﾆ!","[UNTRANSLATED]"
s_009600,Alshark (Ending disk).hdm,0x09D86F,"藤?1ｳｱ梁p!","[UNTRANSLATED]"
s_009602,Alshark (Ending disk).hdm,0x09DA3B,"奇AwQ数Q5","[UNTRANSLATED]"
s_009603,Alshark (Ending disk).hdm,0x09E355,"鉅棈7tｶ2","[UNTRANSLATED]"
s_009604,Alshark (Ending disk).hdm,0x09E972,"沒陀ﾟﾏﾇｧ","[UNTRANSLATED]"
s_009605,Alshark (Ending disk).hdm,0x09E9CC,"晨qｹﾒ冀\","[UNTRANSLATED]"
s_009606,Alshark (Ending disk).hdm,0x09F53C,"割あﾟpx","[UNTRANSLATED]"
s_009607,Alshark (Ending disk).hdm,0x09F657,"摺ﾜﾂ 穩","[UNTRANSLATED]"
s_009608,Alshark (Ending disk).hdm,0x09F8DC,"狠ヵ｢Qﾗ","[UNTRANSLATED]"
s_009610,Alshark (Ending disk).hdm,0x09FBBA,"橆登|ｰﾛ","[UNTRANSLATED]"
s_009611,Alshark (Ending disk).hdm,0x09FDAF,"倦褥ﾏ0R","[UNTRANSLATED]"
s_009613,Alshark (Ending disk).hdm,0x0A00E3,"鬆ﾁ凄2= ÷","[UNTRANSLATED]"
s_009614,Alshark (Ending disk).hdm,0x0A0165,"蝗>ﾛｲ_T(ｰ蠑","[UNTRANSLATED]"
s_009615,Alshark (Ending disk).hdm,0x0A01A6,"義ﾆｲｽ瀅b","[UNTRANSLATED]"
s_009616,Alshark (Ending disk).hdm,0x0A0288,"狷ﾍ｢ﾔA瀘","[UNTRANSLATED]"
s_009617,Alshark (Ending disk).hdm,0x0A0295,"瀾ｨィL@","[UNTRANSLATED]"
s_009618,Alshark (Ending disk).hdm,0x0A0368,"蓆ﾈ醒@ｽ ﾅ","[UNTRANSLATED]"
s_009619,Alshark (Ending disk).hdm,0x0A03E3,"違;Ι澳 ㌢","[UNTRANSLATED]"
s_009620,Alshark (Ending disk).hdm,0x0A04B9,"暠ﾘｴdTﾔ儉","[UNTRANSLATED]"
s_009622,Alshark (Ending disk).hdm,0x0A0672,"獸ﾑｹAﾓ@ﾅ簓","[UNTRANSLATED]"
s_009625,Alshark (Ending disk).hdm,0x0A0C7E,"ソ瘤P<ﾖﾍaﾈ","[UNTRANSLATED]"
s_009626,Alshark (Ending disk).hdm,0x0A0D08,"ゲ箔0QR､","[UNTRANSLATED]"
s_009627,Alshark (Ending disk).hdm,0x0A0F57,"矜(-ﾄ隊ｯ","[UNTRANSLATED]"
s_009628,Alshark (Ending disk).hdm,0x0A1014,"描ﾟ漑R｢6ｪ`","[UNTRANSLATED]"
s_009629,Alshark (Ending disk).hdm,0x0A108F,"瓠kﾐ[J疎QB","[UNTRANSLATED]"
s_009630,Alshark (Ending disk).hdm,0x0A1627,"珱ﾏ瑩<4","[UNTRANSLATED]"
s_009631,Alshark (Ending disk).hdm,0x0A185C,"聆/ﾟ'P瀨","[UNTRANSLATED]"
s_009632,Alshark (Ending disk).hdm,0x0A18D6,"狢λ1ﾙ~歛ﾜ2","[UNTRANSLATED]"
s_009635,Alshark (Ending disk).hdm,0x0A1D65,"鉋積ARｿ","[UNTRANSLATED]"
s_009637,Alshark (Ending disk).hdm,0x0A1DF6,"跟ﾜｸp>煩","[UNTRANSLATED]"
s_009638,Alshark (Ending disk).hdm,0x0A20E6,"汝 =`+寝","[UNTRANSLATED]"
s_009640,Alshark (Ending disk).hdm,0x0A24F5,"瑁ｰ璧ﾐﾛ2","[UNTRANSLATED]"
s_009641,Alshark (Ending disk).hdm,0x0A2534,"上ﾝｲa諌","[UNTRANSLATED]"
s_009643,Alshark (Ending disk).hdm,0x0A29A2,"嬉座＝ﾇ6A","[UNTRANSLATED]"
s_009644,Alshark (Ending disk).hdm,0x0A2BB8,"涌ｩOｻH<.`國","[UNTRANSLATED]"
s_009645,Alshark (Ending disk).hdm,0x0A2CE0,"珮{ﾃ絲|","[UNTRANSLATED]"
s_009647,Alshark (Ending disk).hdm,0x0A2E51,"懸8萵ﾓQ","[UNTRANSLATED]"
s_009648,Alshark (Ending disk).hdm,0x0A2E6B,"銓白ﾑSc｣?ｯy","[UNTRANSLATED]"
s_009649,Alshark (Ending disk).hdm,0x0A2EC4,"衵ｬｭ@驍4","[UNTRANSLATED]"
s_009650,Alshark (Ending disk).hdm,0x0A2F25,"綾Pﾀ翠ｺ3","[UNTRANSLATED]"
s_009651,Alshark (Ending disk).hdm,0x0A3106,"烙@0ﾇ軍ｩ","[UNTRANSLATED]"
s_009652,Alshark (Ending disk).hdm,0x0A31D8,"裲ﾔｨ洗ｷ/ﾉ)","[UNTRANSLATED]"
s_009653,Alshark (Ending disk).hdm,0x0A350C,"おB禅ｨT","[UNTRANSLATED]"
s_009654,Alshark (Ending disk).hdm,0x0A35BD,"靱黎z`p=","[UNTRANSLATED]"
s_009655,Alshark (Ending disk).hdm,0x0A35F9,"犢@ｨP兊","[UNTRANSLATED]"
s_009656,Alshark (Ending disk).hdm,0x0A36B7,"畿宇｢D｣E","[UNTRANSLATED]"
s_009657,Alshark (Ending disk).hdm,0x0A371A,"衣壤ｬﾟ5ﾖ[","[UNTRANSLATED]"
s_009658,Alshark (Ending disk).hdm,0x0A38E5,"哺｢U謂U7ｨ","[UNTRANSLATED]"
s_009660,Alshark (Ending disk).hdm,0x0A3CA1,"順γ瑾U0","[UNTRANSLATED]"
s_009663,Alshark (Ending disk).hdm,0x0A3EFB,"聹貽ﾌﾈ^~ｩp","[UNTRANSLATED]"
s_009666,Alshark (Ending disk).hdm,0x0A45AC,"順ﾃｿAhd&*+幤 ｧ","[UNTRANSLATED]"
s_009667,Alshark (Ending disk).hdm,0x0A4642,"畋gﾁ6oﾜム<","[UNTRANSLATED]"
s_009669,Alshark (Ending disk).hdm,0x0A4A9A,"時憔ﾈﾀ?","[UNTRANSLATED]"
s_009670,Alshark (Ending disk).hdm,0x0A4B63,"琿ﾑﾜﾑ彖P","[UNTRANSLATED]"
s_009671,Alshark (Ending disk).hdm,0x0A4C71,"瞶P-Y@ヱ＄ｰq","[UNTRANSLATED]"
s_009672,Alshark (Ending disk).hdm,0x0A4CA6,"耿`6 ﾇｻ毬7","[UNTRANSLATED]"
s_009673,Alshark (Ending disk).hdm,0x0A4CCA,"子ﾘ爰Qua","[UNTRANSLATED]"
s_009674,Alshark (Ending disk).hdm,0x0A4CE0,"慴ﾀp81吹Paｴ","[UNTRANSLATED]"
s_009675,Alshark (Ending disk).hdm,0x0A4D6B,"瑩導(ﾓe","[UNTRANSLATED]"
s_009680,Alshark (Ending disk).hdm,0x0A5F29,"攬ｧ｣ 翆","[UNTRANSLATED]"
s_009681,Alshark (Ending disk).hdm,0x0A6044,"編a編Kｰ","[UNTRANSLATED]"
s_009686,Alshark (Ending disk).hdm,0x0A64AF,"煽ｰ簟R/｡","[UNTRANSLATED]"
s_009687,Alshark (Ending disk).hdm,0x0A64FC,"袤;鞅mpﾎ","[UNTRANSLATED]"
s_009688,Alshark (Ending disk).hdm,0x0A668F,"贍ｶｮmﾜ_ﾛｴｱk@拠","[UNTRANSLATED]"
s_009689,Alshark (Ending disk).hdm,0x0A6789,"渮ﾐﾉ庶ﾀ-b","[UNTRANSLATED]"
s_009690,Alshark (Ending disk).hdm,0x0A6808,"噛｡|ｿ室ﾘﾐA","[UNTRANSLATED]"
s_009695,Alshark (Ending disk).hdm,0x0A6B9D,"専0靃{t","[UNTRANSLATED]"
s_009705,Alshark (Ending disk).hdm,0x0A741B,"販丹>+ｶ>","[UNTRANSLATED]"
s_009706,Alshark (Ending disk).hdm,0x0A74FC,"嶂`/颪ﾍﾏｿ","[UNTRANSLATED]"
s_009707,Alshark (Ending disk).hdm,0x0A75D1,"畋+奏`","[UNTRANSLATED]"
s_009712,Alshark (Ending disk).hdm,0x0A7A69,"徹･OｷOﾉOﾛO棈","[UNTRANSLATED]"
s_009715,Alshark (Ending disk).hdm,0x0A85BC,"煦1ｹ辯P","[UNTRANSLATED]"
s_009717,Alshark (Ending disk).hdm,0x0A878A,"続2逝G'ﾃ!｢ｲ","[UNTRANSLATED]"
s_009718,Alshark (Ending disk).hdm,0x0A8C99,"癲Ppﾆp.ｰﾃ#逎","[UNTRANSLATED]"
s_009721,Alshark (Ending disk).hdm,0x0A8D7B,"梅O3ｹﾐ,s. 笄ｶt","[UNTRANSLATED]"
s_009723,Alshark (Ending disk).hdm,0x0A8E8D,"咩{ｻﾝⅷ甁","[UNTRANSLATED]"
s_009725,Alshark (Ending disk).hdm,0x0A8FE2,"蚫伶dｱｿﾃｻ","[UNTRANSLATED]"
s_009728,Alshark (Ending disk).hdm,0x0A9234,"弔W靭h","[UNTRANSLATED]"
s_009729,Alshark (Ending disk).hdm,0x0A943B,"檗ｧ獎P'?94","[UNTRANSLATED]"
s_009730,Alshark (Ending disk).hdm,0x0A9531,"抖ﾀau凧ﾛﾀ","[UNTRANSLATED]"
s_009731,Alshark (Ending disk).hdm,0x0A982B,"┤ ﾍPﾝﾐﾀζﾙRQ""ｿ紂ｿ丁ｰ","[UNTRANSLATED]"
s_009732,Alshark (Ending disk).hdm,0x0A990D,"奉甲3?ﾏ･","[UNTRANSLATED]"
s_009734,Alshark (Ending disk).hdm,0x0A9C1D,"庵H0爍`","[UNTRANSLATED]"
s_009737,Alshark (Ending disk).hdm,0x0A9EBA,"陟釮ﾙgﾝ","[UNTRANSLATED]"
s_009738,Alshark (Ending disk).hdm,0x0A9EF9,"槢頏p6","[UNTRANSLATED]"
s_009739,Alshark (Ending disk).hdm,0x0A9F5B,"苑r憖0｢`","[UNTRANSLATED]"
s_009741,Alshark (Ending disk).hdm,0x0AAE0A,"繩wrｶ璧4","[UNTRANSLATED]"
s_009742,Alshark (Ending disk).hdm,0x0AAFF1,"垳""B] z窖","[UNTRANSLATED]"
s_009743,Alshark (Ending disk).hdm,0x0AB25F,"纊ﾃｱ彧@>･","[UNTRANSLATED]"
s_009744,Alshark (Ending disk).hdm,0x0AB478,"杼ZX舛+'","[UNTRANSLATED]"
s_009746,Alshark (Ending disk).hdm,0x0ABA4A,"瀾漓｣ﾂﾆﾄ","[UNTRANSLATED]"
s_009748,Alshark (Ending disk).hdm,0x0ABC17,"鉞ﾆﾎﾌ堅","[UNTRANSLATED]"
s_009749,Alshark (Ending disk).hdm,0x0ABC90,"聲毆@Ca","[UNTRANSLATED]"
s_009752,Alshark (Ending disk).hdm,0x0AC0AB,"耐｣ﾌ|kﾐWﾁ賽ﾜ","[UNTRANSLATED]"
s_009753,Alshark (Ending disk).hdm,0x0AC0EA,"庄`蘯ｿｸ8ﾄ","[UNTRANSLATED]"
s_009756,Alshark (Ending disk).hdm,0x0AC45E,"樰｡猊Pﾘﾀﾂﾀ","[UNTRANSLATED]"
s_009757,Alshark (Ending disk).hdm,0x0AC4EB,"鉞{褫-ﾑ","[UNTRANSLATED]"
s_009758,Alshark (Ending disk).hdm,0x0AC65A,"黑ﾘｹ廠baﾅ","[UNTRANSLATED]"
s_009759,Alshark (Ending disk).hdm,0x0AC87D,"煽x8=精""ﾀ","[UNTRANSLATED]"
s_009760,Alshark (Ending disk).hdm,0x0AC904,"璧儚?ﾞ","[UNTRANSLATED]"
s_009761,Alshark (Ending disk).hdm,0x0ACB6C,"歡倹aﾇR","[UNTRANSLATED]"
s_009762,Alshark (Ending disk).hdm,0x0ACD41,"遏莢a K","[UNTRANSLATED]"
s_009764,Alshark (Ending disk).hdm,0x0AD483,"鉞ﾍsﾕ殀","[UNTRANSLATED]"
s_009765,Alshark (Ending disk).hdm,0x0AD4A9,"顕&#2Q鑼~`ﾁyIAﾏ","[UNTRANSLATED]"
s_009768,Alshark (Ending disk).hdm,0x0AD962,"皜ｪu鷂ｺｻUｺ","[UNTRANSLATED]"
s_009769,Alshark (Ending disk).hdm,0x0ADCB8,"藷▽｢怫","[UNTRANSLATED]"
s_009771,Alshark (Ending disk).hdm,0x0ADF11,"碩1痺ﾏ@?","[UNTRANSLATED]"
s_009772,Alshark (Ending disk).hdm,0x0ADFA3,"鋩迷ｵp","[UNTRANSLATED]"
s_009773,Alshark (Ending disk).hdm,0x0AE3F5,"亠p{娠r","[UNTRANSLATED]"
s_009776,Alshark (Ending disk).hdm,0x0AEBA2,"椀ｪoｼoﾎo瀰","[UNTRANSLATED]"
s_009777,Alshark (Ending disk).hdm,0x0AEBDF,"硺*ｷﾋ包kﾀ","[UNTRANSLATED]"
s_009778,Alshark (Ending disk).hdm,0x0AEFE4,"鴛3矧~","[UNTRANSLATED]"
s_009780,Alshark (Ending disk).hdm,0x0AF3B9,"胯毖^""ﾀS","[UNTRANSLATED]"
s_009781,Alshark (Ending disk).hdm,0x0AF5C2,"迷@崑|Rq","[UNTRANSLATED]"
s_009782,Alshark (Ending disk).hdm,0x0AF5E2,"鍾o7ｨﾀ釿ﾅp}","[UNTRANSLATED]"
s_009784,Alshark (Ending disk).hdm,0x0AF776,"瀾8ｿ懈","[UNTRANSLATED]"
s_009786,Alshark (Ending disk).hdm,0x0AFAA1,"魲矣ﾁA@@","[UNTRANSLATED]"
s_009788,Alshark (Ending disk).hdm,0x0AFD1B,"淺畧ptxｺｼ6ﾀｾE","[UNTRANSLATED]"
s_009789,Alshark (Ending disk).hdm,0x0AFE98,"醯Y_k_}_柔｡_ｳ^ﾂ","[UNTRANSLATED]"
s_009792,Alshark (Ending disk).hdm,0x0B0099,"遐ｫUｻﾕ喬ﾗ","[UNTRANSLATED]"
s_009793,Alshark (Ending disk).hdm,0x0B0128,"険椡ｰｯ#｢","[UNTRANSLATED]"
s_009794,Alshark (Ending disk).hdm,0x0B0149,"顱/鸙A7","[UNTRANSLATED]"
s_009795,Alshark (Ending disk).hdm,0x0B0191,"鷯錥ｾﾈ!","[UNTRANSLATED]"
s_009796,Alshark (Ending disk).hdm,0x0B025D,"厮ｫﾏｽﾏ.ﾏ睥","[UNTRANSLATED]"
s_009797,Alshark (Ending disk).hdm,0x0B0281,"靕焄ｮvｻ","[UNTRANSLATED]"
s_009798,Alshark (Ending disk).hdm,0x0B028A,"鷭ｺT*八n/","[UNTRANSLATED]"
s_009799,Alshark (Ending disk).hdm,0x0B02D2,"鵐ﾐｮuEﾕ市ｪE","[UNTRANSLATED]"
s_009800,Alshark (Ending disk).hdm,0x0B04DB,"館ｸﾜr8_矼ﾃv逐","[UNTRANSLATED]"
s_009801,Alshark (Ending disk).hdm,0x0B06A5,"燉赤`ｱ4<","[UNTRANSLATED]"
s_009803,Alshark (Ending disk).hdm,0x0B0895,"晴N深!N","[UNTRANSLATED]"
s_009804,Alshark (Ending disk).hdm,0x0B0A0B,"賊NｬX戦 vﾑ","[UNTRANSLATED]"
s_009805,Alshark (Ending disk).hdm,0x0B0B4B,"坂錮ﾏ0,","[UNTRANSLATED]"
s_009808,Alshark (Ending disk).hdm,0x0B0D89,"亮毬Ujｿ","[UNTRANSLATED]"
s_009810,Alshark (Ending disk).hdm,0x0B148D,"瑩ｵｿ泚","[UNTRANSLATED]"
s_009811,Alshark (Ending disk).hdm,0x0B1937,"狢ﾌ楔\P","[UNTRANSLATED]"
s_009812,Alshark (Ending disk).hdm,0x0B1959,"籍ﾈ7ﾌ蓙ｪT","[UNTRANSLATED]"
s_009813,Alshark (Ending disk).hdm,0x0B1B15,"鮭ﾀ倚A","[UNTRANSLATED]"
s_009814,Alshark (Ending disk).hdm,0x0B1BB2,"菇Rﾀ炸","[UNTRANSLATED]"
s_009817,Alshark (Ending disk).hdm,0x0B1EBE,"糢咩i｡ｪﾕ","[UNTRANSLATED]"
s_009821,Alshark (Ending disk).hdm,0x0B2501,"馨ﾁ<ｿﾑ牆","[UNTRANSLATED]"
s_009822,Alshark (Ending disk).hdm,0x0B251E,"概Ｏ｡杳(","[UNTRANSLATED]"
s_009823,Alshark (Ending disk).hdm,0x0B2559,"崖ﾁｴ_ﾆ_ﾘQｿ脉","[UNTRANSLATED]"
s_009824,Alshark (Ending disk).hdm,0x0B25B6,"碩ｯ墲vｫ","[UNTRANSLATED]"
s_009826,Alshark (Ending disk).hdm,0x0B27F7,"押尢PｿﾏｱFｩ","[UNTRANSLATED]"
s_009827,Alshark (Ending disk).hdm,0x0B2974,"黨rｱa`杳｢","[UNTRANSLATED]"
s_009831,Alshark (Ending disk).hdm,0x0B2B76,"闍ｼ獏ﾑ|","[UNTRANSLATED]"
s_009833,Alshark (Ending disk).hdm,0x0B2BF5,"すU情_ｿ","[UNTRANSLATED]"
s_009834,Alshark (Ending disk).hdm,0x0B2C18,"蛟D QムE","[UNTRANSLATED]"
s_009835,Alshark (Ending disk).hdm,0x0B2DFA,"裃&ﾁ祕1","[UNTRANSLATED]"
s_009836,Alshark (Ending disk).hdm,0x0B3191,"竭ﾕｯﾂ琿","[UNTRANSLATED]"
s_009837,Alshark (Ending disk).hdm,0x0B3306,"鷯ｫ]僉","[UNTRANSLATED]"
s_009838,Alshark (Ending disk).hdm,0x0B33E0,"癲!民ｨｦ","[UNTRANSLATED]"
s_009839,Alshark (Ending disk).hdm,0x0B35A4,"涸xﾀAoﾐ禍","[UNTRANSLATED]"
s_009840,Alshark (Ending disk).hdm,0x0B35DD,"もｼcﾃ食ｰ","[UNTRANSLATED]"
s_009843,Alshark (Ending disk).hdm,0x0B38E6,"摩唖@y0","[UNTRANSLATED]"
s_009844,Alshark (Ending disk).hdm,0x0B3B66,"紹ﾎ0Gｰ啀","[UNTRANSLATED]"
s_009845,Alshark (Ending disk).hdm,0x0B3C16,"鵬ﾜjﾀ娉","[UNTRANSLATED]"
s_009846,Alshark (Ending disk).hdm,0x0B3D3B,"諢qﾝr贒p","[UNTRANSLATED]"
s_009847,Alshark (Ending disk).hdm,0x0B3D75,"従鎖QY0ｱ","[UNTRANSLATED]"
s_009849,Alshark (Ending disk).hdm,0x0B3E46,"論｡Tﾑｴｱ郛","[UNTRANSLATED]"
s_009853,Alshark (Ending disk).hdm,0x0B433C,"酩駿`r｡","[UNTRANSLATED]"
s_009856,Alshark (Ending disk).hdm,0x0B44F2,"簔ﾀ片ﾏ@?","[UNTRANSLATED]"
s_009857,Alshark (Ending disk).hdm,0x0B47EB,"抉ﾛ蕘･ﾀ","[UNTRANSLATED]"
s_009862,Alshark (Ending disk).hdm,0x0B4CEA,"后ﾉPﾊ禺","[UNTRANSLATED]"
s_009867,Alshark (Ending disk).hdm,0x0B5244,"すU訒_ｿ","[UNTRANSLATED]"
s_009868,Alshark (Ending disk).hdm,0x0B5349,"魁｢MP棕ｨKax","[UNTRANSLATED]"
s_009869,Alshark (Ending disk).hdm,0x0B548A,"径ｯ]鸚ｮU","[UNTRANSLATED]"
s_009870,Alshark (Ending disk).hdm,0x0B54B1,"柔<猗\","[UNTRANSLATED]"
s_009871,Alshark (Ending disk).hdm,0x0B560F,"英ﾆAV1註","[UNTRANSLATED]"
s_009872,Alshark (Ending disk).hdm,0x0B5664,"珱8ｩ諏｢","[UNTRANSLATED]"
s_009873,Alshark (Ending disk).hdm,0x0B56C2,"埴0ｫE*襞F","[UNTRANSLATED]"
s_009874,Alshark (Ending disk).hdm,0x0B5785,"擎kﾅｶ戦ﾐﾀ~ｨ","[UNTRANSLATED]"
s_009875,Alshark (Ending disk).hdm,0x0B57EA,"澤ﾒ犯,0","[UNTRANSLATED]"
s_009878,Alshark (Ending disk).hdm,0x0B5BD7,"唱!=G軫","[UNTRANSLATED]"
s_009879,Alshark (Ending disk).hdm,0x0B5CD5,"綸&xﾑ荘BE","[UNTRANSLATED]"
s_009880,Alshark (Ending disk).hdm,0x0B5CE4,"屐ｭ蝋E$","[UNTRANSLATED]"
s_009881,Alshark (Ending disk).hdm,0x0B5D26,"狢ﾌ寨0[","[UNTRANSLATED]"
s_009882,Alshark (Ending disk).hdm,0x0B5D9E,"偈誧q~ﾎ","[UNTRANSLATED]"
s_009883,Alshark (Ending disk).hdm,0x0B612B,"継ﾈ蔬","[UNTRANSLATED]"
s_009884,Alshark (Ending disk).hdm,0x0B62DA,"汝,Sｱ鏗","[UNTRANSLATED]"
s_009885,Alshark (Ending disk).hdm,0x0B63DB,"磚拜at-〓Q","[UNTRANSLATED]"
s_009886,Alshark (Ending disk).hdm,0x0B641B,"狢jｳ穡ﾐ","[UNTRANSLATED]"
s_009887,Alshark (Ending disk).hdm,0x0B647C,"礰｢ﾃ疂ｪUP","[UNTRANSLATED]"
s_009889,Alshark (Ending disk).hdm,0x0B65B2,"庄譲6…ﾂ","[UNTRANSLATED]"
s_009890,Alshark (Ending disk).hdm,0x0B6754,"醫ﾃﾇ儕ﾉﾂ?","[UNTRANSLATED]"
s_009891,Alshark (Ending disk).hdm,0x0B6985,"瘁ﾔGr罌","[UNTRANSLATED]"
s_009892,Alshark (Ending disk).hdm,0x0B69FA,"瀚涖E｢P","[UNTRANSLATED]"
s_009897,Alshark (Ending disk).hdm,0x0B6E9C,"扇ﾗwｮWﾒPﾟ踈ｪ","[UNTRANSLATED]"
s_009903,Alshark (Ending disk).hdm,0x0B8346,"徘&ﾝ宕@","[UNTRANSLATED]"
s_009904,Alshark (Ending disk).hdm,0x0B84A4,"滕 榘ﾕｱ","[UNTRANSLATED]"
s_009905,Alshark (Ending disk).hdm,0x0B84E9,"爍詁ﾑｽ`","[UNTRANSLATED]"
s_009906,Alshark (Ending disk).hdm,0x0B8545,"籍ﾈﾌ蓙.ｱ","[UNTRANSLATED]"
s_009907,Alshark (Ending disk).hdm,0x0B85CF,"淨ﾀ症ﾃ","[UNTRANSLATED]"
s_009909,Alshark (Ending disk).hdm,0x0B870E,"桙$p牽Lnm","[UNTRANSLATED]"
s_009910,Alshark (Ending disk).hdm,0x0B879A,"繼Q0限R","[UNTRANSLATED]"
s_009911,Alshark (Ending disk).hdm,0x0B8853,"傘兇b","[UNTRANSLATED]"
s_009913,Alshark (Ending disk).hdm,0x0B88E8,"腥P牽|e","[UNTRANSLATED]"
s_009915,Alshark (Ending disk).hdm,0x0B89D8,"釟ycx瘻","[UNTRANSLATED]"
s_009916,Alshark (Ending disk).hdm,0x0B8CA9,"鷆＂ｪU隋","[UNTRANSLATED]"
s_009917,Alshark (Ending disk).hdm,0x0B8CED,"籖ﾀﾃﾘPg獰","[UNTRANSLATED]"
s_009918,Alshark (Ending disk).hdm,0x0B8D6E,"埓ﾐJ瀲ﾃﾇ$ﾀ","[UNTRANSLATED]"
s_009921,Alshark (Ending disk).hdm,0x0B8E2F,"瀦ﾍ蚯cｹ[","[UNTRANSLATED]"
s_009923,Alshark (Ending disk).hdm,0x0B8EBD,"篭ｪEQ蕁ｺﾗｺ","[UNTRANSLATED]"
s_009925,Alshark (Ending disk).hdm,0x0B8FE7,"繝ｿ_'ﾓｿ,Z蠶","[UNTRANSLATED]"
s_009928,Alshark (Ending disk).hdm,0x0B9091,"麋ﾕ鍰-｢","[UNTRANSLATED]"
s_009929,Alshark (Ending disk).hdm,0x0B910C,"紕ｫ1q*紜","[UNTRANSLATED]"
s_009930,Alshark (Ending disk).hdm,0x0B92E7,"臼P魁｢<ﾀ","[UNTRANSLATED]"
s_009931,Alshark (Ending disk).hdm,0x0B940A,"迴0臼｡_ﾂ","[UNTRANSLATED]"
s_009932,Alshark (Ending disk).hdm,0x0B94C1,"邂ﾎ礰Qlq","[UNTRANSLATED]"
s_009934,Alshark (Ending disk).hdm,0x0B9BFF,"脯泱""A!","[UNTRANSLATED]"
s_009937,Alshark (Ending disk).hdm,0x0BA252,"奝R{渧~F","[UNTRANSLATED]"
s_009939,Alshark (Ending disk).hdm,0x0BA2C3,"踝懆pｿﾘ","[UNTRANSLATED]"
s_009941,Alshark (Ending disk).hdm,0x0BA513,"症ｶ{鎤","[UNTRANSLATED]"
s_009942,Alshark (Ending disk).hdm,0x0BA554,"珈@ﾀ躋 ﾀ!","[UNTRANSLATED]"
s_009943,Alshark (Ending disk).hdm,0x0BA6C0,"ナ凄QFﾕ6ﾝｿｶﾁ","[UNTRANSLATED]"
s_009944,Alshark (Ending disk).hdm,0x0BA7BC,"謂線ﾋrEp","[UNTRANSLATED]"
s_009947,Alshark (Ending disk).hdm,0x0BA9C7,"鞣可Gma","[UNTRANSLATED]"
s_009951,Alshark (Ending disk).hdm,0x0BB7E5,"炅@ｬQ5p訝Q","[UNTRANSLATED]"
s_009952,Alshark (Ending disk).hdm,0x0BB921,"瓔R艘`Ua","[UNTRANSLATED]"
s_009953,Alshark (Ending disk).hdm,0x0BB975,"皺ｨﾎ犢｢","[UNTRANSLATED]"
s_009954,Alshark (Ending disk).hdm,0x0BBC6A,"園{ﾔ畧a","[UNTRANSLATED]"
s_009955,Alshark (Ending disk).hdm,0x0BBD00,"妃c霻Ja","[UNTRANSLATED]"
s_009957,Alshark (Ending disk).hdm,0x0BBE87,"槧ﾆﾂ戟d`","[UNTRANSLATED]"
s_009958,Alshark (Ending disk).hdm,0x0BC5B5,"難滂ﾋ`ﾘ","[UNTRANSLATED]"
s_009960,Alshark (Ending disk).hdm,0x0BC972,"劬ｿ丕ﾍB","[UNTRANSLATED]"
s_009963,Alshark (Ending disk).hdm,0x0BCCE5,"燾ﾟ絖ﾗｧ;ｯ","[UNTRANSLATED]"
s_009964,Alshark (Ending disk).hdm,0x0BCD09,"拷茅2ﾗR","[UNTRANSLATED]"
s_009967,Alshark (Ending disk).hdm,0x0BD44A,"感｢后^>","[UNTRANSLATED]"
s_009970,Alshark (Ending disk).hdm,0x0BD65F,"楮$@ﾀ1｢冒","[UNTRANSLATED]"
s_009972,Alshark (Ending disk).hdm,0x0BD7EC,"醋ﾋH聰｣","[UNTRANSLATED]"
s_009975,Alshark (Ending disk).hdm,0x0BDAFE,"肉ｿ:牆ｰ","[UNTRANSLATED]"
s_009977,Alshark (Ending disk).hdm,0x0BDCD9,"昉誧ｩ*ｳｩ","[UNTRANSLATED]"
s_009981,Alshark (Ending disk).hdm,0x0BDF17,"捩_w冝ﾕ","[UNTRANSLATED]"
s_009982,Alshark (Ending disk).hdm,0x0BE0A7,"埒ｼ譲ﾜｿ","[UNTRANSLATED]"
s_009983,Alshark (Ending disk).hdm,0x0BE40D,"千託@ﾞｱﾀ","[UNTRANSLATED]"
s_009986,Alshark (Ending disk).hdm,0x0BE81B,"浄ﾝp8艪;ｰ","[UNTRANSLATED]"
s_009987,Alshark (Ending disk).hdm,0x0BE87F,"廊ｲﾙ艝=","[UNTRANSLATED]"
s_009990,Alshark (Ending disk).hdm,0x0BE960,"渤pG艪2","[UNTRANSLATED]"
s_009991,Alshark (Ending disk).hdm,0x0BE9E0,"硴ｰO艪$ｴｴｵ","[UNTRANSLATED]"
s_009992,Alshark (Ending disk).hdm,0x0BEBDA,"設ｰH<`ｬ瑩ｨｰ","[UNTRANSLATED]"
s_009993,Alshark (Ending disk).hdm,0x0BEE11,"隨ﾘｰ蛛ﾘ@","[UNTRANSLATED]"
s_009994,Alshark (Ending disk).hdm,0x0BEE32,"榱袋ｰﾉｰﾟ","[UNTRANSLATED]"
s_009997,Alshark (Ending disk).hdm,0x0BF931,"衛ﾐ｣ｮ只-","[UNTRANSLATED]"
s_009998,Alshark (Ending disk).hdm,0x0BF9DE,"施ﾏ_檳","[UNTRANSLATED]"
s_009999,Alshark (Ending disk).hdm,0x0BFA5E,"醸ｧ犁Pw@","[UNTRANSLATED]"
s_010002,Alshark (Ending disk).hdm,0x0BFE61,"髙ﾌﾇｨP 1整0","[UNTRANSLATED]"
s_010003,Alshark (Ending disk).hdm,0x0BFF62,"煽燁cﾐ","[UNTRANSLATED]"
s_010005,Alshark (Ending disk).hdm,0x0C06BF,"炎嚢p4!","[UNTRANSLATED]"
s_010006,Alshark (Ending disk).hdm,0x0C0967,"橫華\ｲ8`ｫy","[UNTRANSLATED]"
s_010007,Alshark (Ending disk).hdm,0x0C0C0A,"狎ｩｨｧ9謝Q","[UNTRANSLATED]"
s_010008,Alshark (Ending disk).hdm,0x0C0C32,"メﾁ暲`@0","[UNTRANSLATED]"
s_010009,Alshark (Ending disk).hdm,0x0C0FCF,"眞#""氈ｿ","[UNTRANSLATED]"
s_010010,Alshark (Ending disk).hdm,0x0C1069,"炬銷{ﾛw_｡9","[UNTRANSLATED]"
s_010013,Alshark (Ending disk).hdm,0x0C14FD,"狒P蛬nﾁ","[UNTRANSLATED]"
s_010018,Alshark (Ending disk).hdm,0x0C2394,"釶崟xｲ@","[UNTRANSLATED]"
s_010019,Alshark (Ending disk).hdm,0x0C2735,"鉐毯ﾗ""?x","[UNTRANSLATED]"
s_010020,Alshark (Ending disk).hdm,0x0C2A14,"蓚pu請ﾌ","[UNTRANSLATED]"
s_010021,Alshark (Ending disk).hdm,0x0C2A6A,"什ﾙ草.ﾟ@ﾟRﾜ","[UNTRANSLATED]"
s_010023,Alshark (Ending disk).hdm,0x0C2EC8,"毆釋ｷｻｵ0aa_","[UNTRANSLATED]"
s_010024,Alshark (Ending disk).hdm,0x0C2EFC,"劉ﾋﾕ蓚;,","[UNTRANSLATED]"
s_010025,Alshark (Ending disk).hdm,0x0C2FCD,"耨｣gﾟﾇ旅31)","[UNTRANSLATED]"
s_010029,Alshark (Ending disk).hdm,0x0C316D,"家縣ｸ\n","[UNTRANSLATED]"
s_010030,Alshark (Ending disk).hdm,0x0C31A6,"乱ｼWﾒ巾","[UNTRANSLATED]"
s_010031,Alshark (Ending disk).hdm,0x0C34A4,"鐓ﾀ溽ﾍ｣","[UNTRANSLATED]"
s_010034,Alshark (Ending disk).hdm,0x0C39A0,"疏""纈｣","[UNTRANSLATED]"
s_010036,Alshark (Ending disk).hdm,0x0C3B35,"報ﾈ廃EQｬf","[UNTRANSLATED]"
s_010037,Alshark (Ending disk).hdm,0x0C3DA4,"隯0ｷ汳0","[UNTRANSLATED]"
s_010041,Alshark (Ending disk).hdm,0x0C43CB,"袤ｿｮ^>6l\1`ｸ睆P}~n､A","[UNTRANSLATED]"
s_010045,Alshark (Ending disk).hdm,0x0C4B6B,"犇_ﾆ_ﾘ_鷓","[UNTRANSLATED]"
s_010046,Alshark (Ending disk).hdm,0x0C4B8F,"璧J`U排?","[UNTRANSLATED]"
s_010047,Alshark (Ending disk).hdm,0x0C4CE3,"狼*T(準","[UNTRANSLATED]"
s_010048,Alshark (Ending disk).hdm,0x0C507F,"拭=｡{涇","[UNTRANSLATED]"
s_010050,Alshark (Ending disk).hdm,0x0C554D,"籃/｡◯蹉","[UNTRANSLATED]"
s_010051,Alshark (Ending disk).hdm,0x0C55C0,"灣Qzo畦","[UNTRANSLATED]"
s_010054,Alshark (Ending disk).hdm,0x0C5D50,"升ﾏ腹 ﾈr","[UNTRANSLATED]"
s_010055,Alshark (Ending disk).hdm,0x0C5DDC,"瓣>膣l`","[UNTRANSLATED]"
s_010056,Alshark (Ending disk).hdm,0x0C5EE1,"躄ﾑ<｣ﾎ ⅱﾈ`轗@","[UNTRANSLATED]"
s_010057,Alshark (Ending disk).hdm,0x0C63A4,"官惘0ｮｯﾀｧC","[UNTRANSLATED]"
s_010058,Alshark (Ending disk).hdm,0x0C64CC,"雫ﾃ笊*ﾅﾅﾅﾏﾗﾊ","[UNTRANSLATED]"
s_010059,Alshark (Ending disk).hdm,0x0C6574,"瓠PｨD徠{ﾊ","[UNTRANSLATED]"
s_010061,Alshark (Ending disk).hdm,0x0C67C8,"畚真/p&","[UNTRANSLATED]"
s_010062,Alshark (Ending disk).hdm,0x0C68CA,"佞ﾀ請ｾP_","[UNTRANSLATED]"
s_010063,Alshark (Ending disk).hdm,0x0C708C,"絨tX曄m@ﾟﾏ","[UNTRANSLATED]"
s_010064,Alshark (Ending disk).hdm,0x0C72A7,"醫<レrﾎ","[UNTRANSLATED]"
s_010066,Alshark (Ending disk).hdm,0x0C75B8,"泚ｾ`楡|z","[UNTRANSLATED]"
s_010067,Alshark (Ending disk).hdm,0x0C75F0,"渮w幔ﾟ","[UNTRANSLATED]"
s_010068,Alshark (Ending disk).hdm,0x0C78C9,"蓙鉷ﾎ^i","[UNTRANSLATED]"
s_010070,Alshark (Ending disk).hdm,0x0C7A07,"球ﾅﾂﾏ碵8","[UNTRANSLATED]"
s_010071,Alshark (Ending disk).hdm,0x0C7A53,"痊w｢輝MO_F","[UNTRANSLATED]"
s_010074,Alshark (Ending disk).hdm,0x0C7D57,"蕊聶ｭﾁ","[UNTRANSLATED]"
s_010075,Alshark (Ending disk).hdm,0x0C7E32,"擎ﾀﾄｯﾖｯ淋xr","[UNTRANSLATED]"
s_010076,Alshark (Ending disk).hdm,0x0C7E3E,"ⅴ｡ﾗｯo墫涸","[UNTRANSLATED]"
s_010077,Alshark (Ending disk).hdm,0x0C7FB6,"掻+皜ﾗ","[UNTRANSLATED]"
s_010080,Alshark (Ending disk).hdm,0x0C875F,"斟ﾓm.W,わ","[UNTRANSLATED]"
s_010083,Alshark (Ending disk).hdm,0x0C8973,"斟ﾇ縡1ｸ","[UNTRANSLATED]"
s_010084,Alshark (Ending disk).hdm,0x0C8995,"禹!p竭XPm`","[UNTRANSLATED]"
s_010085,Alshark (Ending disk).hdm,0x0C8A25,"怎ｿ錏ｴ｢","[UNTRANSLATED]"
s_010086,Alshark (Ending disk).hdm,0x0C8BA4,"ぴ滷ｶﾁj","[UNTRANSLATED]"
s_010087,Alshark (Ending disk).hdm,0x0C8EF7,"あﾅU*ﾍ崇Q","[UNTRANSLATED]"
s_010088,Alshark (Ending disk).hdm,0x0C9474,"珮ﾁﾃョG","[UNTRANSLATED]"
s_010089,Alshark (Ending disk).hdm,0x0C9AD4,"滾笵{'ﾑ","[UNTRANSLATED]"
s_010090,Alshark (Ending disk).hdm,0x0C9CC0,"蛟$瀬60","[UNTRANSLATED]"
s_010092,Alshark (Ending disk).hdm,0x0CA0EC,"伸a膏|15""/","[UNTRANSLATED]"
s_010095,Alshark (Ending disk).hdm,0x0CA57F,"酒ﾄ賃ﾐA","[UNTRANSLATED]"
s_010096,Alshark (Ending disk).hdm,0x0CA6A3,"椙 璞~","[UNTRANSLATED]"
s_010098,Alshark (Ending disk).hdm,0x0CA887,"懃ｾ渚ﾃf@","[UNTRANSLATED]"
s_010100,Alshark (Ending disk).hdm,0x0CABB0,"笨zlｪq厓ｱ","[UNTRANSLATED]"
s_010101,Alshark (Ending disk).hdm,0x0CABBB,"韲?瑢_ﾟﾞｼﾁ","[UNTRANSLATED]"
s_010102,Alshark (Ending disk).hdm,0x0CB5C7,"缺`ﾑｧら","[UNTRANSLATED]"
s_010104,Alshark (Ending disk).hdm,0x0CB7F4,"叉ｰ証o7","[UNTRANSLATED]"
s_010105,Alshark (Ending disk).hdm,0x0CB96F,"縢ｷ#狠ﾟﾓﾐ","[UNTRANSLATED]"
s_010106,Alshark (Ending disk).hdm,0x0CBA46,"尞h碣ｰ","[UNTRANSLATED]"
s_010107,Alshark (Ending disk).hdm,0x0CBA54,"渮鍄|Kﾐｿ","[UNTRANSLATED]"
s_010108,Alshark (Ending disk).hdm,0x0CBAF4,"症縣ﾇ8]ｮa","[UNTRANSLATED]"
s_010109,Alshark (Ending disk).hdm,0x0CBCCE,"蘖珎ｰB｡","[UNTRANSLATED]"
s_010112,Alshark (Ending disk).hdm,0x0CBDF2,"祕<~纐@","[UNTRANSLATED]"
s_010114,Alshark (Ending disk).hdm,0x0CBEC0,"猾ﾕ･庚'ﾑ","[UNTRANSLATED]"
s_010115,Alshark (Ending disk).hdm,0x0CC248,"盪0ｮ猯ｲ","[UNTRANSLATED]"
s_010116,Alshark (Ending disk).hdm,0x0CC6CC,"嬉ﾕ&J設Qｪ","[UNTRANSLATED]"
s_010118,Alshark (Ending disk).hdm,0x0CC964,"靤gﾁ$瓏ﾓ","[UNTRANSLATED]"
s_010120,Alshark (Ending disk).hdm,0x0CD063,"壟｡6徘I3","[UNTRANSLATED]"
s_010121,Alshark (Ending disk).hdm,0x0CD24E,"竣車!ﾀp","[UNTRANSLATED]"
s_010122,Alshark (Ending disk).hdm,0x0CD332,"叩#ｶqB蒜","[UNTRANSLATED]"
s_010126,Alshark (Ending disk).hdm,0x0CD5EE,"棟CqUv6`ｾ鞨","[UNTRANSLATED]"
s_010127,Alshark (Ending disk).hdm,0x0CD841,"終^Eｶa織3","[UNTRANSLATED]"
s_010129,Alshark (Ending disk).hdm,0x0CDF47,"璧徹""O4OﾖFG","[UNTRANSLATED]"
s_010130,Alshark (Ending disk).hdm,0x0CE6EB,"消`席x≪","[UNTRANSLATED]"
s_010131,Alshark (Ending disk).hdm,0x0CE716,"焚ｾpppA醒","[UNTRANSLATED]"
s_010132,Alshark (Ending disk).hdm,0x0CE9DF,"鉈礼~ﾁ>と","[UNTRANSLATED]"
s_010134,Alshark (Ending disk).hdm,0x0CEAD2,"炙ﾆﾕq達N","[UNTRANSLATED]"
s_010135,Alshark (Ending disk).hdm,0x0CEAFE,"捉ｱd犾Ya","[UNTRANSLATED]"
s_010136,Alshark (Ending disk).hdm,0x0CEB42,"捜j態2","[UNTRANSLATED]"
s_010139,Alshark (Ending disk).hdm,0x0CED96,"爭｡蠶a","[UNTRANSLATED]"
s_010140,Alshark (Ending disk).hdm,0x0CEDF8,"殖ﾀBa@f佳","[UNTRANSLATED]"
s_010142,Alshark (Ending disk).hdm,0x0CF83C,"迪ﾀ碆I","[UNTRANSLATED]"
s_010143,Alshark (Ending disk).hdm,0x0D05E1,"燼ｱeﾒ腹v!ﾎR","[UNTRANSLATED]"
s_010144,Alshark (Ending disk).hdm,0x0D06D9,"衆o憑ﾃﾟ","[UNTRANSLATED]"
s_010145,Alshark (Ending disk).hdm,0x0D0710,"情裄ﾋAj｣･Pa","[UNTRANSLATED]"
s_010146,Alshark (Ending disk).hdm,0x0D081D,"擴`ｰﾘhｬｴﾔ鑄H","[UNTRANSLATED]"
s_010147,Alshark (Ending disk).hdm,0x0D08D9,"獻@f｢默","[UNTRANSLATED]"
s_010148,Alshark (Ending disk).hdm,0x0D0946,"簸ﾁ%,qﾀﾍ/ﾟ!lｰ吭ﾘ","[UNTRANSLATED]"
s_010151,Alshark (Ending disk).hdm,0x0D0B73,"瑩rbｫ靭!d0","[UNTRANSLATED]"
s_010152,Alshark (Ending disk).hdm,0x0D0C5E,"砌瑁uub","[UNTRANSLATED]"
s_010154,Alshark (Ending disk).hdm,0x0D0E0E,"紫堅8I pﾀﾞ@","[UNTRANSLATED]"
s_010155,Alshark (Ending disk).hdm,0x0D103B,"蘗楕ﾖt@","[UNTRANSLATED]"
s_010156,Alshark (Ending disk).hdm,0x0D10C9,"惶樵ﾕ>x_","[UNTRANSLATED]"
s_010157,Alshark (Ending disk).hdm,0x0D14AB,"粛ﾘｸpr､消","[UNTRANSLATED]"
s_010158,Alshark (Ending disk).hdm,0x0D14C8,"ァzaﾐ味tb*q","[UNTRANSLATED]"
s_010160,Alshark (Ending disk).hdm,0x0D1628,"貅静ﾑｱ∃=","[UNTRANSLATED]"
s_010161,Alshark (Ending disk).hdm,0x0D1668,"釶ｾ}梦","[UNTRANSLATED]"
s_010162,Alshark (Ending disk).hdm,0x0D18EE,"朽聰ｰﾐ","[UNTRANSLATED]"
s_010163,Alshark (Ending disk).hdm,0x0D1971,"説5p`佳+<p","[UNTRANSLATED]"
s_010164,Alshark (Ending disk).hdm,0x0D1A8A,"垂ﾐ偏0","[UNTRANSLATED]"
s_010167,Alshark (Ending disk).hdm,0x0D1EA7,"轢ﾀ@4諏A","[UNTRANSLATED]"
s_010168,Alshark (Ending disk).hdm,0x0D2004,"獏炒4kﾁ?","[UNTRANSLATED]"
s_010169,Alshark (Ending disk).hdm,0x0D20B9,"璢髙{ｽﾁ","[UNTRANSLATED]"
s_010172,Alshark (Ending disk).hdm,0x0D2464,"均斫ｯﾏﾁﾏﾓﾆ","[UNTRANSLATED]"
s_010173,Alshark (Ending disk).hdm,0x0D2513,"瞻0:癡q","[UNTRANSLATED]"
s_010174,Alshark (Ending disk).hdm,0x0D2E72,"邸炫Ir0 ?","[UNTRANSLATED]"
s_010176,Alshark (Ending disk).hdm,0x0D3236,"猴ﾆ訓gｲ+ﾛﾇｳ","[UNTRANSLATED]"
s_010177,Alshark (Ending disk).hdm,0x0D3535,"湾lQBc0#`3aﾀ璞8ﾞ'<`","[UNTRANSLATED]"
s_010178,Alshark (Ending disk).hdm,0x0D35E7,"偵ﾜ顗{fpｿ","[UNTRANSLATED]"
s_010180,Alshark (Ending disk).hdm,0x0D384D,"瀰/睛aQGsM\ﾙﾃQ","[UNTRANSLATED]"
s_010182,Alshark (Ending disk).hdm,0x0D3A10,"蕘籐ﾀoﾉ","[UNTRANSLATED]"
s_010186,Alshark (Ending disk).hdm,0x0D3D24,"鯣琺ﾊ?ﾁjﾟH@","[UNTRANSLATED]"
s_010187,Alshark (Ending disk).hdm,0x0D3D58,"鶉1触ﾜ7Oﾓ","[UNTRANSLATED]"
s_010188,Alshark (Ending disk).hdm,0x0D3DC2,"簍任0ﾛA","[UNTRANSLATED]"
s_010189,Alshark (Ending disk).hdm,0x0D3FEF,"心b/冀","[UNTRANSLATED]"
s_010190,Alshark (Ending disk).hdm,0x0D40CF,"狷臣(ｮ0","[UNTRANSLATED]"
s_010191,Alshark (Ending disk).hdm,0x0D411A,"碼$&2糘%","[UNTRANSLATED]"
s_010192,Alshark (Ending disk).hdm,0x0D4318,"薰.b@ﾐQ将q","[UNTRANSLATED]"
s_010197,Alshark (Ending disk).hdm,0x0D481C,"浣c`燔j","[UNTRANSLATED]"
s_010198,Alshark (Ending disk).hdm,0x0D48A9,"勝修@Wpq","[UNTRANSLATED]"
s_010199,Alshark (Ending disk).hdm,0x0D48E0,"媛ｶ肚2A","[UNTRANSLATED]"
s_010200,Alshark (Ending disk).hdm,0x0D49F2,"丱p斧3`","[UNTRANSLATED]"
s_010202,Alshark (Ending disk).hdm,0x0D4CEE,"酖x~=畆","[UNTRANSLATED]"
s_010203,Alshark (Ending disk).hdm,0x0D4D9C,"映ﾟ<0釘","[UNTRANSLATED]"
s_010204,Alshark (Ending disk).hdm,0x0D4E36,"燐脩ﾇ!x","[UNTRANSLATED]"
s_010205,Alshark (Ending disk).hdm,0x0D4EB5,"罰`{p`莖","[UNTRANSLATED]"
s_010208,Alshark (Ending disk).hdm,0x0D4FFE,"瀰/淪ﾞｿ","[UNTRANSLATED]"
s_010211,Alshark (Ending disk).hdm,0x0D51C6,"檜ｰ6xA銧","[UNTRANSLATED]"
s_010215,Alshark (Ending disk).hdm,0x0D5398,"灣障R","[UNTRANSLATED]"
s_010216,Alshark (Ending disk).hdm,0x0D540A,"燬2c0灌ﾓ","[UNTRANSLATED]"
s_010217,Alshark (Ending disk).hdm,0x0D547B,"蔡4痞pq#","[UNTRANSLATED]"
s_010218,Alshark (Ending disk).hdm,0x0D54E0,"曩!{庖","[UNTRANSLATED]"
s_010219,Alshark (Ending disk).hdm,0x0D55F1,"渤銛ｪ`A","[UNTRANSLATED]"
s_010220,Alshark (Ending disk).hdm,0x0D5610,"雪p継ﾘﾐｽ","[UNTRANSLATED]"
s_010221,Alshark (Ending disk).hdm,0x0D56F1,"珈ﾁ溂_｡ﾜp","[UNTRANSLATED]"
s_010222,Alshark (Ending disk).hdm,0x0D6BCB,"涸_?ｯﾇﾁ廃","[UNTRANSLATED]"
s_010225,Alshark (Ending disk).hdm,0x0D712A,"覬)ﾐ`ﾀｬホｲ""","[UNTRANSLATED]"
s_010228,Alshark (Ending disk).hdm,0x0D78A0,"金z戚p:`","[UNTRANSLATED]"
s_010229,Alshark (Ending disk).hdm,0x0D791A,"箚p昵T@","[UNTRANSLATED]"
s_010230,Alshark (Ending disk).hdm,0x0D7941,"禾jﾁ贊ｫ","[UNTRANSLATED]"
s_010232,Alshark (Ending disk).hdm,0x0D7C6C,"鏗菻[ﾁ","[UNTRANSLATED]"
s_010234,Alshark (Ending disk).hdm,0x0D807F,"癡s 肋1,","[UNTRANSLATED]"
s_010235,Alshark (Ending disk).hdm,0x0D82D5,"惘80`澣","[UNTRANSLATED]"
s_010236,Alshark (Ending disk).hdm,0x0D837E,"烝ﾟ節｢ﾟｴﾟﾆﾖ","[UNTRANSLATED]"
s_010237,Alshark (Ending disk).hdm,0x0D84AA,"狠!Pﾙ｢^瑪","[UNTRANSLATED]"
s_010238,Alshark (Ending disk).hdm,0x0D8516,"燎gﾟｽｿ醒","[UNTRANSLATED]"
s_010240,Alshark (Ending disk).hdm,0x0D85B9,"я^ﾀ臼恆","[UNTRANSLATED]"
s_010242,Alshark (Ending disk).hdm,0x0D895A,"積ﾓM穿R","[UNTRANSLATED]"
s_010243,Alshark (Ending disk).hdm,0x0D8AC1,"烙9p愴A","[UNTRANSLATED]"
s_010244,Alshark (Ending disk).hdm,0x0D8B44,"滂丐ﾇﾀﾑ","[UNTRANSLATED]"
s_010245,Alshark (Ending disk).hdm,0x0D8B77,"吼,p(%韆@","[UNTRANSLATED]"
s_010246,Alshark (Ending disk).hdm,0x0D8C2B,"泯ﾁ煌aｾ","[UNTRANSLATED]"
s_010247,Alshark (Ending disk).hdm,0x0D8DBF,"燵ﾟｯﾝｧ軏ﾛ","[UNTRANSLATED]"
s_010250,Alshark (Ending disk).hdm,0x0D8F4B,"擎x珈`ﾕ","[UNTRANSLATED]"
s_010252,Alshark (Ending disk).hdm,0x0D9304,"滋<x(縹","[UNTRANSLATED]"
s_010253,Alshark (Ending disk).hdm,0x0D933B,"聳｢ｺ煽(≡","[UNTRANSLATED]"
s_010254,Alshark (Ending disk).hdm,0x0D954C,"渉ｯﾔｯ豈!ﾏa","[UNTRANSLATED]"
s_010255,Alshark (Ending disk).hdm,0x0D95B8,"峵]ｳ簽ﾐ","[UNTRANSLATED]"
s_010256,Alshark (Ending disk).hdm,0x0D9615,"デB頒m@0","[UNTRANSLATED]"
s_010261,Alshark (Ending disk).hdm,0x0D991A,"助1g双ﾑﾜｷ","[UNTRANSLATED]"
s_010262,Alshark (Ending disk).hdm,0x0D998A,"俚8xﾋ瓊","[UNTRANSLATED]"
s_010263,Alshark (Ending disk).hdm,0x0D9A13,"峻倚ﾌsq8","[UNTRANSLATED]"
s_010264,Alshark (Ending disk).hdm,0x0DA568,"舶?叟U_>","[UNTRANSLATED]"
s_010265,Alshark (Ending disk).hdm,0x0DA669,"璧pﾐP専;P","[UNTRANSLATED]"
s_010266,Alshark (Ending disk).hdm,0x0DA723,"灯hPｵ"";〒嵋","[UNTRANSLATED]"
s_010268,Alshark (Ending disk).hdm,0x0DA8AC,"冀`牴0ﾛA","[UNTRANSLATED]"
s_010271,Alshark (Ending disk).hdm,0x0DAC2D,"鹹H( 貰","[UNTRANSLATED]"
s_010272,Alshark (Ending disk).hdm,0x0DADB8,"糖ﾂ|ｰ濮","[UNTRANSLATED]"
s_010273,Alshark (Ending disk).hdm,0x0DAED2,"受侯ﾄQc`Arｼﾃ","[UNTRANSLATED]"
s_010274,Alshark (Ending disk).hdm,0x0DAF86,"靖〝鋗繋ﾏ","[UNTRANSLATED]"
s_010275,Alshark (Ending disk).hdm,0x0DB55A,"粋O唹ｬOp","[UNTRANSLATED]"
s_010276,Alshark (Ending disk).hdm,0x0DB752,"武ｼ溌ｿ{2","[UNTRANSLATED]"
s_010277,Alshark (Ending disk).hdm,0x0DBB2F,"焜淒ﾖfﾟ","[UNTRANSLATED]"
s_010278,Alshark (Ending disk).hdm,0x0DBBD5,"谿ｱaｿ｣*ﾑq壽","[UNTRANSLATED]"
s_010279,Alshark (Ending disk).hdm,0x0DBC27,"揮ｴ@戝","[UNTRANSLATED]"
s_010280,Alshark (Ending disk).hdm,0x0DBDA4,"蠱乍｢,r","[UNTRANSLATED]"
s_010281,Alshark (Ending disk).hdm,0x0DBDEE,"狄P跼&Tｱ","[UNTRANSLATED]"
s_010282,Alshark (Ending disk).hdm,0x0DBFAE,"滝ﾏ禛""&ﾝ","[UNTRANSLATED]"
s_010284,Alshark (Ending disk).hdm,0x0DC0C7,"╋諺mｵ部｣ﾀ8ｾ","[UNTRANSLATED]"
s_010285,Alshark (Ending disk).hdm,0x0DC164,"易ﾑQG畷","[UNTRANSLATED]"
s_010287,Alshark (Ending disk).hdm,0x0DC19F,"皎ヵ`[ｾg","[UNTRANSLATED]"
s_010288,Alshark (Ending disk).hdm,0x0DC4BA,"帳`むu8","[UNTRANSLATED]"
s_010289,Alshark (Ending disk).hdm,0x0DC4C8,"淑ﾂ畴〆Aﾞupｦw","[UNTRANSLATED]"
s_010290,Alshark (Ending disk).hdm,0x0DC4FA,"也ﾑQ埼@G","[UNTRANSLATED]"
s_010291,Alshark (Ending disk).hdm,0x0DC53C,"燎oﾚ檸ｦ","[UNTRANSLATED]"
s_010292,Alshark (Ending disk).hdm,0x0DC561,"艮浣ｱｯ､","[UNTRANSLATED]"
s_010293,Alshark (Ending disk).hdm,0x0DC598,"栖}ｿ樵p｡ｿ､","[UNTRANSLATED]"
s_010294,Alshark (Ending disk).hdm,0x0DC88A,"魵8ﾈ税R","[UNTRANSLATED]"
s_010295,Alshark (Ending disk).hdm,0x0DCB08,"枚 ;Pp2ｵ女","[UNTRANSLATED]"
s_010296,Alshark (Ending disk).hdm,0x0DCB97,"ァ昧ｰﾓUｩｾ`?ﾒ","[UNTRANSLATED]"
s_010298,Alshark (Ending disk).hdm,0x0DCC93,"霜ﾔ`｢ﾟE愠ﾙ","[UNTRANSLATED]"
s_010299,Alshark (Ending disk).hdm,0x0DCCA7,"鞜羡_0M0","[UNTRANSLATED]"
s_010302,Alshark (Ending disk).hdm,0x0DCE08,"Ε!ｭ掻)站#","[UNTRANSLATED]"
s_010303,Alshark (Ending disk).hdm,0x0DCE17,"帯#ﾝ掻#","[UNTRANSLATED]"
s_010304,Alshark (Ending disk).hdm,0x0DCEEB,"牋AﾒO膂","[UNTRANSLATED]"
s_010306,Alshark (Ending disk).hdm,0x0DCFCE,"件囂X ｩ=.","[UNTRANSLATED]"
s_010307,Alshark (Ending disk).hdm,0x0DD010,"掟 貘?ｯﾑﾁ;`","[UNTRANSLATED]"
s_010308,Alshark (Ending disk).hdm,0x0DD031,"惘sﾓﾏｯﾆｯ偬","[UNTRANSLATED]"
s_010309,Alshark (Ending disk).hdm,0x0DD07E,"糴ﾐY糂+ﾀﾆ","[UNTRANSLATED]"
s_010311,Alshark (Ending disk).hdm,0x0DD12B,"糶aｹｨ41ﾑEﾀﾀ蕩","[UNTRANSLATED]"
s_010313,Alshark (Ending disk).hdm,0x0DD553,"フﾃ騰v","[UNTRANSLATED]"
s_010314,Alshark (Ending disk).hdm,0x0DD58F,"卅ｫｿｽｿﾏｿ眩","[UNTRANSLATED]"
s_010315,Alshark (Ending disk).hdm,0x0DD5BC,"筅@ﾏUﾎ爬pﾏ","[UNTRANSLATED]"
s_010316,Alshark (Ending disk).hdm,0x0DD683,"眤H蟇\oﾓ; <","[UNTRANSLATED]"
s_010317,Alshark (Ending disk).hdm,0x0DD73F,"瞎ﾌ`Xc贇","[UNTRANSLATED]"
s_010318,Alshark (Ending disk).hdm,0x0DD7B7,"燼｢H瘡?F","[UNTRANSLATED]"
s_010320,Alshark (Ending disk).hdm,0x0DDB22,"萵諺Fﾞｮ","[UNTRANSLATED]"
s_010321,Alshark (Ending disk).hdm,0x0DDB2D,"二B逝ｼｸ","[UNTRANSLATED]"
s_010322,Alshark (Ending disk).hdm,0x0DDFF0,"げｴRM歙","[UNTRANSLATED]"
s_010323,Alshark (Ending disk).hdm,0x0DE07B,"坐涸ｱｿ3ﾈu","[UNTRANSLATED]"
s_010326,Alshark (Ending disk).hdm,0x0DE282,"丹､OｶOJsﾍuｶ瘢P","[UNTRANSLATED]"
s_010328,Alshark (Ending disk).hdm,0x0DE31B,"縺b03端oｽ","[UNTRANSLATED]"
s_010330,Alshark (Ending disk).hdm,0x0DE663,"泛､i~g腔pcEiJ3\J?#ｹﾀ","[UNTRANSLATED]"
s_010331,Alshark (Ending disk).hdm,0x0DE78F,"頻ﾁ]淹Ｓ","[UNTRANSLATED]"
s_010332,Alshark (Ending disk).hdm,0x0DE885,"繊mﾟ/ﾏ泰","[UNTRANSLATED]"
s_010334,Alshark (Ending disk).hdm,0x0DE996,"蚫$aし/","[UNTRANSLATED]"
s_010335,Alshark (Ending disk).hdm,0x0DEF5C,"佩\ｮ鈬S","[UNTRANSLATED]"
s_010336,Alshark (Ending disk).hdm,0x0DEF76,"嬾ｷ=/媽","[UNTRANSLATED]"
s_010338,Alshark (Ending disk).hdm,0x0DF2A4,"話,ﾕ派ｭ","[UNTRANSLATED]"
s_010339,Alshark (Ending disk).hdm,0x0DF2AD,"惑hﾔ丐p","[UNTRANSLATED]"
s_010343,Alshark (Ending disk).hdm,0x0DF887,"杷i俟hｨ","[UNTRANSLATED]"
s_010344,Alshark (Ending disk).hdm,0x0DF8AC,"簽y險v","[UNTRANSLATED]"
s_010345,Alshark (Ending disk).hdm,0x0DFA3D,"塙Km掫ｫｺ","[UNTRANSLATED]"
s_010348,Alshark (Ending disk).hdm,0x0DFCA7,"嬶ﾕｶk幔","[UNTRANSLATED]"
s_010349,Alshark (Ending disk).hdm,0x0DFD2B,"醒c=烙}","[UNTRANSLATED]"
s_010352,Alshark (Ending disk).hdm,0x0DFF70,"毘#磽q`","[UNTRANSLATED]"
s_010353,Alshark (Ending disk).hdm,0x0DFFE5,"渹ﾜﾙ誉;","[UNTRANSLATED]"
s_010356,Alshark (Ending disk).hdm,0x0E0191,"燿気POU∩","[UNTRANSLATED]"
s_010362,Alshark (Ending disk).hdm,0x0E0DB0,"屎粧ﾊﾇ⑦","[UNTRANSLATED]"
s_010363,Alshark (Ending disk).hdm,0x0E0E35,"貔･Yjｦ囘","[UNTRANSLATED]"
s_010365,Alshark (Ending disk).hdm,0x0E0FCF,"釛ｿ觴mｲﾝ","[UNTRANSLATED]"
s_010367,Alshark (Ending disk).hdm,0x0E10A5,"副ﾊﾍ踟ﾑVｭｷﾛ_","[UNTRANSLATED]"
s_010368,Alshark (Ending disk).hdm,0x0E1657,"躰P柔R","[UNTRANSLATED]"
s_010370,Alshark (Ending disk).hdm,0x0E183B,"翡eﾂFEべﾂ","[UNTRANSLATED]"
s_010371,Alshark (Ending disk).hdm,0x0E1891,"晤j泊(","[UNTRANSLATED]"
s_010377,Alshark (Ending disk).hdm,0x0E1F34,"狢∠ﾎｿ3夘/","[UNTRANSLATED]"
s_010378,Alshark (Ending disk).hdm,0x0E2120,"鷓ｶ鷓ﾖｫm","[UNTRANSLATED]"
s_010381,Alshark (Ending disk).hdm,0x0E26FA,"用N瘟ﾀｻ","[UNTRANSLATED]"
s_010382,Alshark (Ending disk).hdm,0x0E27FC,"勧$F等D$","[UNTRANSLATED]"
s_010383,Alshark (Ending disk).hdm,0x0E2821,"儂f3ｹ佩","[UNTRANSLATED]"
s_010385,Alshark (Ending disk).hdm,0x0E2C24,"榊凖ﾆｦ@","[UNTRANSLATED]"
s_010388,Alshark (Ending disk).hdm,0x0E2E5A,"騙杆ﾏｳ","[UNTRANSLATED]"
s_010389,Alshark (Ending disk).hdm,0x0E2FCC,"掩祺X､d","[UNTRANSLATED]"
s_010391,Alshark (Ending disk).hdm,0x0E30B0,"彪+ｩNv冦","[UNTRANSLATED]"
s_010392,Alshark (Ending disk).hdm,0x0E32B3,"将Ie巴ﾒ0","[UNTRANSLATED]"
s_010393,Alshark (Ending disk).hdm,0x0E34E7,"篁德y`","[UNTRANSLATED]"
s_010394,Alshark (Ending disk).hdm,0x0E3512,"矣ﾀ?=ｯ酊g","[UNTRANSLATED]"
s_010395,Alshark (Ending disk).hdm,0x0E3836,"覇ｩKT蜂","[UNTRANSLATED]"
s_010396,Alshark (Ending disk).hdm,0x0E383F,"剖)ｪ俵ﾒ","[UNTRANSLATED]"
s_010397,Alshark (Ending disk).hdm,0x0E3A5E,"筏LU闘SZ","[UNTRANSLATED]"
s_010398,Alshark (Ending disk).hdm,0x0E3BA5,"倞ｶ鷦Lｳｬ","[UNTRANSLATED]"
s_010399,Alshark (Ending disk).hdm,0x0E3CAF,"伝+鋓@Y n+`","[UNTRANSLATED]"
s_010400,Alshark (Ending disk).hdm,0x0E3D3F,"碧l&炭ﾍ%","[UNTRANSLATED]"
s_010401,Alshark (Ending disk).hdm,0x0E3DA6,"浜j壷&J","[UNTRANSLATED]"
s_010403,Alshark (Ending disk).hdm,0x0E402A,"漲>o舍da","[UNTRANSLATED]"
s_010406,Alshark (Ending disk).hdm,0x0E4105,"典-｣\隆ﾝ","[UNTRANSLATED]"
s_010408,Alshark (Ending disk).hdm,0x0E44FE,"昮[暙ﾖ{ｽ","[UNTRANSLATED]"
s_010410,Alshark (Ending disk).hdm,0x0E459F,"酥11珀ｻ","[UNTRANSLATED]"
s_010413,Alshark (Ending disk).hdm,0x0E47F1,"皞0ヱqﾐ","[UNTRANSLATED]"
s_010414,Alshark (Ending disk).hdm,0x0E4A49,"咊IK7ﾖ釈^ｾ|","[UNTRANSLATED]"
s_010418,Alshark (Ending disk).hdm,0x0E4D76,"彅r胡ｩ*","[UNTRANSLATED]"
s_010420,Alshark (Ending disk).hdm,0x0E4E8F,"摯ﾀt)dｲ慫","[UNTRANSLATED]"
s_010421,Alshark (Ending disk).hdm,0x0E4FE2,"呻ｿｹ;ｻ威}","[UNTRANSLATED]"
s_010422,Alshark (Ending disk).hdm,0x0E50A2,"謡_昀sO","[UNTRANSLATED]"
s_010423,Alshark (Ending disk).hdm,0x0E5116,"漾!ﾐ8グ","[UNTRANSLATED]"
s_010424,Alshark (Ending disk).hdm,0x0E5153,"耨rｩ饐ｴｲ","[UNTRANSLATED]"
s_010425,Alshark (Ending disk).hdm,0x0E516E,"破I&ﾓ囘V","[UNTRANSLATED]"
s_010426,Alshark (Ending disk).hdm,0x0E5193,"啼U嗚Uﾕｪ","[UNTRANSLATED]"
s_010427,Alshark (Ending disk).hdm,0x0E53BE,"價j闘IR*","[UNTRANSLATED]"
s_010428,Alshark (Ending disk).hdm,0x0E5410,"鰌N8ﾓf罪","[UNTRANSLATED]"
s_010429,Alshark (Ending disk).hdm,0x0E5597,"尢dOﾕ猤ﾋxB","[UNTRANSLATED]"
s_010430,Alshark (Ending disk).hdm,0x0E5641,"帰ﾃ憇?","[UNTRANSLATED]"
s_010431,Alshark (Ending disk).hdm,0x0E5654,"炭f粘j-","[UNTRANSLATED]"
s_010432,Alshark (Ending disk).hdm,0x0E570A,"妍[貨M[","[UNTRANSLATED]"
s_010434,Alshark (Ending disk).hdm,0x0E573A,"狸L5･逧ﾖ,<`","[UNTRANSLATED]"
s_010437,Alshark (Ending disk).hdm,0x0E594D,"幔v[墻m","[UNTRANSLATED]"
s_010438,Alshark (Ending disk).hdm,0x0E595F,"錬l職1ﾊ","[UNTRANSLATED]"
s_010440,Alshark (Ending disk).hdm,0x0E59CB,"圓-椿-ｪ","[UNTRANSLATED]"
s_010443,Alshark (Ending disk).hdm,0x0E5DEC,"噂cｩV坏","[UNTRANSLATED]"
s_010444,Alshark (Ending disk).hdm,0x0E5DF5,"沸H5R嚇o","[UNTRANSLATED]"
s_010445,Alshark (Ending disk).hdm,0x0E5EB5,"垠-RZ勧","[UNTRANSLATED]"
s_010447,Alshark (Ending disk).hdm,0x0E5F7F,"彪)ｨ旦B","[UNTRANSLATED]"
s_010451,Alshark (Ending disk).hdm,0x0E6392,"夫s4ﾟ&g<藏ｱ4eu","[UNTRANSLATED]"
s_010454,Alshark (Ending disk).hdm,0x0E66E7,"摩 h呎P","[UNTRANSLATED]"
s_010456,Alshark (Ending disk).hdm,0x0E691C,"岷g濤^_","[UNTRANSLATED]"
s_010457,Alshark (Ending disk).hdm,0x0E6925,"毬濤o~ｷ","[UNTRANSLATED]"
s_010461,Alshark (Ending disk).hdm,0x0E6CD1,"縢u瓔ｿﾟ","[UNTRANSLATED]"
s_010465,Alshark (Ending disk).hdm,0x0E6EC6,"籵ﾀ""娜dﾐ","[UNTRANSLATED]"
s_010468,Alshark (Ending disk).hdm,0x0E738A,"珮ﾃウC","[UNTRANSLATED]"
s_010469,Alshark (Ending disk).hdm,0x0E73A0,"醸ﾀ桝ｵ""","[UNTRANSLATED]"
s_010470,Alshark (Ending disk).hdm,0x0E73D4,"塑DB(櫑","[UNTRANSLATED]"
s_010473,Alshark (Ending disk).hdm,0x0E745E,"粭@畏ｳ$ﾖ｢J","[UNTRANSLATED]"
s_010474,Alshark (Ending disk).hdm,0x0E752A,"匤ﾛｶ涇u","[UNTRANSLATED]"
s_010475,Alshark (Ending disk).hdm,0x0E7532,"罇ｽﾞ鄂{ﾚ","[UNTRANSLATED]"
s_010476,Alshark (Ending disk).hdm,0x0E76B5,"幟vﾛｻ諳ﾗ","[UNTRANSLATED]"
s_010478,Alshark (Ending disk).hdm,0x0E77DC,"尻$丁ET","[UNTRANSLATED]"
s_010480,Alshark (Ending disk).hdm,0x0E7A2A,"擂6Z況V","[UNTRANSLATED]"
s_010483,Alshark (Ending disk).hdm,0x0E7CBA,"喨M貌Y&","[UNTRANSLATED]"
s_010484,Alshark (Ending disk).hdm,0x0E7D01,"憫ｿ賺ﾐ@","[UNTRANSLATED]"
s_010486,Alshark (Ending disk).hdm,0x0E7E0D,"椢^ﾏｯ鈐","[UNTRANSLATED]"
s_010487,Alshark (Ending disk).hdm,0x0E7EBC,"斃u否f5","[UNTRANSLATED]"
s_010489,Alshark (Ending disk).hdm,0x0E7F5F,"耶ｿT Op濮ﾜ","[UNTRANSLATED]"
s_010490,Alshark (Ending disk).hdm,0x0E7FD1,"ゴ詔>ﾀ@ﾟ_","[UNTRANSLATED]"
s_010491,Alshark (Ending disk).hdm,0x0E8125,"庵牴ﾘ|＇","[UNTRANSLATED]"
s_010495,Alshark (Ending disk).hdm,0x0E8511,"桐ﾑｫ,詆｢ﾝn･｡","[UNTRANSLATED]"
s_010497,Alshark (Ending disk).hdm,0x0E88CF,"盛｡tﾐu顥Q","[UNTRANSLATED]"
s_010498,Alshark (Ending disk).hdm,0x0E8912,"食lﾂ臺ﾐ､","[UNTRANSLATED]"
s_010499,Alshark (Ending disk).hdm,0x0E8989,"畴ﾛｻﾍvｶ沆","[UNTRANSLATED]"
s_010502,Alshark (Ending disk).hdm,0x0E8C50,"邱嬌ｹ/ﾋ(","[UNTRANSLATED]"
s_010506,Alshark (Ending disk).hdm,0x0E8EC3,"停饂ｲﾞ{","[UNTRANSLATED]"
s_010508,Alshark (Ending disk).hdm,0x0E9034,"岔-ｲ屶ｴ","[UNTRANSLATED]"
s_010509,Alshark (Ending disk).hdm,0x0E908E,"毀2嵶2Z","[UNTRANSLATED]"
s_010512,Alshark (Ending disk).hdm,0x0E929F,"悠ｿj%編-Eｺ","[UNTRANSLATED]"
s_010515,Alshark (Ending disk).hdm,0x0E9521,"潮ｭD2河","[UNTRANSLATED]"
s_010517,Alshark (Ending disk).hdm,0x0E958C,"単ｬBT暢J","[UNTRANSLATED]"
s_010519,Alshark (Ending disk).hdm,0x0E9681,"夾l｢ｹLt浯","[UNTRANSLATED]"
s_010521,Alshark (Ending disk).hdm,0x0E973E,"勁JR肇(V","[UNTRANSLATED]"
s_010522,Alshark (Ending disk).hdm,0x0E97F6,"狽e!咼R","[UNTRANSLATED]"
s_010523,Alshark (Ending disk).hdm,0x0E9835,"グ莨VTXS","[UNTRANSLATED]"
s_010524,Alshark (Ending disk).hdm,0x0E98D8,"ヱ+Pﾈ>贔{","[UNTRANSLATED]"
s_010525,Alshark (Ending disk).hdm,0x0E98FE,"暘7ﾍy霧","[UNTRANSLATED]"
s_010527,Alshark (Ending disk).hdm,0x0E9A01,"煕2關DЛr4╋","[UNTRANSLATED]"
s_010530,Alshark (Ending disk).hdm,0x0E9A58,"隣0杢0'ﾟ?","[UNTRANSLATED]"
s_010531,Alshark (Ending disk).hdm,0x0E9AB1,"でCO苴D","[UNTRANSLATED]"
s_010533,Alshark (Ending disk).hdm,0x0E9B5B,"猩訊`祥B","[UNTRANSLATED]"
s_010537,Alshark (Ending disk).hdm,0x0E9D9B,"州-4桁ﾈ","[UNTRANSLATED]"
s_010538,Alshark (Ending disk).hdm,0x0EA080,"巾?ﾙｲ皺iｰｿ","[UNTRANSLATED]"
s_010539,Alshark (Ending disk).hdm,0x0EA254,"爆b)蜂T","[UNTRANSLATED]"
s_010540,Alshark (Ending disk).hdm,0x0EA25D,"塑$桝Je","[UNTRANSLATED]"
s_010541,Alshark (Ending disk).hdm,0x0EA275,"抵僖ｳ$F","[UNTRANSLATED]"
s_010542,Alshark (Ending disk).hdm,0x0EA28B,"囘)｢TAjｿ株$I","[UNTRANSLATED]"
s_010544,Alshark (Ending disk).hdm,0x0EA425,"播)織I$","[UNTRANSLATED]"
s_010545,Alshark (Ending disk).hdm,0x0EA539,"濵誣{;ｽ","[UNTRANSLATED]"
s_010547,Alshark (Ending disk).hdm,0x0EA60C,"卞籀e294","[UNTRANSLATED]"
s_010549,Alshark (Ending disk).hdm,0x0EA736,"席D%ｩ壇)","[UNTRANSLATED]"
s_010550,Alshark (Ending disk).hdm,0x0EA885,"腎焙ﾒﾂﾄﾅ","[UNTRANSLATED]"
s_010551,Alshark (Ending disk).hdm,0x0EA9ED,"讎薑ﾎﾆﾉ","[UNTRANSLATED]"
s_010553,Alshark (Ending disk).hdm,0x0EAB20,"逗d魯ｩｲL","[UNTRANSLATED]"
s_010555,Alshark (Ending disk).hdm,0x0EABBE,"昞ﾛno娵]","[UNTRANSLATED]"
s_010556,Alshark (Ending disk).hdm,0x0EABC8,"岼慣MWK","[UNTRANSLATED]"
s_010558,Alshark (Ending disk).hdm,0x0EAC2D,"厮膽fｹ+ﾌ","[UNTRANSLATED]"
s_010559,Alshark (Ending disk).hdm,0x0EAC5C,"眷fﾀ根""","[UNTRANSLATED]"
s_010560,Alshark (Ending disk).hdm,0x0EAE43,"砥,ｦ冰L","[UNTRANSLATED]"
s_010563,Alshark (Ending disk).hdm,0x0EB0AD,"萌+ﾌF邉I","[UNTRANSLATED]"
s_010566,Alshark (Ending disk).hdm,0x0EB282,"派喩ﾙﾖｺ","[UNTRANSLATED]"
s_010567,Alshark (Ending disk).hdm,0x0EB2E3,"溜K&院2","[UNTRANSLATED]"
s_010570,Alshark (Ending disk).hdm,0x0EB4C5,"爽ﾒ ﾋ逮","[UNTRANSLATED]"
s_010571,Alshark (Ending disk).hdm,0x0EB5E7,"舶LKﾄｧ簫","[UNTRANSLATED]"
s_010573,Alshark (Ending disk).hdm,0x0EB9FA,"姨Vﾟ棚-""","[UNTRANSLATED]"
s_010576,Alshark (Ending disk).hdm,0x0EBCCE,"按lｻﾖn赳|","[UNTRANSLATED]"
s_010577,Alshark (Ending disk).hdm,0x0EBDA0,"匆怦ﾆB1","[UNTRANSLATED]"
s_010579,Alshark (Ending disk).hdm,0x0EBEE3,"楕""進ﾄ､","[UNTRANSLATED]"
s_010580,Alshark (Ending disk).hdm,0x0EBF72,"紐H2速Hｳ","[UNTRANSLATED]"
s_010581,Alshark (Ending disk).hdm,0x0EBFBC,"昮ﾛ}昞ﾚ","[UNTRANSLATED]"
s_010584,Alshark (Ending disk).hdm,0x0EC5F1,"刋@ｲ夏b","[UNTRANSLATED]"
s_010585,Alshark (Ending disk).hdm,0x0EC70C,"榘Wﾒ櫢｢","[UNTRANSLATED]"
s_010586,Alshark (Ending disk).hdm,0x0EC772,"卞@ｶ画b","[UNTRANSLATED]"
s_010587,Alshark (Ending disk).hdm,0x0EC78D,"藉坏eﾚﾉu","[UNTRANSLATED]"
s_010590,Alshark (Ending disk).hdm,0x0EC877,"稔I^b挂ｭ","[UNTRANSLATED]"
s_010594,Alshark (Ending disk).hdm,0x0ECC67,"認宙mﾀ｢","[UNTRANSLATED]"
s_010597,Alshark (Ending disk).hdm,0x0ECDAA,"眤`ｩ珀b0Qi","[UNTRANSLATED]"
s_010598,Alshark (Ending disk).hdm,0x0ED004,"強徽Neﾆf","[UNTRANSLATED]"
s_010599,Alshark (Ending disk).hdm,0x0ED01A,"誡呷?n3","[UNTRANSLATED]"
s_010601,Alshark (Ending disk).hdm,0x0ED0D9,"嫌3#琦GZ","[UNTRANSLATED]"
s_010602,Alshark (Ending disk).hdm,0x0ED280,"泝ﾀｿﾞﾂｸ憔^ｹ","[UNTRANSLATED]"
s_010604,Alshark (Ending disk).hdm,0x0ED3CA,"雹rﾘ魎","[UNTRANSLATED]"
s_010606,Alshark (Ending disk).hdm,0x0ED500,"食`!9推 Jｰ9","[UNTRANSLATED]"
s_010608,Alshark (Ending disk).hdm,0x0ED81D,"疔賄Xﾖ､","[UNTRANSLATED]"
s_010610,Alshark (Ending disk).hdm,0x0ED9B9,"嶂Mn輳ｺﾙ","[UNTRANSLATED]"
s_010611,Alshark (Ending disk).hdm,0x0ED9F8,"注擦ﾀｲbﾘ","[UNTRANSLATED]"
s_010612,Alshark (Ending disk).hdm,0x0EDB06,"蝉(ﾚ?諄","[UNTRANSLATED]"
s_010613,Alshark (Ending disk).hdm,0x0EDCF0,"耶ｺ瀕kV[","[UNTRANSLATED]"
s_010614,Alshark (Ending disk).hdm,0x0EDE1A,"籍'ﾁbｱ鱠gG&","[UNTRANSLATED]"
s_010616,Alshark (Ending disk).hdm,0x0EDF19,"措ｰQ紳`","[UNTRANSLATED]"
s_010617,Alshark (Ending disk).hdm,0x0EE108,"諭q<ﾎﾈo跼9","[UNTRANSLATED]"
s_010619,Alshark (Ending disk).hdm,0x0EE16E,"播畝R)ｩF","[UNTRANSLATED]"
s_010620,Alshark (Ending disk).hdm,0x0EE32A,"粁非0I1","[UNTRANSLATED]"
s_010621,Alshark (Ending disk).hdm,0x0EE42C,"艤xﾀﾂ`H玽","[UNTRANSLATED]"
s_010622,Alshark (Ending disk).hdm,0x0EE475,"囃eHｳ刺ｰ","[UNTRANSLATED]"
s_010623,Alshark (Ending disk).hdm,0x0EE657,"橇r赳ﾑθI","[UNTRANSLATED]"
s_010624,Alshark (Ending disk).hdm,0x0EE661,"呼ﾑ""@ｦ0婆","[UNTRANSLATED]"
s_010626,Alshark (Ending disk).hdm,0x0EE9B4,"勁XげPﾌｺｴQﾅｹRｮｸｰﾁP","[UNTRANSLATED]"
s_010627,Alshark (Ending disk).hdm,0x0EEA49,"瓜 ､坦I","[UNTRANSLATED]"
s_010628,Alshark (Ending disk).hdm,0x0EEC36,"迯G3Ａ-騒ﾏM","[UNTRANSLATED]"
s_010629,Alshark (Ending disk).hdm,0x0EECB6,"檣aﾖ裾","[UNTRANSLATED]"
s_010633,Alshark (Ending disk).hdm,0x0EEF73,"湛ｨ璋,ﾂ","[UNTRANSLATED]"
s_010634,Alshark (Ending disk).hdm,0x0EEFA3,"鮖ﾒ､ｸ2鉀ｿ","[UNTRANSLATED]"
s_010636,Alshark (Ending disk).hdm,0x0EF2B0,"祈'惜dｷ","[UNTRANSLATED]"
s_010639,Alshark (Ending disk).hdm,0x0EF4B3,"置J(舵G","[UNTRANSLATED]"
s_010640,Alshark (Ending disk).hdm,0x0EF64F,"知潮Kｴ%ﾚ","[UNTRANSLATED]"
s_010641,Alshark (Ending disk).hdm,0x0EF7CE,"嫂G]曺v;ｯﾇAK","[UNTRANSLATED]"
s_010642,Alshark (Ending disk).hdm,0x0EF8EA,"棚lｲ卑kｵ","[UNTRANSLATED]"
s_010644,Alshark (Ending disk).hdm,0x0EF92D,"豐[ﾉｿ6U+*矛ﾕA","[UNTRANSLATED]"
s_010650,Alshark (Ending disk).hdm,0x0EFC05,"嫖Z南+T","[UNTRANSLATED]"
s_010651,Alshark (Ending disk).hdm,0x0EFC63,"壷&竪Aｨﾟ","[UNTRANSLATED]"
s_010654,Alshark (Ending disk).hdm,0x0F0058,"暙ﾛ}訖:","[UNTRANSLATED]"
s_010657,Alshark (Ending disk).hdm,0x0F016F,"亘ｩｦY藩","[UNTRANSLATED]"
s_010658,Alshark (Ending disk).hdm,0x0F01AF,"滂ﾗo)ВQ胆","[UNTRANSLATED]"
s_010659,Alshark (Ending disk).hdm,0x0F025F,"瘟ｮa鰲ｭ""","[UNTRANSLATED]"
s_010660,Alshark (Ending disk).hdm,0x0F037C,"疇ﾘ縡X","[UNTRANSLATED]"
s_010662,Alshark (Ending disk).hdm,0x0F0472,"簣ﾐ?疳.!","[UNTRANSLATED]"
s_010664,Alshark (Ending disk).hdm,0x0F0589,"沆v贒mﾔ ｷnﾕ","[UNTRANSLATED]"
s_010665,Alshark (Ending disk).hdm,0x0F05E2,"絨ﾟ(0fﾐ未","[UNTRANSLATED]"
s_010667,Alshark (Ending disk).hdm,0x0F07AA,"矜O ﾌpA脆p","[UNTRANSLATED]"
s_010668,Alshark (Ending disk).hdm,0x0F08C0,"枢A皖* Aｴ4@","[UNTRANSLATED]"
s_010669,Alshark (Ending disk).hdm,0x0F08EE,"汰｣ｵﾜｯ鉧","[UNTRANSLATED]"
s_010674,Alshark (Ending disk).hdm,0x0F0DD0,"辿$ｯ９D槽4","[UNTRANSLATED]"
s_010675,Alshark (Ending disk).hdm,0x0F0FC0,"鞭f)ﾛ磐","[UNTRANSLATED]"
s_010677,Alshark (Ending disk).hdm,0x0F1204,"凬ｧｵ邯ﾓ","[UNTRANSLATED]"
s_010678,Alshark (Ending disk).hdm,0x0F122C,"梳/盛｡7ﾝ","[UNTRANSLATED]"
s_010679,Alshark (Ending disk).hdm,0x0F123C,"準ﾞ燾ﾊPod@w","[UNTRANSLATED]"
s_010681,Alshark (Ending disk).hdm,0x0F1311,"挂巐wﾙｯl","[UNTRANSLATED]"
s_010682,Alshark (Ending disk).hdm,0x0F134B,"輟ﾏ沍ﾀ:PC","[UNTRANSLATED]"
s_010683,Alshark (Ending disk).hdm,0x0F1425,"袖宣＿‡<U","[UNTRANSLATED]"
s_010686,Alshark (Ending disk).hdm,0x0F1581,"昞kﾝg峵","[UNTRANSLATED]"
s_010691,Alshark (Ending disk).hdm,0x0F17AE,"歙ﾏ邀y\","[UNTRANSLATED]"
s_010692,Alshark (Ending disk).hdm,0x0F17B6,"榿肅ﾀi","[UNTRANSLATED]"
s_010698,Alshark (Ending disk).hdm,0x0F1BA9,"昉}ﾍ佖ｶﾝ","[UNTRANSLATED]"
s_010699,Alshark (Ending disk).hdm,0x0F1C17,"挧ｮｳ拉ｶ","[UNTRANSLATED]"
s_010700,Alshark (Ending disk).hdm,0x0F1D74,"澄眠b L","[UNTRANSLATED]"
s_010705,Alshark (Ending disk).hdm,0x0F207A,"泯$ﾙム""","[UNTRANSLATED]"
s_010706,Alshark (Ending disk).hdm,0x0F2084,"覆mｭ畫1ﾄ","[UNTRANSLATED]"
s_010708,Alshark (Ending disk).hdm,0x0F21DC,"遥ﾎｿk|ﾗm釗ｶd","[UNTRANSLATED]"
s_010710,Alshark (Ending disk).hdm,0x0F2279,"單U壷%j","[UNTRANSLATED]"
s_010713,Alshark (Ending disk).hdm,0x0F2475,"竫ｻｭ寬","[UNTRANSLATED]"
s_010714,Alshark (Ending disk).hdm,0x0F2578,"嗇MS)-徴","[UNTRANSLATED]"
s_010715,Alshark (Ending disk).hdm,0x0F27F1,"貊Uｶm帛]","[UNTRANSLATED]"
s_010717,Alshark (Ending disk).hdm,0x0F28C7,"歩~~蓙ｧ","[UNTRANSLATED]"
s_010721,Alshark (Ending disk).hdm,0x0F29A6,"糀ﾏ淼ｳIP","[UNTRANSLATED]"
s_010723,Alshark (Ending disk).hdm,0x0F2A72,"戲2葱I$","[UNTRANSLATED]"
s_010725,Alshark (Ending disk).hdm,0x0F2ACA,"乳Lv裏ｯﾛﾕwｭ","[UNTRANSLATED]"
s_010730,Alshark (Ending disk).hdm,0x0F2E38,"寐k+轍D","[UNTRANSLATED]"
s_010731,Alshark (Ending disk).hdm,0x0F3275,"毆ｿﾛ覬}ﾃ","[UNTRANSLATED]"
s_010734,Alshark (Ending disk).hdm,0x0F3861,"緞vﾅf捨JS","[UNTRANSLATED]"
s_010736,Alshark (Ending disk).hdm,0x0F38F5,"貯LFb善","[UNTRANSLATED]"
s_010738,Alshark (Ending disk).hdm,0x0F3A8C,"槿ﾁｰｨ觝","[UNTRANSLATED]"
s_010745,Alshark (Ending disk).hdm,0x0F3F39,"剄ﾌF跚ｳ","[UNTRANSLATED]"
s_010748,Alshark (Ending disk).hdm,0x0F40AF,"体涬ｰHｰ","[UNTRANSLATED]"
s_010751,Alshark (Ending disk).hdm,0x0F4257,"鑅晴`%ﾝ","[UNTRANSLATED]"
s_010753,Alshark (Ending disk).hdm,0x0F4314,"垬>7旻ﾎo","[UNTRANSLATED]"
s_010757,Alshark (Ending disk).hdm,0x0F4370,"譲ｻ. ｶ抽","[UNTRANSLATED]"
s_010758,Alshark (Ending disk).hdm,0x0F4386,"鉧}ﾟvｻ賴","[UNTRANSLATED]"
s_010759,Alshark (Ending disk).hdm,0x0F442D,"那銧ｰ+","[UNTRANSLATED]"
s_010760,Alshark (Ending disk).hdm,0x0F4521,"桶 ｱ対ﾂｦc","[UNTRANSLATED]"
s_010761,Alshark (Ending disk).hdm,0x0F464B,"登ｯﾟ_oｾA 沃","[UNTRANSLATED]"
s_010762,Alshark (Ending disk).hdm,0x0F465F,"楠睆ﾙﾝｯｦ{ﾙｷ","[UNTRANSLATED]"
s_010763,Alshark (Ending disk).hdm,0x0F4790,"驎{ﾟ﨧ｻm@]ｷ鍗`","[UNTRANSLATED]"
s_010765,Alshark (Ending disk).hdm,0x0F493F,"冝@ｶ鍰mw","[UNTRANSLATED]"
s_010767,Alshark (Ending disk).hdm,0x0F497F,"縱道hTｴｬ","[UNTRANSLATED]"
s_010768,Alshark (Ending disk).hdm,0x0F4992,"嶽eｻZ蠑","[UNTRANSLATED]"
s_010771,Alshark (Ending disk).hdm,0x0F4AED,"償=Ｂﾀｾ黴","[UNTRANSLATED]"
s_010772,Alshark (Ending disk).hdm,0x0F4B58,"橾ｴnﾚｶ沆","[UNTRANSLATED]"
s_010773,Alshark (Ending disk).hdm,0x0F4B7A,"息ｳGO溝w","[UNTRANSLATED]"
s_010774,Alshark (Ending disk).hdm,0x0F4B85,"箭汯qﾒ","[UNTRANSLATED]"
s_010778,Alshark (Ending disk).hdm,0x0F4D3F,"髱諂ｫv","[UNTRANSLATED]"
s_010779,Alshark (Ending disk).hdm,0x0F4E3C,"杢樰ｷﾛvﾜ","[UNTRANSLATED]"
s_010781,Alshark (Ending disk).hdm,0x0F4E76,"煜ｿ鴆wﾝｶnｫ","[UNTRANSLATED]"
s_010784,Alshark (Ending disk).hdm,0x0F511B,"昮nﾛｺ昮","[UNTRANSLATED]"
s_010786,Alshark (Ending disk).hdm,0x0F524E,"惜d寧ｲ)L","[UNTRANSLATED]"
s_010787,Alshark (Ending disk).hdm,0x0F527B,"洞Ki噺Ij","[UNTRANSLATED]"
s_010788,Alshark (Ending disk).hdm,0x0F5284,"鳩""Z祢2ｬ","[UNTRANSLATED]"
s_010790,Alshark (Ending disk).hdm,0x0F554D,"胥X`ﾘ神","[UNTRANSLATED]"
s_010792,Alshark (Ending disk).hdm,0x0F5598,"錥ﾟ殀;ｭｶ;","[UNTRANSLATED]"
s_010797,Alshark (Ending disk).hdm,0x0F5ABE,"毅<ｨ眺","[UNTRANSLATED]"
s_010798,Alshark (Ending disk).hdm,0x0F5ACF,"鮟o鮨ﾖr","[UNTRANSLATED]"
s_010801,Alshark (Ending disk).hdm,0x0F5C3B,"鼎Gｯ槨`ｰ","[UNTRANSLATED]"
s_010803,Alshark (Ending disk).hdm,0x0F5DDE,"誂屆ｶyﾓ","[UNTRANSLATED]"
s_010804,Alshark (Ending disk).hdm,0x0F5E3A,"嬶n孥]ｷﾟmｻovｽ 0m{","[UNTRANSLATED]"
s_010805,Alshark (Ending disk).hdm,0x0F5F2A,"彿[ﾗ逸8ｿp狠","[UNTRANSLATED]"
s_010807,Alshark (Ending disk).hdm,0x0F60A8,"幢oｿﾞouｿuｺ""ﾐ錂","[UNTRANSLATED]"
s_010809,Alshark (Ending disk).hdm,0x0F6150,"毎NB宙d","[UNTRANSLATED]"
s_010812,Alshark (Ending disk).hdm,0x0F641F,"蛋J!dB薪","[UNTRANSLATED]"
s_010813,Alshark (Ending disk).hdm,0x0F6584,"寸拐ｰ)ｺ","[UNTRANSLATED]"
s_010815,Alshark (Ending disk).hdm,0x0F674A,"秦@摺Z0P","[UNTRANSLATED]"
s_010816,Alshark (Ending disk).hdm,0x0F6800,"焄ﾚﾟ凞杦P","[UNTRANSLATED]"
s_010818,Alshark (Ending disk).hdm,0x0F6986,"葬i$酎I$","[UNTRANSLATED]"
s_010820,Alshark (Ending disk).hdm,0x0F6B16,"椿RE蜈ﾇ","[UNTRANSLATED]"
s_010821,Alshark (Ending disk).hdm,0x0F6BC7,"慎I､$儚ﾈ","[UNTRANSLATED]"
s_010822,Alshark (Ending disk).hdm,0x0F6C45,"核ｦ辺*ｫE","[UNTRANSLATED]"
s_010824,Alshark (Ending disk).hdm,0x0F6D60,"薐ﾕ鳰ﾅ益","[UNTRANSLATED]"
s_010825,Alshark (Ending disk).hdm,0x0F6DAC,"戴g'ﾕｧj_GWｵ伎^","[UNTRANSLATED]"
s_010827,Alshark (Ending disk).hdm,0x0F6EF4,"僖､ｫ振ﾅ","[UNTRANSLATED]"
s_010828,Alshark (Ending disk).hdm,0x0F6EFD,"樗b)汎3","[UNTRANSLATED]"
s_010829,Alshark (Ending disk).hdm,0x0F6F10,"繁$2派ｦ","[UNTRANSLATED]"
s_010831,Alshark (Ending disk).hdm,0x0F7156,"註L｢ﾘ播ｲ","[UNTRANSLATED]"
s_010832,Alshark (Ending disk).hdm,0x0F7169,"豐ﾛ麕ﾕu","[UNTRANSLATED]"
s_010834,Alshark (Ending disk).hdm,0x0F71CD,"婚ZF赴L","[UNTRANSLATED]"
s_010838,Alshark (Ending disk).hdm,0x0F7480,"昔)ﾌ4琶","[UNTRANSLATED]"
s_010845,Alshark (Ending disk).hdm,0x0F7AB4,"棚H&2塩e","[UNTRANSLATED]"
s_010848,Alshark (Ending disk).hdm,0x0F7C59,"添6｡歹+","[UNTRANSLATED]"
s_010857,Alshark (Ending disk).hdm,0x0F8932,"茁ｻk}^朧ｯ","[UNTRANSLATED]"
s_010858,Alshark (Ending disk).hdm,0x0F8B04,"怯ｬ擧4ｯ","[UNTRANSLATED]"
s_010860,Alshark (Ending disk).hdm,0x0F91D0,"囓ﾗﾏ涸B","[UNTRANSLATED]"
s_010861,Alshark (Ending disk).hdm,0x0F9324,"沆ﾗｷo渝","[UNTRANSLATED]"
s_010862,Alshark (Ending disk).hdm,0x0F9357,"縉姿ｼaHﾐM'ｨ1`","[UNTRANSLATED]"
s_010863,Alshark (Ending disk).hdm,0x0F93B2,"濔@@9ﾀ祓>","[UNTRANSLATED]"
s_010864,Alshark (Ending disk).hdm,0x0F947C,"覗K燔ｲ#pj","[UNTRANSLATED]"
s_010866,Alshark (Ending disk).hdm,0x0F95BF,"斬Cﾀ`0ｫ璧ﾀ","[UNTRANSLATED]"
s_010867,Alshark (Ending disk).hdm,0x0F9633,"醉:ﾆｬ石","[UNTRANSLATED]"
s_010868,Alshark (Ending disk).hdm,0x0F97EA,"帰こ､\rqK","[UNTRANSLATED]"
s_010871,Alshark (Ending disk).hdm,0x0F99DE,"囎^ﾕ漸｡","[UNTRANSLATED]"
s_010872,Alshark (Ending disk).hdm,0x0F99EC,"氈|猤q","[UNTRANSLATED]"
s_010875,Alshark (Ending disk).hdm,0x0F9C71,"唖K娠ﾐ","[UNTRANSLATED]"
s_010878,Alshark (Ending disk).hdm,0x0FA2F3,"肅ﾓ睚2BｾP,3","[UNTRANSLATED]"
s_010880,Alshark (Ending disk).hdm,0x0FA3EA,"痃`ｾ:Pﾎ輳8","[UNTRANSLATED]"
s_010885,Alshark (Ending disk).hdm,0x0FA6F5,"伀雛`(4ｿﾘﾐ","[UNTRANSLATED]"
s_010889,Alshark (Ending disk).hdm,0x0FAC60,"精|ﾟ""ﾛ準","[UNTRANSLATED]"
s_010890,Alshark (Ending disk).hdm,0x0FACE2,"密}ﾈ\HIxﾀ闔","[UNTRANSLATED]"
s_010892,Alshark (Ending disk).hdm,0x0FB177,"鋺z鏞y~","[UNTRANSLATED]"
s_010893,Alshark (Ending disk).hdm,0x0FB1AE,"齧ﾀ&園Jｧ","[UNTRANSLATED]"
s_010894,Alshark (Ending disk).hdm,0x0FB1C6,"發2ﾁﾋ成t","[UNTRANSLATED]"
s_010895,Alshark (Ending disk).hdm,0x0FB42A,"倫ｩﾏｻﾇ:瓔","[UNTRANSLATED]"
s_010897,Alshark (Ending disk).hdm,0x0FB611,"焜ｫ･窰4","[UNTRANSLATED]"
s_010901,Alshark (Ending disk).hdm,0x0FBA52,"矮ﾅ鉧ﾖ%ﾐ","[UNTRANSLATED]"
s_010902,Alshark (Ending disk).hdm,0x0FBAD2,"僊3ﾈ%蝉","[UNTRANSLATED]"
s_010903,Alshark (Ending disk).hdm,0x0FBB68,"篦Аｨ‰~･yq珞Q>P","[UNTRANSLATED]"
s_010904,Alshark (Ending disk).hdm,0x0FBF3A,"掘X｢篝ﾐ","[UNTRANSLATED]"
s_010906,Alshark (Ending disk).hdm,0x0FC362,"悖<邁8q?ﾌ","[UNTRANSLATED]"
s_010907,Alshark (Ending disk).hdm,0x0FC76F,"鄕0A,薪","[UNTRANSLATED]"
s_010908,Alshark (Ending disk).hdm,0x0FC88D,"蠱yｳﾎ稚","[UNTRANSLATED]"
s_010910,Alshark (Ending disk).hdm,0x0FCC63,"柝 珈pｩ","[UNTRANSLATED]"
s_010912,Alshark (Ending disk).hdm,0x0FD4F1,"γ樟!ﾀx笑","[UNTRANSLATED]"
s_010913,Alshark (Ending disk).hdm,0x0FD58F,"脹@a尊P","[UNTRANSLATED]"
s_010914,Alshark (Ending disk).hdm,0x0FDB83,"唹ｬOｾAﾉ制","[UNTRANSLATED]"
s_010915,Alshark (Ending disk).hdm,0x0FDB99,"γﾙ@z跏O季1","[UNTRANSLATED]"
s_010916,Alshark (Ending disk).hdm,0x0FDBB8,"祗`fﾒ4P偰a","[UNTRANSLATED]"
s_010917,Alshark (Ending disk).hdm,0x0FE450,"ツﾃ[ﾀ顕8ﾏ","[UNTRANSLATED]"
s_010919,Alshark (Ending disk).hdm,0x0FE5FF,"悋@♯'稗cﾁ","[UNTRANSLATED]"
s_010920,Alshark (Ending disk).hdm,0x0FE719,"鯀ﾗQｯ酢ﾞﾓ~","[UNTRANSLATED]"
s_010921,Alshark (Ending disk).hdm,0x0FE726,"求6q劬`","[UNTRANSLATED]"
s_010923,Alshark (Ending disk).hdm,0x0FE835,"官惘8ｮｯﾀｨ","[UNTRANSLATED]"
s_010924,Alshark (Ending disk).hdm,0x0FEA3B,"準炬8)P","[UNTRANSLATED]"
s_010926,Alshark (Ending disk).hdm,0x0FEDBE,"汾ﾏﾐ澪0","[UNTRANSLATED]"
s_010927,Alshark (Ending disk).hdm,0x0FEE74,"瑩>ｰ濟","[UNTRANSLATED]"
s_010928,Alshark (Ending disk).hdm,0x0FF0F3,"褞)pl]ｰ5ぢ@uA","[UNTRANSLATED]"
s_010930,Alshark (Ending disk).hdm,0x0FF221,"糜p@Xﾐﾅ畉ﾐ","[UNTRANSLATED]"
s_010931,Alshark (Ending disk).hdm,0x0FF2AE,"楷･ｯｷ｢畫}","[UNTRANSLATED]"
s_010932,Alshark (Ending disk).hdm,0x0FF855,"栓""?ｪ4;+FR%U45wApK首b;","[UNTRANSLATED]"
s_010933,Alshark (Ending disk).hdm,0x0FF9A6,"男SBHC弉","[UNTRANSLATED]"
s_010934,Alshark (Ending disk).hdm,0x0FFB5F,"醯9ﾟ違v","[UNTRANSLATED]"
s_010935,Alshark (Ending disk).hdm,0x0FFC0B,"璧|ｾﾇ疳","[UNTRANSLATED]"
s_010936,Alshark (Ending disk).hdm,0x100002,"横""ｱﾕ烋","[UNTRANSLATED]"
s_010938,Alshark (Ending disk).hdm,0x100250,"決鑓ﾀ `","[UNTRANSLATED]"
s_010939,Alshark (Ending disk).hdm,0x100486,"甼^y溜lSrs","[UNTRANSLATED]"
s_010940,Alshark (Ending disk).hdm,0x100549,"宅w;]ﾏlv翆","[UNTRANSLATED]"
s_010944,Alshark (Ending disk).hdm,0x100D89,"泱ﾑ片 Wp","[UNTRANSLATED]"
s_010946,Alshark (Ending disk).hdm,0x101124,"旬カ!ｼｱﾒ","[UNTRANSLATED]"
s_010947,Alshark (Ending disk).hdm,0x10116A,"ｐ賽捐5cﾃ*xP","[UNTRANSLATED]"
s_010950,Alshark (Ending disk).hdm,0x10171C,"渝o｢a啾","[UNTRANSLATED]"
s_010951,Alshark (Ending disk).hdm,0x102039,"弑ﾀVe?""ｺV爰QlQA","[UNTRANSLATED]"
s_010952,Alshark (Ending disk).hdm,0x10212F,"釶ｿ{僉50+S","[UNTRANSLATED]"
s_010953,Alshark (Ending disk).hdm,0x10217F,"ァ$Qﾞ=Oﾇ滸R","[UNTRANSLATED]"
s_010954,Alshark (Ending disk).hdm,0x10224C,"院迸xｴ pa","[UNTRANSLATED]"
s_010955,Alshark (Ending disk).hdm,0x10226C,"鰊醸0Oｿ","[UNTRANSLATED]"
s_010956,Alshark (Ending disk).hdm,0x1024CB,"宣清 ﾎ?","[UNTRANSLATED]"
s_010957,Alshark (Ending disk).hdm,0x1026A7,"洗ｷｱ& ?靏","[UNTRANSLATED]"
s_010958,Alshark (Ending disk).hdm,0x10291C,"痼壬{PI","[UNTRANSLATED]"
s_010962,Alshark (Ending disk).hdm,0x102DCC,"貘@ﾓ瀾ﾕ∞b;","[UNTRANSLATED]"
s_010964,Alshark (Ending disk).hdm,0x102F17,"碆0輪ﾚ^","[UNTRANSLATED]"
s_010965,Alshark (Ending disk).hdm,0x103153,"麝A烙*","[UNTRANSLATED]"
s_010967,Alshark (Ending disk).hdm,0x1032DA,"契枩ｰ_ﾂ_ﾔ[","[UNTRANSLATED]"
s_010969,Alshark (Ending disk).hdm,0x1034BD,"蒭cｰ@Au巨%ﾐ","[UNTRANSLATED]"
s_010970,Alshark (Ending disk).hdm,0x10357C,"萠僥ﾐﾀc","[UNTRANSLATED]"
s_010973,Alshark (Ending disk).hdm,0x103791,"償y!P売","[UNTRANSLATED]"
s_010974,Alshark (Ending disk).hdm,0x103BED,"図ﾘｯ犹","[UNTRANSLATED]"
s_010975,Alshark (Ending disk).hdm,0x103D4A,"怩ｹ嵩`$ﾐ","[UNTRANSLATED]"
s_010977,Alshark (Ending disk).hdm,0x103E86,"ユ堅40%","[UNTRANSLATED]"
s_010978,Alshark (Ending disk).hdm,0x103EBC,"伶V`M燠","[UNTRANSLATED]"
s_010979,Alshark (Ending disk).hdm,0x103F26,"っ}S 厨5ﾑ","[UNTRANSLATED]"
s_010980,Alshark (Ending disk).hdm,0x103F31,"順ﾃ眈""ｯ","[UNTRANSLATED]"
s_010981,Alshark (Ending disk).hdm,0x103FEE,"檬><|*縊","[UNTRANSLATED]"
s_010983,Alshark (Ending disk).hdm,0x104100,"坂ｬP嘘ﾀ0","[UNTRANSLATED]"
s_010986,Alshark (Ending disk).hdm,0x104628,"珱莢ﾂｰG","[UNTRANSLATED]"
s_010987,Alshark (Ending disk).hdm,0x104643,"奮_柱ｰｭ","[UNTRANSLATED]"
s_010988,Alshark (Ending disk).hdm,0x104741,"銑錐3ﾇ2ﾎ3","[UNTRANSLATED]"
s_010991,Alshark (Ending disk).hdm,0x10499F,"聲ｸｾ8瑙","[UNTRANSLATED]"
s_010992,Alshark (Ending disk).hdm,0x104A1A,"趨 vﾃ蘢","[UNTRANSLATED]"
s_010994,Alshark (Ending disk).hdm,0x104AAB,"Яｿ翩徘","[UNTRANSLATED]"
s_010996,Alshark (Ending disk).hdm,0x104E7E,"煎瘴?ﾆp","[UNTRANSLATED]"
s_011001,Alshark (Ending disk).hdm,0x10552C,"伊ﾟﾛﾝ瀨","[UNTRANSLATED]"
s_011002,Alshark (Ending disk).hdm,0x105605,"渮ﾟgs8攬ｽ","[UNTRANSLATED]"
s_011003,Alshark (Ending disk).hdm,0x105A11,"倢&_｢Q啀ﾞG","[UNTRANSLATED]"
s_011007,Alshark (Ending disk).hdm,0x106896,"犒ｳsg逞","[UNTRANSLATED]"
s_011008,Alshark (Ending disk).hdm,0x1068D2,"錚｢ｸ0ﾄRｿ珱","[UNTRANSLATED]"
s_011010,Alshark (Ending disk).hdm,0x106B2C,"任尨Z1<2","[UNTRANSLATED]"
s_011011,Alshark (Ending disk).hdm,0x106E37,"眥~0首pﾝｸW!","[UNTRANSLATED]"
s_011013,Alshark (Ending disk).hdm,0x10711D,"艢遉jpﾈ0","[UNTRANSLATED]"
s_011015,Alshark (Ending disk).hdm,0x1071E4,"導Bﾀ子ﾏq!s_","[UNTRANSLATED]"
s_011017,Alshark (Ending disk).hdm,0x107234,"Η珮ｿ瘢p","[UNTRANSLATED]"
s_011019,Alshark (Ending disk).hdm,0x1074C0,"ц撰!CE紙ﾏ","[UNTRANSLATED]"
s_011020,Alshark (Ending disk).hdm,0x1075A8,"侏ﾂ鐵ﾒﾕｷｿﾜﾙxﾁ0_","[UNTRANSLATED]"
s_011022,Alshark (Ending disk).hdm,0x107977,"刈ﾌ`ﾖs侔","[UNTRANSLATED]"
s_011024,Alshark (Ending disk).hdm,0x107C57,"内潯}ｰV","[UNTRANSLATED]"
s_011026,Alshark (Ending disk).hdm,0x1082B7,"鰥ｺz泚;/ｱ","[UNTRANSLATED]"
s_011027,Alshark (Ending disk).hdm,0x1084BE,"瑟$請X ﾋ_$Qo","[UNTRANSLATED]"
s_011028,Alshark (Ending disk).hdm,0x108731,"罅ﾘxｯ官!｢","[UNTRANSLATED]"
s_011029,Alshark (Ending disk).hdm,0x108830,"瀾<t 侑rﾂ","[UNTRANSLATED]"
s_011030,Alshark (Ending disk).hdm,0x108874,"眦鳴ﾞMﾂﾞ<|ﾂ","[UNTRANSLATED]"
s_011031,Alshark (Ending disk).hdm,0x1088C8,"楪ﾟﾔﾟ赱oﾘ:","[UNTRANSLATED]"
s_011034,Alshark (Ending disk).hdm,0x108E47,"鰲ﾇﾐﾄ濮`","[UNTRANSLATED]"
s_011035,Alshark (Ending disk).hdm,0x108F63,"痞Ep劜ﾁ","[UNTRANSLATED]"
s_011036,Alshark (Ending disk).hdm,0x109031,"蟆ﾓ ｿDﾘ｣?迦lﾀ","[UNTRANSLATED]"
s_011037,Alshark (Ending disk).hdm,0x10910F,"碁Ddｰ鞘","[UNTRANSLATED]"
s_011039,Alshark (Ending disk).hdm,0x109187,"狡ｼ霞;ｱ","[UNTRANSLATED]"
s_011040,Alshark (Ending disk).hdm,0x109250,"逝1qﾇ隯","[UNTRANSLATED]"
s_011042,Alshark (Ending disk).hdm,0x1095F2,"兊82%瀏","[UNTRANSLATED]"
s_011043,Alshark (Ending disk).hdm,0x109612,"郛ｿ歇5vA","[UNTRANSLATED]"
s_011045,Alshark (Ending disk).hdm,0x109731,"皀S0CoUogjee｡聰","[UNTRANSLATED]"
s_011046,Alshark (Ending disk).hdm,0x1097D7,"厨捻[@o","[UNTRANSLATED]"
s_011047,Alshark (Ending disk).hdm,0x109AC5,"瑕ﾂ∠ap繿","[UNTRANSLATED]"
s_011049,Alshark (Ending disk).hdm,0x10A068,"玳ｬ箍Cﾐ","[UNTRANSLATED]"
s_011051,Alshark (Ending disk).hdm,0x10A2C8,"隨p_A鵞","[UNTRANSLATED]"
s_011052,Alshark (Ending disk).hdm,0x10A479,"慫ｮﾏﾀﾏﾒﾏ蔆","[UNTRANSLATED]"
s_011053,Alshark (Ending disk).hdm,0x10A5E9,"頗ｴ懴ｳﾉﾐ","[UNTRANSLATED]"
s_011055,Alshark (Ending disk).hdm,0x10A8F6,"熄ﾇ脩>VV","[UNTRANSLATED]"
s_011057,Alshark (Ending disk).hdm,0x10AF03,"纜q奨?ﾂ1J","[UNTRANSLATED]"
s_011058,Alshark (Ending disk).hdm,0x10B00E,"框醯ｾﾎaｽ","[UNTRANSLATED]"
s_011061,Alshark (Ending disk).hdm,0x10B3CB,"塁4ﾑT帳｢","[UNTRANSLATED]"
s_011063,Alshark (Ending disk).hdm,0x10B413,"糜q;r茸","[UNTRANSLATED]"
s_011065,Alshark (Ending disk).hdm,0x10B549,"ひ瑩ｬ｣&ｰ","[UNTRANSLATED]"
s_011067,Alshark (Ending disk).hdm,0x10B5E0,"焉IﾐﾁP炅","[UNTRANSLATED]"
s_011068,Alshark (Ending disk).hdm,0x10B846,"抄穩ﾒｴP","[UNTRANSLATED]"
s_011069,Alshark (Ending disk).hdm,0x10BA5C,"扱p腹K`","[UNTRANSLATED]"
s_011071,Alshark (Ending disk).hdm,0x10BF96,"肅槹ﾑ]0=","[UNTRANSLATED]"
s_011072,Alshark (Ending disk).hdm,0x10C5FA,"炭(qｨﾑｱ汰","[UNTRANSLATED]"
s_011073,Alshark (Ending disk).hdm,0x10C631,"鑞@┣糶","[UNTRANSLATED]"
s_011075,Alshark (Ending disk).hdm,0x10C80E,"拓+瑣ﾕp","[UNTRANSLATED]"
s_011076,Alshark (Ending disk).hdm,0x10C876,"瓩G操3","[UNTRANSLATED]"
s_011079,Alshark (Ending disk).hdm,0x10CDDC,"韲ﾔｿOﾑO絨{","[UNTRANSLATED]"
s_011080,Alshark (Ending disk).hdm,0x10CEDB,"肭ﾋ'ﾇｷ曜","[UNTRANSLATED]"
s_011081,Alshark (Ending disk).hdm,0x10D161,"鎮ｯﾓｩ遐ｻ)","[UNTRANSLATED]"
s_011085,Alshark (Ending disk).hdm,0x10D7DD,"漾*む｢o","[UNTRANSLATED]"
s_011086,Alshark (Ending disk).hdm,0x10D976,"眤P`ｲ4k殉","[UNTRANSLATED]"
s_011087,Alshark (Ending disk).hdm,0x10DAFB,"蟇U@斷z!","[UNTRANSLATED]"
s_011088,Alshark (Ending disk).hdm,0x10DBA5,"燧ﾁﾅｿｲ1L墹F0Y","[UNTRANSLATED]"
s_011089,Alshark (Ending disk).hdm,0x10DC12,"意}~ﾀ 斉","[UNTRANSLATED]"
s_011090,Alshark (Ending disk).hdm,0x10DC43,"テﾑ@0案","[UNTRANSLATED]"
s_011091,Alshark (Ending disk).hdm,0x10DCCE,"翳Hh0f0饒","[UNTRANSLATED]"
s_011092,Alshark (Ending disk).hdm,0x10DCFB,"湜3h9汯","[UNTRANSLATED]"
s_011093,Alshark (Ending disk).hdm,0x10DE60,"牋paA魅","[UNTRANSLATED]"
s_011094,Alshark (Ending disk).hdm,0x10DEA6,"煬 褞<&%A｡ｱ","[UNTRANSLATED]"
s_011095,Alshark (Ending disk).hdm,0x10DFEB,"矼ﾇﾇ勝_ |#","[UNTRANSLATED]"
s_011096,Alshark (Ending disk).hdm,0x10E0D8,"鉐ﾏ楹oﾃj","[UNTRANSLATED]"
s_011097,Alshark (Ending disk).hdm,0x10E16C,"館ｻvﾛ礼ｯO_茣ﾐｰ","[UNTRANSLATED]"
s_011099,Alshark (Ending disk).hdm,0x10E50F,"禔Pｴ炊0>/","[UNTRANSLATED]"
s_011101,Alshark (Ending disk).hdm,0x10EB9D,"聹ﾄﾈO逗","[UNTRANSLATED]"
s_011102,Alshark (Ending disk).hdm,0x10EC43,"翦ﾎ恫Iｲ","[UNTRANSLATED]"
s_011103,Alshark (Ending disk).hdm,0x10ED29,"ぱ煩ｦﾏﾚｸﾈ","[UNTRANSLATED]"
s_011107,Alshark (Ending disk).hdm,0x10F4A7,"床O`ﾖ;苫B","[UNTRANSLATED]"
s_011109,Alshark (Ending disk).hdm,0x10F7CC,"邸pｱﾑ紮","[UNTRANSLATED]"
s_011111,Alshark (Ending disk).hdm,0x110377,"渮ﾋ胙Fｪ2fP","[UNTRANSLATED]"
s_011112,Alshark (Ending disk).hdm,0x11039D,"娚%◆M蔵0","[UNTRANSLATED]"
s_011114,Alshark (Ending disk).hdm,0x110685,"茖翔e@ﾖΣ","[UNTRANSLATED]"
s_011115,Alshark (Ending disk).hdm,0x110783,"蠑P&ﾐc肆a","[UNTRANSLATED]"
s_011116,Alshark (Ending disk).hdm,0x110A86,"厨鏨Kd","[UNTRANSLATED]"
s_011118,Alshark (Ending disk).hdm,0x110AE9,"僣w｡歩Nr","[UNTRANSLATED]"
s_011119,Alshark (Ending disk).hdm,0x110B30,"片H窿ﾕ^","[UNTRANSLATED]"
s_011120,Alshark (Ending disk).hdm,0x110BA0,"彑坩R6ﾄ","[UNTRANSLATED]"
s_011121,Alshark (Ending disk).hdm,0x110CB6,"柁Y榛1","[UNTRANSLATED]"
s_011123,Alshark (Ending disk).hdm,0x110EDB,"鈬隲ｿｽｿﾏｱ","[UNTRANSLATED]"
s_011126,Alshark (Ending disk).hdm,0x111234,"ワｷ#聽A_","[UNTRANSLATED]"
s_011128,Alshark (Ending disk).hdm,0x11141A,"滂O|O三","[UNTRANSLATED]"
s_011129,Alshark (Ending disk).hdm,0x1114DB,"背ﾑsｱ涬Q","[UNTRANSLATED]"
s_011131,Alshark (Ending disk).hdm,0x111830,"権_ｿ悛ｿ_Oｿ","[UNTRANSLATED]"
s_011132,Alshark (Ending disk).hdm,0x111873,"疎設ｺwｯT","[UNTRANSLATED]"
s_011134,Alshark (Ending disk).hdm,0x1118F1,"逝1甍`e","[UNTRANSLATED]"
s_011135,Alshark (Ending disk).hdm,0x111938,"娼尋(*ﾏ<ﾏｨNﾏ`ﾃｶ","[UNTRANSLATED]"
s_011136,Alshark (Ending disk).hdm,0x111992,"膓催ｦmP","[UNTRANSLATED]"
s_011138,Alshark (Ending disk).hdm,0x111AC7,"釡ｶ､泚ｻ","[UNTRANSLATED]"
s_011139,Alshark (Ending disk).hdm,0x111CF8,"耨ﾀﾜp袿","[UNTRANSLATED]"
s_011140,Alshark (Ending disk).hdm,0x111F20,"鰉ﾊｲ2進","[UNTRANSLATED]"
s_011143,Alshark (Ending disk).hdm,0x112196,"粢ｿk褄ｵb","[UNTRANSLATED]"
s_011145,Alshark (Ending disk).hdm,0x1123E3,"撞｢@]線","[UNTRANSLATED]"
s_011146,Alshark (Ending disk).hdm,0x11265F,"鰀ﾆDﾄ倥","[UNTRANSLATED]"
s_011147,Alshark (Ending disk).hdm,0x11275F,"尖漓w@CD@","[UNTRANSLATED]"
s_011148,Alshark (Ending disk).hdm,0x112AAA,"ぼQ2ﾕr 猯p","[UNTRANSLATED]"
s_011149,Alshark (Ending disk).hdm,0x112B7E,"┬0|硼ｾﾂﾜ牒ﾀ*ﾐ","[UNTRANSLATED]"
s_011150,Alshark (Ending disk).hdm,0x112E6F,"暮( D･蝌Q","[UNTRANSLATED]"
s_011152,Alshark (Ending disk).hdm,0x112FD3,"鞣ｨﾐ!磊","[UNTRANSLATED]"
s_011153,Alshark (Ending disk).hdm,0x113229,"蜷`V1狒0p","[UNTRANSLATED]"
s_011154,Alshark (Ending disk).hdm,0x11323F,"銷禛TCwC｣0x","[UNTRANSLATED]"
s_011155,Alshark (Ending disk).hdm,0x1133D1,"β濂燥P;ﾐ･","[UNTRANSLATED]"
s_011157,Alshark (Ending disk).hdm,0x1134D2,"爛｡-燈｣yｰ","[UNTRANSLATED]"
s_011158,Alshark (Ending disk).hdm,0x1134EB,"つ脉@&wA`","[UNTRANSLATED]"
s_011160,Alshark (Ending disk).hdm,0x113C0F,"諮x｡!&戝}ﾐ+","[UNTRANSLATED]"
s_011161,Alshark (Ending disk).hdm,0x113D2E,"竡b`鉐ﾟ'rM","[UNTRANSLATED]"
s_011162,Alshark (Ending disk).hdm,0x113E19,"妓ｷ｡W譯C","[UNTRANSLATED]"
s_011164,Alshark (Ending disk).hdm,0x114037,"罅阻i0/6","[UNTRANSLATED]"
s_011165,Alshark (Ending disk).hdm,0x11405C,"溽鴿kAｽ","[UNTRANSLATED]"
s_011166,Alshark (Ending disk).hdm,0x114114,"燒厨ｾZ0","[UNTRANSLATED]"
s_011168,Alshark (Ending disk).hdm,0x114D8F,"寧ci殞n","[UNTRANSLATED]"
s_011170,Alshark (Ending disk).hdm,0x114ED3,"惚7gﾗｳC供","[UNTRANSLATED]"
s_011171,Alshark (Ending disk).hdm,0x114FBB,"癈ｧ旬ﾀｿR","[UNTRANSLATED]"
s_011172,Alshark (Ending disk).hdm,0x115151,"窺咫:p'A","[UNTRANSLATED]"
s_011173,Alshark (Ending disk).hdm,0x1152B6,"庵ｼ縣ﾉR","[UNTRANSLATED]"
s_011174,Alshark (Ending disk).hdm,0x11538D,"ぢp｡1角","[UNTRANSLATED]"
s_011176,Alshark (Ending disk).hdm,0x115577,"圖Cﾀ簔0","[UNTRANSLATED]"
s_011177,Alshark (Ending disk).hdm,0x1156B3,"翠ｴ餘.｡aﾐ","[UNTRANSLATED]"
s_011178,Alshark (Ending disk).hdm,0x115987,"潯ﾐﾜﾀ>ﾊ提","[UNTRANSLATED]"
s_011179,Alshark (Ending disk).hdm,0x115ADF,"朧ﾂqH,斥?ﾝ?","[UNTRANSLATED]"
s_011180,Alshark (Ending disk).hdm,0x115BA6,"飢ﾇｯ娜^","[UNTRANSLATED]"
s_011181,Alshark (Ending disk).hdm,0x115C60,"腋ﾒ`逐&","[UNTRANSLATED]"
s_011183,Alshark (Ending disk).hdm,0x115CE1,"鉦ﾘﾜﾀwﾘ鴦ﾊ","[UNTRANSLATED]"
s_011184,Alshark (Ending disk).hdm,0x115EF1,"聰~ﾑ昮ﾖｵ","[UNTRANSLATED]"
s_011185,Alshark (Ending disk).hdm,0x115F44,"燵腿ﾊ@D","[UNTRANSLATED]"
s_011186,Alshark (Ending disk).hdm,0x116183,"画1cBﾆ懸G","[UNTRANSLATED]"
s_011187,Alshark (Ending disk).hdm,0x1161D6,"聢ｸp歛cAｰxS","[UNTRANSLATED]"
s_011188,Alshark (Ending disk).hdm,0x1161F6,"倹N@瓔p3","[UNTRANSLATED]"
s_011189,Alshark (Ending disk).hdm,0x116311,"磔簔ﾅhｰ","[UNTRANSLATED]"
s_011191,Alshark (Ending disk).hdm,0x11649A,"約｣0鑈E","[UNTRANSLATED]"
s_011193,Alshark (Ending disk).hdm,0x116512,"ァ譟ﾘｰaﾃ","[UNTRANSLATED]"
s_011194,Alshark (Ending disk).hdm,0x11658B,"ぜ狹pﾁ*","[UNTRANSLATED]"
s_011196,Alshark (Ending disk).hdm,0x11666E,"煬｡ﾉ1ｳa ゝe@ｼa","[UNTRANSLATED]"
s_011197,Alshark (Ending disk).hdm,0x1167B1,"浤ﾏ梶uA","[UNTRANSLATED]"
s_011198,Alshark (Ending disk).hdm,0x1168D0,"咩{}>雷","[UNTRANSLATED]"
s_011199,Alshark (Ending disk).hdm,0x11697B,"ま!eﾁﾚｴｴ莨ｱ^ｾﾂｳ","[UNTRANSLATED]"
s_011200,Alshark (Ending disk).hdm,0x116A18,"睡ﾃ疳ｸﾜn","[UNTRANSLATED]"
s_011201,Alshark (Ending disk).hdm,0x116A4F,"択≡爰ﾀｸ~Rｰ#","[UNTRANSLATED]"
s_011204,Alshark (Ending disk).hdm,0x116CB3,"溟xｼﾜⅳ炯A","[UNTRANSLATED]"
s_011205,Alshark (Ending disk).hdm,0x116DCA,"綏/臧/z*","[UNTRANSLATED]"
s_011208,Alshark (Ending disk).hdm,0x117181,"栴ｰﾊvヽﾔv","[UNTRANSLATED]"
s_011209,Alshark (Ending disk).hdm,0x117589,"柿ﾕp迥ﾆ","[UNTRANSLATED]"
s_011211,Alshark (Ending disk).hdm,0x117922,"洗lｰ塚犧p>","[UNTRANSLATED]"
s_011214,Alshark (Ending disk).hdm,0x117CE2,"傑ﾆﾃ碵px","[UNTRANSLATED]"
s_011215,Alshark (Ending disk).hdm,0x117E64,"黛=ｱｳ痿ｶq$","[UNTRANSLATED]"
s_011216,Alshark (Ending disk).hdm,0x117EEA,"ぃﾑﾐ鑞v!6V","[UNTRANSLATED]"
s_011217,Alshark (Ending disk).hdm,0x1180C3,"瀉ゞﾑfAﾔ","[UNTRANSLATED]"
s_011219,Alshark (Ending disk).hdm,0x11813A,"逝ﾒ_瑾ﾐ","[UNTRANSLATED]"
s_011221,Alshark (Ending disk).hdm,0x1181B4,"飯ﾀﾆ蔟ﾒ","[UNTRANSLATED]"
s_011222,Alshark (Ending disk).hdm,0x11870E,"韜O渹ﾚ@","[UNTRANSLATED]"
s_011223,Alshark (Ending disk).hdm,0x1187DD,"煎0p犁A","[UNTRANSLATED]"
s_011224,Alshark (Ending disk).hdm,0x118B78,"咥ｺﾏﾌﾏﾞﾊ顏|","[UNTRANSLATED]"
s_011225,Alshark (Ending disk).hdm,0x118DCA,"分GY{vig瀇_N!","[UNTRANSLATED]"
s_011226,Alshark (Ending disk).hdm,0x119130,"ダ廟ｧRｽ","[UNTRANSLATED]"
s_011227,Alshark (Ending disk).hdm,0x1193F3,"莟`!瑣""","[UNTRANSLATED]"
s_011228,Alshark (Ending disk).hdm,0x119A52,"占ｱ#@嗔","[UNTRANSLATED]"
s_011229,Alshark (Ending disk).hdm,0x119BB3,"亜qﾋ8櫟","[UNTRANSLATED]"
s_011230,Alshark (Ending disk).hdm,0x119CB1,"質#ｿ5ｵNｯ`ｯrｯ┗ｼ民ｨｫH","[UNTRANSLATED]"
s_011231,Alshark (Ending disk).hdm,0x119D11,"碑 5BT羈","[UNTRANSLATED]"
s_011232,Alshark (Ending disk).hdm,0x119EF8,"溽h信ｵQq","[UNTRANSLATED]"
s_011233,Alshark (Ending disk).hdm,0x119F3B,"巒ﾋHﾋ@A咫 ﾊ","[UNTRANSLATED]"
s_011234,Alshark (Ending disk).hdm,0x11A030,"鶸A濟/l ｨp ｯｰﾚ/","[UNTRANSLATED]"
s_011236,Alshark (Ending disk).hdm,0x11A4FB,"憫ｧｷQ掴","[UNTRANSLATED]"
s_011237,Alshark (Ending disk).hdm,0x11A566,"竈`靄*","[UNTRANSLATED]"
s_011238,Alshark (Ending disk).hdm,0x11A65E,"濮Lｭ狢","[UNTRANSLATED]"
s_011239,Alshark (Ending disk).hdm,0x11A6F1,"裄ｬP_蕩ﾋ T","[UNTRANSLATED]"
s_011240,Alshark (Ending disk).hdm,0x11A84E,"鋿*q_!ﾈP穡","[UNTRANSLATED]"
s_011241,Alshark (Ending disk).hdm,0x11A90D,"疵ｽ瞻q51","[UNTRANSLATED]"
s_011242,Alshark (Ending disk).hdm,0x11B0D4,"蘇@ｨWs彖","[UNTRANSLATED]"
s_011243,Alshark (Ending disk).hdm,0x11B168,"犾顎&Pk0E","[UNTRANSLATED]"
s_011244,Alshark (Ending disk).hdm,0x11B3F3,"挑ﾂyﾑ瑣","[UNTRANSLATED]"
s_011246,Alshark (Ending disk).hdm,0x11B944,"雕ﾏﾊﾏﾜﾍｿH神","[UNTRANSLATED]"
s_011248,Alshark (Ending disk).hdm,0x11C189,"戉ｯｻE或rｹｯ","[UNTRANSLATED]"
s_011252,Alshark (Ending disk).hdm,0x11CE84,"錙鷄ﾐa","[UNTRANSLATED]"
s_011253,Alshark (Ending disk).hdm,0x11D199,"宅B6玳","[UNTRANSLATED]"
s_011254,Alshark (Ending disk).hdm,0x11D1A6,"粧ｰ燭`aﾁh","[UNTRANSLATED]"
s_011255,Alshark (Ending disk).hdm,0x11D4A8,"症聶u`ﾀ0$","[UNTRANSLATED]"
s_011257,Alshark (Ending disk).hdm,0x11DD26,"琅莟0N0","[UNTRANSLATED]"
s_011259,Alshark (Ending disk).hdm,0x11DED6,"修wQ>叢","[UNTRANSLATED]"
s_011262,Alshark (Ending disk).hdm,0x11E112,"麾ﾐX怕s","[UNTRANSLATED]"
s_011263,Alshark (Ending disk).hdm,0x11E179,"溝昵ﾎ!S$7","[UNTRANSLATED]"
s_011265,Alshark (Ending disk).hdm,0x11E518,"懌炬ﾏｼX@","[UNTRANSLATED]"
s_011267,Alshark (Ending disk).hdm,0x11E688,"鳧艮･ﾟｩﾐ","[UNTRANSLATED]"
s_011268,Alshark (Ending disk).hdm,0x11E931,"ッ改>ＧA","[UNTRANSLATED]"
s_011269,Alshark (Ending disk).hdm,0x11E9FB,"爨1ﾀ逗r","[UNTRANSLATED]"
s_011271,Alshark (Ending disk).hdm,0x11F0C7,"痾ｾ爰ｱﾇB0ｱ","[UNTRANSLATED]"
s_011275,Alshark (Ending disk).hdm,0x11F631,"瓠$｡a蒸2","[UNTRANSLATED]"
s_011278,Alshark (Ending disk).hdm,0x11F98F,"瀨ｯO'ﾇ躊ｰ7","[UNTRANSLATED]"
s_011279,Alshark (Ending disk).hdm,0x11FACD,"鏖Kﾕｹ燵%","[UNTRANSLATED]"
s_011281,Alshark (Ending disk).hdm,0x11FBA9,"霻U`倭E","[UNTRANSLATED]"
s_011282,Alshark (Ending disk).hdm,0x11FECE,"猾5ﾟ痊","[UNTRANSLATED]"
s_011284,Alshark (Ending disk).hdm,0x12002C,"碌翩ﾏﾟe1","[UNTRANSLATED]"
s_011285,Alshark (Ending disk).hdm,0x12004E,"緋qｬWC秕","[UNTRANSLATED]"
s_011287,Alshark (Ending disk).hdm,0x120556,"唇｢OｴOﾆOﾘO鶲ﾞｹ?","[UNTRANSLATED]"
s_011288,Alshark (Ending disk).hdm,0x1206B3,"倫ｩﾏｻﾏﾍﾏｰｾ鋓ﾇﾐ","[UNTRANSLATED]"
s_011290,Alshark (Ending disk).hdm,0x120AB9,"煌@0|瞋`ｯ","[UNTRANSLATED]"
s_011294,Alshark (Ending disk).hdm,0x121305,"鉙:}`畫ﾀ","[UNTRANSLATED]"
s_011295,Alshark (Ending disk).hdm,0x12138A,"念ｦOｸOﾊOﾜO瑢Z","[UNTRANSLATED]"
s_011296,Alshark (Ending disk).hdm,0x1213C2,"穣ﾐ-犖0ｹ","[UNTRANSLATED]"
s_011297,Alshark (Ending disk).hdm,0x1215B7,"進ｰﾙ燬ﾒ","[UNTRANSLATED]"
s_011299,Alshark (Ending disk).hdm,0x121753,"瑾R椡ｰ｢K","[UNTRANSLATED]"
s_011300,Alshark (Ending disk).hdm,0x121875,"粧｡ﾄ錝$R･","[UNTRANSLATED]"
s_011301,Alshark (Ending disk).hdm,0x121921,"醫暃ﾐ｡ﾀ","[UNTRANSLATED]"
s_011302,Alshark (Ending disk).hdm,0x1219FA,"鰕ﾒ｣D俗","[UNTRANSLATED]"
s_011303,Alshark (Ending disk).hdm,0x121A38,"泚ｻ硺s_","[UNTRANSLATED]"
s_011305,Alshark (Ending disk).hdm,0x121DB2,"祚ﾀﾐﾀ､｡竢","[UNTRANSLATED]"
s_011306,Alshark (Ending disk).hdm,0x121DE7,"漾P｣;Pｧﾐｼ 訐","[UNTRANSLATED]"
s_011307,Alshark (Ending disk).hdm,0x121E68,"腋ﾏ耘x<","[UNTRANSLATED]"
s_011308,Alshark (Ending disk).hdm,0x1220AA,"弐軅ﾇﾏｯ","[UNTRANSLATED]"
s_011309,Alshark (Ending disk).hdm,0x122352,"酔 ｳ`|琅I","[UNTRANSLATED]"
s_011310,Alshark (Ending disk).hdm,0x1223CA,"爍wﾞｹw笄","[UNTRANSLATED]"
s_011311,Alshark (Ending disk).hdm,0x122454,"會竭phﾀJ","[UNTRANSLATED]"
s_011312,Alshark (Ending disk).hdm,0x1224EF,"碩a韻Ｖ","[UNTRANSLATED]"
s_011314,Alshark (Ending disk).hdm,0x1228F6,"習旭ﾂx","[UNTRANSLATED]"
s_011315,Alshark (Ending disk).hdm,0x122A68,"萠ﾀfﾏ疹","[UNTRANSLATED]"
s_011316,Alshark (Ending disk).hdm,0x122C42,"槨ｰﾟｴ艾hP","[UNTRANSLATED]"
s_011317,Alshark (Ending disk).hdm,0x122F27,"植1f!侠E@ｿ?","[UNTRANSLATED]"
s_011319,Alshark (Ending disk).hdm,0x1234B0,"滿臉ｪTｩUｹ","[UNTRANSLATED]"
s_011320,Alshark (Ending disk).hdm,0x123569,"拝螻PｨP","[UNTRANSLATED]"
s_011321,Alshark (Ending disk).hdm,0x123656,"耡V･ﾐ澗","[UNTRANSLATED]"
s_011322,Alshark (Ending disk).hdm,0x12375C,"涸ｽ蘯6A","[UNTRANSLATED]"
s_011323,Alshark (Ending disk).hdm,0x123883,"故ﾎﾆ跚B7","[UNTRANSLATED]"
s_011324,Alshark (Ending disk).hdm,0x123A0F,"鈩ｰ~諌?","[UNTRANSLATED]"
s_011325,Alshark (Ending disk).hdm,0x123C64,"獵09n矜","[UNTRANSLATED]"
s_011326,Alshark (Ending disk).hdm,0x123D28,"懺靫ﾎ;4","[UNTRANSLATED]"
s_011327,Alshark (Ending disk).hdm,0x123D77,"炙ｫ熬ﾀﾀ","[UNTRANSLATED]"
s_011329,Alshark (Ending disk).hdm,0x123FF1,"γ瀾,ﾅ衲ﾏ","[UNTRANSLATED]"
s_011331,Alshark (Ending disk).hdm,0x1240F5,"笙線ﾏ@TﾁFﾀ","[UNTRANSLATED]"
s_011332,Alshark (Ending disk).hdm,0x12449B,"懶杲ﾝﾜｮ","[UNTRANSLATED]"
s_011333,Alshark (Ending disk).hdm,0x124577,"琲ﾕ鰈ｾﾀ","[UNTRANSLATED]"
s_011335,Alshark (Ending disk).hdm,0x1248E3,"姫ﾉﾐ徨UｨG?","[UNTRANSLATED]"
s_011336,Alshark (Ending disk).hdm,0x124ABB,"唸ｺ<ｼ糘","[UNTRANSLATED]"
s_011338,Alshark (Ending disk).hdm,0x124BEB,"濆P淬ﾋｲKﾀPﾀ","[UNTRANSLATED]"
s_011340,Alshark (Ending disk).hdm,0x124D46,"猝P6涬?ﾀQ","[UNTRANSLATED]"
s_011342,Alshark (Ending disk).hdm,0x124F2A,"瓠3狹ﾀﾟ#","[UNTRANSLATED]"
s_011344,Alshark (Ending disk).hdm,0x1250B6,"襞ﾒBﾟh盥","[UNTRANSLATED]"
s_011345,Alshark (Ending disk).hdm,0x1251E7,"炬楞ⅵp","[UNTRANSLATED]"
s_011348,Alshark (Ending disk).hdm,0x125384,"粃ﾂAっﾑ","[UNTRANSLATED]"
s_011349,Alshark (Ending disk).hdm,0x12542B,"佇瑩qﾟp1 ! ｫ","[UNTRANSLATED]"
s_011350,Alshark (Ending disk).hdm,0x1254CB,"臣>ⅸo馞}|","[UNTRANSLATED]"
s_011351,Alshark (Ending disk).hdm,0x125591,"跼5rQ狒","[UNTRANSLATED]"
s_011352,Alshark (Ending disk).hdm,0x125753,"斛f黔ｳy?ｻYｼ]ｼ]yQ","[UNTRANSLATED]"
s_011355,Alshark (Ending disk).hdm,0x125847,"淹軫ﾀSｰ","[UNTRANSLATED]"
s_011356,Alshark (Ending disk).hdm,0x125990,"渟ﾐ瑟ｫ`","[UNTRANSLATED]"
s_011359,Alshark (Ending disk).hdm,0x125BB4,"跂ﾁﾃ勝ﾗｴ","[UNTRANSLATED]"
s_011360,Alshark (Ending disk).hdm,0x126211,"観慫ｮﾏﾀﾈ","[UNTRANSLATED]"
s_011361,Alshark (Ending disk).hdm,0x126307,"扈\0癌@","[UNTRANSLATED]"
s_011362,Alshark (Ending disk).hdm,0x1265CC,"瑩ﾈﾄ瑩08","[UNTRANSLATED]"
s_011363,Alshark (Ending disk).hdm,0x126648,"搓ﾍｿﾎ踐","[UNTRANSLATED]"
s_011364,Alshark (Ending disk).hdm,0x126662,"症胝\ｨP","[UNTRANSLATED]"
s_011366,Alshark (Ending disk).hdm,0x1267AD,"瑩}m~･ぱ","[UNTRANSLATED]"
s_011368,Alshark (Ending disk).hdm,0x126822,"隝｣ｿ昕ﾇｶ","[UNTRANSLATED]"
s_011370,Alshark (Ending disk).hdm,0x12697F,"浹湜i@Tﾁ","[UNTRANSLATED]"
s_011371,Alshark (Ending disk).hdm,0x126AB0,"蓆PYﾙｻ3w琦o","[UNTRANSLATED]"
s_011372,Alshark (Ending disk).hdm,0x126B46,"耘鉞ﾆﾀﾄ0\ﾑ","[UNTRANSLATED]"
s_011373,Alshark (Ending disk).hdm,0x126C16,"月沾?1v","[UNTRANSLATED]"
s_011374,Alshark (Ending disk).hdm,0x126C6A,"叨ｹﾟｳｲtd蒻 ﾌ","[UNTRANSLATED]"
s_011375,Alshark (Ending disk).hdm,0x126E3B,"罅賞Pｴ'ﾞ","[UNTRANSLATED]"
s_011376,Alshark (Ending disk).hdm,0x127125,"以絜ｧﾘq","[UNTRANSLATED]"
s_011378,Alshark (Ending disk).hdm,0x127463,"渙ﾊﾄ喝Bｰ","[UNTRANSLATED]"
s_011383,Alshark (Ending disk).hdm,0x1278CD,"恕刈`｢A","[UNTRANSLATED]"
s_011384,Alshark (Ending disk).hdm,0x127924,"煬ｯ椡ｯﾂｯﾔｯ","[UNTRANSLATED]"
s_011385,Alshark (Ending disk).hdm,0x1279AE,"鈬[ﾂ狢|pﾀ","[UNTRANSLATED]"
s_011387,Alshark (Ending disk).hdm,0x127C9C,"胚r2R聰ﾀｿﾃ","[UNTRANSLATED]"
s_011388,Alshark (Ending disk).hdm,0x127E7F,"碓娑ｭOJ","[UNTRANSLATED]"
s_011389,Alshark (Ending disk).hdm,0x127FEA,"嬌ｷ4qﾊ俿","[UNTRANSLATED]"
s_011390,Alshark (Ending disk).hdm,0x1280A1,"机Aｰ吹/","[UNTRANSLATED]"
s_011392,Alshark (Ending disk).hdm,0x12822A,"勝ｿﾗ浸2","[UNTRANSLATED]"
s_011394,Alshark (Ending disk).hdm,0x128310,"鱆ﾅｵポｽ鶴ﾏ[ﾉ","[UNTRANSLATED]"
s_011395,Alshark (Ending disk).hdm,0x1284A5,"鄲処p｡","[UNTRANSLATED]"
s_011396,Alshark (Ending disk).hdm,0x128799,"瑩?ｽｻｳ肭","[UNTRANSLATED]"
s_011397,Alshark (Ending disk).hdm,0x1287A3,"獪旨ﾐ≒","[UNTRANSLATED]"
s_011398,Alshark (Ending disk).hdm,0x1288ED,"署ﾐ鄙a17","[UNTRANSLATED]"
s_011399,Alshark (Ending disk).hdm,0x128917,"脊@ｼOﾎO澎ﾔﾀUﾗp","[UNTRANSLATED]"
s_011400,Alshark (Ending disk).hdm,0x1289DD,"鐐s澄T1</q","[UNTRANSLATED]"
s_011402,Alshark (Ending disk).hdm,0x128BF3,"矼崧ZmfｿnA","[UNTRANSLATED]"
s_011403,Alshark (Ending disk).hdm,0x128E29,"邵仟Q｡","[UNTRANSLATED]"
s_011405,Alshark (Ending disk).hdm,0x128ED0,"鼻偸ｲｲｰⅰ","[UNTRANSLATED]"
s_011407,Alshark (Ending disk).hdm,0x128FBE,"燠P|羊","[UNTRANSLATED]"
s_011408,Alshark (Ending disk).hdm,0x1290BB,"唇ﾑ!矣","[UNTRANSLATED]"
s_011409,Alshark (Ending disk).hdm,0x1291A7,"黑ﾜ垠5-","[UNTRANSLATED]"
s_011410,Alshark (Ending disk).hdm,0x1291B4,"鱒＼$ !>ｾy篩ﾏ","[UNTRANSLATED]"
s_011411,Alshark (Ending disk).hdm,0x1292DB,"韲ﾜ>叢x","[UNTRANSLATED]"
s_011412,Alshark (Ending disk).hdm,0x12939F,"蚪R1ｰ7滷>","[UNTRANSLATED]"
s_011415,Alshark (Ending disk).hdm,0x1295E7,"漾p`濤ｼ","[UNTRANSLATED]"
s_011419,Alshark (Ending disk).hdm,0x129A08,"沁 t`贈","[UNTRANSLATED]"
s_011420,Alshark (Ending disk).hdm,0x129C1A,"豎ﾘz｡耙$a","[UNTRANSLATED]"
s_011421,Alshark (Ending disk).hdm,0x129CD7,"犖1｢ 皛ﾛ","[UNTRANSLATED]"
s_011422,Alshark (Ending disk).hdm,0x129D7E,"糘T蝉5p","[UNTRANSLATED]"
s_011423,Alshark (Ending disk).hdm,0x129F75,"捶匍D ｿ`ﾏﾐ","[UNTRANSLATED]"
s_011424,Alshark (Ending disk).hdm,0x129FFB,"噸籬brｲ｢㍑ ﾟ","[UNTRANSLATED]"
s_011425,Alshark (Ending disk).hdm,0x12A095,"辣87ｰ)髪ｦｯｸｯﾊｯ2ｾﾆｲ","[UNTRANSLATED]"
s_011428,Alshark (Ending disk).hdm,0x12A345,"韵ﾟI`ﾜqr卍ｽ","[UNTRANSLATED]"
s_011430,Alshark (Ending disk).hdm,0x12A6C7,"酌ﾟ{ｱ傴oVｯhｯ","[UNTRANSLATED]"
s_011431,Alshark (Ending disk).hdm,0x12A80D,"盜ヤ1""ｾ6","[UNTRANSLATED]"
s_011432,Alshark (Ending disk).hdm,0x12A9BC,"煕璧ﾖｘ3\","[UNTRANSLATED]"
s_011435,Alshark (Ending disk).hdm,0x12AE97,"斬ﾋp印","[UNTRANSLATED]"
s_011436,Alshark (Ending disk).hdm,0x12AF53,"杷c|懆ｰ","[UNTRANSLATED]"
s_011437,Alshark (Ending disk).hdm,0x12AF90,"銧<簑ｰ","[UNTRANSLATED]"
s_011438,Alshark (Ending disk).hdm,0x12B0B4,"綷ｷﾛ咊ﾗ","[UNTRANSLATED]"
s_011439,Alshark (Ending disk).hdm,0x12B3B8,"ス纊ｻﾋ6`","[UNTRANSLATED]"
s_011440,Alshark (Ending disk).hdm,0x12B4C3,"焏ﾂﾅr2ﾛpｯ潺 b","[UNTRANSLATED]"
s_011441,Alshark (Ending disk).hdm,0x12B702,"処･椹@>o","[UNTRANSLATED]"
s_011442,Alshark (Ending disk).hdm,0x12B7DE,"磋78囘D2","[UNTRANSLATED]"
s_011443,Alshark (Ending disk).hdm,0x12BBB7,"衂E珀0ﾀsp","[UNTRANSLATED]"
s_011446,Alshark (Ending disk).hdm,0x12BE1E,"Ｐ俳ｦoﾀｸoﾊoﾜo綷","[UNTRANSLATED]"
s_011447,Alshark (Ending disk).hdm,0x12C146,"登･oｷoﾉoﾛo卲","[UNTRANSLATED]"
s_011448,Alshark (Ending disk).hdm,0x12C302,"焜ｿeﾏwﾏ両","[UNTRANSLATED]"
s_011449,Alshark (Ending disk).hdm,0x12C40B,"筱ﾂp`狢 ﾁ","[UNTRANSLATED]"
s_011450,Alshark (Ending disk).hdm,0x12C457,"滂ﾒ銧ﾖｱﾄ","[UNTRANSLATED]"
s_011452,Alshark (Ending disk).hdm,0x12C7E6,"際ﾇ巵･ﾐM","[UNTRANSLATED]"
s_011454,Alshark (Ending disk).hdm,0x12CA0F,"状翕⇔ｯﾞｯ","[UNTRANSLATED]"
s_011456,Alshark (Ending disk).hdm,0x12CBBB,"狢哈y0","[UNTRANSLATED]"
s_011459,Alshark (Ending disk).hdm,0x12CFC8,"瘴銛｡`ﾏ","[UNTRANSLATED]"
s_011460,Alshark (Ending disk).hdm,0x12D11F,"醯ｱﾜg沢o","[UNTRANSLATED]"
s_011461,Alshark (Ending disk).hdm,0x12D387,"促c眩1~ｯﾐﾘ","[UNTRANSLATED]"
s_011462,Alshark (Ending disk).hdm,0x12D3D5,"聶珮>GQ","[UNTRANSLATED]"
s_011464,Alshark (Ending disk).hdm,0x12D499,"煜#hﾎ仙｢","[UNTRANSLATED]"
s_011465,Alshark (Ending disk).hdm,0x12D682,"袮涯ｪnDﾑ","[UNTRANSLATED]"
s_011466,Alshark (Ending disk).hdm,0x12D691,"繝#ﾓ;瑢","[UNTRANSLATED]"
s_011467,Alshark (Ending disk).hdm,0x12D7BD,"砠{q眤Qp","[UNTRANSLATED]"
s_011468,Alshark (Ending disk).hdm,0x12D813,"狠畳Yﾐｫｰ","[UNTRANSLATED]"
s_011471,Alshark (Ending disk).hdm,0x12DBFA,"珮ﾑ0 dU 嬉","[UNTRANSLATED]"
s_011472,Alshark (Ending disk).hdm,0x12DC8F,"た｡Wｯ\ｴｫ$愈Qr]","[UNTRANSLATED]"
s_011474,Alshark (Ending disk).hdm,0x12DE2F,"愚ｯ_ﾋAD瀨ﾞﾓ","[UNTRANSLATED]"
s_011475,Alshark (Ending disk).hdm,0x12DE6A,"櫺XC曇","[UNTRANSLATED]"
s_011476,Alshark (Ending disk).hdm,0x12DEF4,"釵ﾘ@蠶b","[UNTRANSLATED]"
s_011477,Alshark (Ending disk).hdm,0x12E040,"蛯｡匈uﾑ","[UNTRANSLATED]"
s_011478,Alshark (Ending disk).hdm,0x12E1E7,"畝iB験÷ﾍｰJ0c","[UNTRANSLATED]"
s_011479,Alshark (Ending disk).hdm,0x12E30F,"陵褪yqatｿ0","[UNTRANSLATED]"
s_011480,Alshark (Ending disk).hdm,0x12E40C,"痼ﾀ0ﾞ""ﾏ鑈ﾗ/: 4 ｾ","[UNTRANSLATED]"
s_011481,Alshark (Ending disk).hdm,0x12E859,"沍靤ﾁﾇS K!","[UNTRANSLATED]"
s_011482,Alshark (Ending disk).hdm,0x12E89A,"跪靤[C~2PO_o0","[UNTRANSLATED]"
s_011483,Alshark (Ending disk).hdm,0x12EA7E,"惜ﾀﾗﾐ帰","[UNTRANSLATED]"
s_011484,Alshark (Ending disk).hdm,0x12EC27,"磚ｱ!τ夸","[UNTRANSLATED]"
s_011485,Alshark (Ending disk).hdm,0x12ED74,"襤ﾈｱｪ青tﾊ","[UNTRANSLATED]"
s_011486,Alshark (Ending disk).hdm,0x12ED8D,"位僧ｱﾗﾀ","[UNTRANSLATED]"
s_011487,Alshark (Ending disk).hdm,0x12EDC6,"禅Bｪb#瞭ｰ","[UNTRANSLATED]"
s_011489,Alshark (Ending disk).hdm,0x12EEEA,"璧ｧ〆 灑","[UNTRANSLATED]"
s_011490,Alshark (Ending disk).hdm,0x12EF73,"扇b尿(0","[UNTRANSLATED]"
s_011491,Alshark (Ending disk).hdm,0x12EFC3,"浤搬'｡","[UNTRANSLATED]"
s_011492,Alshark (Ending disk).hdm,0x12F027,"苅ｽPﾇ裄","[UNTRANSLATED]"
s_011493,Alshark (Ending disk).hdm,0x12F064,"裄ﾉb躊D","[UNTRANSLATED]"
s_011494,Alshark (Ending disk).hdm,0x12F0C3,"啻ﾘO眸@ｫｰ","[UNTRANSLATED]"
s_011495,Alshark (Ending disk).hdm,0x12F119,"晨Qｶ逝","[UNTRANSLATED]"
s_011496,Alshark (Ending disk).hdm,0x12F223,"狡簍qh Β","[UNTRANSLATED]"
s_011497,Alshark (Ending disk).hdm,0x12F27C,"淺ﾜ^羝@","[UNTRANSLATED]"
s_011498,Alshark (Ending disk).hdm,0x12F2FB,"朽a7床ﾀﾀ","[UNTRANSLATED]"
s_011499,Alshark (Ending disk).hdm,0x12F37E,"蔀kPw譏","[UNTRANSLATED]"
s_011500,Alshark (Ending disk).hdm,0x12F4C5,"眤涛hUB","[UNTRANSLATED]"
s_011501,Alshark (Ending disk).hdm,0x12F691,"窶ハpFﾑ>ﾗﾐ","[UNTRANSLATED]"
s_011503,Alshark (Ending disk).hdm,0x12F8B3,"竈ﾒj獻ﾑ","[UNTRANSLATED]"
s_011504,Alshark (Ending disk).hdm,0x12FB3B,"渮ﾇﾇﾗﾛﾝｸPｪ請","[UNTRANSLATED]"
s_011505,Alshark (Ending disk).hdm,0x12FCE7,"栓縣lk1","[UNTRANSLATED]"
s_011506,Alshark (Ending disk).hdm,0x12FD2F,"鑾P癇Lﾀ","[UNTRANSLATED]"
s_011508,Alshark (Ending disk).hdm,0x12FF10,"浹菲ﾁ9u","[UNTRANSLATED]"
s_011510,Alshark (Ending disk).hdm,0x13015E,"巵^9Cｿ梵ﾏ","[UNTRANSLATED]"
s_011511,Alshark (Ending disk).hdm,0x130314,"析r惺ﾀG`","[UNTRANSLATED]"
s_011513,Alshark (Data disk).hdm,0x032280,"ア#@K@#@ァ#P","[UNTRANSLATED]"
s_011515,Alshark (Data disk).hdm,0x09B7C2,"鼻橿!@0","[UNTRANSLATED]"
s_011516,Alshark (Data disk).hdm,0x02F700,"郎郎郎郎郎郎郎郎郎郎郎郎郎郎郎","[UNTRANSLATED]"
s_011517,Alshark (Data disk).hdm,0x032800,"鈴鈴鈴鈴鈴鈴鈴鈴鈴鈴鈴鈴鈴鈴鈴鈴","[UNTRANSLATED]"
s_011519,Alshark (Data disk).hdm,0x03B960,"演演演演緒緒緒演演演演演演演緒","[UNTRANSLATED]"
s_011521,Alshark (Data disk).hdm,0x06E6C0,"沺沺沺沺沺沺沺沺沺沺沺沺沺沺沺沺` `              ` `","[UNTRANSLATED]"
s_011522,Alshark (Data disk).hdm,0x070E21,"奢傲壓傲塋侘塋侘塋侘塋侘塋傲奩","[UNTRANSLATED]"
s_011523,Alshark (Data disk).hdm,0x07977B,"ャuuuャャャャuャャブuャャャャャャャuuャャャャャャャブu","[UNTRANSLATED]"
s_011524,Alshark (Data disk).hdm,0x0797E0,"ャャャャャャャャャャャャャャャャ","[UNTRANSLATED]"
s_011525,Alshark (Data disk).hdm,0x07C4A1,"蟐遯蟐遯蟐遯蟐遯蟐遯蟐遯蟐遯蟐軾","[UNTRANSLATED]"
s_011527,Alshark (Data disk).hdm,0x072480,"籘陂籥陷｢ﾀ陷籥陂｢ﾚ陂籘陂籘ｨ懌ﾞ閠ﾚ鋐﨨","[UNTRANSLATED]"
s_011528,Alshark (Data disk).hdm,0x117AC7,"餌冓兮ｹiｹaｹiｹaｹiｹaｹiｹaｹiｹﾛvﾕ~ｿ~ｶvｾfｶfｾFｶFｾFｶFｾFｶFｾFｶFｾFｶFﾘ@ﾙﾀﾙﾀｹﾀ丗埖埖埖埖埖埖埖埖埖埖Zﾀ$","[UNTRANSLATED]"
s_011529,Alshark (Data disk).hdm,0x129105,"燹熄爰爰犁犁犁犁犁犁犁犁犢濂ﾀD","[UNTRANSLATED]"
s_011530,Alshark (Data disk).hdm,0x06E9A4,"鋺鋺鋺鋺鋺鋺鋺鋺鋺鋺鋺鋺鋺","[UNTRANSLATED]"
s_011531,Alshark (Data disk).hdm,0x072302,"陷籥陂籘ｨ倪ﾚ陂籥陷｢ﾀ陷籥陂籘ｨ俑","[UNTRANSLATED]"
s_011532,Alshark (Data disk).hdm,0x072601,"珒ﾞ筐鐃籥閠BﾞH椶ﾞ陞籥陷籥陷籥陷","[UNTRANSLATED]"
s_011533,Alshark (Data disk).hdm,0x073900,"簑陷｢ﾞ陂籘陂籘ｨ倪ﾞ陷簑陷｢ﾞ陂籘陂ﾚ","[UNTRANSLATED]"
s_011534,Alshark (Data disk).hdm,0x079741,"ャuブuuuuuuuブuャブuuuuuuuuuuuuャuャャブuuuuuuuャャャャuu","[UNTRANSLATED]"
s_011536,Alshark (Data disk).hdm,0x12757F,"胎肭肆#眦渹瀅瀅瀅瀅瀅瀅榘暠m","[UNTRANSLATED]"
s_011537,Alshark (Data disk).hdm,0x07A328,"癖ｪ讙茗讙茗讙茗讙茗讙茗諫?\","[UNTRANSLATED]"
s_011538,Alshark (Data disk).hdm,0x07C428,"碧ｪ遯蟐遯蟐遯蟐遯蟐遯蟐轎?\","[UNTRANSLATED]"
s_011539,Alshark (Data disk).hdm,0x1193E8,"倭倭彖彖彖形形形形覗廃廃","[UNTRANSLATED]"
s_011540,Alshark (Data disk).hdm,0x07A0A1,"茗讙茗讙茗讙茗讙茗豁ﾄｴ竃(ｫﾚ","[UNTRANSLATED]"
s_011541,Alshark (Data disk).hdm,0x07A7A9,"覦覦覦覦覦覦覦覦覦襾訥","[UNTRANSLATED]"
s_011542,Alshark (Data disk).hdm,0x07C521,"蟐遯蟐遯蟐遯蟐遯蟐遲ﾅｴ許)ｫﾛ","[UNTRANSLATED]"
s_011543,Alshark (Data disk).hdm,0x117E40,"檗檗檗檗檗檗檗檗歔歔歔","[UNTRANSLATED]"
s_011544,Alshark (Data disk).hdm,0x1223CC,"枹枹枹枹枹枹枹枹辰辰ﾀ萄","[UNTRANSLATED]"
s_011545,Alshark (Data disk).hdm,0x03BB13,"置TxrtPrｲuTz2埆拈圀誉埆捕埆棒椽","[UNTRANSLATED]"
s_011546,Alshark (Data disk).hdm,0x0710E8,"黴ｪ語謙語謙語謙語謙語","[UNTRANSLATED]"
s_011548,Alshark (Data disk).hdm,0x06DE3F,"ⅳ趺賤f貿,贓跿踟跼跼跌","[UNTRANSLATED]"
s_011549,Alshark (Data disk).hdm,0x11930B,"匐Rｲﾒｴ腸超腸超腸超腸帖ﾃd","[UNTRANSLATED]"
s_011552,Alshark (Data disk).hdm,0x013062,"拾ﾏワ･ﾀ｣銃ﾙ縺eﾙ縺eﾛ縺`ﾙ蛛`ﾟ轣","[UNTRANSLATED]"
s_011553,Alshark (Data disk).hdm,0x0292FD,"逗!=閙ﾐ~閙ﾐ~閙ﾐ~閙ﾐ~閙ﾐ~閙ﾐ~閙ﾐ","[UNTRANSLATED]"
s_011556,Alshark (Data disk).hdm,0x061303,"誘]､鈺ﾝ遊]U訷ﾝﾄV誘]､鈺ﾝ遊]U訷","[UNTRANSLATED]"
s_011557,Alshark (Data disk).hdm,0x0CBA89,"瓏 g0ｿﾀG@L@ZﾐZ@ｽ濳瓔狄煥熏ｰ衵鋗`ｰ""ｰ#ｰ7","[UNTRANSLATED]"
s_011558,Alshark (Data disk).hdm,0x10C2E0,"咆ﾘ恝昞樰栁昞伹棈","[UNTRANSLATED]"
s_011561,Alshark (Data disk).hdm,0x1254C0,"廟ｪｯ廟ｪｯ廟ｪｯ廟ｪｪ棒ｮｯ廟ｪｮ表ｪｮ氷ｪｬ","[UNTRANSLATED]"
s_011563,Alshark (Data disk).hdm,0x013C25,"插=尚次凱Ю赦ﾉﾕ艦寡","[UNTRANSLATED]"
s_011565,Alshark (Data disk).hdm,0x026764,"繒ﾍX靜ﾔﾉ鶚絖ﾒﾄ籵馘ﾑ@ｫdﾓD苣","[UNTRANSLATED]"
s_011566,Alshark (Data disk).hdm,0x02B5A7,"醒ﾀ纔眥繞眤縺眤｣","[UNTRANSLATED]"
s_011569,Alshark (Data disk).hdm,0x04B884,"準#ﾀ~ﾀ#ﾀ沼+ﾎ芹'ﾒ載'ﾒ再'ﾂ疑綷","[UNTRANSLATED]"
s_011570,Alshark (Data disk).hdm,0x04C984,"俵ｪｩ俵ｪｩ俵ｪｩ俵ｪｩ俵ｪｩ俵ｪｩ俵ｪｩ","[UNTRANSLATED]"
s_011574,Alshark (Data disk).hdm,0x0E5CE9,"讙ｪeLC筏圀ｺ取旡iﾌ汪砺ｵZ4","[UNTRANSLATED]"
s_011576,Alshark (Data disk).hdm,0x120167,"辱ｰz食濳ｰj諏ｰH辱ｰJ辱ｰx辱ｰ","[UNTRANSLATED]"
s_011577,Alshark (Data disk).hdm,0x125645,"禪鷂＂鷂＂鷂＂鷂＂鷁ZR墫[ﾒｻ","[UNTRANSLATED]"
s_011579,Alshark (Data disk).hdm,0x12700B,"气淌淌淌淺槁槁ｽﾇｽﾇｽﾇｽ","[UNTRANSLATED]"
s_011580,Alshark (Data disk).hdm,0x000D85,"分褜澵ﾂﾆ簀ﾈﾎﾂﾇi感ヾITDｻ!
Bｮｷ","[UNTRANSLATED]"
s_011581,Alshark (Data disk).hdm,0x005C28,"粟"">粟"">粟"">粟"">粟"">粟"">","[UNTRANSLATED]"
s_011584,Alshark (Data disk).hdm,0x0077D1,"滄椨泝枋沂檐","[UNTRANSLATED]"
s_011585,Alshark (Data disk).hdm,0x00A400,"蚩灼被薔ｮ棒mｭ棊","[UNTRANSLATED]"
s_011586,Alshark (Data disk).hdm,0x010574,"椚wRﾝｳ偂峵_Uｦｭ躙豈躑","[UNTRANSLATED]"
s_011589,Alshark (Data disk).hdm,0x02AF2A,"繽睹繽睹繽睹｣","[UNTRANSLATED]"
s_011590,Alshark (Data disk).hdm,0x02B2A9,"唳唳ﾚY唳ﾚY唳ﾚY唳ﾚY唳ﾒI","[UNTRANSLATED]"
s_011592,Alshark (Data disk).hdm,0x02B629,"唳唳ﾚY唳ﾚY唳ﾚY唳ﾚY唳ﾚY","[UNTRANSLATED]"
s_011594,Alshark (Data disk).hdm,0x037452,"漲ﾟ獷鍰鍰鍰鍰","[UNTRANSLATED]"
s_011596,Alshark (Data disk).hdm,0x039A8C,"沼+ﾎ芹'ﾒ載'ﾒ採'ﾂ謹綷","[UNTRANSLATED]"
s_011597,Alshark (Data disk).hdm,0x03BB34,"埆痢崛拈埆捕
ｺ^
ｺ","[UNTRANSLATED]"
s_011598,Alshark (Data disk).hdm,0x0426A2,"游|U震bﾞﾍeﾎﾚ孛蓑婉ﾎｪgQｰ街","[UNTRANSLATED]"
s_011599,Alshark (Data disk).hdm,0x046222,"蝣ｵﾕ曰鑅蝮逖童ｸ","[UNTRANSLATED]"
s_011602,Alshark (Data disk).hdm,0x04CA00,"俵ｪｩ俵ｪｩ俵ｪｩ俵ｪｩ俵ｪｩ俵ｪｩ","[UNTRANSLATED]"
s_011603,Alshark (Data disk).hdm,0x04E6E4,"霖ｱﾁ絏･QｭUｵU藏･U藏･U藏･U藐･U","[UNTRANSLATED]"
s_011606,Alshark (Data disk).hdm,0x05AB08,"讓3感蓐囲ﾄ棹<ﾜ湜sﾔｵｸｪ\","[UNTRANSLATED]"
s_011608,Alshark (Data disk).hdm,0x05F003,"祝耻sｨ觚W抖訷ﾝﾄ6櫪u","[UNTRANSLATED]"
s_011609,Alshark (Data disk).hdm,0x061384,"捫ｷﾝﾗV]U訷ﾝﾄV誘]､鈺ﾝ遊]U訷","[UNTRANSLATED]"
s_011613,Alshark (Data disk).hdm,0x079D2A,"鞜kw鰡kw鰡kw鰡kw鰡kw鰡","[UNTRANSLATED]"
s_011616,Alshark (Data disk).hdm,0x0A85A0,"実ｿ狄狃犲犲犧","[UNTRANSLATED]"
s_011617,Alshark (Data disk).hdm,0x0ABCF2,"珥Q狃澹狃澹牆ﾌ","[UNTRANSLATED]"
s_011618,Alshark (Data disk).hdm,0x0ACCF3,"澪牘澹爿澹狄ﾀ","[UNTRANSLATED]"
s_011620,Alshark (Data disk).hdm,0x0DD7C3,"瑩瑩瑩瑰ﾀ胙漾","[UNTRANSLATED]"
s_011621,Alshark (Data disk).hdm,0x103F87,"覦鍰鍰鍰鋧鋩","[UNTRANSLATED]"
s_011623,Alshark (Data disk).hdm,0x10BDED,"わんぅょまﾂfﾂ崢","[UNTRANSLATED]"
s_011625,Alshark (Data disk).hdm,0x10FA2B,"瀲`柝徘憫畋ﾟば","[UNTRANSLATED]"
s_011627,Alshark (Data disk).hdm,0x11875D,"族擶|壑箆七錦eｧ","[UNTRANSLATED]"
s_011628,Alshark (Data disk).hdm,0x1196E0,"廃廃朴堀堀竹ﾒ>R>K>I","[UNTRANSLATED]"
s_011629,Alshark (Data disk).hdm,0x119CD4,"舊舊舊舊舊舊─D","[UNTRANSLATED]"
s_011630,Alshark (Data disk).hdm,0x123260,"船船船船船船QDQE.:","[UNTRANSLATED]"
s_011644,Alshark (Data disk).hdm,0x025B7F,"栖ｰRNｺﾖu兜VQ鎌VY貫TU胃t","[UNTRANSLATED]"
s_011645,Alshark (Data disk).hdm,0x025F9B,"岸Wｮ圀ｵ%Jｰﾜﾑs⑭QU*@|嚆j{]樰婦","[UNTRANSLATED]"
s_011654,Alshark (Data disk).hdm,0x03D524,"巻俵ｪｪ俵ｪｪ俵ｨｪ廼ｪ*","[UNTRANSLATED]"
s_011655,Alshark (Data disk).hdm,0x041665,"уﾊg作陌暿譴ｼｲ:1鋒","[UNTRANSLATED]"
s_011658,Alshark (Data disk).hdm,0x044986,"錺ｱ*颯ﾕ*餮ｰ願@ﾔれ@","[UNTRANSLATED]"
s_011659,Alshark (Data disk).hdm,0x045F86,"沽ﾕ甁現･暙･0}]吸ｽ","[UNTRANSLATED]"
s_011664,Alshark (Data disk).hdm,0x04F9CE,"糎""ｪ然""ｯ船""ｫ禅""ｫ探","[UNTRANSLATED]"
s_011665,Alshark (Data disk).hdm,0x04FE01,"欟8ｪ振8ｪ俵?ｪ欟?ｪ欟?ｪ","[UNTRANSLATED]"
s_011667,Alshark (Data disk).hdm,0x056984,"揀ﾏOq洄釧ﾟ鉧ｴ溥m","[UNTRANSLATED]"
s_011668,Alshark (Data disk).hdm,0x058488,"鋓倢ﾚｮ薤寬｢ｪﾕQｪｪ俵ｪｪUU","[UNTRANSLATED]"
s_011670,Alshark (Data disk).hdm,0x060614,"弄Jｧ澹ﾚｹｱu寬珥ﾁﾁ珥@@","[UNTRANSLATED]"
s_011672,Alshark (Data disk).hdm,0x0650EE,"糅穡糅昻諟","[UNTRANSLATED]"
s_011674,Alshark (Data disk).hdm,0x06C042,"勦UU勦UU黄UUｩｩUUｩｩUEｩ儷Uｩ儷Uｩ","[UNTRANSLATED]"
s_011677,Alshark (Data disk).hdm,0x06E0A4,"鋺鋺鋺鋺鋺","[UNTRANSLATED]"
s_011678,Alshark (Data disk).hdm,0x06F205,"雉遘ﾗW煇誾炫","[UNTRANSLATED]"
s_011680,Alshark (Data disk).hdm,0x07252C,"硺劯劯皦劯","[UNTRANSLATED]"
s_011681,Alshark (Data disk).hdm,0x0751AA,"零ｯﾗwﾗｫ煇諠錞蝟","[UNTRANSLATED]"
s_011684,Alshark (Data disk).hdm,0x07722F,"擾胡fK況ﾓjﾃｵ曜ﾉ蝟","[UNTRANSLATED]"
s_011686,Alshark (Data disk).hdm,0x0797B5,"ャャブuャブ","[UNTRANSLATED]"
s_011687,Alshark (Data disk).hdm,0x0797C4,"ャuuャャャブ","[UNTRANSLATED]"
s_011690,Alshark (Data disk).hdm,0x07A501,"旭""ｬ旭""ｬ旭""ｬ旭""ｬ洌0ｧ","[UNTRANSLATED]"
s_011692,Alshark (Data disk).hdm,0x07BBA2,"鰡kw鰡kw鰡kw鰡ko鱇d","[UNTRANSLATED]"
s_011694,Alshark (Data disk).hdm,0x08B990,"汗滬奩謬敢","[UNTRANSLATED]"
s_011696,Alshark (Data disk).hdm,0x0B66CA,"騾騾藾aｰ甕Aﾐ 拭x","[UNTRANSLATED]"
s_011697,Alshark (Data disk).hdm,0x0D41C1,"璢瓔瓔瑰ﾀ暲","[UNTRANSLATED]"
s_011698,Alshark (Data disk).hdm,0x0D57E2,"咀｢珞滷濟瀟ﾀNﾀjﾀW","[UNTRANSLATED]"
s_011699,Alshark (Data disk).hdm,0x0D58E1,"犧php鑵鑵鑵ﾘ`鐐","[UNTRANSLATED]"
s_011700,Alshark (Data disk).hdm,0x0E2E95,"隲閘隸爿濔ﾞｾ","[UNTRANSLATED]"
s_011706,Alshark (Data disk).hdm,0x103869,"葱ﾒT麒尞衢ﾓ|>錦","[UNTRANSLATED]"
s_011707,Alshark (Data disk).hdm,0x10B581,"彁慥慥漏x胙; ｱｰ","[UNTRANSLATED]"
s_011708,Alshark (Data disk).hdm,0x10BD7B,"出夙ﾏｺ瑩限ｺ2珈","[UNTRANSLATED]"
s_011709,Alshark (Data disk).hdm,0x10CC90,"基滬夥付旗","[UNTRANSLATED]"
s_011710,Alshark (Data disk).hdm,0x10D270,"蓍繽繽繽肅","[UNTRANSLATED]"
s_011711,Alshark (Data disk).hdm,0x10DB60,"滌溷?秬ﾍ沮ｯｸﾏ庄8","[UNTRANSLATED]"
s_011712,Alshark (Data disk).hdm,0x10FA50,"广ﾟ~柧挈憙擴ﾟbﾏﾆ","[UNTRANSLATED]"
s_011714,Alshark (Data disk).hdm,0x110236,"ぷ塑ｰ蛆Qkﾀ?ﾈ濤女ｶ8`","[UNTRANSLATED]"
s_011718,Alshark (Data disk).hdm,0x11888B,"閣角角角魁","[UNTRANSLATED]"
s_011719,Alshark (Data disk).hdm,0x1188CB,"師姿姿姿察","[UNTRANSLATED]"
s_011720,Alshark (Data disk).hdm,0x118C70,"安詑:瓏珞瑁ﾀwﾀrﾀ","[UNTRANSLATED]"
s_011721,Alshark (Data disk).hdm,0x119605,"箍箒羃羔總c`c@qﾀq","[UNTRANSLATED]"
s_011722,Alshark (Data disk).hdm,0x11DD01,"キ―記運毅云","[UNTRANSLATED]"
s_011723,Alshark (Data disk).hdm,0x11E4CB,"瓏瓏脣鋺＇m甁","[UNTRANSLATED]"
s_011724,Alshark (Data disk).hdm,0x121CC6,"漱[Ⅵ鷂鷦∵ﾚ]ｺ^銈銈","[UNTRANSLATED]"
s_011725,Alshark (Data disk).hdm,0x122A83,"馨知馨地J]檀
X","[UNTRANSLATED]"
s_011726,Alshark (Data disk).hdm,0x123241,"嫖吐嫖吐嫣","[UNTRANSLATED]"
s_011728,Alshark (Data disk).hdm,0x124295,"オ巻蟹圓鵑H","[UNTRANSLATED]"
s_011729,Alshark (Data disk).hdm,0x12520C,"槇ﾕP槇ﾕP槇ﾕP槇ﾕP槇ﾕP","[UNTRANSLATED]"
s_011730,Alshark (Data disk).hdm,0x12524C,"廟ｪｯ廟ｪｯ廟ｪｯ廟ｪｯ廟ｪｯ","[UNTRANSLATED]"
s_011731,Alshark (Data disk).hdm,0x125680,"槇ﾕP槇ﾕP槇ﾕR槇ﾕRｪｰﾕP槇ﾀ","[UNTRANSLATED]"
s_011732,Alshark (Data disk).hdm,0x1285F6,"苑咳害咳飢","[UNTRANSLATED]"
s_011733,Alshark (Data disk).hdm,0x128640,"ごQP寛QT幹QP寛QT幹QP""ｰUTｪｲUTｪｲUd","[UNTRANSLATED]"
s_011734,Alshark (Data disk).hdm,0x1296BE,"γつ柊環羨竿","[UNTRANSLATED]"
s_011735,Alshark (Data disk).hdm,0x12A530,"翠鰹薄居涅","[UNTRANSLATED]"
s_011737,Alshark (Data disk).hdm,0x009325,"輟踈ﾙ^3/皜|ぉE","[UNTRANSLATED]"
s_011740,Alshark (Data disk).hdm,0x009F04,"個3ｩﾍﾅ{｣ｻﾅ{｣ｻﾕ{｣ｻ蛔狃ﾄ{峠ﾎ","[UNTRANSLATED]"
s_011741,Alshark (Data disk).hdm,0x009FC7,"狃ｿ驎ｻ溥ﾞｹ鑈","[UNTRANSLATED]"
s_011742,Alshark (Data disk).hdm,0x00A483,"扎ｹtｯ薹橳ﾎｨ梔<","[UNTRANSLATED]"
s_011745,Alshark (Data disk).hdm,0x00B6BF,"箭顯ﾁ鈹鋗","[UNTRANSLATED]"
s_011746,Alshark (Data disk).hdm,0x00B747,"歙ｾ?枩ｾ?枩ｪ?農","[UNTRANSLATED]"
s_011747,Alshark (Data disk).hdm,0x00BAA2,"鄒ﾇ偵髷揵5m8ｮ","[UNTRANSLATED]"
s_011748,Alshark (Data disk).hdm,0x00C184,"愴3ｩﾍﾅ{｣ｻﾅ{｣ｻﾕ{｣ｻ蛔狃ﾄ{峠ﾎ","[UNTRANSLATED]"
s_011749,Alshark (Data disk).hdm,0x00E284,"旻fo掫f羡釗","[UNTRANSLATED]"
s_011751,Alshark (Data disk).hdm,0x01090E,"粍M[罇ｹ鼕紅>","[UNTRANSLATED]"
s_011752,Alshark (Data disk).hdm,0x0131ED,"凋賽r懈ﾎr懈WU","[UNTRANSLATED]"
s_011753,Alshark (Data disk).hdm,0x01426C,"巻ﾅT巻ﾅT巻ﾅT泳ﾇ","[UNTRANSLATED]"
s_011754,Alshark (Data disk).hdm,0x01430C,"圜MQ塢MQ塢MQ塢MQｨｪUU","[UNTRANSLATED]"
s_011756,Alshark (Data disk).hdm,0x017984,"鈹\臨,誠%_Kﾉs抜ﾚﾊ","[UNTRANSLATED]"
s_011757,Alshark (Data disk).hdm,0x018B8C,"鈊ﾜ員]=ｵボ筌pi","[UNTRANSLATED]"
s_011759,Alshark (Data disk).hdm,0x01940B,"立G詼輅ｯ匳ﾝ","[UNTRANSLATED]"
s_011760,Alshark (Data disk).hdm,0x01B942,"希P癸ﾋWﾇｫ曩刻:>","[UNTRANSLATED]"
s_011761,Alshark (Data disk).hdm,0x01CD10,"釶ﾛｿ軅裃獷","[UNTRANSLATED]"
s_011762,Alshark (Data disk).hdm,0x01D4FC,"角Ep叝糒ﾇyﾂｽミ","[UNTRANSLATED]"
s_011763,Alshark (Data disk).hdm,0x01FFB2,"虐處:_渊ｭ奔ﾟ~","[UNTRANSLATED]"
s_011764,Alshark (Data disk).hdm,0x020A17,"は,勁ｴ新深ﾟwﾃ","[UNTRANSLATED]"
s_011768,Alshark (Data disk).hdm,0x022CAC,"涇ｿ温鳧糜","[UNTRANSLATED]"
s_011769,Alshark (Data disk).hdm,0x024E86,"ぬｿ}ｯｬWEｾ隔ﾔ緞k@Mq｢｢Qь｢ｪ鶺ﾅ","[UNTRANSLATED]"
s_011773,Alshark (Data disk).hdm,0x025C10,"讙禅kｨbX6ﾔキ竦f(!","[UNTRANSLATED]"
s_011774,Alshark (Data disk).hdm,0x02630B,"役6皴謐諡e","[UNTRANSLATED]"
s_011776,Alshark (Data disk).hdm,0x026586,"落O{ｮｧgｿｶﾟQﾕｬ俿U{nｵ瓢ﾊ-s働(","[UNTRANSLATED]"
s_011777,Alshark (Data disk).hdm,0x027391,"靈ﾛcｫｯ{^遧錞罔","[UNTRANSLATED]"
s_011780,Alshark (Data disk).hdm,0x02AE88,"毯O>毯ｿ>毯_>ｿ~o>毯ﾏ>ｯ~","[UNTRANSLATED]"
s_011781,Alshark (Data disk).hdm,0x02BC0F,"慨%ｩぴﾒｩER蟀fR皈ﾐ","[UNTRANSLATED]"
s_011782,Alshark (Data disk).hdm,0x02BF71,"嚼ﾔ!財ﾊ相`ﾘ@粕","[UNTRANSLATED]"
s_011783,Alshark (Data disk).hdm,0x02D106,"礼溽倡ﾟ軅","[UNTRANSLATED]"
s_011785,Alshark (Data disk).hdm,0x036008,"責^2｢iｩ米ｶ!摸x*婚､","[UNTRANSLATED]"
s_011786,Alshark (Data disk).hdm,0x036C88,"脊^3｢hｩ汎ｶ!領y*硯､","[UNTRANSLATED]"
s_011787,Alshark (Data disk).hdm,0x037288,"脊^2｢iｩ米ｶ!摸x*婚､","[UNTRANSLATED]"
s_011788,Alshark (Data disk).hdm,0x037384,"劔wwffﾝﾝ劔wwffﾝﾝ劔wwffﾝﾝ劔wwﾝﾝ","[UNTRANSLATED]"
s_011789,Alshark (Data disk).hdm,0x03838B,"贄贄贊1ﾑ釀","[UNTRANSLATED]"
s_011792,Alshark (Data disk).hdm,0x03F2E1,"僊daJAﾑa漾t`磧ﾀ`漾ﾔ","[UNTRANSLATED]"
s_011793,Alshark (Data disk).hdm,0x03F914,"劬巻I蜀*%GCj]髀","[UNTRANSLATED]"
s_011794,Alshark (Data disk).hdm,0x040660,"兀dｭJ酉=澀t*礒ﾀ&","[UNTRANSLATED]"
s_011795,Alshark (Data disk).hdm,0x040CA0,"繽'㌘冗熔冗","[UNTRANSLATED]"
s_011796,Alshark (Data disk).hdm,0x040DE7,"古勤洶映ﾚ","[UNTRANSLATED]"
s_011799,Alshark (Data disk).hdm,0x041025,"小^N.hﾟI~嘶ﾆｺ軸耀o","[UNTRANSLATED]"
s_011800,Alshark (Data disk).hdm,0x04152A,"苳闥ｱ[ﾝ攤ｵﾙ1齷","[UNTRANSLATED]"
s_011801,Alshark (Data disk).hdm,0x0429DF,"獰$ｬﾌ7倢\ﾟﾘｻ瑜P=炯","[UNTRANSLATED]"
s_011802,Alshark (Data disk).hdm,0x044F80,"丕ﾛi近ﾝ錮禧_","[UNTRANSLATED]"
s_011803,Alshark (Data disk).hdm,0x045B04,"彪.ｨﾁ{N厳%P梦0評kz","[UNTRANSLATED]"
s_011804,Alshark (Data disk).hdm,0x046CB2,"炅ﾓw泚qu#ｾ~陳飢","[UNTRANSLATED]"
s_011808,Alshark (Data disk).hdm,0x04B492,"撹&2吃!竏ﾈ""｢勘","[UNTRANSLATED]"
s_011811,Alshark (Data disk).hdm,0x04EC0F,"鮒%･Uｪ螟墳･ｧ分･ｱ]","[UNTRANSLATED]"
s_011815,Alshark (Data disk).hdm,0x05111E,"善潁ｶ睿繕eｿVｿｧ","[UNTRANSLATED]"
s_011823,Alshark (Data disk).hdm,0x05C070,"栓ﾈ爨ﾁ陳ｸﾅ晤｢","[UNTRANSLATED]"
s_011824,Alshark (Data disk).hdm,0x05C9E0,"哩ｬIｰ糜営戉ﾈcｽdﾝｺﾉ1\ｱa","[UNTRANSLATED]"
s_011825,Alshark (Data disk).hdm,0x05FA8F,"牾3､鮮必幕V","[UNTRANSLATED]"
s_011826,Alshark (Data disk).hdm,0x060302,"蕗jﾇﾕsｪ觀溜\C平ZVｧMV","[UNTRANSLATED]"
s_011827,Alshark (Data disk).hdm,0x061403,"洋]ﾗ譓ﾝ_VｽU訷ﾝﾄv洋]","[UNTRANSLATED]"
s_011829,Alshark (Data disk).hdm,0x061F83,"冕ﾇﾕsｪ觀妙\C反ZVｬMP","[UNTRANSLATED]"
s_011830,Alshark (Data disk).hdm,0x063369,"籔皋皋盻ｱｻ","[UNTRANSLATED]"
s_011831,Alshark (Data disk).hdm,0x063EA2,"蓉Bｾ･SR｣甌ｼｺ｡UT渇]Rｑ)D吠Aｪ%","[UNTRANSLATED]"
s_011832,Alshark (Data disk).hdm,0x06432F,"俵@誌Pヶｨ}擁Aｪ'","[UNTRANSLATED]"
s_011834,Alshark (Data disk).hdm,0x069999,"葡鯛21*乗顯","[UNTRANSLATED]"
s_011836,Alshark (Data disk).hdm,0x069F90,"類袁ｩjﾞMｿ盲羆ｹﾟ","[UNTRANSLATED]"
s_011837,Alshark (Data disk).hdm,0x06DC98,"啖2ｫb陛玩霻","[UNTRANSLATED]"
s_011841,Alshark (Data disk).hdm,0x075D2A,"滓ｯﾍwﾚｫ蜒暠逍","[UNTRANSLATED]"
s_011842,Alshark (Data disk).hdm,0x0760EC,"狙ｲ/Y瓶ｪｸUﾖ棺Uﾔ舘U","[UNTRANSLATED]"
s_011847,Alshark (Data disk).hdm,0x07A580,"愛""&愛""&愛""&愛""&2&","[UNTRANSLATED]"
s_011848,Alshark (Data disk).hdm,0x07AB04,"蹟隻静逝(","[UNTRANSLATED]"
s_011849,Alshark (Data disk).hdm,0x07BC00,"挨""'挨""'挨""'挨""'2'","[UNTRANSLATED]"
s_011852,Alshark (Data disk).hdm,0x0845C3,"蓖ﾌ襞煇諄vd","[UNTRANSLATED]"
s_011854,Alshark (Data disk).hdm,0x089C96,"劬臆M仙髄","[UNTRANSLATED]"
s_011855,Alshark (Data disk).hdm,0x08A18A,"奸ﾚ犖0ｱﾔn誂rﾑrP2ｦ2文wｴ","[UNTRANSLATED]"
s_011856,Alshark (Data disk).hdm,0x08B4E6,"滂ｿ遏迴廠","[UNTRANSLATED]"
s_011858,Alshark (Data disk).hdm,0x08F5E5,"爼澡x弴齔ﾕp","[UNTRANSLATED]"
s_011859,Alshark (Data disk).hdm,0x08F9E5,"爼潸煌ﾀ]`嵓","[UNTRANSLATED]"
s_011860,Alshark (Data disk).hdm,0x0918ED,"狠瀋ﾀ捩鈞","[UNTRANSLATED]"
s_011861,Alshark (Data disk).hdm,0x0921CB,"澣爼澣爼@T","[UNTRANSLATED]"
s_011863,Alshark (Data disk).hdm,0x093EF7,"潦燿漾焉ﾀ","[UNTRANSLATED]"
s_011865,Alshark (Data disk).hdm,0x096CF5,"濔狃澹`髙","[UNTRANSLATED]"
s_011866,Alshark (Data disk).hdm,0x096DF2,"鯊ｷ璞珈瀰`ｻ","[UNTRANSLATED]"
s_011869,Alshark (Data disk).hdm,0x0996CA,"感｢ｴｪｴ間閣ｸt64柴p","[UNTRANSLATED]"
s_011870,Alshark (Data disk).hdm,0x0996E6,"滲ｮDuJ]JUJu*u絵緩ﾊq:場","[UNTRANSLATED]"
s_011871,Alshark (Data disk).hdm,0x09ECA0,"逗暲ﾟ@>@髜髙y@ﾅ@","[UNTRANSLATED]"
s_011872,Alshark (Data disk).hdm,0x0A29E2,"矜ﾇ燵 _瓔烋","[UNTRANSLATED]"
s_011875,Alshark (Data disk).hdm,0x0A4DEF,"琿瑜瑜瑜","[UNTRANSLATED]"
s_011876,Alshark (Data disk).hdm,0x0A61AF,"珎珎珎瑁ⅰ","[UNTRANSLATED]"
s_011880,Alshark (Data disk).hdm,0x0B5F84,"腋磬腋腋","[UNTRANSLATED]"
s_011882,Alshark (Data disk).hdm,0x0BC931,"狠p痊狆烙","[UNTRANSLATED]"
s_011885,Alshark (Data disk).hdm,0x0C6E93,"害$ゐ販簒1ｧ","[UNTRANSLATED]"
s_011886,Alshark (Data disk).hdm,0x0C6F05,"光寿ﾍ橾NﾖnﾊNﾛVﾙVﾘVﾛYKVkMｵ椹EY","[UNTRANSLATED]"
s_011888,Alshark (Data disk).hdm,0x0C8B8E,"珥驗窶閠ﾀ","[UNTRANSLATED]"
s_011890,Alshark (Data disk).hdm,0x0D6F85,"瓔狃ﾀｻ犲犁 ｣","[UNTRANSLATED]"
s_011891,Alshark (Data disk).hdm,0x0D9FD0,"紂ﾇ`錫ｽHｻ維維ﾔ","[UNTRANSLATED]"
s_011892,Alshark (Data disk).hdm,0x0DD4C4,"眤眤狢狢ﾃ@ﾀ","[UNTRANSLATED]"
s_011893,Alshark (Data disk).hdm,0x0DDAC1,"狢狢`ﾀ狠璢ﾀ","[UNTRANSLATED]"
s_011894,Alshark (Data disk).hdm,0x0E55E0,"錦錦ｳﾍI棚鱈2\:ｲMｲM","[UNTRANSLATED]"
s_011896,Alshark (Data disk).hdm,0x0F0BE0,"ム瘢q膏刷=ｼ","[UNTRANSLATED]"
s_011897,Alshark (Data disk).hdm,0x0F1FA0,"漱oﾉ叉曚ﾁ眤","[UNTRANSLATED]"
s_011898,Alshark (Data disk).hdm,0x0F7EE9,"臻ｨ%\筮侊偆","[UNTRANSLATED]"
s_011899,Alshark (Data disk).hdm,0x0F7FF0,"胙銜羣埈ﾐ8","[UNTRANSLATED]"
s_011900,Alshark (Data disk).hdm,0x0F98ED,"潘p{爰珱澤pｧ","[UNTRANSLATED]"
s_011902,Alshark (Data disk).hdm,0x0FDE69,"忱毓ｾq殯ﾏpﾏp轌v?ｿ","[UNTRANSLATED]"
s_011903,Alshark (Data disk).hdm,0x1008CC,"羃ﾁｰ慍慍怙ﾁ","[UNTRANSLATED]"
s_011906,Alshark (Data disk).hdm,0x103E6D,"葱ﾒT麒尞衢ﾓ","[UNTRANSLATED]"
s_011907,Alshark (Data disk).hdm,0x106271,"俾L綷鋿隯ｿﾚﾁｪｿﾒ#","[UNTRANSLATED]"
s_011908,Alshark (Data disk).hdm,0x1063F1,"侑ﾘ靂槢℡寬","[UNTRANSLATED]"
s_011912,Alshark (Data disk).hdm,0x10E963,"璢L伺骸児ｫｦ","[UNTRANSLATED]"
s_011913,Alshark (Data disk).hdm,0x10EAE2,"腋{L伺骸児ｫｦ","[UNTRANSLATED]"
s_011914,Alshark (Data disk).hdm,0x10FB5F,"求閠熄O溟ｻﾌﾇ","[UNTRANSLATED]"
s_011915,Alshark (Data disk).hdm,0x11045F,"求閠苡O滲ｻﾋﾆ","[UNTRANSLATED]"
s_011917,Alshark (Data disk).hdm,0x111670,"寡ﾛ?象ﾏｱ櫞譿","[UNTRANSLATED]"
s_011918,Alshark (Data disk).hdm,0x111FF0,"辞滓g歛兪Hﾄ","[UNTRANSLATED]"
s_011920,Alshark (Data disk).hdm,0x119011,"綷銈鍰獷","[UNTRANSLATED]"
s_011922,Alshark (Data disk).hdm,0x12035E,"鄙J針ｰz辱ｰH席ｰ{","[UNTRANSLATED]"
s_011924,Alshark (Data disk).hdm,0x120A4D,"耘鍰鍰錡","[UNTRANSLATED]"
s_011926,Alshark (Data disk).hdm,0x1217ED,"擺Mｴ=鮒幌鮒","[UNTRANSLATED]"
s_011928,Alshark (Data disk).hdm,0x122E4F,"躙軾軾軾","[UNTRANSLATED]"
s_011930,Alshark (Data disk).hdm,0x123380,"挾]p挾]p挾]p姫\p","[UNTRANSLATED]"
s_011931,Alshark (Data disk).hdm,0x123485,"欟ｯｪ欟ｪ*俵ｵ""肘ｵ*","[UNTRANSLATED]"
s_011932,Alshark (Data disk).hdm,0x123683,"八ｨU八ｨU八ｨU八ｨUﾔｪｨﾕﾔ*ｨUﾔjｨ5ﾔ","[UNTRANSLATED]"
s_011933,Alshark (Data disk).hdm,0x1242D4,"脛脛脛繆","[UNTRANSLATED]"
s_011935,Alshark (Data disk).hdm,0x12788F,"欟_ｪ欟_ｪ欟_ｪ欟_ｪ","[UNTRANSLATED]"
s_011936,Alshark (Data disk).hdm,0x1280CD,"澆瓠""G瓱秡","[UNTRANSLATED]"
s_011937,Alshark (Data disk).hdm,0x12941B,"渾渾曠ed薀%eeD%d%","[UNTRANSLATED]"
s_011938,Alshark (Data disk).hdm,0x129B49,"安｢ﾕ闇""ﾕ闇""ﾕ闇""","[UNTRANSLATED]"
s_011941,Alshark (Data disk).hdm,0x000506,"調K[ｵ:e1滕ｿSｾEｧ;RV犀(D","[UNTRANSLATED]"
s_011944,Alshark (Data disk).hdm,0x001787,"乳E驟ﾄ+廼)'\yjﾇQ}","[UNTRANSLATED]"
s_011946,Alshark (Data disk).hdm,0x002518,"熔樓Twｻ鵆","[UNTRANSLATED]"
s_011948,Alshark (Data disk).hdm,0x002D80,"勉{揵_Rｵｭ[ﾚ%ｬ鈎%IJ-Uﾖ","[UNTRANSLATED]"
s_011949,Alshark (Data disk).hdm,0x0035C2,"囗ﾃ}o榑ﾅｰ !腺|","[UNTRANSLATED]"
s_011950,Alshark (Data disk).hdm,0x00370B,"鵺鍰+｣憖ﾗ","[UNTRANSLATED]"
s_011952,Alshark (Data disk).hdm,0x004F35,"滓g劔g譟","[UNTRANSLATED]"
s_011954,Alshark (Data disk).hdm,0x005CA4,"棹gﾄ佇貲","[UNTRANSLATED]"
s_011955,Alshark (Data disk).hdm,0x005D24,"櫛e謐僖g","[UNTRANSLATED]"
s_011958,Alshark (Data disk).hdm,0x005E27,"賚囘g忞t","[UNTRANSLATED]"
s_011960,Alshark (Data disk).hdm,0x005ED8,"筥牢uN匡","[UNTRANSLATED]"
s_011961,Alshark (Data disk).hdm,0x006042,"苅uV亠綯s","[UNTRANSLATED]"
s_011962,Alshark (Data disk).hdm,0x0060C7,"息""ﾙ0_$根ﾇ挑ｪ","[UNTRANSLATED]"
s_011963,Alshark (Data disk).hdm,0x0066C1,"窯ﾗ0Ps_1〉]1Asf0冱[4冽[5Ew","[UNTRANSLATED]"
s_011964,Alshark (Data disk).hdm,0x007166,"涬aB眥aF眦m@","[UNTRANSLATED]"
s_011965,Alshark (Data disk).hdm,0x007817,"騙ｮ鏥樢","[UNTRANSLATED]"
s_011966,Alshark (Data disk).hdm,0x007858,"瀉覗lﾖ暉","[UNTRANSLATED]"
s_011969,Alshark (Data disk).hdm,0x007B43,"伝ｷ乂豺x","[UNTRANSLATED]"
s_011970,Alshark (Data disk).hdm,0x007BA7,"詁囘ge歸","[UNTRANSLATED]"
s_011971,Alshark (Data disk).hdm,0x009051,"紲Q竓DA.礒｣ﾑW","[UNTRANSLATED]"
s_011974,Alshark (Data disk).hdm,0x00AEA2,"Σ首ｻSﾎｰﾄPﾄｰﾄP莢膠d","[UNTRANSLATED]"
s_011975,Alshark (Data disk).hdm,0x00C12D,"鍮Qｯ窈ｼﾛ]tｾ朧ﾏ6ｪEｨ","[UNTRANSLATED]"
s_011976,Alshark (Data disk).hdm,0x00C24A,"驎ｻ溥ﾞｹ鑈","[UNTRANSLATED]"
s_011977,Alshark (Data disk).hdm,0x00C995,"蛔狃ﾄ{峠ﾎ","[UNTRANSLATED]"
s_011980,Alshark (Data disk).hdm,0x00E2E4,"畋f`挾f鮱X","[UNTRANSLATED]"
s_011981,Alshark (Data disk).hdm,0x00E7E7,"泯= 泪>Jﾛ凜A","[UNTRANSLATED]"
s_011983,Alshark (Data disk).hdm,0x00F5C2,"齣]糺ﾅｿJ鐱}Zﾚ･ﾅj(","[UNTRANSLATED]"
s_011986,Alshark (Data disk).hdm,0x01070E,"繭MAo傍ﾁ嘖-","[UNTRANSLATED]"
s_011988,Alshark (Data disk).hdm,0x010B43,"蹴uﾋ%m驩I$H0姚","[UNTRANSLATED]"
s_011990,Alshark (Data disk).hdm,0x011343,"沓Uﾋ%m濶I$H0儉","[UNTRANSLATED]"
s_011992,Alshark (Data disk).hdm,0x012CA2,"瑳L^ﾄｺﾆ^ﾏｺﾃzﾃｲﾃ愠ｺ蝦","[UNTRANSLATED]"
s_011993,Alshark (Data disk).hdm,0x012DE5,"連｡L""薪人 ﾙ%iJYS","[UNTRANSLATED]"
s_011994,Alshark (Data disk).hdm,0x013288,"裹ｩｩｩｩ鉗ｩｩｩｩ裹ｩｩｩｩ??UU??","[UNTRANSLATED]"
s_011995,Alshark (Data disk).hdm,0x013388,"艚ｪｾｪｾ艚ｪｾｪｾ艚ｪｾｪｮ?","[UNTRANSLATED]"
s_011996,Alshark (Data disk).hdm,0x013B29,"吉揖M次Z","[UNTRANSLATED]"
s_011997,Alshark (Data disk).hdm,0x0143AA,"樢>O｢ﾏ>ﾏ妄.Oｺﾏ>ﾏぱ(","[UNTRANSLATED]"
s_011998,Alshark (Data disk).hdm,0x01450A,"欝JｪｹTRｪ謬rｪ･T*ｪ薺JｪUT","[UNTRANSLATED]"
s_011999,Alshark (Data disk).hdm,0x017774,"讙ﾑﾐｪ氿U寬","[UNTRANSLATED]"
s_012000,Alshark (Data disk).hdm,0x017916,"匕2ﾉ載2｡叭","[UNTRANSLATED]"
s_012004,Alshark (Data disk).hdm,0x018085,"洞鮗vnｪﾏﾕ輅","[UNTRANSLATED]"
s_012006,Alshark (Data disk).hdm,0x018385,"嗄jﾞY[a買Zﾆk]隣","[UNTRANSLATED]"
s_012007,Alshark (Data disk).hdm,0x018823,"麩ｦvtwPｻｸ嬾押ﾝ","[UNTRANSLATED]"
s_012009,Alshark (Data disk).hdm,0x018915,"癇e,虚9 kﾁﾊﾛO7W益鰊ﾊｯRw[","[UNTRANSLATED]"
s_012010,Alshark (Data disk).hdm,0x018935,"犁輓狛7(_ﾁｾ","[UNTRANSLATED]"
s_012014,Alshark (Data disk).hdm,0x018E28,"例奛ﾌR5bﾘ彫","[UNTRANSLATED]"
s_012016,Alshark (Data disk).hdm,0x018F80,"Μ盃巻髭ﾟ","[UNTRANSLATED]"
s_012017,Alshark (Data disk).hdm,0x018FE0,"Μ盃巻ﾔﾅ癇>+","[UNTRANSLATED]"
s_012018,Alshark (Data disk).hdm,0x01941B,"橳ｭ""eﾙﾔ飭ﾉﾎﾓｴﾄﾕ髙x","[UNTRANSLATED]"
s_012022,Alshark (Data disk).hdm,0x01A5EC,"がﾅUがﾅUがﾂ""","[UNTRANSLATED]"
s_012024,Alshark (Data disk).hdm,0x01B052,"錡僚^ﾝ絜6Oｶﾏﾞ","[UNTRANSLATED]"
s_012025,Alshark (Data disk).hdm,0x01C2CD,"おﾕP巻謬ﾊｪﾅ","[UNTRANSLATED]"
s_012029,Alshark (Data disk).hdm,0x01F9AF,"遶嶄ﾞ?旡\","[UNTRANSLATED]"
s_012032,Alshark (Data disk).hdm,0x01FF21,"椣顫瑙!Q","[UNTRANSLATED]"
s_012038,Alshark (Data disk).hdm,0x020B02,"衵ｨ]ｺ&汜ﾖﾜﾁ崟^","[UNTRANSLATED]"
s_012039,Alshark (Data disk).hdm,0x02109A,"蹠y 据罇","[UNTRANSLATED]"
s_012040,Alshark (Data disk).hdm,0x02113A,"帝袱漆､j1$aﾜb","[UNTRANSLATED]"
s_012042,Alshark (Data disk).hdm,0x021AFE,"朋 な-1延MRｨ!ﾛ","[UNTRANSLATED]"
s_012043,Alshark (Data disk).hdm,0x021F2E,"簗鮏哿Ymｪ","[UNTRANSLATED]"
s_012044,Alshark (Data disk).hdm,0x02208D,"翠倞Uv濶","[UNTRANSLATED]"
s_012045,Alshark (Data disk).hdm,0x022AB4,"薑箜kｸ踰","[UNTRANSLATED]"
s_012046,Alshark (Data disk).hdm,0x0232B4,"蕁箍kｸ踰","[UNTRANSLATED]"
s_012049,Alshark (Data disk).hdm,0x0246A6,"橦6裟刕･ｪﾒ","[UNTRANSLATED]"
s_012051,Alshark (Data disk).hdm,0x024980,"捻R甕)寝U","[UNTRANSLATED]"
s_012052,Alshark (Data disk).hdm,0x02498F,"勢B*茶FDﾔ磽#","[UNTRANSLATED]"
s_012053,Alshark (Data disk).hdm,0x024D00,"撚R澑)審U","[UNTRANSLATED]"
s_012054,Alshark (Data disk).hdm,0x024F06,"感tﾅ(ｪ羨BBﾐA勢","[UNTRANSLATED]"
s_012058,Alshark (Data disk).hdm,0x026260,"瘻癢ﾓ晢eﾞ]","[UNTRANSLATED]"
s_012059,Alshark (Data disk).hdm,0x026275,"巳墜ﾃﾐ漬S","[UNTRANSLATED]"
s_012060,Alshark (Data disk).hdm,0x027697,"鞍ｭ坪劑ｴｬ","[UNTRANSLATED]"
s_012061,Alshark (Data disk).hdm,0x02770D,"たV8歓TZｧ扎.&ｳVｬ","[UNTRANSLATED]"
s_012062,Alshark (Data disk).hdm,0x028814,"陟ﾊりｨ站pｩ8","[UNTRANSLATED]"
s_012064,Alshark (Data disk).hdm,0x028E57,"郁決ﾌ故ﾌﾌ","[UNTRANSLATED]"
s_012067,Alshark (Data disk).hdm,0x0294D4,"鋺褓緝yｰ","[UNTRANSLATED]"
s_012068,Alshark (Data disk).hdm,0x029E24,"査[ 暫犀","[UNTRANSLATED]"
s_012069,Alshark (Data disk).hdm,0x02AD98,"瀬ｮ灰+｢圷","[UNTRANSLATED]"
s_012070,Alshark (Data disk).hdm,0x02AF03,"鈩ｵ語ﾔﾗﾖ琳W","[UNTRANSLATED]"
s_012072,Alshark (Data disk).hdm,0x02B582,"語N｡厚ﾔﾆﾖ態J","[UNTRANSLATED]"
s_012075,Alshark (Data disk).hdm,0x02BFF8,"征`路ｴ澄","[UNTRANSLATED]"
s_012077,Alshark (Data disk).hdm,0x02D78F,"抱漣漣ｷUUｨ","[UNTRANSLATED]"
s_012078,Alshark (Data disk).hdm,0x02ED36,"抗ｪｪ抗岦","[UNTRANSLATED]"
s_012079,Alshark (Data disk).hdm,0x02EE02,"喚ﾝg鈑鉐","[UNTRANSLATED]"
s_012086,Alshark (Data disk).hdm,0x033996,"坎ｶf劔ｲ""侘]ﾝ","[UNTRANSLATED]"
s_012087,Alshark (Data disk).hdm,0x034488,"込ｫ~･ｶｫ~込ｫ~･ｶｫ~鉦ｰ","[UNTRANSLATED]"
s_012088,Alshark (Data disk).hdm,0x0345B5,"壞汀ｰﾟ墟","[UNTRANSLATED]"
s_012089,Alshark (Data disk).hdm,0x034635,"婀都ｳ_娜","[UNTRANSLATED]"
s_012093,Alshark (Data disk).hdm,0x036588,"跡^=｢uｩ米ｵ!擎","[UNTRANSLATED]"
s_012095,Alshark (Data disk).hdm,0x036B8D,"鐇鸚鸚ⅰ","[UNTRANSLATED]"
s_012096,Alshark (Data disk).hdm,0x0378F2,"並*礇ﾀ)H蕩ｮ","[UNTRANSLATED]"
s_012098,Alshark (Data disk).hdm,0x0394E0,"怱ｪlい怜","[UNTRANSLATED]"
s_012100,Alshark (Data disk).hdm,0x039BF2,"並*潺ﾀ)@蕩ｮ","[UNTRANSLATED]"
s_012104,Alshark (Data disk).hdm,0x03DF77,"瑢姉誣ﾗ","[UNTRANSLATED]"
s_012105,Alshark (Data disk).hdm,0x03E777,"瑢姉誣ﾖ","[UNTRANSLATED]"
s_012106,Alshark (Data disk).hdm,0x03F8A8,"楡W6^=ｯ.?7?*ｾ質&ｾ董.","[UNTRANSLATED]"
s_012108,Alshark (Data disk).hdm,0x040A2E,"竹ﾆｺ彰穆o","[UNTRANSLATED]"
s_012109,Alshark (Data disk).hdm,0x040B90,"瑤祈ﾂ岔]($","[UNTRANSLATED]"
s_012110,Alshark (Data disk).hdm,0x04116E,"Θa岦w(nIy朕-kマｦ","[UNTRANSLATED]"
s_012111,Alshark (Data disk).hdm,0x041408,"扉ｫS庸ｫt妖ｫQ","[UNTRANSLATED]"
s_012112,Alshark (Data disk).hdm,0x04176D,"筱ﾀU狃ﾔ礰","[UNTRANSLATED]"
s_012113,Alshark (Data disk).hdm,0x0417A8,"楡W6^=ｯ.?7?*ｾ質&ｶ筒.","[UNTRANSLATED]"
s_012114,Alshark (Data disk).hdm,0x04181A,"啄x鵬YM髻","[UNTRANSLATED]"
s_012115,Alshark (Data disk).hdm,0x04182C,"饐蔦駟ﾝKw","[UNTRANSLATED]"
s_012116,Alshark (Data disk).hdm,0x04191A,"戦8鵬Y]髀","[UNTRANSLATED]"
s_012118,Alshark (Data disk).hdm,0x041CE0,"勦dUJ[ﾑJ狹t俄","[UNTRANSLATED]"
s_012119,Alshark (Data disk).hdm,0x041D0D,"圖右R簟ﾙ@ｺ","[UNTRANSLATED]"
s_012120,Alshark (Data disk).hdm,0x041DE2,"觚ﾊ[ﾑJ狹t俄","[UNTRANSLATED]"
s_012121,Alshark (Data disk).hdm,0x041E10,"瑤祈ﾂ岔]ｨ､","[UNTRANSLATED]"
s_012122,Alshark (Data disk).hdm,0x041E8F,"窪R簟ﾙ@:櫨","[UNTRANSLATED]"
s_012123,Alshark (Data disk).hdm,0x041F9A,"鯵ｽ0b噂硼s","[UNTRANSLATED]"
s_012125,Alshark (Data disk).hdm,0x0427B2,"經U卿考d","[UNTRANSLATED]"
s_012126,Alshark (Data disk).hdm,0x042EAE,"孛蓑婉ﾎｪgQ0","[UNTRANSLATED]"
s_012127,Alshark (Data disk).hdm,0x0439A3,"翻*珖ﾈ誕!","[UNTRANSLATED]"
s_012128,Alshark (Data disk).hdm,0x043E28,"垬ｺ評汜ｬｭ","[UNTRANSLATED]"
s_012133,Alshark (Data disk).hdm,0x04590D,"彖ｺ謂%W鈼ｷQｳｪL)^p","[UNTRANSLATED]"
s_012135,Alshark (Data disk).hdm,0x045CF0,"旗WﾕｪzW燁黏Uｾ｢WUｪｪﾕU(ｾｪ｢Q","[UNTRANSLATED]"
s_012136,Alshark (Data disk).hdm,0x045FB7,"鼾Q""｢邦蟯","[UNTRANSLATED]"
s_012138,Alshark (Data disk).hdm,0x046205,"麩ｷﾞ鋪bﾟc鶫ﾋ","[UNTRANSLATED]"
s_012139,Alshark (Data disk).hdm,0x04682F,"鼇ﾐC､醪｣麋ﾐ","[UNTRANSLATED]"
s_012140,Alshark (Data disk).hdm,0x046900,"丕ﾛi+ﾕ暹s汯","[UNTRANSLATED]"
s_012142,Alshark (Data disk).hdm,0x046A30,"淅-b~攘fUﾕ棯ｵSｭ%","[UNTRANSLATED]"
s_012143,Alshark (Data disk).hdm,0x046AA8,"民､z:Rﾜ-之(ｮu鷆P","[UNTRANSLATED]"
s_012144,Alshark (Data disk).hdm,0x046B21,"篩搓X娶{Aｷ.w(KJT┃","[UNTRANSLATED]"
s_012146,Alshark (Data disk).hdm,0x046D28,"葈ｺ評汜ｬｭ","[UNTRANSLATED]"
s_012147,Alshark (Data disk).hdm,0x046F01,"刊-彪.ｨﾁ{N厳%P","[UNTRANSLATED]"
s_012148,Alshark (Data disk).hdm,0x047230,"淆-`~愀dUﾔ棯ｵRｭ%","[UNTRANSLATED]"
s_012151,Alshark (Data disk).hdm,0x04A67D,"芙ﾀ1_妺Uﾓ坎ﾓmX･ﾍm'ｩ","[UNTRANSLATED]"
s_012152,Alshark (Data disk).hdm,0x04AACC,"活碚ｻ淼ﾄｻ","[UNTRANSLATED]"
s_012154,Alshark (Data disk).hdm,0x04AD7D,"繕U仂開wv","[UNTRANSLATED]"
s_012155,Alshark (Data disk).hdm,0x04B22E,"安""@安""@安｢@ﾈ","[UNTRANSLATED]"
s_012157,Alshark (Data disk).hdm,0x04D2D2,"百*ｯ髭*ｫ尿ｺｫ｣","[UNTRANSLATED]"
s_012158,Alshark (Data disk).hdm,0x04D342,"百ｨｯ髭(+尿","[UNTRANSLATED]"
s_012159,Alshark (Data disk).hdm,0x04D3D2,"百ｪｯ髭ｪｫ尿ｺｫ｣","[UNTRANSLATED]"
s_012160,Alshark (Data disk).hdm,0x04D542,"百ｪｭ髭ｪｫ尿ｺｫ｣","[UNTRANSLATED]"
s_012163,Alshark (Data disk).hdm,0x04EF93,"衣ﾚｯ鞜晙","[UNTRANSLATED]"
s_012164,Alshark (Data disk).hdm,0x04FB35,"焦S勧俵jｪUTｪｪUUｪｪUUｪｪUUｪｪUUｪｪT","[UNTRANSLATED]"
s_012165,Alshark (Data disk).hdm,0x04FBD5,"鋗ﾇ/ｪ週堯ｰﾅ","[UNTRANSLATED]"
s_012166,Alshark (Data disk).hdm,0x04FD45,"垤?)浚洽","[UNTRANSLATED]"
s_012167,Alshark (Data disk).hdm,0x04FE41,"欟=ｪ啅?ｪ欟","[UNTRANSLATED]"
s_012168,Alshark (Data disk).hdm,0x05110C,"獻9釞ｻ殯'8ｪxTp","[UNTRANSLATED]"
s_012169,Alshark (Data disk).hdm,0x051489,"訂m薤ｶﾕI<ｻm-S坏dｽﾖY","[UNTRANSLATED]"
s_012172,Alshark (Data disk).hdm,0x051E93,"出滯ｯﾌ琮﨤i","[UNTRANSLATED]"
s_012173,Alshark (Data disk).hdm,0x052645,"驎>_圦pUV活","[UNTRANSLATED]"
s_012175,Alshark (Data disk).hdm,0x052C1C,"圈ｽnrIv!d肘!p俵4,ﾉr","[UNTRANSLATED]"
s_012176,Alshark (Data disk).hdm,0x052F00,"鑼`:h8閂p0炬`","[UNTRANSLATED]"
s_012177,Alshark (Data disk).hdm,0x053182,"然ﾄ怠`ｨ苛ﾕﾖPｩ ﾖBｩﾐﾒｹｪﾘｵ`","[UNTRANSLATED]"
s_012180,Alshark (Data disk).hdm,0x053C0C,"愀Nn勁ﾎﾀｵ瑜ｸ5|ﾜg","[UNTRANSLATED]"
s_012182,Alshark (Data disk).hdm,0x055E4A,"遏ﾛw冏湶ﾔﾏ","[UNTRANSLATED]"
s_012183,Alshark (Data disk).hdm,0x055EA2,"鬱k鄂ｷﾟ冩","[UNTRANSLATED]"
s_012185,Alshark (Data disk).hdm,0x05730C,"たNｿ兩D悅ｿD","[UNTRANSLATED]"
s_012187,Alshark (Data disk).hdm,0x0580C4,"柆銹鋏s","[UNTRANSLATED]"
s_012189,Alshark (Data disk).hdm,0x05B320,"鵯黨鑠@@]J^M_W^R_A^@_@^\_^^H_V^J_T^J_@","[UNTRANSLATED]"
s_012192,Alshark (Data disk).hdm,0x05C6F3,"康ﾒ彩PVｽ哲ｲｽi","[UNTRANSLATED]"
s_012193,Alshark (Data disk).hdm,0x05C864,"渤w|鮻ﾝﾓ滔vs2K","[UNTRANSLATED]"
s_012194,Alshark (Data disk).hdm,0x05C8E4,"渤w|鮻ﾝﾓ滔v","[UNTRANSLATED]"
s_012195,Alshark (Data disk).hdm,0x05CB63,"彫ﾉ""UｴLRQｱ)rd肘Rd品r･ｵI*ﾖﾔｪｫ","[UNTRANSLATED]"
s_012196,Alshark (Data disk).hdm,0x05D54F,"胄ﾀr圓ﾍv泙ﾏ","[UNTRANSLATED]"
s_012197,Alshark (Data disk).hdm,0x05E983,"祝耻sｪ覽ｷ･\Zｬ-SVｯmu","[UNTRANSLATED]"
s_012198,Alshark (Data disk).hdm,0x05EBF7,"づ@竄蠧ｾ","[UNTRANSLATED]"
s_012199,Alshark (Data disk).hdm,0x05EC10,"煤ﾋF]Vﾊ薤ﾉj瞳(","[UNTRANSLATED]"
s_012200,Alshark (Data disk).hdm,0x05ED76,"沚徽貅ﾌ","[UNTRANSLATED]"
s_012201,Alshark (Data disk).hdm,0x05F410,"煤ﾋF]VJ蠻ﾉj瞳(ﾐ","[UNTRANSLATED]"
s_012202,Alshark (Data disk).hdm,0x05F47F,"阡⇒F]Vﾊ薤ﾉj瞳(","[UNTRANSLATED]"
s_012203,Alshark (Data disk).hdm,0x05F50E,"Ｒﾄｹ@捩ﾊ灑qｵ僞","[UNTRANSLATED]"
s_012204,Alshark (Data disk).hdm,0x05F583,"捩ﾊ灑qｵ僞","[UNTRANSLATED]"
s_012206,Alshark (Data disk).hdm,0x05FA76,"沚徽貅ﾌg","[UNTRANSLATED]"
s_012207,Alshark (Data disk).hdm,0x05FB92,"融ｪh費涖Vkｫｧﾟｽ","[UNTRANSLATED]"
s_012208,Alshark (Data disk).hdm,0x05FC80,"煤ﾋF]Fﾊ薤ﾁ黹U","[UNTRANSLATED]"
s_012209,Alshark (Data disk).hdm,0x06050F,"雀Sﾊ俵UNｲ躔UKｪｩYUp00","[UNTRANSLATED]"
s_012210,Alshark (Data disk).hdm,0x0606FD,"鰍@ﾝﾄv洋]ﾗ諶ﾝTｶ･][","[UNTRANSLATED]"
s_012212,Alshark (Data disk).hdm,0x06160F,"雀Sﾊ拔]Nｲ躔UKｪｩYUp","[UNTRANSLATED]"
s_012213,Alshark (Data disk).hdm,0x061A82,"集冐xr･ｰWﾘ徑r","[UNTRANSLATED]"
s_012214,Alshark (Data disk).hdm,0x0630F7,"滔哨?脉ﾋ","[UNTRANSLATED]"
s_012219,Alshark (Data disk).hdm,0x065CAB,"母*｣ﾕU@棊ﾑM}擁Aｪ'","[UNTRANSLATED]"
s_012223,Alshark (Data disk).hdm,0x068C04,"渝k晙榘","[UNTRANSLATED]"
s_012225,Alshark (Data disk).hdm,0x06D0C2,"勣UV勸U^伽U~ｩ","[UNTRANSLATED]"
s_012227,Alshark (Data disk).hdm,0x06D552,"踟跣赱fｿ","[UNTRANSLATED]"
s_012229,Alshark (Data disk).hdm,0x06E3DD,"秦`ｺ泄_ｺ泄","[UNTRANSLATED]"
s_012230,Alshark (Data disk).hdm,0x06E3EA,"廟ｻｯ廟ｫｯ工ｳ","[UNTRANSLATED]"
s_012232,Alshark (Data disk).hdm,0x06F24F,"絽皀甦Q｡QAQ","[UNTRANSLATED]"
s_012233,Alshark (Data disk).hdm,0x06F657,"冰U!冰U!沿","[UNTRANSLATED]"
s_012235,Alshark (Data disk).hdm,0x07163E,"蒔斧ﾁ*瘁","[UNTRANSLATED]"
s_012237,Alshark (Data disk).hdm,0x0752B4,"褓瑪ﾙ羆ﾇｿ","[UNTRANSLATED]"
s_012238,Alshark (Data disk).hdm,0x07532E,"鮴ﾕｬ惞ﾝ[n･票{%ｶS","[UNTRANSLATED]"
s_012242,Alshark (Data disk).hdm,0x076FFE,"簑ﾝ豼畯ｶ","[UNTRANSLATED]"
s_012244,Alshark (Data disk).hdm,0x0772AF,"房J.欟I夾ｧ","[UNTRANSLATED]"
s_012245,Alshark (Data disk).hdm,0x077738,"蓼ﾘ褓棠o","[UNTRANSLATED]"
s_012247,Alshark (Data disk).hdm,0x077A18,"鋧煜鼇ｾy}","[UNTRANSLATED]"
s_012252,Alshark (Data disk).hdm,0x079730,"ャuuuuuuブuuuャ","[UNTRANSLATED]"
s_012253,Alshark (Data disk).hdm,0x0797D5,"ブuブuuブ","[UNTRANSLATED]"
s_012256,Alshark (Data disk).hdm,0x07A290,"于<z酥Cづ","[UNTRANSLATED]"
s_012262,Alshark (Data disk).hdm,0x0828EC,"濮髜ⅰ釥","[UNTRANSLATED]"
s_012263,Alshark (Data disk).hdm,0x082D8D,"奎ﾂ羲瞽ﾆﾀ","[UNTRANSLATED]"
s_012265,Alshark (Data disk).hdm,0x0849C8,"煇蹂F腓B","[UNTRANSLATED]"
s_012268,Alshark (Data disk).hdm,0x088AC6,"霏饒陟ﾀP","[UNTRANSLATED]"
s_012269,Alshark (Data disk).hdm,0x089449,"濾瑟玳`>","[UNTRANSLATED]"
s_012270,Alshark (Data disk).hdm,0x089CCA,"漾p@p@8@蓮唖","[UNTRANSLATED]"
s_012273,Alshark (Data disk).hdm,0x08A38A,"輿ﾎ猥0qﾔ>謠rAr","[UNTRANSLATED]"
s_012277,Alshark (Data disk).hdm,0x08AFF3,"ょまﾂfﾂ崢","[UNTRANSLATED]"
s_012278,Alshark (Data disk).hdm,0x08B2EA,"狡眥眥ﾁﾂﾃﾁγ","[UNTRANSLATED]"
s_012279,Alshark (Data disk).hdm,0x08B4B5,"咯悊}ｳﾍ攴ﾟ","[UNTRANSLATED]"
s_012280,Alshark (Data disk).hdm,0x08B4D5,"咯悊}ｳﾍ剱ﾟ","[UNTRANSLATED]"
s_012282,Alshark (Data disk).hdm,0x08BAE6,"沺缺ﾑ湜ﾉ","[UNTRANSLATED]"
s_012283,Alshark (Data disk).hdm,0x08BAF7,"鍄ﾐ鉐鋗ﾃﾏb","[UNTRANSLATED]"
s_012285,Alshark (Data disk).hdm,0x08D8D8,"叩ｰ`壬甕","[UNTRANSLATED]"
s_012286,Alshark (Data disk).hdm,0x08F3F4,"拭A@ァ1@漾ｹ@","[UNTRANSLATED]"
s_012289,Alshark (Data disk).hdm,0x0943F3,"瑜ﾐﾟ隸鍜ﾐ","[UNTRANSLATED]"
s_012290,Alshark (Data disk).hdm,0x096EF7,"烋@兤麾""","[UNTRANSLATED]"
s_012291,Alshark (Data disk).hdm,0x096FD0,"黴W@黴ﾕ@閠R","[UNTRANSLATED]"
s_012296,Alshark (Data disk).hdm,0x097972,"控瓦ﾍUJ｢ﾍUN｢ｿUUU巻U","[UNTRANSLATED]"
s_012297,Alshark (Data disk).hdm,0x0991EC,"蕫蕫銜","[UNTRANSLATED]"
s_012301,Alshark (Data disk).hdm,0x09CAE2,"朽ｦﾀ沼~烱@ｺ","[UNTRANSLATED]"
s_012302,Alshark (Data disk).hdm,0x09D47F,"癖Xｰﾀ眤準","[UNTRANSLATED]"
s_012303,Alshark (Data disk).hdm,0x09EDA8,"礰憫x@蕁","[UNTRANSLATED]"
s_012304,Alshark (Data disk).hdm,0x09EDC8,"髙樅y`蕁","[UNTRANSLATED]"
s_012305,Alshark (Data disk).hdm,0x09F482,"霏詑-@秦","[UNTRANSLATED]"
s_012306,Alshark (Data disk).hdm,0x09F4C0,"通暲ﾛﾀ?犢`^`ｲ0","[UNTRANSLATED]"
s_012307,Alshark (Data disk).hdm,0x09F4E3,"狄瓊P銜","[UNTRANSLATED]"
s_012308,Alshark (Data disk).hdm,0x0A19E7,"炮炯ﾀ鍗","[UNTRANSLATED]"
s_012310,Alshark (Data disk).hdm,0x0A22D3,"費ｨﾗ髪ｨ_澄ｨｿP","[UNTRANSLATED]"
s_012311,Alshark (Data disk).hdm,0x0A24E3,"瑁璞ｰ糅Qx","[UNTRANSLATED]"
s_012312,Alshark (Data disk).hdm,0x0A28E4,"髙籵Q煖","[UNTRANSLATED]"
s_012313,Alshark (Data disk).hdm,0x0A38CC,"鈼侊ﾚ*ｵ肇ｨ","[UNTRANSLATED]"
s_012315,Alshark (Data disk).hdm,0x0A68D7,"製*喆棯ｺ","[UNTRANSLATED]"
s_012316,Alshark (Data disk).hdm,0x0A6AD3,"費ｨﾗ髪ｨﾟ澄ｨｿP","[UNTRANSLATED]"
s_012317,Alshark (Data disk).hdm,0x0A6EC2,"蘖_(ｧTWｨ*T暢祓","[UNTRANSLATED]"
s_012318,Alshark (Data disk).hdm,0x0A70E7,"琿璋瑜`ﾙ","[UNTRANSLATED]"
s_012319,Alshark (Data disk).hdm,0x0A71A4,"逐h`チL爐","[UNTRANSLATED]"
s_012321,Alshark (Data disk).hdm,0x0A89A0,"淆ｿﾀｿ狄狄","[UNTRANSLATED]"
s_012322,Alshark (Data disk).hdm,0x0A98C6,"烙兤烙ﾁ","[UNTRANSLATED]"
s_012325,Alshark (Data disk).hdm,0x0ADA86,"圷ｽ@逗磧ﾂ","[UNTRANSLATED]"
s_012326,Alshark (Data disk).hdm,0x0ADAD1,"瑕珥`ﾝ`:`ﾔ瑟","[UNTRANSLATED]"
s_012327,Alshark (Data disk).hdm,0x0AEFC4,"縲瓸ﾃ威898R8/@","[UNTRANSLATED]"
s_012328,Alshark (Data disk).hdm,0x0AF2AA,"幤ｳｰ鱗脛","[UNTRANSLATED]"
s_012329,Alshark (Data disk).hdm,0x0AF38A,"伶挺解ﾙｰ:","[UNTRANSLATED]"
s_012331,Alshark (Data disk).hdm,0x0B44F2,"麾銜ﾟ鞜","[UNTRANSLATED]"
s_012337,Alshark (Data disk).hdm,0x0C3D56,"逐=舷B""ﾀ悒","[UNTRANSLATED]"
s_012338,Alshark (Data disk).hdm,0x0C4154,"逐=舷B""ﾀ悒""ﾐ","[UNTRANSLATED]"
s_012339,Alshark (Data disk).hdm,0x0C4D8D,"澡@*獨@ﾉ漾@ﾊ","[UNTRANSLATED]"
s_012341,Alshark (Data disk).hdm,0x0C5AA1,"濱ｰﾟｰｿp橇]潴ﾀg","[UNTRANSLATED]"
s_012342,Alshark (Data disk).hdm,0x0C6A66,"霏ぢ蕁:@F ﾅ E","[UNTRANSLATED]"
s_012343,Alshark (Data disk).hdm,0x0C6EE4,"鸙Wwｮ猤方7ﾗYｮｻ]uｮﾛ}","[UNTRANSLATED]"
s_012344,Alshark (Data disk).hdm,0x0C8BF2,"烟瓠ﾃ@蕫+","[UNTRANSLATED]"
s_012345,Alshark (Data disk).hdm,0x0C9BF2,"烟瓠ﾃ@死+","[UNTRANSLATED]"
s_012346,Alshark (Data disk).hdm,0x0CBA50,"秤dﾎ曠醂","[UNTRANSLATED]"
s_012348,Alshark (Data disk).hdm,0x0CBB85,"澡)j抉WあUuﾂ","[UNTRANSLATED]"
s_012349,Alshark (Data disk).hdm,0x0D0489,"旋珎狄ｰ_8ｷ","[UNTRANSLATED]"
s_012350,Alshark (Data disk).hdm,0x0D52C3,"受vvﾜ鍗ﾛ燬ﾀJ","[UNTRANSLATED]"
s_012353,Alshark (Data disk).hdm,0x0D8FF1,"瀑ｰﾊｰﾕ`唖戊ﾇ","[UNTRANSLATED]"
s_012356,Alshark (Data disk).hdm,0x0DA6AC,"澗曹東!<","[UNTRANSLATED]"
s_012357,Alshark (Data disk).hdm,0x0DA7CB,"燉燉ﾀｫﾀ-ｸ怖","[UNTRANSLATED]"
s_012360,Alshark (Data disk).hdm,0x0DCC68,"告ｳ釞ﾆ矼_","[UNTRANSLATED]"
s_012361,Alshark (Data disk).hdm,0x0DD5C5,"瑰瑩珥Xﾀ","[UNTRANSLATED]"
s_012363,Alshark (Data disk).hdm,0x0DF771,"薪｣VｯSﾋYﾗ俚ﾖ盂","[UNTRANSLATED]"
s_012364,Alshark (Data disk).hdm,0x0DF7F3,"愈ｦ鳰汜ﾃｩﾛﾋB","[UNTRANSLATED]"
s_012365,Alshark (Data disk).hdm,0x0DF862,"款検K標5:;","[UNTRANSLATED]"
s_012366,Alshark (Data disk).hdm,0x0E0DB4,"沼轢痼","[UNTRANSLATED]"
s_012367,Alshark (Data disk).hdm,0x0E0DD3,"熄ﾀ轢轢wﾀ","[UNTRANSLATED]"
s_012369,Alshark (Data disk).hdm,0x0E36B0,"拭 @捩埖ﾈ@ﾈ","[UNTRANSLATED]"
s_012372,Alshark (Data disk).hdm,0x0E3CE7,"璋瑾0祥ｹ@~霑8","[UNTRANSLATED]"
s_012375,Alshark (Data disk).hdm,0x0F04C2,"蒴･zﾟ8ﾆhﾌ懾檄6","[UNTRANSLATED]"
s_012378,Alshark (Data disk).hdm,0x0F0D73,"獨瓔烋ﾀｻ","[UNTRANSLATED]"
s_012383,Alshark (Data disk).hdm,0x0F578E,"漱漱O祕ﾄ#","[UNTRANSLATED]"
s_012387,Alshark (Data disk).hdm,0x0FA5D5,"瑙瑪ﾀ罌ﾛ@","[UNTRANSLATED]"
s_012388,Alshark (Data disk).hdm,0x0FCDEA,"汯庶帷9館","[UNTRANSLATED]"
s_012389,Alshark (Data disk).hdm,0x0FDD8E,"瑞拭説 `","[UNTRANSLATED]"
s_012390,Alshark (Data disk).hdm,0x0FDED0,"猯粮粮Jﾈ","[UNTRANSLATED]"
s_012391,Alshark (Data disk).hdm,0x0FEBC1,"顰瓊@漾d ?ﾀｯ","[UNTRANSLATED]"
s_012394,Alshark (Data disk).hdm,0x102390,"闊ﾐH瘉竏","[UNTRANSLATED]"
s_012395,Alshark (Data disk).hdm,0x102AF5,"椦>綱所N","[UNTRANSLATED]"
s_012397,Alshark (Data disk).hdm,0x103BC7,"老j4,+ﾔ鈴｣ﾅT*[ﾚ4,錦","[UNTRANSLATED]"
s_012398,Alshark (Data disk).hdm,0x103DC5,"啖jｴ-ｫﾕ鈴｣ﾅT*[ﾚ4,錦t.","[UNTRANSLATED]"
s_012399,Alshark (Data disk).hdm,0x104FE6,"躪躅眠ｳ ;","[UNTRANSLATED]"
s_012402,Alshark (Data disk).hdm,0x105BD3,"兤珪u7ﾘ繽!","[UNTRANSLATED]"
s_012404,Alshark (Data disk).hdm,0x106393,"籍@顱閠","[UNTRANSLATED]"
s_012405,Alshark (Data disk).hdm,0x10B22B,"瀘ﾁﾍぱ髪","[UNTRANSLATED]"
s_012406,Alshark (Data disk).hdm,0x10B2E5,"瑾ｰ~X鍗匀ﾙh","[UNTRANSLATED]"
s_012409,Alshark (Data disk).hdm,0x10C065,"躇欅wO衆wO","[UNTRANSLATED]"
s_012414,Alshark (Data disk).hdm,0x10DF4D,"榿晉漿ﾟqﾟyﾏｽﾞ","[UNTRANSLATED]"
s_012418,Alshark (Data disk).hdm,0x10FB01,"瑛盆叢 `","[UNTRANSLATED]"
s_012419,Alshark (Data disk).hdm,0x10FEC8,"墲擒=改ｨ","[UNTRANSLATED]"
s_012421,Alshark (Data disk).hdm,0x110401,"瑛盆頻 `","[UNTRANSLATED]"
s_012422,Alshark (Data disk).hdm,0x110C01,"汁徑撤' /","[UNTRANSLATED]"
s_012428,Alshark (Data disk).hdm,0x111E15,"ひﾄ疏d耡","[UNTRANSLATED]"
s_012429,Alshark (Data disk).hdm,0x111E34,"具ｽ殤ｾ釮-ｿ","[UNTRANSLATED]"
s_012430,Alshark (Data disk).hdm,0x113AEB,"距Eｯ｢篇*鷂ﾙ*ｪUY(ｺU","[UNTRANSLATED]"
s_012431,Alshark (Data disk).hdm,0x113C70,"少W\彊WT完W","[UNTRANSLATED]"
s_012432,Alshark (Data disk).hdm,0x114462,"歴#ｰ橇bxﾏｸﾍXﾂｨ薊ﾆ$a4@L","[UNTRANSLATED]"
s_012433,Alshark (Data disk).hdm,0x116CE4,"游崑ｷ ﾆ菅","[UNTRANSLATED]"
s_012434,Alshark (Data disk).hdm,0x1173C8,"媼ﾚ崕ﾝ{ﾞ=ｼ^zｧ裃","[UNTRANSLATED]"
s_012435,Alshark (Data disk).hdm,0x117E71,"倭倭雪ﾀ","[UNTRANSLATED]"
s_012436,Alshark (Data disk).hdm,0x1182A7,"鰯練ﾝ溘ﾚ","[UNTRANSLATED]"
s_012438,Alshark (Data disk).hdm,0x1187F5,"瓏珞瑁ﾀwﾀrﾀ","[UNTRANSLATED]"
s_012439,Alshark (Data disk).hdm,0x119044,"痩]ｺO稍誂","[UNTRANSLATED]"
s_012440,Alshark (Data disk).hdm,0x119244,"鄲ﾊxﾛ瑚`澑","[UNTRANSLATED]"
s_012442,Alshark (Data disk).hdm,0x119544,"蠡暲ﾕﾀ暲","[UNTRANSLATED]"
s_012443,Alshark (Data disk).hdm,0x11968E,"座搬ｶ獰`ﾗ","[UNTRANSLATED]"
s_012445,Alshark (Data disk).hdm,0x119C96,"臍d`臍d`臍","[UNTRANSLATED]"
s_012446,Alshark (Data disk).hdm,0x119CC3,"狃ﾁ;ﾁ氈O息1F1","[UNTRANSLATED]"
s_012450,Alshark (Data disk).hdm,0x1211A2,"アア帰(A","[UNTRANSLATED]"
s_012451,Alshark (Data disk).hdm,0x12194D,"愑蜿胙","[UNTRANSLATED]"
s_012452,Alshark (Data disk).hdm,0x122355,"袙ｨﾟ袙ｨﾟ袙ｨ","[UNTRANSLATED]"
s_012453,Alshark (Data disk).hdm,0x122642,"穆現ﾘ屏･ｰｭｰｭ","[UNTRANSLATED]"
s_012457,Alshark (Data disk).hdm,0x123310,"璉ｫ 髙髜ｫ`g@","[UNTRANSLATED]"
s_012458,Alshark (Data disk).hdm,0x123345,"爾N\字N\蒔NDｦ","[UNTRANSLATED]"
s_012459,Alshark (Data disk).hdm,0x1234F0,"徊寧ﾔj寧","[UNTRANSLATED]"
s_012460,Alshark (Data disk).hdm,0x124741,"爼瓱宵OW/ｪOTｯｪOTｯｪO","[UNTRANSLATED]"
s_012461,Alshark (Data disk).hdm,0x1251C3,"婪ZZ唳ZYｺ[∵∵∵∵∵∵∵∵∵橳","[UNTRANSLATED]"
s_012462,Alshark (Data disk).hdm,0x126201,"疚畉疉","[UNTRANSLATED]"
s_012463,Alshark (Data disk).hdm,0x126496,"涖畋=痾ﾀ~","[UNTRANSLATED]"
s_012465,Alshark (Data disk).hdm,0x1279CD,"物ｪ紐Jｬ謬Jｨ","[UNTRANSLATED]"
s_012466,Alshark (Data disk).hdm,0x127D88,"凜kﾅ桐ﾋﾉｫﾍｫﾍkﾏkﾆRﾋP桟kT.P","[UNTRANSLATED]"
s_012468,Alshark (Data disk).hdm,0x12924D,"楽UｴﾊuE霙iE霙iEhﾁh%","[UNTRANSLATED]"
s_012469,Alshark (Data disk).hdm,0x129C4C,"挨""｢挨""｢挨""｢","[UNTRANSLATED]"
s_012471,Alshark (Data disk).hdm,0x12A910,"怖ｽﾄ緯惠","[UNTRANSLATED]"
s_012473,Alshark (Data disk).hdm,0x00020B,"鵺祥+屆yﾗ","[UNTRANSLATED]"
s_012474,Alshark (Data disk).hdm,0x000303,"郢UｲｷK_ｴ:e1堽ﾗSｼｨZE","[UNTRANSLATED]"
s_012475,Alshark (Data disk).hdm,0x000484,"欝ｲｴK]ｴ:e1幗ﾟSｾE","[UNTRANSLATED]"
s_012478,Alshark (Data disk).hdm,0x000860,"簿峽ﾗVf","[UNTRANSLATED]"
s_012479,Alshark (Data disk).hdm,0x000904,"欝ｲｶK_ｴ:e1幗ﾟSｾE","[UNTRANSLATED]"
s_012483,Alshark (Data disk).hdm,0x001088,"祇ｴ:ﾅ1ﾚﾌgS茯2Eﾝ;.Rｭ","[UNTRANSLATED]"
s_012486,Alshark (Data disk).hdm,0x001805,"瑳ｼu]ｫｯTｯｶ>Y釗","[UNTRANSLATED]"
s_012487,Alshark (Data disk).hdm,0x00188F,"箞+ｧ彎ﾗﾓ","[UNTRANSLATED]"
s_012488,Alshark (Data disk).hdm,0x0018C2,"囗ﾃ}o榑ﾅｴ","[UNTRANSLATED]"
s_012489,Alshark (Data disk).hdm,0x001A06,"粲E鷆ｺUuｪｺE^DU","[UNTRANSLATED]"
s_012490,Alshark (Data disk).hdm,0x001A9E,"跪ｩﾟU'ｫWU喬､UTｪｪUUｪｪU@ｪ","[UNTRANSLATED]"
s_012491,Alshark (Data disk).hdm,0x001B0D,"墟}Cb扈","[UNTRANSLATED]"
s_012492,Alshark (Data disk).hdm,0x001C06,"徹ｬ桟#ｪﾛTｩｪtU[ｪｫUUｪｪU","[UNTRANSLATED]"
s_012495,Alshark (Data disk).hdm,0x0020E1,"罨侚UｪｪﾕUｮｪW","[UNTRANSLATED]"
s_012496,Alshark (Data disk).hdm,0x0021C7,"爿ﾐ_瑪ﾐ","[UNTRANSLATED]"
s_012497,Alshark (Data disk).hdm,0x002440,"筧4ﾕﾟ穉","[UNTRANSLATED]"
s_012498,Alshark (Data disk).hdm,0x002481,"餤w樓Wojｽ","[UNTRANSLATED]"
s_012500,Alshark (Data disk).hdm,0x00255B,"魁S9ﾈ錙ｰ","[UNTRANSLATED]"
s_012501,Alshark (Data disk).hdm,0x00258E,"晟{+ﾓ彿ﾗ;","[UNTRANSLATED]"
s_012502,Alshark (Data disk).hdm,0x002607,"黨ﾕｫ鷆","[UNTRANSLATED]"
s_012503,Alshark (Data disk).hdm,0x002889,"敎jK祥+屆yﾗ","[UNTRANSLATED]"
s_012504,Alshark (Data disk).hdm,0x002905,"根ｼu]ｫｯTｫｦ6Y釗ｴU","[UNTRANSLATED]"
s_012505,Alshark (Data disk).hdm,0x00298F,"箞+ｦ彎Wﾓ","[UNTRANSLATED]"
s_012506,Alshark (Data disk).hdm,0x002A0E,"飭QU｢鵑","[UNTRANSLATED]"
s_012508,Alshark (Data disk).hdm,0x002B83,"郢WｲｷK_ｴ;e3墹ﾗSｼｫZG","[UNTRANSLATED]"
s_012509,Alshark (Data disk).hdm,0x002C0A,"爾GuｫﾌQﾑｽｬ鰈ｽｺ]ﾗｶ","[UNTRANSLATED]"
s_012513,Alshark (Data disk).hdm,0x00300B,"鍖ﾕcj雙{ｪ","[UNTRANSLATED]"
s_012515,Alshark (Data disk).hdm,0x00320B,"鵺祥+屆yﾕ","[UNTRANSLATED]"
s_012517,Alshark (Data disk).hdm,0x003447,"曚ﾅ･潦","[UNTRANSLATED]"
s_012518,Alshark (Data disk).hdm,0x0036D4,"ガ黼ｱg|","[UNTRANSLATED]"
s_012520,Alshark (Data disk).hdm,0x005373,"舫N涖UｱUｪ","[UNTRANSLATED]"
s_012522,Alshark (Data disk).hdm,0x005D4B,"録`項ﾓｅ","[UNTRANSLATED]"
s_012523,Alshark (Data disk).hdm,0x005D83,"蟻Gｸ庠s{","[UNTRANSLATED]"
s_012525,Alshark (Data disk).hdm,0x005E82,"喚uWｺｻ{ｾ_}/鷂U#ｪ","[UNTRANSLATED]"
s_012527,Alshark (Data disk).hdm,0x006BF0,"轢ﾛﾀﾃ猊`","[UNTRANSLATED]"
s_012528,Alshark (Data disk).hdm,0x007176,"洄UﾂUﾂ裘ｪｪ","[UNTRANSLATED]"
s_012530,Alshark (Data disk).hdm,0x0073F0,"轢ﾛﾈﾃ猊`","[UNTRANSLATED]"
s_012531,Alshark (Data disk).hdm,0x00778A,"勢d%rｨ,%爲","[UNTRANSLATED]"
s_012538,Alshark (Data disk).hdm,0x0094A5,"醯趁ﾙN3ﾑF","[UNTRANSLATED]"
s_012540,Alshark (Data disk).hdm,0x009618,"尤油ｻ~Y\","[UNTRANSLATED]"
s_012542,Alshark (Data disk).hdm,0x009716,"廐ｳﾛｧ礼ｧﾇｧ","[UNTRANSLATED]"
s_012544,Alshark (Data disk).hdm,0x009918,"嵯ﾚｵﾖﾂｷb條1$","[UNTRANSLATED]"
s_012545,Alshark (Data disk).hdm,0x009B90,"抔ｭw窄 b#","[UNTRANSLATED]"
s_012547,Alshark (Data disk).hdm,0x009E68,"磧磧r@=Pﾘﾀ90ﾞ9","[UNTRANSLATED]"
s_012548,Alshark (Data disk).hdm,0x00A027,"蝪ﾚN=ﾟ55簪5","[UNTRANSLATED]"
s_012549,Alshark (Data disk).hdm,0x00A0A5,"躇趁ﾙn3","[UNTRANSLATED]"
s_012551,Alshark (Data disk).hdm,0x00A280,"掠擁k}ﾐ","[UNTRANSLATED]"
s_012553,Alshark (Data disk).hdm,0x00A496,"嬲｢ﾚｦ髭･ﾅｧ","[UNTRANSLATED]"
s_012554,Alshark (Data disk).hdm,0x00A4F5,"謀俵%Qb｢B","[UNTRANSLATED]"
s_012559,Alshark (Data disk).hdm,0x00ABD4,"竓DA.礒｣ﾑWｵ0","[UNTRANSLATED]"
s_012564,Alshark (Data disk).hdm,0x00B111,"勝S魲ｧ","[UNTRANSLATED]"
s_012566,Alshark (Data disk).hdm,0x00B2E6,"甃ﾖ#{鶴|ｧ","[UNTRANSLATED]"
s_012574,Alshark (Data disk).hdm,0x00BF66,"甃ﾖ#{帖~","[UNTRANSLATED]"
s_012576,Alshark (Data disk).hdm,0x00C559,"硺ﾟ沛ﾟﾟ","[UNTRANSLATED]"
s_012577,Alshark (Data disk).hdm,0x00D991,"轎]楔ｷ","[UNTRANSLATED]"
s_012578,Alshark (Data disk).hdm,0x00DA54,"黽ｩﾛYﾜ岺ｬﾑ","[UNTRANSLATED]"
s_012580,Alshark (Data disk).hdm,0x00DAF3,"俍﨔ｵ=s施}ｨ9","[UNTRANSLATED]"
s_012581,Alshark (Data disk).hdm,0x00DD04,"剔fn掵dﾕ","[UNTRANSLATED]"
s_012583,Alshark (Data disk).hdm,0x00E117,"裲K岶`ｪｰ","[UNTRANSLATED]"
s_012590,Alshark (Data disk).hdm,0x00E993,"惱ｴU_い","[UNTRANSLATED]"
s_012592,Alshark (Data disk).hdm,0x00EA11,"掻ﾄｯQ_隸ﾕ\Eｽ","[UNTRANSLATED]"
s_012593,Alshark (Data disk).hdm,0x00EA4E,"街'相ﾄEQｪ","[UNTRANSLATED]"
s_012594,Alshark (Data disk).hdm,0x00EA96,"鍄渝ｿ_~","[UNTRANSLATED]"
s_012596,Alshark (Data disk).hdm,0x00EE5A,"阿""5鍮@","[UNTRANSLATED]"
s_012597,Alshark (Data disk).hdm,0x00EFF4,"條w@ﾟb賰","[UNTRANSLATED]"
s_012599,Alshark (Data disk).hdm,0x00F5DF,"ФP齔]瓔ﾂｿ@﨡}Aﾚ","[UNTRANSLATED]"
s_012600,Alshark (Data disk).hdm,0x00F613,"栩ﾉｽ{l抒+ｭG","[UNTRANSLATED]"
s_012602,Alshark (Data disk).hdm,0x00F9E7,"氈=,歉>","[UNTRANSLATED]"
s_012603,Alshark (Data disk).hdm,0x00FE04,"躊ｽ畜ｽﾚｲ","[UNTRANSLATED]"
s_012604,Alshark (Data disk).hdm,0x0100B9,"鱇ﾐ]ﾕｯ葦","[UNTRANSLATED]"
s_012605,Alshark (Data disk).hdm,0x010445,"磐Lrｩ琦","[UNTRANSLATED]"
s_012609,Alshark (Data disk).hdm,0x010A74,"條wUﾟs錥","[UNTRANSLATED]"
s_012611,Alshark (Data disk).hdm,0x011054,"竊ｩﾛYﾜ岺ｬﾑ","[UNTRANSLATED]"
s_012612,Alshark (Data disk).hdm,0x0112D6,"推柱ｈBQﾉ","[UNTRANSLATED]"
s_012613,Alshark (Data disk).hdm,0x011357,"白劇ﾈCQﾉ","[UNTRANSLATED]"
s_012615,Alshark (Data disk).hdm,0x012B16,"遺Zx岬(p","[UNTRANSLATED]"
s_012616,Alshark (Data disk).hdm,0x012B92,"限Vﾘ侯Zhﾔｶ(","[UNTRANSLATED]"
s_012618,Alshark (Data disk).hdm,0x012E0D,"徹&&泊｢,","[UNTRANSLATED]"
s_012620,Alshark (Data disk).hdm,0x012F56,"澡bｪ藏ﾊｪﾕU","[UNTRANSLATED]"
s_012621,Alshark (Data disk).hdm,0x013310,"艚ｪｾｪｾ艚ｪｾｪｯ?","[UNTRANSLATED]"
s_012622,Alshark (Data disk).hdm,0x0139E9,"隲ﾀg 坑","[UNTRANSLATED]"
s_012623,Alshark (Data disk).hdm,0x013A2B,"訪M渉Zﾀｧ","[UNTRANSLATED]"
s_012624,Alshark (Data disk).hdm,0x013A6A,"進栖 =%7HⅧ","[UNTRANSLATED]"
s_012625,Alshark (Data disk).hdm,0x013AFE,"恆ｲH@捲R","[UNTRANSLATED]"
s_012628,Alshark (Data disk).hdm,0x013BEE,"青PB摂@","[UNTRANSLATED]"
s_012630,Alshark (Data disk).hdm,0x01458B,"誘W*欟I*ｪUO*･UU*ｧUR*ｪ","[UNTRANSLATED]"
s_012631,Alshark (Data disk).hdm,0x015316,"遺Zx幡(p","[UNTRANSLATED]"
s_012633,Alshark (Data disk).hdm,0x015B17,"禹x幡(p","[UNTRANSLATED]"
s_012635,Alshark (Data disk).hdm,0x016828,"隷崧ﾌ\5pﾘｯ､","[UNTRANSLATED]"
s_012636,Alshark (Data disk).hdm,0x016A1F,"ザJ揵a","[UNTRANSLATED]"
s_012639,Alshark (Data disk).hdm,0x016EE7,"晝ｯ﨩諶","[UNTRANSLATED]"
s_012644,Alshark (Data disk).hdm,0x0173E0,"幹I%2p監h","[UNTRANSLATED]"
s_012646,Alshark (Data disk).hdm,0x017A02,"無KVｦｵ*-罷5ｲ","[UNTRANSLATED]"
s_012647,Alshark (Data disk).hdm,0x017ECA,"銀-ﾕB鋗@(｢U","[UNTRANSLATED]"
s_012652,Alshark (Data disk).hdm,0x018206,"倍Yｸｯ>W\ｯ椀g","[UNTRANSLATED]"
s_012653,Alshark (Data disk).hdm,0x018560,"遶ﾋﾗ簿ﾂw","[UNTRANSLATED]"
s_012654,Alshark (Data disk).hdm,0x018741,"鮒ｪTU坎TUｪ?D","[UNTRANSLATED]"
s_012656,Alshark (Data disk).hdm,0x018A84,"婪'ｺIQ涅","[UNTRANSLATED]"
s_012663,Alshark (Data disk).hdm,0x019584,"諶\墸)ﾐｯGJo","[UNTRANSLATED]"
s_012664,Alshark (Data disk).hdm,0x0195A6,"鋏npｾh>辷ｼa","[UNTRANSLATED]"
s_012665,Alshark (Data disk).hdm,0x019782,"無KVｦｴ*%被5","[UNTRANSLATED]"
s_012667,Alshark (Data disk).hdm,0x019928,"隷崧ﾌ\5pﾘｨ､","[UNTRANSLATED]"
s_012668,Alshark (Data disk).hdm,0x0199FF,"盃ﾕｷzﾍｯp繒ﾊ","[UNTRANSLATED]"
s_012669,Alshark (Data disk).hdm,0x01A4F3,"鷸ﾀｽｲﾖ掻","[UNTRANSLATED]"
s_012673,Alshark (Data disk).hdm,0x01B962,"嬉P爍ﾀWﾀｫ","[UNTRANSLATED]"
s_012675,Alshark (Data disk).hdm,0x01B9C8,"肚yﾕｱ秉","[UNTRANSLATED]"
s_012680,Alshark (Data disk).hdm,0x01CF55,"昌溶ｫ]ｶquｨ:0","[UNTRANSLATED]"
s_012682,Alshark (Data disk).hdm,0x01D440,"鈼ﾞU薰ﾟ","[UNTRANSLATED]"
s_012683,Alshark (Data disk).hdm,0x01D450,"薰ﾟ@賴ﾟ","[UNTRANSLATED]"
s_012685,Alshark (Data disk).hdm,0x01D7C7,"皚ﾒ_跿ﾔ","[UNTRANSLATED]"
s_012686,Alshark (Data disk).hdm,0x01DA15,"誉+ｾ凌*＂ｵｯ","[UNTRANSLATED]"
s_012687,Alshark (Data disk).hdm,0x01DABF,"餮ﾟｮ柔ﾇｪｳW","[UNTRANSLATED]"
s_012689,Alshark (Data disk).hdm,0x01DB01,"牲Iﾆf8c冦(","[UNTRANSLATED]"
s_012691,Alshark (Data disk).hdm,0x01E088,"幗+鬩ﾉx","[UNTRANSLATED]"
s_012693,Alshark (Data disk).hdm,0x01E440,"謬ﾊｨﾐP燿","[UNTRANSLATED]"
s_012694,Alshark (Data disk).hdm,0x01E65F,"涯T勘PP","[UNTRANSLATED]"
s_012695,Alshark (Data disk).hdm,0x01E715,"誉+ｪ臨*ｪWｵｯ","[UNTRANSLATED]"
s_012696,Alshark (Data disk).hdm,0x01EF15,"雄+ｪ臨*ｪWｵｯ","[UNTRANSLATED]"
s_012699,Alshark (Data disk).hdm,0x01FE1A,"蹠y 据ﾟ","[UNTRANSLATED]"
s_012701,Alshark (Data disk).hdm,0x02070D,"衣ｨ僂ｵｲ","[UNTRANSLATED]"
s_012703,Alshark (Data disk).hdm,0x020A07,"饑ｰﾂ秉ｶg","[UNTRANSLATED]"
s_012704,Alshark (Data disk).hdm,0x020A28,"狸a]cﾘ叨ｯｹzgﾝ=","[UNTRANSLATED]"
s_012705,Alshark (Data disk).hdm,0x020AE1,"ぶU闌ﾁE","[UNTRANSLATED]"
s_012706,Alshark (Data disk).hdm,0x020B82,"袵ｨ\ｺ6m鏝ﾖNｩ","[UNTRANSLATED]"
s_012708,Alshark (Data disk).hdm,0x020CB6,"夛｢ﾒ+ｭN隅}","[UNTRANSLATED]"
s_012709,Alshark (Data disk).hdm,0x020D6D,"瓠ｶ栓`ﾐ0P(04","[UNTRANSLATED]"
s_012712,Alshark (Data disk).hdm,0x0213E4,"父癌AP@ｨｹ!ﾞｶO","[UNTRANSLATED]"
s_012713,Alshark (Data disk).hdm,0x021483,"鑠<U?ｺ緒WG","[UNTRANSLATED]"
s_012714,Alshark (Data disk).hdm,0x02159D,"煦x釗}","[UNTRANSLATED]"
s_012715,Alshark (Data disk).hdm,0x021695,"慍腟ｰAP","[UNTRANSLATED]"
s_012716,Alshark (Data disk).hdm,0x0218C7,"轂巛?w_","[UNTRANSLATED]"
s_012718,Alshark (Data disk).hdm,0x021BA8,"辰a]cﾘ叮ｯｻzgﾝ;","[UNTRANSLATED]"
s_012719,Alshark (Data disk).hdm,0x021C28,"辰a]cﾘ叮ｯｹzfﾜ!","[UNTRANSLATED]"
s_012720,Alshark (Data disk).hdm,0x021E20,"黌u8餃5","[UNTRANSLATED]"
s_012721,Alshark (Data disk).hdm,0x022247,"妊渇cUK","[UNTRANSLATED]"
s_012722,Alshark (Data disk).hdm,0x022300,"觧h-gsﾂﾍTｪｫr$漂","[UNTRANSLATED]"
s_012723,Alshark (Data disk).hdm,0x022328,"冫v揉:ﾊ","[UNTRANSLATED]"
s_012724,Alshark (Data disk).hdm,0x022415,"稷ｰﾇ喩4","[UNTRANSLATED]"
s_012725,Alshark (Data disk).hdm,0x0225A0,"赧o謌zV","[UNTRANSLATED]"
s_012726,Alshark (Data disk).hdm,0x02271A,"季A @偃s","[UNTRANSLATED]"
s_012728,Alshark (Data disk).hdm,0x022A7E,"鍼状aﾐ x","[UNTRANSLATED]"
s_012731,Alshark (Data disk).hdm,0x022EA0,"罇18貝%","[UNTRANSLATED]"
s_012734,Alshark (Data disk).hdm,0x02408F,"皜ﾕﾋ礼Gｭ皛yｾｪ","[UNTRANSLATED]"
s_012738,Alshark (Data disk).hdm,0x024AE0,"共｢&淘P","[UNTRANSLATED]"
s_012740,Alshark (Data disk).hdm,0x025006,"桓ｼuｪ靱ﾀ{","[UNTRANSLATED]"
s_012742,Alshark (Data disk).hdm,0x025101,"鰹BOｪ菖O","[UNTRANSLATED]"
s_012745,Alshark (Data disk).hdm,0x0257F9,"桂忙ROSUU+:L","[UNTRANSLATED]"
s_012746,Alshark (Data disk).hdm,0x02580F,"珉ﾕﾋ礼G咋Wyｾｪ=ﾅ?ｻ*ｪ","[UNTRANSLATED]"
s_012747,Alshark (Data disk).hdm,0x025900,"ПB瓠)寝U","[UNTRANSLATED]"
s_012748,Alshark (Data disk).hdm,0x02590F,"席Bﾀ茶Fﾄﾄ@@","[UNTRANSLATED]"
s_012749,Alshark (Data disk).hdm,0x025B03,"緇ﾀ[藐v","[UNTRANSLATED]"
s_012751,Alshark (Data disk).hdm,0x025BC7,"戟ﾜA戟ﾜ","[UNTRANSLATED]"
s_012753,Alshark (Data disk).hdm,0x025FC7,"支ｺｮｪﾕｿ㌃z部｢","[UNTRANSLATED]"
s_012755,Alshark (Data disk).hdm,0x026492,"唖5D￤ﾛST戌ｯ","[UNTRANSLATED]"
s_012756,Alshark (Data disk).hdm,0x026615,"輦ﾇ胚ﾇ","[UNTRANSLATED]"
s_012758,Alshark (Data disk).hdm,0x0266C6,"εC紕絅qﾄ0","[UNTRANSLATED]"
s_012759,Alshark (Data disk).hdm,0x02678C,"酸ﾊ>ﾊNIsPｪﾙWTz録ﾜBｴｦ","[UNTRANSLATED]"
s_012761,Alshark (Data disk).hdm,0x026BE1,"回Q﨏ﾙ拑Z5ｯ4ﾞ?","[UNTRANSLATED]"
s_012762,Alshark (Data disk).hdm,0x026D6A,"臑臑ｰqﾔ1ﾒ｡ﾖ)ﾙ","[UNTRANSLATED]"
s_012764,Alshark (Data disk).hdm,0x026F0A,"檣(ﾚ宰""Hｭ","[UNTRANSLATED]"
s_012765,Alshark (Data disk).hdm,0x027202,"釘USﾛ患","[UNTRANSLATED]"
s_012766,Alshark (Data disk).hdm,0x027269,"祕ROﾒVﾊS還","[UNTRANSLATED]"
s_012769,Alshark (Data disk).hdm,0x028804,"弴ﾆg羣ﾁ_","[UNTRANSLATED]"
s_012770,Alshark (Data disk).hdm,0x028984,"剔Ff冫dﾕ","[UNTRANSLATED]"
s_012772,Alshark (Data disk).hdm,0x028A88,"獨筱aPｰ+Jｳ","[UNTRANSLATED]"
s_012773,Alshark (Data disk).hdm,0x028B98,"討ｦ灰*｢","[UNTRANSLATED]"
s_012774,Alshark (Data disk).hdm,0x028BFC,"崘Y盥w[ﾞｷ;","[UNTRANSLATED]"
s_012775,Alshark (Data disk).hdm,0x028D79,"錺皂NUD","[UNTRANSLATED]"
s_012777,Alshark (Data disk).hdm,0x029180,"撈ﾙﾕ抖UAT","[UNTRANSLATED]"
s_012779,Alshark (Data disk).hdm,0x02964B,"漾爲%UR","[UNTRANSLATED]"
s_012780,Alshark (Data disk).hdm,0x029C8F,"磅``礪`","[UNTRANSLATED]"
s_012781,Alshark (Data disk).hdm,0x029C97,"磑`ﾀ瞎`","[UNTRANSLATED]"
s_012782,Alshark (Data disk).hdm,0x02A157,"鈹鞅ﾀ)ｰ","[UNTRANSLATED]"
s_012783,Alshark (Data disk).hdm,0x02A418,"謄ｦ灰+｢","[UNTRANSLATED]"
s_012784,Alshark (Data disk).hdm,0x02A784,"剔fl徠Dﾔ","[UNTRANSLATED]"
s_012786,Alshark (Data disk).hdm,0x02AD6B,"押>)語ｮ","[UNTRANSLATED]"
s_012787,Alshark (Data disk).hdm,0x02B17E,"γ･躰垓ｫ","[UNTRANSLATED]"
s_012788,Alshark (Data disk).hdm,0x02B52F,"就ﾏ#潤ﾏ","[UNTRANSLATED]"
s_012790,Alshark (Data disk).hdm,0x02B576,"陟丐h｢@ｐ","[UNTRANSLATED]"
s_012791,Alshark (Data disk).hdm,0x02B98E,"竓ﾀ･`げRX%ｹUXfｸ","[UNTRANSLATED]"
s_012792,Alshark (Data disk).hdm,0x02BD98,"討ｦ灰+｢","[UNTRANSLATED]"
s_012793,Alshark (Data disk).hdm,0x02BF81,"蜒鷸0ｴﾘ:-ｴﾞ","[UNTRANSLATED]"
s_012794,Alshark (Data disk).hdm,0x02C419,"爻`R爭ﾐ","[UNTRANSLATED]"
s_012795,Alshark (Data disk).hdm,0x02D604,"檀RP檀@","[UNTRANSLATED]"
s_012796,Alshark (Data disk).hdm,0x02D643,"彫ｪd彫ｪRR","[UNTRANSLATED]"
s_012798,Alshark (Data disk).hdm,0x02E20E,"哄Lｿｦ_ﾓ/i裂ﾋ","[UNTRANSLATED]"
s_012799,Alshark (Data disk).hdm,0x02E21F,"卉ｪ甼yUｽ*ﾝ","[UNTRANSLATED]"
s_012800,Alshark (Data disk).hdm,0x02E233,"眄y,ｽ畯","[UNTRANSLATED]"
s_012803,Alshark (Data disk).hdm,0x02E348,"潮･UJｪ俵*ｪUUｪｪUUｪｪUUｪｪUUE","[UNTRANSLATED]"
s_012805,Alshark (Data disk).hdm,0x02F783,"鄙郤ｧｵGｰ","[UNTRANSLATED]"
s_012807,Alshark (Data disk).hdm,0x02FB13,"粒ｨｱ牲･ｱｺｿｿｿｿ","[UNTRANSLATED]"
s_012811,Alshark (Data disk).hdm,0x031D82,"鵫ｻｳ鵫US","[UNTRANSLATED]"
s_012812,Alshark (Data disk).hdm,0x032F10,"歙ｬ~ｸuｼ|拿","[UNTRANSLATED]"
s_012814,Alshark (Data disk).hdm,0x0339B7,"遺""h遺""h","[UNTRANSLATED]"
s_012817,Alshark (Data disk).hdm,0x034282,"囲"";渥"":ｪｯ","[UNTRANSLATED]"
s_012819,Alshark (Data disk).hdm,0x036202,"植&勿W@?M_ ｻU","[UNTRANSLATED]"
s_012820,Alshark (Data disk).hdm,0x03650F,"返ｶﾕ某x","[UNTRANSLATED]"
s_012821,Alshark (Data disk).hdm,0x036651,"驪ｩﾔ遨","[UNTRANSLATED]"
s_012822,Alshark (Data disk).hdm,0x036C0F,"疋ｶ!摸x*","[UNTRANSLATED]"
s_012826,Alshark (Data disk).hdm,0x03758F,"偏ｶ2ﾖﾌx*婚､Vﾓﾜｪ(B","[UNTRANSLATED]"
s_012832,Alshark (Data disk).hdm,0x037E94,"栄*蠅ﾄqﾓﾑ","[UNTRANSLATED]"
s_012833,Alshark (Data disk).hdm,0x037EE5,"風DTQﾎｪｯ｡{Xｻ\v檳","[UNTRANSLATED]"
s_012838,Alshark (Data disk).hdm,0x0389F5,"黏鈼ｿuU:ｪﾍ","[UNTRANSLATED]"
s_012839,Alshark (Data disk).hdm,0x038B14,"飮湃ﾏzﾅﾚ2","[UNTRANSLATED]"
s_012840,Alshark (Data disk).hdm,0x0391C6,"蔡T,ｮ糎ﾔﾊ","[UNTRANSLATED]"
s_012841,Alshark (Data disk).hdm,0x039346,"硼o,ｱﾈ]輪","[UNTRANSLATED]"
s_012842,Alshark (Data disk).hdm,0x039513,"摸x*婚､","[UNTRANSLATED]"
s_012843,Alshark (Data disk).hdm,0x039613,"迷x*婚､","[UNTRANSLATED]"
s_012845,Alshark (Data disk).hdm,0x039DE5,"風DTQﾎｪｯ｡{Xｻ\f檳","[UNTRANSLATED]"
s_012849,Alshark (Data disk).hdm,0x03AA37,"零ｯ傔ｪ｣ﾕﾗ*ｪ]VjｪWVzｪUﾖjｺWVnｪw~*ｪWﾖkｮ}^*ｪUﾖ","[UNTRANSLATED]"
s_012855,Alshark (Data disk).hdm,0x03BA69,"鷯UｺｪU]崧","[UNTRANSLATED]"
s_012856,Alshark (Data disk).hdm,0x03C6A7,"裡ｫA例ｻﾁ≪ｪﾁ","[UNTRANSLATED]"
s_012857,Alshark (Data disk).hdm,0x03C6CB,"蜂ｺﾉｾIｪ応","[UNTRANSLATED]"
s_012858,Alshark (Data disk).hdm,0x03C6D7,"吠ｮy湊ｪ","[UNTRANSLATED]"
s_012860,Alshark (Data disk).hdm,0x03F1DF,"蛮mp喇B","[UNTRANSLATED]"
s_012861,Alshark (Data disk).hdm,0x03F377,"漬ｬeR妝)ｦ｢","[UNTRANSLATED]"
s_012862,Alshark (Data disk).hdm,0x03F477,"辻ｬeR妝)ｦ","[UNTRANSLATED]"
s_012863,Alshark (Data disk).hdm,0x03F69A,"川x猷YW:.ｷ","[UNTRANSLATED]"
s_012864,Alshark (Data disk).hdm,0x03F6EE,"髄hH泊*@E","[UNTRANSLATED]"
s_012865,Alshark (Data disk).hdm,0x03FAFF,"炬""fﾁﾘ 0葬","[UNTRANSLATED]"
s_012866,Alshark (Data disk).hdm,0x03FBB0,"鑄甸JJ3","[UNTRANSLATED]"
s_012869,Alshark (Data disk).hdm,0x03FF37,"痢MO注I/","[UNTRANSLATED]"
s_012870,Alshark (Data disk).hdm,0x03FF66,"濾ﾐ斡Xｰ`","[UNTRANSLATED]"
s_012871,Alshark (Data disk).hdm,0x03FFEF,"臠`/瀾`&#i 3`x","[UNTRANSLATED]"
s_012873,Alshark (Data disk).hdm,0x04006C,"泊hH髄(","[UNTRANSLATED]"
s_012874,Alshark (Data disk).hdm,0x040122,"祇Vｪ亀VｨﾋP","[UNTRANSLATED]"
s_012876,Alshark (Data disk).hdm,0x040792,"祈V岔]E､","[UNTRANSLATED]"
s_012877,Alshark (Data disk).hdm,0x04098F,"右RbﾐﾙAｺ売","[UNTRANSLATED]"
s_012879,Alshark (Data disk).hdm,0x040AA6,"慣<ﾖz盆=?,","[UNTRANSLATED]"
s_012881,Alshark (Data disk).hdm,0x040BF8,"賃隯ｺvoｭ","[UNTRANSLATED]"
s_012882,Alshark (Data disk).hdm,0x040C8B,"廓ﾗ*寒ﾗ","[UNTRANSLATED]"
s_012883,Alshark (Data disk).hdm,0x041222,"舐葆ﾀyﾀ]ﾁa","[UNTRANSLATED]"
s_012885,Alshark (Data disk).hdm,0x0415F0,"埆ｼ?&ｽOzﾚjWJBﾌ惑ｵ","[UNTRANSLATED]"
s_012886,Alshark (Data disk).hdm,0x04169A,"鷹x寝XPCｨci#ｨ7p3","[UNTRANSLATED]"
s_012887,Alshark (Data disk).hdm,0x04192E,"蔦i鰤r{K","[UNTRANSLATED]"
s_012888,Alshark (Data disk).hdm,0x0419B7,"辻ｯMﾐ姙)ｶ","[UNTRANSLATED]"
s_012890,Alshark (Data disk).hdm,0x041AF8,"賃隯ｺvoｭBｪE","[UNTRANSLATED]"
s_012892,Alshark (Data disk).hdm,0x041D1A,"鯵ｸ0""右","[UNTRANSLATED]"
s_012894,Alshark (Data disk).hdm,0x041F8F,"右Rbﾐﾙ@ｺ払","[UNTRANSLATED]"
s_012896,Alshark (Data disk).hdm,0x042377,"寅ｬeW姚)ｪ｢","[UNTRANSLATED]"
s_012898,Alshark (Data disk).hdm,0x042625,"牝fz昻U･j","[UNTRANSLATED]"
s_012900,Alshark (Data disk).hdm,0x04277F,"嘆Yx註ﾘM","[UNTRANSLATED]"
s_012903,Alshark (Data disk).hdm,0x043DAB,"弊汜ｮｽ_ｽk靖ｵwｭ/","[UNTRANSLATED]"
s_012904,Alshark (Data disk).hdm,0x043E8F,"払G是P'(","[UNTRANSLATED]"
s_012906,Alshark (Data disk).hdm,0x043F84,"損DM袖ﾌﾋ","[UNTRANSLATED]"
s_012907,Alshark (Data disk).hdm,0x043FA3,"縅F;｢~N3$誧ﾛ","[UNTRANSLATED]"
s_012908,Alshark (Data disk).hdm,0x0441A2,"燒p*ﾜ鍛!","[UNTRANSLATED]"
s_012909,Alshark (Data disk).hdm,0x044434,"薹\ｭ奬ｪｪ","[UNTRANSLATED]"
s_012911,Alshark (Data disk).hdm,0x0445A5,"糘=ｼﾖ輳ｭｭｼ","[UNTRANSLATED]"
s_012915,Alshark (Data disk).hdm,0x0450B3,"霖ﾔ@陦","[UNTRANSLATED]"
s_012916,Alshark (Data disk).hdm,0x04526C,"險ｨｨ險ﾐPﾔPﾔ ｨ","[UNTRANSLATED]"
s_012919,Alshark (Data disk).hdm,0x045B34,"賠2鶤Q｢｢","[UNTRANSLATED]"
s_012920,Alshark (Data disk).hdm,0x046105,"桄橋GKkﾅ･S]+","[UNTRANSLATED]"
s_012922,Alshark (Data disk).hdm,0x046734,"怦^""拔kｻ5U","[UNTRANSLATED]"
s_012927,Alshark (Data disk).hdm,0x046CA2,"燒p+ﾜ枌","[UNTRANSLATED]"
s_012929,Alshark (Data disk).hdm,0x046E84,"損DM袖ﾌ","[UNTRANSLATED]"
s_012930,Alshark (Data disk).hdm,0x046FBD,"瀧ja脩ｷ}","[UNTRANSLATED]"
s_012931,Alshark (Data disk).hdm,0x046FCE,"倞ﾎﾙ隯n","[UNTRANSLATED]"
s_012933,Alshark (Data disk).hdm,0x0474B2,"炅Swmﾝ1u#ｾ~陳","[UNTRANSLATED]"
s_012934,Alshark (Data disk).hdm,0x04851B,"竫ｫ彪UU","[UNTRANSLATED]"
s_012939,Alshark (Data disk).hdm,0x049A76,"潛ﾈI熨ﾐ","[UNTRANSLATED]"
s_012940,Alshark (Data disk).hdm,0x049A82,"郁/皷ﾈ*Jｵ","[UNTRANSLATED]"
s_012941,Alshark (Data disk).hdm,0x049C27,"蹠葫ﾁ5,","[UNTRANSLATED]"
s_012943,Alshark (Data disk).hdm,0x04A125,"瞠ﾁwﾁﾇ｡o｡ﾟ｣鉎p","[UNTRANSLATED]"
s_012945,Alshark (Data disk).hdm,0x04A276,"潛ﾈL箚ﾕU","[UNTRANSLATED]"
s_012946,Alshark (Data disk).hdm,0x04A2DB,"梁ﾍ澎ﾝﾝ","[UNTRANSLATED]"
s_012951,Alshark (Data disk).hdm,0x04A7FF,"猜ﾜ痒(jﾆｪﾀﾂ0u","[UNTRANSLATED]"
s_012952,Alshark (Data disk).hdm,0x04A910,"瀲E#殉G'","[UNTRANSLATED]"
s_012954,Alshark (Data disk).hdm,0x04AC84,"劔給{rawoqwvwtfb#1E","[UNTRANSLATED]"
s_012955,Alshark (Data disk).hdm,0x04ACF2,"劑TDｺ黏Uｻｻ","[UNTRANSLATED]"
s_012957,Alshark (Data disk).hdm,0x04AEC3,"遣Fﾞ牆@R","[UNTRANSLATED]"
s_012959,Alshark (Data disk).hdm,0x04B05E,"貸ﾏ33濠","[UNTRANSLATED]"
s_012962,Alshark (Data disk).hdm,0x04D0D2,"百(ｭ髭(","[UNTRANSLATED]"
s_012963,Alshark (Data disk).hdm,0x04D4D2,"百ｨｭ髭ｨ","[UNTRANSLATED]"
s_012964,Alshark (Data disk).hdm,0x04D5D2,"葎-ｼ洌=","[UNTRANSLATED]"
s_012965,Alshark (Data disk).hdm,0x04E309,"劬 ﾖuｮﾏﾚｱ鯤ｺBﾙ","[UNTRANSLATED]"
s_012966,Alshark (Data disk).hdm,0x04E404,"缶LUｩ*D[｣覬","[UNTRANSLATED]"
s_012967,Alshark (Data disk).hdm,0x04E760,"蘊･V･d･H･是 ｦ@ｬ","[UNTRANSLATED]"
s_012968,Alshark (Data disk).hdm,0x04E952,"牌1nTﾇ召H","[UNTRANSLATED]"
s_012969,Alshark (Data disk).hdm,0x04EA78,"驃.<搭q9","[UNTRANSLATED]"
s_012972,Alshark (Data disk).hdm,0x04FE4D,"欟*ｪ俵/ｪ","[UNTRANSLATED]"
s_012975,Alshark (Data disk).hdm,0x051309,"槹;=釗v﨨ｿﾟ","[UNTRANSLATED]"
s_012977,Alshark (Data disk).hdm,0x051419,"甄鏨ｰｹP","[UNTRANSLATED]"
s_012978,Alshark (Data disk).hdm,0x0514F7,"辻ｬeR妝)ｦｷ","[UNTRANSLATED]"
s_012980,Alshark (Data disk).hdm,0x0515F1,"匈Rkｲl慮","[UNTRANSLATED]"
s_012981,Alshark (Data disk).hdm,0x051769,"橾ｰｩ]謝gｩﾜK]","[UNTRANSLATED]"
s_012984,Alshark (Data disk).hdm,0x051A19,"支ﾎ<支ﾎ","[UNTRANSLATED]"
s_012985,Alshark (Data disk).hdm,0x051F45,"驎>ﾟ椥p","[UNTRANSLATED]"
s_012988,Alshark (Data disk).hdm,0x052686,"澵Zﾒsｿwkｾ橾","[UNTRANSLATED]"
s_012990,Alshark (Data disk).hdm,0x052B24,"苺ﾉ!p俵4,ﾉr","[UNTRANSLATED]"
s_012994,Alshark (Data disk).hdm,0x0540A0,"黑ｻｺ黑ｻｨﾎﾀｻ","[UNTRANSLATED]"
s_012996,Alshark (Data disk).hdm,0x054717,"况w妻SwDD","[UNTRANSLATED]"
s_012998,Alshark (Data disk).hdm,0x055C36,"淬ｯ{ｿｿ暾","[UNTRANSLATED]"
s_013000,Alshark (Data disk).hdm,0x055E10,"瓦|嶹ﾟｲｪY","[UNTRANSLATED]"
s_013003,Alshark (Data disk).hdm,0x056483,"珍ｿoﾝ{ﾟ}ｿｾｻ忱","[UNTRANSLATED]"
s_013005,Alshark (Data disk).hdm,0x05654F,"鰀fｧ0遖ﾓ","[UNTRANSLATED]"
s_013007,Alshark (Data disk).hdm,0x05668E,"汯ｾﾜ黑ｫl","[UNTRANSLATED]"
s_013009,Alshark (Data disk).hdm,0x056A0E,"鰀ｿﾗ遽ﾘa~","[UNTRANSLATED]"
s_013013,Alshark (Data disk).hdm,0x056F59,"瑯ﾐﾃ緖ﾐ","[UNTRANSLATED]"
s_013016,Alshark (Data disk).hdm,0x0573CD,"製瓏@-`}","[UNTRANSLATED]"
s_013017,Alshark (Data disk).hdm,0x057619,"刧哨ﾛQk","[UNTRANSLATED]"
s_013019,Alshark (Data disk).hdm,0x057A26,"爍紕｢Tｻ","[UNTRANSLATED]"
s_013020,Alshark (Data disk).hdm,0x057FD9,"黼ﾔﾃ緖ﾐ","[UNTRANSLATED]"
s_013021,Alshark (Data disk).hdm,0x0582A2,"鬱c迪ｷﾇ","[UNTRANSLATED]"
s_013026,Alshark (Data disk).hdm,0x05AB2D,"事$ｨ雁Fﾎｮ","[UNTRANSLATED]"
s_013027,Alshark (Data disk).hdm,0x05AB94,"溌H^ｲﾔ\ｾ琪","[UNTRANSLATED]"
s_013028,Alshark (Data disk).hdm,0x05AC94,"溌J^ｴｾ琪","[UNTRANSLATED]"
s_013029,Alshark (Data disk).hdm,0x05AF14,"巳JZｲﾒZｼ琪","[UNTRANSLATED]"
s_013032,Alshark (Data disk).hdm,0x05CA68,"茜ﾅVx=ｿⅢ剳G*","[UNTRANSLATED]"
s_013033,Alshark (Data disk).hdm,0x05D513,"峰z･峰j","[UNTRANSLATED]"
s_013035,Alshark (Data disk).hdm,0x05D5AA,"貢鹽U:ｪ","[UNTRANSLATED]"
s_013036,Alshark (Data disk).hdm,0x05D6E1,"号yﾆｺcM5ﾔ蓜\ｵ","[UNTRANSLATED]"
s_013037,Alshark (Data disk).hdm,0x05DDAA,"膏鸛U0ｪ","[UNTRANSLATED]"
s_013039,Alshark (Data disk).hdm,0x05ECF8,"椰os凬ﾐﾇ","[UNTRANSLATED]"
s_013041,Alshark (Data disk).hdm,0x05F282,"酋肚xU･ｪWU","[UNTRANSLATED]"
s_013042,Alshark (Data disk).hdm,0x05F392,"敏ｩ*蟹ﾌｪU|ﾚ;","[UNTRANSLATED]"
s_013043,Alshark (Data disk).hdm,0x05F468,"桷oB冾ﾐﾆh~09 )0","[UNTRANSLATED]"
s_013044,Alshark (Data disk).hdm,0x05F8F1,"瞼ﾉ刀'3N","[UNTRANSLATED]"
s_013045,Alshark (Data disk).hdm,0x05FB02,"兜gﾚｶｪﾝUｪｪﾕ代BﾓjｮWLｺ･u","[UNTRANSLATED]"
s_013046,Alshark (Data disk).hdm,0x05FD84,"性ｩwP坤kﾕ","[UNTRANSLATED]"
s_013050,Alshark (Data disk).hdm,0x06028E,"ムｰcｦ!N･KF皆","[UNTRANSLATED]"
s_013051,Alshark (Data disk).hdm,0x060E89,"拶w(ﾜ埠ｫﾚ^ｫ","[UNTRANSLATED]"
s_013052,Alshark (Data disk).hdm,0x060EB2,"院@瓸@〓","[UNTRANSLATED]"
s_013055,Alshark (Data disk).hdm,0x061B02,"酋肚eｪWU=","[UNTRANSLATED]"
s_013057,Alshark (Data disk).hdm,0x061C82,"酋肭xU･ｪWV","[UNTRANSLATED]"
s_013059,Alshark (Data disk).hdm,0x061E03,"呟ﾇﾕsj觀","[UNTRANSLATED]"
s_013060,Alshark (Data disk).hdm,0x061F06,"易V*橾C","[UNTRANSLATED]"
s_013064,Alshark (Data disk).hdm,0x063430,"圧P)H藻Hｪ","[UNTRANSLATED]"
s_013065,Alshark (Data disk).hdm,0x06362C,"勅%Q坎MUｦｨﾑU","[UNTRANSLATED]"
s_013066,Alshark (Data disk).hdm,0x0636EE,"丗晰NﾘﾂDﾂbcbqｴxｼ|ﾞ","[UNTRANSLATED]"
s_013069,Alshark (Data disk).hdm,0x063D22,"俵Zｾ･RRｫ薺ｼｪ｡","[UNTRANSLATED]"
s_013071,Alshark (Data disk).hdm,0x064AEB,"輝ﾉPLﾐTﾐTｸT傍ﾚｴ","[UNTRANSLATED]"
s_013072,Alshark (Data disk).hdm,0x0650E6,"鮑ﾌｰ豌ﾂ","[UNTRANSLATED]"
s_013073,Alshark (Data disk).hdm,0x065525,"澗Qｪ芥Q:","[UNTRANSLATED]"
s_013076,Alshark (Data disk).hdm,0x06606E,"丗晰NﾘﾂDﾂbcbqｴxｼ|ﾞ","[UNTRANSLATED]"
s_013077,Alshark (Data disk).hdm,0x0660A5,"陷Ba@螺ｬ","[UNTRANSLATED]"
s_013078,Alshark (Data disk).hdm,0x066165,"邵ﾙq涬ｲﾂsﾆ3ﾀ>&b|ﾂ9","[UNTRANSLATED]"
s_013079,Alshark (Data disk).hdm,0x06671E,"薺規uｳﾃﾔU","[UNTRANSLATED]"
s_013080,Alshark (Data disk).hdm,0x067A83,"点M}?ﾓ澈","[UNTRANSLATED]"
s_013081,Alshark (Data disk).hdm,0x067A91,"鯀ｧv放{i","[UNTRANSLATED]"
s_013083,Alshark (Data disk).hdm,0x068BD2,"樫B>ｦﾞﾑ.鎭ⅹ","[UNTRANSLATED]"
s_013084,Alshark (Data disk).hdm,0x068E3A,"哽)｣B飭ｪUUｪｪUUｪｪUUｪｪ","[UNTRANSLATED]"
s_013086,Alshark (Data disk).hdm,0x069443,"踰咯~ｪﾎQ","[UNTRANSLATED]"
s_013087,Alshark (Data disk).hdm,0x069683,"慫ﾓｷ錠?","[UNTRANSLATED]"
s_013088,Alshark (Data disk).hdm,0x069AB4,"黴滲ﾄﾀｹ","[UNTRANSLATED]"
s_013090,Alshark (Data disk).hdm,0x06A296,"髪髱SｯGJｩｱｬ","[UNTRANSLATED]"
s_013091,Alshark (Data disk).hdm,0x06A319,"葡鯛21*","[UNTRANSLATED]"
s_013094,Alshark (Data disk).hdm,0x06AA07,"絽ｨｫUﾓﾞ*鴒qR","[UNTRANSLATED]"
s_013095,Alshark (Data disk).hdm,0x06AA17,"ぷ**輸*","[UNTRANSLATED]"
s_013099,Alshark (Data disk).hdm,0x06D157,"哇U髯ﾕUｩ","[UNTRANSLATED]"
s_013101,Alshark (Data disk).hdm,0x06DE02,"綿ｭHZﾈ5H鶇","[UNTRANSLATED]"
s_013102,Alshark (Data disk).hdm,0x06DE57,"證fﾍf跏sf","[UNTRANSLATED]"
s_013103,Alshark (Data disk).hdm,0x06E896,"珎矍ﾅﾝﾝﾝ","[UNTRANSLATED]"
s_013104,Alshark (Data disk).hdm,0x06EB4F,"吻*VUｬｪYUｲｪeUﾊｪ俵","[UNTRANSLATED]"
s_013105,Alshark (Data disk).hdm,0x06EC96,"狃縢ﾃｻﾗw","[UNTRANSLATED]"
s_013106,Alshark (Data disk).hdm,0x06F7C2,"勦UU勦UU","[UNTRANSLATED]"
s_013107,Alshark (Data disk).hdm,0x06F7D7,"儷Uｩ儷Uｩ","[UNTRANSLATED]"
s_013108,Alshark (Data disk).hdm,0x06FAD1,"珀獺ﾀﾚﾀｺ","[UNTRANSLATED]"
s_013110,Alshark (Data disk).hdm,0x072224,"劯ﾖKﾎ[ﾖKﾎXﾖK劯","[UNTRANSLATED]"
s_013111,Alshark (Data disk).hdm,0x0723AC,"劯ﾖKﾎ[ﾖKﾎXﾖKﾎ[劯","[UNTRANSLATED]"
s_013113,Alshark (Data disk).hdm,0x073015,"浜ﾚzgm5z殞E","[UNTRANSLATED]"
s_013114,Alshark (Data disk).hdm,0x073098,"﨧]W弡UU釗","[UNTRANSLATED]"
s_013115,Alshark (Data disk).hdm,0x073198,"﨧]W弡UU釤","[UNTRANSLATED]"
s_013116,Alshark (Data disk).hdm,0x073820,"劯ﾎ[ﾖKﾎXﾖKﾎ[ﾖK劯","[UNTRANSLATED]"
s_013117,Alshark (Data disk).hdm,0x07510E,"僚ｿzsｷ胱gOｯ","[UNTRANSLATED]"
s_013118,Alshark (Data disk).hdm,0x075226,"贓ﾕj惞ｾ","[UNTRANSLATED]"
s_013120,Alshark (Data disk).hdm,0x0758AC,"靉k~豬ew","[UNTRANSLATED]"
s_013121,Alshark (Data disk).hdm,0x075AAC,"韜C~皃ﾆｷg","[UNTRANSLATED]"
s_013124,Alshark (Data disk).hdm,0x07606E,"器ﾕ;ﾎｾﾖ]煇","[UNTRANSLATED]"
s_013126,Alshark (Data disk).hdm,0x0767A4,"寒U}ｯﾟ齢ｯ","[UNTRANSLATED]"
s_013127,Alshark (Data disk).hdm,0x076AF7,"棺Uﾔ舘U","[UNTRANSLATED]"
s_013130,Alshark (Data disk).hdm,0x076E06,"磬ﾂx~ｬ<P窗ｸﾀ","[UNTRANSLATED]"
s_013131,Alshark (Data disk).hdm,0x07700E,"塀孵Bｷ｢","[UNTRANSLATED]"
s_013133,Alshark (Data disk).hdm,0x0774AC,"餉iｾ臚d?","[UNTRANSLATED]"
s_013134,Alshark (Data disk).hdm,0x077584,"蘋ﾊ5杯ｪｯ","[UNTRANSLATED]"
s_013135,Alshark (Data disk).hdm,0x077901,"衝M寀ｬS.)","[UNTRANSLATED]"
s_013136,Alshark (Data disk).hdm,0x0779BA,"鬲天iｧ""","[UNTRANSLATED]"
s_013138,Alshark (Data disk).hdm,0x077D39,"彑銈ﾚｯｻ","[UNTRANSLATED]"
s_013140,Alshark (Data disk).hdm,0x078038,"鏸ｻｸ鍗ｻ;","[UNTRANSLATED]"
s_013142,Alshark (Data disk).hdm,0x078099,"貅ｻ@鉀ｻ","[UNTRANSLATED]"
s_013143,Alshark (Data disk).hdm,0x0782AC,"餔iｿ臠d?","[UNTRANSLATED]"
s_013144,Alshark (Data disk).hdm,0x078467,"蒄\&泊@ｶ","[UNTRANSLATED]"
s_013147,Alshark (Data disk).hdm,0x079710,"ブuuuuuuuuuuuャ","[UNTRANSLATED]"
s_013148,Alshark (Data disk).hdm,0x079720,"ブuuuuuuuuuuャ","[UNTRANSLATED]"
s_013149,Alshark (Data disk).hdm,0x079A84,"劔ﾝﾝ劔ﾝﾝﾝﾝﾝﾝﾝﾝﾝﾝﾝﾝﾝﾝﾝﾝ","[UNTRANSLATED]"
s_013151,Alshark (Data disk).hdm,0x079CA7,"購wｽﾏ^購wﾝﾝ","[UNTRANSLATED]"
s_013152,Alshark (Data disk).hdm,0x079E4F,"檠桍>x~Å","[UNTRANSLATED]"
s_013153,Alshark (Data disk).hdm,0x079FAF,"准毟?~ﾟ","[UNTRANSLATED]"
s_013154,Alshark (Data disk).hdm,0x07A347,"輳軾","[UNTRANSLATED]"
s_013155,Alshark (Data disk).hdm,0x07A3C7,"銛鉗","[UNTRANSLATED]"
s_013157,Alshark (Data disk).hdm,0x07AF85,"頬Vu6z卜FfｦcVaｪ`ﾒ`j`6`","[UNTRANSLATED]"
s_013158,Alshark (Data disk).hdm,0x07C80F,"箭Os\蕫ﾛ","[UNTRANSLATED]"
s_013159,Alshark (Data disk).hdm,0x07C912,"悦駅ivv&","[UNTRANSLATED]"
s_013164,Alshark (Data disk).hdm,0x085069,"挾A@A瀋","[UNTRANSLATED]"
s_013166,Alshark (Data disk).hdm,0x0864E3,"瑟顋ｰ{ﾀg","[UNTRANSLATED]"
s_013167,Alshark (Data disk).hdm,0x086AE6,"妾Gﾘ罟qﾐ;","[UNTRANSLATED]"
s_013174,Alshark (Data disk).hdm,0x0890AA,"媼ﾒ崕ﾍsﾞ9ｼDb｣ﾄW","[UNTRANSLATED]"
s_013175,Alshark (Data disk).hdm,0x0893E6,"漱匍Hg?","[UNTRANSLATED]"
s_013178,Alshark (Data disk).hdm,0x089CDE,"逗ﾀ珮p","[UNTRANSLATED]"
s_013180,Alshark (Data disk).hdm,0x08A1D0,"赤.b/0G0A崇","[UNTRANSLATED]"
s_013182,Alshark (Data disk).hdm,0x08A48A,"俘X*剱ﾛｬ","[UNTRANSLATED]"
s_013183,Alshark (Data disk).hdm,0x08AE94,"煽!ｸ盧Cｸ","[UNTRANSLATED]"
s_013185,Alshark (Data disk).hdm,0x08AF6F,"踊駿ﾞxб","[UNTRANSLATED]"
s_013186,Alshark (Data disk).hdm,0x08B497,"鼬mο央ﾍｻ","[UNTRANSLATED]"
s_013192,Alshark (Data disk).hdm,0x08D7F5,"瓔p鍗","[UNTRANSLATED]"
s_013193,Alshark (Data disk).hdm,0x08D8B8,"叩ｴ`湾","[UNTRANSLATED]"
s_013198,Alshark (Data disk).hdm,0x08F0D8,"丐ｽP奓UP","[UNTRANSLATED]"
s_013201,Alshark (Data disk).hdm,0x090EA7,"璢珮ﾐ8","[UNTRANSLATED]"
s_013202,Alshark (Data disk).hdm,0x09168E,"痼騾n","[UNTRANSLATED]"
s_013205,Alshark (Data disk).hdm,0x0925C1,"璋璋@","[UNTRANSLATED]"
s_013206,Alshark (Data disk).hdm,0x093080,"鑵彖|@^","[UNTRANSLATED]"
s_013207,Alshark (Data disk).hdm,0x093480,"鑵湾|ｰ^`P","[UNTRANSLATED]"
s_013209,Alshark (Data disk).hdm,0x09754D,"乳繚ﾁ〝ﾀ","[UNTRANSLATED]"
s_013213,Alshark (Data disk).hdm,0x0984F0,"洽1X3X条ﾛ8z(ﾞX","[UNTRANSLATED]"
s_013214,Alshark (Data disk).hdm,0x0985F0,"洽1X3X条ﾛ8{(ﾟX","[UNTRANSLATED]"
s_013215,Alshark (Data disk).hdm,0x0988D0,"犾v煽0ﾘ","[UNTRANSLATED]"
s_013216,Alshark (Data disk).hdm,0x0988F2,"拮wﾈ'鞜ﾘﾕ","[UNTRANSLATED]"
s_013217,Alshark (Data disk).hdm,0x0989A5,"獗p萄｡ﾐ","[UNTRANSLATED]"
s_013221,Alshark (Data disk).hdm,0x0998C6,"パ`DU漓ﾐ1ﾐ","[UNTRANSLATED]"
s_013222,Alshark (Data disk).hdm,0x099CC6,"パ`DT滷ﾐ0ｰ","[UNTRANSLATED]"
s_013226,Alshark (Data disk).hdm,0x09A7F2,"塚ｦ潦p銜ｶ","[UNTRANSLATED]"
s_013227,Alshark (Data disk).hdm,0x09B0F5,"陝ﾘ涅ｽﾘ","[UNTRANSLATED]"
s_013230,Alshark (Data disk).hdm,0x09C0A0,"虻ｱｸﾃx掬0","[UNTRANSLATED]"
s_013234,Alshark (Data disk).hdm,0x09E8C0,"賃浯ﾟﾀ?ﾀ","[UNTRANSLATED]"
s_013235,Alshark (Data disk).hdm,0x09ECC0,"賃浯ﾟ`?`","[UNTRANSLATED]"
s_013236,Alshark (Data disk).hdm,0x09F2D7,"帆ｨ_澄ｨｿP","[UNTRANSLATED]"
s_013237,Alshark (Data disk).hdm,0x09F2E9,"旭ﾔ]淫ﾔUhｫﾔUh","[UNTRANSLATED]"
s_013242,Alshark (Data disk).hdm,0x09F9E2,"籵G狄 _","[UNTRANSLATED]"
s_013243,Alshark (Data disk).hdm,0x09FFCF,"瓏`祥鍗﨡","[UNTRANSLATED]"
s_013247,Alshark (Data disk).hdm,0x0A28A8,"漾X@蓮""@Z","[UNTRANSLATED]"
s_013248,Alshark (Data disk).hdm,0x0A34C9,"狆炬 4@","[UNTRANSLATED]"
s_013250,Alshark (Data disk).hdm,0x0A3AD7,"帆ｨ_澄ｨｼP","[UNTRANSLATED]"
s_013251,Alshark (Data disk).hdm,0x0A3AE9,"稲ﾔﾝ淫ﾔUhｫﾔUh","[UNTRANSLATED]"
s_013252,Alshark (Data disk).hdm,0x0A3C80,"凍ﾌﾀ逝:ﾀ6","[UNTRANSLATED]"
s_013254,Alshark (Data disk).hdm,0x0A4080,"凍ﾏﾀ逗:","[UNTRANSLATED]"
s_013255,Alshark (Data disk).hdm,0x0A4FE8,"縲ﾛﾀ鋿_ﾀｷ","[UNTRANSLATED]"
s_013256,Alshark (Data disk).hdm,0x0A5860,"縵ﾓ誾}ﾟﾟ/","[UNTRANSLATED]"
s_013257,Alshark (Data disk).hdm,0x0A60A7,"焜珥 0`ﾀ","[UNTRANSLATED]"
s_013259,Alshark (Data disk).hdm,0x0A748A,"饗Uﾀ座Y","[UNTRANSLATED]"
s_013260,Alshark (Data disk).hdm,0x0A758A,"饗]ﾀ座K","[UNTRANSLATED]"
s_013261,Alshark (Data disk).hdm,0x0A808A,"饗]ﾀ座[","[UNTRANSLATED]"
s_013263,Alshark (Data disk).hdm,0x0A846F,"黍杆ｽ~;","[UNTRANSLATED]"
s_013265,Alshark (Data disk).hdm,0x0A86B2,"蠡ﾄ`輿:ﾀ","[UNTRANSLATED]"
s_013267,Alshark (Data disk).hdm,0x0A98A6,"漾逗y@|","[UNTRANSLATED]"
s_013268,Alshark (Data disk).hdm,0x0AA4C6,"烙兤y","[UNTRANSLATED]"
s_013272,Alshark (Data disk).hdm,0x0ACBEA,"廏T德dﾊ@j","[UNTRANSLATED]"
s_013273,Alshark (Data disk).hdm,0x0ADAB1,"瑕珥`ﾀ`","[UNTRANSLATED]"
s_013277,Alshark (Data disk).hdm,0x0AE3EB,"鉷棘ﾞﾓﾞ","[UNTRANSLATED]"
s_013278,Alshark (Data disk).hdm,0x0AEEF3,"蓋ｼﾖｼﾗx髙ｿ","[UNTRANSLATED]"
s_013279,Alshark (Data disk).hdm,0x0AF3AA,"伶ｳ`恐ﾛ","[UNTRANSLATED]"
s_013280,Alshark (Data disk).hdm,0x0AF3F7,"麸矢<ﾏﾀ>","[UNTRANSLATED]"
s_013281,Alshark (Data disk).hdm,0x0B0861,"襦B逝ﾁpｪｪﾕUjｪ","[UNTRANSLATED]"
s_013285,Alshark (Data disk).hdm,0x0B35D0,"橳變8ﾎ","[UNTRANSLATED]"
s_013286,Alshark (Data disk).hdm,0x0B48B5,"焉@繊:@r","[UNTRANSLATED]"
s_013287,Alshark (Data disk).hdm,0x0B4FE1,"鏥ｸRtｩ､鵫","[UNTRANSLATED]"
s_013288,Alshark (Data disk).hdm,0x0B5955,"界E瓦E@(","[UNTRANSLATED]"
s_013289,Alshark (Data disk).hdm,0x0B64D7,"江u7ﾘ緕!","[UNTRANSLATED]"
s_013291,Alshark (Data disk).hdm,0x0B6C51,"珪u7ﾘ緕!","[UNTRANSLATED]"
s_013294,Alshark (Data disk).hdm,0x0B9ECC,"眈ﾀq*ュT","[UNTRANSLATED]"
s_013296,Alshark (Data disk).hdm,0x0BA3E7,"鑢鐇ﾐJﾐ= ~@_","[UNTRANSLATED]"
s_013297,Alshark (Data disk).hdm,0x0BAF07,"珀珀ﾕ8ﾗ","[UNTRANSLATED]"
s_013298,Alshark (Data disk).hdm,0x0BB305,"珀矚ﾕ8ﾗ","[UNTRANSLATED]"
s_013303,Alshark (Data disk).hdm,0x0BF56B,"珮ﾐR頷xZ","[UNTRANSLATED]"
s_013304,Alshark (Data disk).hdm,0x0BF760,"憮鎤5*ﾀｵ","[UNTRANSLATED]"
s_013305,Alshark (Data disk).hdm,0x0C03C9,"鏨ﾔｫ鎹P*","[UNTRANSLATED]"
s_013308,Alshark (Data disk).hdm,0x0C3D16,"逗5┸B""ﾀ世","[UNTRANSLATED]"
s_013309,Alshark (Data disk).hdm,0x0C3F01,"世討ﾐﾜﾄ","[UNTRANSLATED]"
s_013310,Alshark (Data disk).hdm,0x0C4898,"通Ye銀EQ","[UNTRANSLATED]"
s_013312,Alshark (Data disk).hdm,0x0C4AF3,"迯aｸ､｣`┃@ ｸ閠","[UNTRANSLATED]"
s_013314,Alshark (Data disk).hdm,0x0C68E8,"ぢ蕁:@F ﾅ E","[UNTRANSLATED]"
s_013315,Alshark (Data disk).hdm,0x0C6CFD,"嶐髭PiPC(kｨﾃ(gｨclｧhｫlﾌⅷﾖ{ﾙﾚ","[UNTRANSLATED]"
s_013317,Alshark (Data disk).hdm,0x0C78E1,"派xXｨﾖ@切ﾌ(&","[UNTRANSLATED]"
s_013321,Alshark (Data disk).hdm,0x0C9DE6,"沃逗,","[UNTRANSLATED]"
s_013323,Alshark (Data disk).hdm,0x0CA95C,"沖ﾉﾋ`!痺","[UNTRANSLATED]"
s_013324,Alshark (Data disk).hdm,0x0CB606,"死~ﾀ*ﾀ惕1ﾀ5ﾀ6@d","[UNTRANSLATED]"
s_013325,Alshark (Data disk).hdm,0x0CB7AB,"漾漾`a@","[UNTRANSLATED]"
s_013326,Alshark (Data disk).hdm,0x0CB895,"傅vw珈ｸｴ","[UNTRANSLATED]"
s_013328,Alshark (Data disk).hdm,0x0CBBC4,"ぢE `鎹g","[UNTRANSLATED]"
s_013333,Alshark (Data disk).hdm,0x0CD770,"ＡПﾌSH紜ﾓH永ﾋ(","[UNTRANSLATED]"
s_013336,Alshark (Data disk).hdm,0x0D0AF0,"蟶裄ｯﾐ","[UNTRANSLATED]"
s_013338,Alshark (Data disk).hdm,0x0D30E7,"狢ｰ@ｰ碣?","[UNTRANSLATED]"
s_013342,Alshark (Data disk).hdm,0x0D3761,"孺孥%7ｳ","[UNTRANSLATED]"
s_013346,Alshark (Data disk).hdm,0x0D3FF5,"猾珸","[UNTRANSLATED]"
s_013347,Alshark (Data disk).hdm,0x0D4582,"咀ｭﾀ鯊ﾕﾀ","[UNTRANSLATED]"
s_013353,Alshark (Data disk).hdm,0x0D5437,"絮躅ﾀ(ﾀ","[UNTRANSLATED]"
s_013354,Alshark (Data disk).hdm,0x0D5667,"螯ﾟ狡ﾀﾚ@6ﾀz@Vﾀj","[UNTRANSLATED]"
s_013355,Alshark (Data disk).hdm,0x0D6BB0,"床滲ﾏ","[UNTRANSLATED]"
s_013358,Alshark (Data disk).hdm,0x0D8236,"鈞胙a","[UNTRANSLATED]"
s_013359,Alshark (Data disk).hdm,0x0D8276,"鈞胙a","[UNTRANSLATED]"
s_013362,Alshark (Data disk).hdm,0x0DAD6D,"喃7O{O獷","[UNTRANSLATED]"
s_013365,Alshark (Data disk).hdm,0x0DCF62,"旬ｲIｽz萠jﾕｯ+ﾒ","[UNTRANSLATED]"
s_013367,Alshark (Data disk).hdm,0x0DE8E5,"喋ﾔZl伍y","[UNTRANSLATED]"
s_013368,Alshark (Data disk).hdm,0x0DE9C3,"色(@(%尽","[UNTRANSLATED]"
s_013369,Alshark (Data disk).hdm,0x0DEBC4,"敢iX瘰G@","[UNTRANSLATED]"
s_013370,Alshark (Data disk).hdm,0x0DEBEC,"肛ﾗｴ|ｼ犇","[UNTRANSLATED]"
s_013374,Alshark (Data disk).hdm,0x0E0269,"俍神r_i7x>ﾎ*","[UNTRANSLATED]"
s_013375,Alshark (Data disk).hdm,0x0E0967,"訛肪Neｶﾆcﾐ","[UNTRANSLATED]"
s_013377,Alshark (Data disk).hdm,0x0E10EE,"娜ﾈP濾","[UNTRANSLATED]"
s_013379,Alshark (Data disk).hdm,0x0E3986,"湯S埜ﾔ/","[UNTRANSLATED]"
s_013380,Alshark (Data disk).hdm,0x0E3C87,"瑶瑶0祥","[UNTRANSLATED]"
s_013381,Alshark (Data disk).hdm,0x0E3EEC,"鋿ﾕ@昻","[UNTRANSLATED]"
s_013382,Alshark (Data disk).hdm,0x0E4DE0,"釉ﾇﾎ纐ﾅNe\ULgﾜwﾌ'ﾘ7ﾘ","[UNTRANSLATED]"
s_013383,Alshark (Data disk).hdm,0x0E4E6B,"猾羆wｺﾛ","[UNTRANSLATED]"
s_013384,Alshark (Data disk).hdm,0x0E5C78,"腕}|樢ｪｪ","[UNTRANSLATED]"
s_013385,Alshark (Data disk).hdm,0x0E5D69,"臾ﾄKﾆﾄgﾇ翕ﾃCﾂkﾖ>|","[UNTRANSLATED]"
s_013386,Alshark (Data disk).hdm,0x0E6FEF,"鄕ﾞ淦ﾏ>wﾜ","[UNTRANSLATED]"
s_013387,Alshark (Data disk).hdm,0x0E70CB,"鎭鏝ﾈVﾈ*","[UNTRANSLATED]"
s_013392,Alshark (Data disk).hdm,0x0E8764,"次I_`殞","[UNTRANSLATED]"
s_013393,Alshark (Data disk).hdm,0x0E8AE6,"縲<ﾀ扉d`ﾅ","[UNTRANSLATED]"
s_013394,Alshark (Data disk).hdm,0x0E8FC7,"顰(蒭ﾚh*$","[UNTRANSLATED]"
s_013396,Alshark (Data disk).hdm,0x0EA677,"皂[間q.ｨ","[UNTRANSLATED]"
s_013399,Alshark (Data disk).hdm,0x0EB6F6,"詑ﾟﾀ蕫ﾛﾀ","[UNTRANSLATED]"
s_013400,Alshark (Data disk).hdm,0x0EC1E6,"蕁lﾀ~@轢","[UNTRANSLATED]"
s_013401,Alshark (Data disk).hdm,0x0EC4F8,"涜~瀚|","[UNTRANSLATED]"
s_013403,Alshark (Data disk).hdm,0x0EF1F8,"滲擣yTﾏ","[UNTRANSLATED]"
s_013408,Alshark (Data disk).hdm,0x0F04E9,"烈b*a衙","[UNTRANSLATED]"
s_013409,Alshark (Data disk).hdm,0x0F06D4,"樅ｷﾘﾆl厩","[UNTRANSLATED]"
s_013410,Alshark (Data disk).hdm,0x0F06E7,"郭B瀚F&ﾏT","[UNTRANSLATED]"
s_013411,Alshark (Data disk).hdm,0x0F06F9,"致ｦ瑶bｴ","[UNTRANSLATED]"
s_013412,Alshark (Data disk).hdm,0x0F0760,"踉ﾀﾄ罇","[UNTRANSLATED]"
s_013413,Alshark (Data disk).hdm,0x0F08E4,"梁Nﾀ.ﾀ淆ﾙ","[UNTRANSLATED]"
s_013416,Alshark (Data disk).hdm,0x0F20B2,"痼ﾁ@倨""@ﾆ","[UNTRANSLATED]"
s_013417,Alshark (Data disk).hdm,0x0F220B,"溢3ﾑﾄ瘍e","[UNTRANSLATED]"
s_013419,Alshark (Data disk).hdm,0x0F3361,"僮ｹQlQ$X｢h｡摺ｩ@ｺ@b@R@""","[UNTRANSLATED]"
s_013420,Alshark (Data disk).hdm,0x0F3B47,"亂*ﾑﾂ鋺","[UNTRANSLATED]"
s_013421,Alshark (Data disk).hdm,0x0F42E0,"蘖跼ﾜ8N","[UNTRANSLATED]"
s_013423,Alshark (Data disk).hdm,0x0F4AE0,"廚ﾒ`ﾖ狎 O","[UNTRANSLATED]"
s_013425,Alshark (Data disk).hdm,0x0F5239,"愿_葹ﾈo","[UNTRANSLATED]"
s_013428,Alshark (Data disk).hdm,0x0F5572,"濬ﾀｼﾀ<璧","[UNTRANSLATED]"
s_013430,Alshark (Data disk).hdm,0x0F57F2,"漱溘ﾏﾇ㊦","[UNTRANSLATED]"
s_013431,Alshark (Data disk).hdm,0x0F6EF8,"烙漾``p0","[UNTRANSLATED]"
s_013433,Alshark (Data disk).hdm,0x0F9FF2,"滌滌ﾏ","[UNTRANSLATED]"
s_013435,Alshark (Data disk).hdm,0x0FAACD,"肓mﾞｮﾃ'ﾃ#ﾐｭ饋","[UNTRANSLATED]"
s_013441,Alshark (Data disk).hdm,0x0FBCD6,"荢昞+ﾗsﾎ","[UNTRANSLATED]"
s_013443,Alshark (Data disk).hdm,0x0FC2D8,"翩翩#ﾏrN","[UNTRANSLATED]"
s_013444,Alshark (Data disk).hdm,0x0FC371,"耘ﾇ醯","[UNTRANSLATED]"
s_013445,Alshark (Data disk).hdm,0x0FC6C2,"丗ｱﾀkﾀ騾ﾆ","[UNTRANSLATED]"
s_013446,Alshark (Data disk).hdm,0x0FD0F9,"會ﾘ閖ﾜ,","[UNTRANSLATED]"
s_013449,Alshark (Data disk).hdm,0x0FDF8A,"鋩泉ﾈﾄﾊ","[UNTRANSLATED]"
s_013451,Alshark (Data disk).hdm,0x0FF2F8,"烟珱ﾁ|B","[UNTRANSLATED]"
s_013453,Alshark (Data disk).hdm,0x0FF4E0,"翦Sﾊ轤7","[UNTRANSLATED]"
s_013455,Alshark (Data disk).hdm,0x1006E0,"梁ｫﾀﾛﾀ;ﾀ_ﾀLﾀ涖ｵ","[UNTRANSLATED]"
s_013456,Alshark (Data disk).hdm,0x10186F,"蚓鬲yAﾙN","[UNTRANSLATED]"
s_013458,Alshark (Data disk).hdm,0x101AE3,"元ﾞxｼﾈ腟ﾌCl%^;j7","[UNTRANSLATED]"
s_013460,Alshark (Data disk).hdm,0x101FE1,"陝色0q|_ﾌg<Sﾖ:ｾ9*7","[UNTRANSLATED]"
s_013465,Alshark (Data disk).hdm,0x1058D6,"纃ﾝu緕","[UNTRANSLATED]"
s_013466,Alshark (Data disk).hdm,0x105D76,"徭ｦ塋'>","[UNTRANSLATED]"
s_013467,Alshark (Data disk).hdm,0x10604C,"闃L勞r""｢","[UNTRANSLATED]"
s_013468,Alshark (Data disk).hdm,0x1078D7,"析玄~ｱf","[UNTRANSLATED]"
s_013469,Alshark (Data disk).hdm,0x107AD0,"з2ｼ籤廁t","[UNTRANSLATED]"
s_013472,Alshark (Data disk).hdm,0x1080F9,"猤ｯ8o舳","[UNTRANSLATED]"
s_013473,Alshark (Data disk).hdm,0x10826E,"鐔lﾞ_礰","[UNTRANSLATED]"
s_013474,Alshark (Data disk).hdm,0x1083CB,"雁E瓲ﾆ","[UNTRANSLATED]"
s_013477,Alshark (Data disk).hdm,0x108848,"瑩璧","[UNTRANSLATED]"
s_013479,Alshark (Data disk).hdm,0x108CC7,"﨤淏聶ﾟﾐ","[UNTRANSLATED]"
s_013480,Alshark (Data disk).hdm,0x108CF7,"韵餒>ﾎ","[UNTRANSLATED]"
s_013482,Alshark (Data disk).hdm,0x109DE4,"迷ﾗ@犾ｫ","[UNTRANSLATED]"
s_013484,Alshark (Data disk).hdm,0x10A3E8,"Ｏ､ﾒ､ｳﾅﾏEﾏﾅ檮ｿﾜ餮Vｯｬ","[UNTRANSLATED]"
s_013485,Alshark (Data disk).hdm,0x10A637,"詣M;迎Gｼ","[UNTRANSLATED]"
s_013486,Alshark (Data disk).hdm,0x10AF8A,"眤``漾00ﾐ0ｨ","[UNTRANSLATED]"
s_013487,Alshark (Data disk).hdm,0x10AFAA,"眤ﾀ濮`00","[UNTRANSLATED]"
s_013488,Alshark (Data disk).hdm,0x10AFCC,"烙漾ｰ","[UNTRANSLATED]"
s_013491,Alshark (Data disk).hdm,0x10B489,"凄pﾇｰw瑶ﾀ","[UNTRANSLATED]"
s_013493,Alshark (Data disk).hdm,0x10B782,"沃戞KﾀK","[UNTRANSLATED]"
s_013494,Alshark (Data disk).hdm,0x10BAE7,"焉霑ﾘｿ8","[UNTRANSLATED]"
s_013495,Alshark (Data disk).hdm,0x10BDD0,"旨\|嘶#<","[UNTRANSLATED]"
s_013496,Alshark (Data disk).hdm,0x10BFE1,"璧ｴ綣~4O","[UNTRANSLATED]"
s_013497,Alshark (Data disk).hdm,0x10C497,"齊mο央ﾍｻ","[UNTRANSLATED]"
s_013498,Alshark (Data disk).hdm,0x10C514,"凍ﾉﾀﾈﾀﾉ煦","[UNTRANSLATED]"
s_013500,Alshark (Data disk).hdm,0x10C7F3,"漲鋺f| |","[UNTRANSLATED]"
s_013501,Alshark (Data disk).hdm,0x10C918,"貘<ﾀ匆ﾛｸ","[UNTRANSLATED]"
s_013504,Alshark (Data disk).hdm,0x10E380,"澑ﾔ晙","[UNTRANSLATED]"
s_013505,Alshark (Data disk).hdm,0x10E589,"暴EﾜD薪","[UNTRANSLATED]"
s_013507,Alshark (Data disk).hdm,0x10E8D1,"鹸M些ｻﾝｳﾍcﾆCﾂ","[UNTRANSLATED]"
s_013509,Alshark (Data disk).hdm,0x10EC43,"肭ﾗ{ﾞq室]","[UNTRANSLATED]"
s_013510,Alshark (Data disk).hdm,0x10EE41,"肭ﾗy柝","[UNTRANSLATED]"
s_013511,Alshark (Data disk).hdm,0x10F595,"蝮ﾂﾁ艾Yﾎ","[UNTRANSLATED]"
s_013512,Alshark (Data disk).hdm,0x10F6F6,"戉ﾀ鵫fH","[UNTRANSLATED]"
s_013514,Alshark (Data disk).hdm,0x10F8F4,"漕ﾉF菷ｹ","[UNTRANSLATED]"
s_013515,Alshark (Data disk).hdm,0x10FA75,"叡田'bO","[UNTRANSLATED]"
s_013516,Alshark (Data disk).hdm,0x10FC42,"濤女ｶ8`","[UNTRANSLATED]"
s_013521,Alshark (Data disk).hdm,0x110ACD,"枠蔔ﾌw","[UNTRANSLATED]"
s_013523,Alshark (Data disk).hdm,0x11115C,"滌滌?ｷ ﾘphIﾈ","[UNTRANSLATED]"
s_013524,Alshark (Data disk).hdm,0x11136F,"娃xﾘ?栲","[UNTRANSLATED]"
s_013526,Alshark (Data disk).hdm,0x111881,"牀5ｧ螟%､%","[UNTRANSLATED]"
s_013527,Alshark (Data disk).hdm,0x1118F4,"椪9|lﾞ脯","[UNTRANSLATED]"
s_013529,Alshark (Data disk).hdm,0x112413,"塒緖ｫ)F","[UNTRANSLATED]"
s_013530,Alshark (Data disk).hdm,0x112599,"嫉ﾜﾃp兩/","[UNTRANSLATED]"
s_013533,Alshark (Data disk).hdm,0x112BB3,"漿ﾕ靠ｲ'","[UNTRANSLATED]"
s_013535,Alshark (Data disk).hdm,0x113674,"汗A]桓eﾝﾀｨ$Q","[UNTRANSLATED]"
s_013536,Alshark (Data disk).hdm,0x113818,"蓮^ -諏","[UNTRANSLATED]"
s_013537,Alshark (Data disk).hdm,0x113B6E,"鼻*熾`*pUp/ｰ","[UNTRANSLATED]"
s_013538,Alshark (Data disk).hdm,0x113DF6,"隱t蛤ｪpﾅ｡+","[UNTRANSLATED]"
s_013540,Alshark (Data disk).hdm,0x114865,"鐇ﾚU戓","[UNTRANSLATED]"
s_013541,Alshark (Data disk).hdm,0x114B65,"鐓ﾚW戓","[UNTRANSLATED]"
s_013542,Alshark (Data disk).hdm,0x1160E3,"瓔 Q0ﾉｨ戞ｫ","[UNTRANSLATED]"
s_013543,Alshark (Data disk).hdm,0x1168E4,"歩澗ｰ@","[UNTRANSLATED]"
s_013544,Alshark (Data disk).hdm,0x1170A8,"媼ﾒ崕ﾍsﾞ9ｼDb#ﾄ","[UNTRANSLATED]"
s_013546,Alshark (Data disk).hdm,0x117388,"慨ﾐ剴ﾍ1ﾌ","[UNTRANSLATED]"
s_013547,Alshark (Data disk).hdm,0x1173A8,"兀ﾚ崕ﾝ{ﾞ=ｼ^z'","[UNTRANSLATED]"
s_013553,Alshark (Data disk).hdm,0x117C4D,"У傘撒NPNTNPNTNｰNｴNwﾊｷ_ｷ^ｷ_ｷ_ｿ","[UNTRANSLATED]"
s_013554,Alshark (Data disk).hdm,0x117FE0,"鍠鍠ﾘHﾘHﾐLﾐNﾐ.ﾐ.ｰ&ｰ<ｰ<ｰxｳ","[UNTRANSLATED]"
s_013556,Alshark (Data disk).hdm,0x118741,"砧6j6qNt.唸","[UNTRANSLATED]"
s_013560,Alshark (Data disk).hdm,0x119087,"濳pﾏ劇`","[UNTRANSLATED]"
s_013561,Alshark (Data disk).hdm,0x119204,"轢ﾂp]肩`","[UNTRANSLATED]"
s_013562,Alshark (Data disk).hdm,0x11978D,"奕弸xｴﾊ､ﾅ","[UNTRANSLATED]"
s_013570,Alshark (Data disk).hdm,0x11DA63,"煌職(""4ﾑ","[UNTRANSLATED]"
s_013571,Alshark (Data disk).hdm,0x11E2D3,"澡爼ﾀRﾀｪﾀZﾀｪ@","[UNTRANSLATED]"
s_013572,Alshark (Data disk).hdm,0x11E550,"軅w_5ﾟuﾟ蠢ﾅｿ","[UNTRANSLATED]"
s_013573,Alshark (Data disk).hdm,0x11FD6F,"蜀｢W褶｢","[UNTRANSLATED]"
s_013574,Alshark (Data disk).hdm,0x120F40,"証ｱﾘ湿ｳ<ｽ､ﾍ","[UNTRANSLATED]"
s_013575,Alshark (Data disk).hdm,0x12101A,"瑤ﾕR瑤($@","[UNTRANSLATED]"
s_013577,Alshark (Data disk).hdm,0x12117F,"閑ﾑｫ鰥ﾕ*","[UNTRANSLATED]"
s_013579,Alshark (Data disk).hdm,0x1224DC,"ムム8 ( }`(","[UNTRANSLATED]"
s_013582,Alshark (Data disk).hdm,0x123284,"轆@c轆@{g","[UNTRANSLATED]"
s_013583,Alshark (Data disk).hdm,0x123499,"櫟ｿ｢欟ｰｨUTj*","[UNTRANSLATED]"
s_013584,Alshark (Data disk).hdm,0x123ED8,"聯ｪｸ謬ｪ､","[UNTRANSLATED]"
s_013585,Alshark (Data disk).hdm,0x124315,"鎮Tﾁ鎮TﾁｪﾑT","[UNTRANSLATED]"
s_013586,Alshark (Data disk).hdm,0x124481,"鷆憘ﾑｪｩQﾑ､ｪMﾓ$ｫ","[UNTRANSLATED]"
s_013587,Alshark (Data disk).hdm,0x1246C2,"れﾅﾅ粲","[UNTRANSLATED]"
s_013588,Alshark (Data disk).hdm,0x125619,"榛R囁]R","[UNTRANSLATED]"
s_013589,Alshark (Data disk).hdm,0x125780,"坡]R坡_!H","[UNTRANSLATED]"
s_013590,Alshark (Data disk).hdm,0x125855,"烋ﾀ}烋ﾀ}ﾐ","[UNTRANSLATED]"
s_013591,Alshark (Data disk).hdm,0x125EDF,"鐇瀾 ` @","[UNTRANSLATED]"
s_013592,Alshark (Data disk).hdm,0x126015,"橘媼ﾋkﾛ[ﾋk","[UNTRANSLATED]"
s_013593,Alshark (Data disk).hdm,0x126488,"暿|ﾁ暿}ﾁ","[UNTRANSLATED]"
s_013594,Alshark (Data disk).hdm,0x127151,"ケC(ケC(","[UNTRANSLATED]"
s_013596,Alshark (Data disk).hdm,0x1276C8,"刈EUｺｪEUｺｪEU巻UU*ｪUU*ｫUN","[UNTRANSLATED]"
s_013598,Alshark (Data disk).hdm,0x1287A1,"│П勘膝j","[UNTRANSLATED]"
s_013600,Alshark (Data disk).hdm,0x129281,"犧狆`ｾ`ｾ ｾ ｾ ｾ ｾ ｾ ｾ ｮ ｾ ｮ ｾ ｮ B","[UNTRANSLATED]"
s_013606,Alshark (Visual disk).hdm,0x004258,"だﾒAだ、シオン！！!@ ｺﾉ扉ﾊ、核爆発でﾓびｸﾄﾓｼﾈｪぜ。@! ｼｶﾓ、ｱﾉ野郎、中ｶﾗロックｼﾔがｯﾀ」!#O_","No use, Sion! A nuke couldn't scratch this door. And the jerk locked it from the inside!"
s_013607,Alshark (Visual disk).hdm,0x00160C,"シオン！だいじょうぶか？」!#O_","[UNTRANSLATED]"
s_013608,Alshark (Visual disk).hdm,0x00435B,"シオン#SAB‥‥シオン‥‥‥‥‥！！」!#L","Sion... Sion... answer me...!"
s_013609,Alshark (Visual disk).hdm,0x004466,"でｽｯﾃ？！ シオン。!@ ｵ父ｻﾝﾊどｳｽﾙﾉﾖ！！」!#L","[UNTRANSLATED]"
s_013610,Alshark (Visual disk).hdm,0x000BF9,"こいつは‥‥‥まだ、生きてるじゃねぇか。!@ 動力をつなげば、動き出すぜ」!_","[UNTRANSLATED]"
s_013611,Alshark (Visual disk).hdm,0x000D0E,"ひゃ～！ こいつぁ、とんでもねぇマシンだぜ」!_","[UNTRANSLATED]"
s_013612,Alshark (Visual disk).hdm,0x000D9C,"ユーザーの照合をします。!@ 印をまとう者は、パネル上に手をのせてください」!#L","[UNTRANSLATED]"
s_013613,Alshark (Visual disk).hdm,0x0012BE,"私は、ラルアの戦士、アルAシャーク。!@ この宇宙へのカーマのB侵攻を阻止するため@ やってきました」!_","I am Al-Shark. I will not allow Karma to invade this universe."
s_013614,Alshark (Visual disk).hdm,0x001403,"我が力は、我の遺志を継ぐ者に伝えよう。!@ その印をもって、我が棺にふれたまえ」!#C#L","My power I grant to the one who carries my will. Touch my sarcophagus with the sign."
s_013615,Alshark (Visual disk).hdm,0x001794,"我が力を与えられし者よ。!@ 汝に、遺志を継ぐ者となりて、秘力をふるうことを@ 許そう」!_","[UNTRANSLATED]"
s_013616,Alshark (Visual disk).hdm,0x001857,"秘力は、奥義なくしては、@ カーマを打ち倒すことはできぬ。!@ ラミューを捜せ！！」!#L","The secret power is useless against Karma without the final technique. Find Ramue!!"
s_013617,Alshark (Visual disk).hdm,0x003B6B,"爆弾ﾉ信管ﾄ時限装置ｦ入ﾚﾃｲﾀパックｦ、@ 撃ﾁ抜ｶﾚﾁﾏｯﾀぜｨ！」!#O_","[UNTRANSLATED]"
s_013618,Alshark (Visual disk).hdm,0x00414D,"シオン‥‥強ｲ男ﾆﾅﾚﾖ#O‥‥‥‥」!!#L","[UNTRANSLATED]"
s_013619,Alshark (Visual disk).hdm,0x003CF1,"がｲｸﾗ天才でﾓ、神様じｬﾅｲｶﾗﾉｫ。@ 信管がﾅｸﾁｬｱﾔﾘﾖｳがﾈｪ」!#O_","[UNTRANSLATED]"
s_013620,Alshark (Visual disk).hdm,0x000C46,"ジョーは、動力源のスイッチを入れた。!#L","[UNTRANSLATED]"
s_013621,Alshark (Visual disk).hdm,0x000D3F,"ジョーが、感嘆の呻きをもらすと同時に、@メインコンピュータの声がドーム内に響きわたる。!_","[UNTRANSLATED]"
s_013622,Alshark (Visual disk).hdm,0x000DF0,"印をまとう者。!@ すなわちドゥムナのマントをまとったシオンが、@パネル上に銀の粉で彩られた手のひらをのせた。!#L","Sion, bearer of We-Dumnah's mantle, placed his silver-dusted palm on the panel."
s_013623,Alshark (Visual disk).hdm,0x000EDD,"と、シオン達の立っている手前の床から、一線の光がもれ始める。!@A#F","A line of light streamed from the floor before them."
s_013624,Alshark (Visual disk).hdm,0x0014A9,"シオンは、棺の前にひざまずくと、ゆっくりと手を@ふれた。!_","[UNTRANSLATED]"
s_013625,Alshark (Visual disk).hdm,0x001528,"シオンは、すさまじいエネルギーの流入に恐怖した。! まさか、遺志を継ぐ者というのは‥‥‥。@! 不吉な思いが思考を駆けめぐる。@! だが、吸いつけられたように、棺から手を離すことはできなかった。!#L","A terrifying power surged into Sion! 'Is this... the price of inheritance?' An awful premonition seized him. But he couldn't pull his hand from the coffin; it was fused to the lid!"
s_013626,Alshark (Visual disk).hdm,0x0016FD,"シオンの身体全体から、燐光が発したかと思うと、@次の瞬間に、全てがはじけ飛び、再び棺の上に@ドゥムナの遺影が戻った。A!_","A phosphorescent light flared from Sion's body, then vanished in a flash. We-Dumnah's image reappeared above the coffin."
s_013627,Alshark (Visual disk).hdm,0x0018B7,"シオンは立ち上がった。!@ この瞬間から、シオンは、本当の意味での@遺志を継ぐ者となったのだ。A#C!!!","Sion rose to his feet. From this moment on, he was the true heir to We-Dumnah's legacy."
s_013628,Alshark (Visual disk).hdm,0x003F40,"皆ﾉ制止ｦ無視ｼﾃ、主動力室ﾍﾄ走ﾙギーデルﾆ、ジョーﾊ思ﾜず夢中ﾆﾅｯﾃ叫ﾝでｲﾀ。!#L","[UNTRANSLATED]"
s_013629,Alshark (Visual disk).hdm,0x0040B6,"シオンﾊ、走ｯﾀ。@! ｼｶｼ、ドアﾏでﾉﾀｯﾀ１０メートル足ﾗずが、@無限ﾆ感じﾗﾚﾀ。@! 足が鉛ﾆでﾓﾅｯﾀﾖｳﾆ、ﾏﾙで前ﾆ進ﾑｺﾄが@でｷﾅｶｯﾀ。!#L","Sion ran. But the door, only ten meters away, felt like a mile. His legs were lead; he couldn't move."
s_013630,Alshark (Visual disk).hdm,0x0042EC,"時、シオンﾊ、心ﾉ中ﾆ強ｸ語ﾘｶｹﾃｸﾙﾓﾉｦ感じﾃｲﾀ。@! ｿﾚﾊ、ドゥムナﾉマントﾆ刷ﾘ込ﾏﾚﾀルシアﾉ@思念だｯﾀ。!_","[UNTRANSLATED]"
s_013631,Alshark (Visual disk).hdm,0x004509,"シオンﾊ、雄叫びﾄ共ﾆ、後方ｶﾗ迫ﾘｸﾙ@ゾリアス兵ﾍ突ｯ込ﾝでｲｯﾀ。@! 遅ﾚﾃ、ウェルダ達がｿﾉ後ﾆ続ｲﾀ。#L","Sion let out a roar and charged the Zolius soldiers! Werda and the others quickly followed."
s_013632,Alshark (Visual disk).hdm,0x003BD2,"困ｯﾀｺﾄﾆﾅｯﾀぞ。@! ｺﾚじｬｱ、爆弾ｦ仕掛ｹﾃﾓ@ ｼｮｳがﾈｪじｬﾈｴｶ！」!#L","Blast it! At this rate, the bomb's useless!"
s_013633,Alshark (Visual disk).hdm,0x003DD7,"自分がﾅﾆ言ｯﾃﾙｶﾜｶｯﾃﾝﾉｶ？！!@ バカ言ｯﾃﾙﾝじｬﾈｪ！」!#L","[UNTRANSLATED]"
s_013634,Alshark (Visual disk).hdm,0x0043A3,"シオンﾊ、ルシアﾉ問ｲｶｹﾆ気がﾂｷ、@ｿﾉ声ﾆ聞ｷ入ｯﾀ。!#L","[UNTRANSLATED]"
s_013635,Alshark (Visual disk).hdm,0x003F28,"ジドーーーッ！！」!#O_","[UNTRANSLATED]"
s_013636,Alshark (Visual disk).hdm,0x000F76,"こりゃあ、いよいよまずそうじゃのぉ」!#O_","[UNTRANSLATED]"
s_013637,Alshark (Visual disk).hdm,0x0011E7,"我が遺志を継ぐ者の来訪を歓迎しよう」!@#O_","[UNTRANSLATED]"
s_013638,Alshark (Visual disk).hdm,0x001266,"我こそは、ウェー・ドゥムナの記憶と遺影である」!#L
_","[UNTRANSLATED]"
s_013639,Alshark (Visual disk).hdm,0x00132E,"すでに、ゾリAアス帝国は、カーマの手に落ち、@ ウィスペラードは戦火のB渦に巻き込まれようと@ しています」!_","The Zolius Empire has already fallen to Karma. Soon, all of Whisperard will be consumed by the flames of war."
s_013640,Alshark (Visual disk).hdm,0x0013A5,"どうAか、カーマを打ち倒すため、@ Bその秘力をお授けください」!#L","Please, grant me your power to defeat Karma!"
s_013641,Alshark (Visual disk).hdm,0x0017FA,"我が秘力の奥義は、我が弟子の一人、@ ラミュー・コセのみが知るところである」!_","[UNTRANSLATED]"
s_013642,Alshark (Visual disk).hdm,0x003CC4,"じ様、何ﾄｶｽﾙ方法ﾊﾅｲﾉ？」!#O_","[UNTRANSLATED]"
s_013643,Alshark (Visual disk).hdm,0x003E38,"仕方がﾅｲ。!引ｷ返ｿｳ」!#OB!CD!#L","It's no use. We have to go back."
s_013644,Alshark (Visual disk).hdm,0x0041A5,"シオンﾊ、完全ﾆ閉じﾗﾚﾃｼﾏｯﾀ扉ﾆ剣ｦ@切ﾘﾂｹﾀ。@!#Z5#T","Sion struck the sealed door with his blade."
s_013645,Alshark (Visual disk).hdm,0x0044B2,"ショーコﾉ反発ﾆ、シオンﾊ答ｴﾅｶｯﾀ。!#L","[UNTRANSLATED]"
s_013646,Alshark (Visual disk).hdm,0x0043ED,"数瞬後、シオンﾊ決断ｦ下ｼﾃｲﾀ。!_","[UNTRANSLATED]"
s_013647,Alshark (Visual disk).hdm,0x000E69,"遺志を継ぐ者を確認しました」#O#Z(#F","Heir confirmed."
s_013648,Alshark (Visual disk).hdm,0x003C4B,"チッ、ﾓｳ#Z6B#SB少#Z6B#SBｼﾉﾄｺﾛｦ‥‥‥！」#Z6B#SB #Z6B#SB #Z6B#SB#O!#L","Gah! So close... I almost had them!"
s_013649,Alshark (Visual disk).hdm,0x003EDE,"どｺﾍ行ｸﾂﾓﾘだ？！」!#L","[UNTRANSLATED]"
s_013650,Alshark (Visual disk).hdm,0x0042BE,"父ｻﾝ、#O!B父ｻーﾝ！！」!#L","Father! FATHER!!"
s_013651,Alshark (Visual disk).hdm,0x003BB5,"何だｯﾃ？」!#O_","[UNTRANSLATED]"
s_013652,Alshark (Visual disk).hdm,0x00405A,"父ｻｧーﾝ#O！！」!#L","[UNTRANSLATED]"
s_013653,Alshark (Visual disk).hdm,0x003D6A,"誰ｶが、犠牲ﾆﾅｯﾃ動力源ｦ爆破ｽﾙﾝだ」!#L","[UNTRANSLATED]"
s_013654,Alshark (Visual disk).hdm,0x001479,"気をつけて、シAオン」!#E","[UNTRANSLATED]"
s_013655,Alshark (Visual disk).hdm,0x004422,"アトライアﾆ撤退ｼﾖ#Oｳ」!#L","[UNTRANSLATED]"
s_013656,Alshark (Visual disk).hdm,0x003FC6,"じｬｱギーデルﾊ#O‥‥‥」!#L","[UNTRANSLATED]"
s_013657,Alshark (Visual disk).hdm,0x003D3C,"１ﾂだｹ方法がｱﾙ」CD!#L","There's only one way."
s_013658,Alshark (Visual disk).hdm,0x000E91,"突然、ドーム内の全ての光と音が、一瞬にして@消え失せた。!#L","[UNTRANSLATED]"
s_013659,Alshark (Visual disk).hdm,0x000F23,"床が音もなく開き、その下から何かが出てこようと@していた。!#L","[UNTRANSLATED]"
s_013660,Alshark (Visual disk).hdm,0x000FA0,"すでにウェルダは、いつでも戦闘状態にはいれるよう身構えていた。!#L","[UNTRANSLATED]"
s_013662,Alshark (Visual disk).hdm,0x001046,"そして、その下から上がってきたものは、@漆黒に塗られた棺であった。!#L","[UNTRANSLATED]"
s_013663,Alshark (Visual disk).hdm,0x001092,"あまりの緊張に、声を発する者はなかった。!@ 棺全体を覆ったその青白い燐光は、@しだいに強く発光するようになってきた。@!#L","No one dared speak. The coffin's pale glow grew ever brighter."
s_013664,Alshark (Visual disk).hdm,0x001198,"激しく立ち上る光の束は、落ちつきを取り戻し、@#SDE人の形をとりはじめる。!_","The torrent of light calmed, taking on a human form."
s_013665,Alshark (Visual disk).hdm,0x001212,"今や、完全に老人の姿となった光は、両手を広げ、@しゃべり始めた。!#L","[UNTRANSLATED]"
s_013667,Alshark (Visual disk).hdm,0x004201,"主動力源ｦ守ﾙﾀﾒﾆ造ﾗﾚﾀ頑丈ﾅ扉ﾊ、ｱﾗﾕﾙ攻撃ｦﾊﾈﾂｹﾀ。!#L","[UNTRANSLATED]"
s_013668,Alshark (Visual disk).hdm,0x00407A,"油圧ﾉ抜ｹﾃｲｸ音ﾄ共ﾆ、ドアがﾕｯｸﾘﾄ@閉ﾏｯﾃｲｸ。!#L","[UNTRANSLATED]"
s_013669,Alshark (Visual disk).hdm,0x00112C,"そして、その光が、頂点に達したとき、A棺の中央に@Bそれらが集中したかと思うと、#SBCD光子の束が天井を貫いた!_","The light peaked, converging on the coffin—then a beam shot through the ceiling."
s_013670,Alshark (Visual disk).hdm,0x0047ED,"数瞬後、シオンﾊ決断","[UNTRANSLATED]"
s_013671,Alshark (Visual disk).hdm,0x003E6D,"シオンﾊ、愕然ﾄｼﾀ/","[UNTRANSLATED]"
s_013672,Alshark (Visual disk).hdm,0x000BEE,"ジョー@/","[UNTRANSLATED]"
s_013674,Alshark (Visual disk).hdm,0x003E85,"ギーデルが、ラッセルガイヤーﾉ主動力室ﾍﾄ@駆ｹだｼﾀﾉだ/","[UNTRANSLATED]"
s_013676,Alshark (Visual disk).hdm,0x06906F,"風楓風楓風楓風楓風楓風楓風楓風","[UNTRANSLATED]"
s_013677,Alshark (Visual disk).hdm,0x069260,"囮圀囮圀囮圀囮圀囮圀囮圀囮圀囮","[UNTRANSLATED]"
s_013680,Alshark (Visual disk).hdm,0x003FB0,"ジド？！! ジドｯﾃ/","[UNTRANSLATED]"
s_013686,Alshark (Visual disk).hdm,0x117B66,"杳ｽ狄狄狄狄狄狄狄狄狄狄狎","[UNTRANSLATED]"
s_013687,Alshark (Visual disk).hdm,0x119560,"褞褞ﾛ濕濔濔狄狄狄狄狎狎玻","[UNTRANSLATED]"
s_013688,Alshark (Visual disk).hdm,0x1193E9,"狃狄狄狄狄狄狄狎狎玻","[UNTRANSLATED]"
s_013690,Alshark (Visual disk).hdm,0x03B0F5,"胚胱酩醯ｯﾏ粧粧渝渝","[UNTRANSLATED]"
s_013692,Alshark (Visual disk).hdm,0x0525F3,"劈撩撩撩撩撩撩撩","[UNTRANSLATED]"
s_013693,Alshark (Visual disk).hdm,0x071A02,"籌瞰耡菻狷ﾀ説ﾐ眞眞","[UNTRANSLATED]"
s_013694,Alshark (Visual disk).hdm,0x071A86,"籌獪獎獎狷ﾀ説ﾐ狢狢","[UNTRANSLATED]"
s_013695,Alshark (Visual disk).hdm,0x0399F3,"頡頡靤頏獎獎獎","[UNTRANSLATED]"
s_013697,Alshark (Visual disk).hdm,0x05752E,"碵頏頏頏鑵頏頏","[UNTRANSLATED]"
s_013698,Alshark (Visual disk).hdm,0x069325,"皜ｻU皜ｻU皜ｻU皜ｻU皜ｻU皜ｻU皂","[UNTRANSLATED]"
s_013699,Alshark (Visual disk).hdm,0x1185EA,"昉鍰鍰譲嵋O矼ﾇ蘒ｮﾝ耋","[UNTRANSLATED]"
s_013701,Alshark (Visual disk).hdm,0x03AF57,"澑澑鑵鑵靤ｸpｨP鎹ｨP","[UNTRANSLATED]"
s_013702,Alshark (Visual disk).hdm,0x057EF7,"娠娠審坦単拭","[UNTRANSLATED]"
s_013703,Alshark (Visual disk).hdm,0x0695D1,"皜ｻU皜ｻU皜ｻU皜ｻU皜ｻU皜ｻT","[UNTRANSLATED]"
s_013704,Alshark (Visual disk).hdm,0x071AE3,"籌獪獎獎眷ﾃ鍋ﾗ﨩﨩","[UNTRANSLATED]"
s_013706,Alshark (Visual disk).hdm,0x094C9A,"贖ｹs醯杤ｹqs鉐ﾏ淦}{釶ｿ","[UNTRANSLATED]"
s_013710,Alshark (Visual disk).hdm,0x117E61,"烝烝烝烝烝烝","[UNTRANSLATED]"
s_013713,Alshark (Visual disk).hdm,0x017E23,"帯侘ﾎﾓyL矇2鴈廐","[UNTRANSLATED]"
s_013716,Alshark (Visual disk).hdm,0x03783E,"鴦耨翩ｧﾇｯﾏ粧柔","[UNTRANSLATED]"
s_013718,Alshark (Visual disk).hdm,0x0380D2,"醉ﾇ女勝勝勝","[UNTRANSLATED]"
s_013723,Alshark (Visual disk).hdm,0x03D77C,"禧ｪﾑ｢分ﾕｪUｪUｪU鷯ｮ]鷆ｾﾗ僘ｫuｺﾝ","[UNTRANSLATED]"
s_013728,Alshark (Visual disk).hdm,0x0013F6,"ドゥムナ@/","[UNTRANSLATED]"
s_013729,Alshark (Visual disk).hdm,0x0015FE,"ウェルダ@/","[UNTRANSLATED]"
s_013730,Alshark (Visual disk).hdm,0x003D2C,"ギーデル@/","[UNTRANSLATED]"
s_013731,Alshark (Visual disk).hdm,0x00ED3E,"溿jnｭﾓﾈ裲裲衞ﾕﾊﾕﾊ","[UNTRANSLATED]"
s_013734,Alshark (Visual disk).hdm,0x01C0D0,"萵萵菎ﾄﾂﾄ棄","[UNTRANSLATED]"
s_013740,Alshark (Visual disk).hdm,0x036BEE,"狢漾獎ｸ琲ﾐｸﾐ","[UNTRANSLATED]"
s_013744,Alshark (Visual disk).hdm,0x037C4B,"酪ﾗﾋﾇ肅肅胝","[UNTRANSLATED]"
s_013749,Alshark (Visual disk).hdm,0x038DB9,"八UｪUｪu鷓昞氿","[UNTRANSLATED]"
s_013750,Alshark (Visual disk).hdm,0x03A221,"咳ｸT箪ﾈU珎鷆ｺ","[UNTRANSLATED]"
s_013752,Alshark (Visual disk).hdm,0x03B252,"鄰ﾈﾔﾊﾟﾎ浣沛ﾅ紆","[UNTRANSLATED]"
s_013754,Alshark (Visual disk).hdm,0x03BE01,"涯ｪUｪUｪUｪﾕ｢ﾕｪﾕｪﾕ鷆ｪﾕ鷆鷆","[UNTRANSLATED]"
s_013757,Alshark (Visual disk).hdm,0x043C60,"ι鄕91q矼酘瑪","[UNTRANSLATED]"
s_013758,Alshark (Visual disk).hdm,0x04CE0F,"蒙ﾚz<槃輳ｹ9廰&","[UNTRANSLATED]"
s_013759,Alshark (Visual disk).hdm,0x04FDE1,"蒙Z:慚輳ｹ9廰&","[UNTRANSLATED]"
s_013760,Alshark (Visual disk).hdm,0x04FE0A,"最V6毀舐ｹ9廰&","[UNTRANSLATED]"
s_013761,Alshark (Visual disk).hdm,0x055032,"ョョヵ淘RIH","[UNTRANSLATED]"
s_013762,Alshark (Visual disk).hdm,0x057BB1,"靤靤鎹ｨ@ @糢ｪUｪUｨ","[UNTRANSLATED]"
s_013764,Alshark (Visual disk).hdm,0x07404F,"殪楠6卞糂>","[UNTRANSLATED]"
s_013772,Alshark (Visual disk).hdm,0x09316E,"粭頏眸歪ﾌ","[UNTRANSLATED]"
s_013773,Alshark (Visual disk).hdm,0x09322C,"聿頏眸歪ﾌ","[UNTRANSLATED]"
s_013774,Alshark (Visual disk).hdm,0x094F17,"瑚鰌ﾂﾅﾍ距庄","[UNTRANSLATED]"
s_013777,Alshark (Visual disk).hdm,0x0A976F,"兜ｪﾕﾊﾕﾊﾕﾊ裲裲褪urur","[UNTRANSLATED]"
s_013778,Alshark (Visual disk).hdm,0x0BB3D8,"紗黨氿ｪUｪUｪU涯ｨUｪUｪQｪQｪUｪUｨUｨQｪU","[UNTRANSLATED]"
s_013779,Alshark (Visual disk).hdm,0x0BC589,"羡ｬT鑵ｨQｪUｪUｪ_ｪUｪtｨuｫﾗ餧侑","[UNTRANSLATED]"
s_013780,Alshark (Visual disk).hdm,0x0BC623,"肖ｪWｪUｯUｻuｭU駻ｨQｪUｪUｪ_ｪUｪtｨuｫﾗ餧侑","[UNTRANSLATED]"
s_013781,Alshark (Visual disk).hdm,0x0BCA46,"瑩顏熕0p狢","[UNTRANSLATED]"
s_013785,Alshark (Visual disk).hdm,0x10CB2C,"をﾁp糅疳箍ﾁpﾂ","[UNTRANSLATED]"
s_013786,Alshark (Visual disk).hdm,0x10D3DA,"狒珀猾ｭxW爿","[UNTRANSLATED]"
s_013787,Alshark (Visual disk).hdm,0x117CE9,"頽頽頽頽x","[UNTRANSLATED]"
s_013788,Alshark (Visual disk).hdm,0x0012B3,"ルシア@/","[UNTRANSLATED]"
s_013789,Alshark (Visual disk).hdm,0x00614A,"焉G栩n仙ｿ_g[]VS","[UNTRANSLATED]"
s_013790,Alshark (Visual disk).hdm,0x0061C0,"譎G栩n仙ｿ_g[]VS","[UNTRANSLATED]"
s_013791,Alshark (Visual disk).hdm,0x0064F0,"瑩糜-岷ﾗﾛ","[UNTRANSLATED]"
s_013792,Alshark (Visual disk).hdm,0x0066E7,"珮糘窕ｵﾟo7","[UNTRANSLATED]"
s_013794,Alshark (Visual disk).hdm,0x00737A,"鴉鉋滌ﾂ","[UNTRANSLATED]"
s_013798,Alshark (Visual disk).hdm,0x017F4F,"滄ｶ煆ﾙ靃館","[UNTRANSLATED]"
s_013799,Alshark (Visual disk).hdm,0x0189C4,"无>樣ｿ殪","[UNTRANSLATED]"
s_013800,Alshark (Visual disk).hdm,0x0198E5,"繁ﾁ推'ga頡","[UNTRANSLATED]"
s_013802,Alshark (Visual disk).hdm,0x01B03E,"瑩x愴疸8","[UNTRANSLATED]"
s_013803,Alshark (Visual disk).hdm,0x01B0C9,"晴肆ﾈ肆ﾈﾄ","[UNTRANSLATED]"
s_013804,Alshark (Visual disk).hdm,0x01B235,"瑩x愴疳8","[UNTRANSLATED]"
s_013805,Alshark (Visual disk).hdm,0x01BD31,"琅籵糅","[UNTRANSLATED]"
s_013807,Alshark (Visual disk).hdm,0x01C035,"萵萵菎ﾄﾂﾄ","[UNTRANSLATED]"
s_013808,Alshark (Visual disk).hdm,0x025EBF,"溿馼[輿ｿﾏ","[UNTRANSLATED]"
s_013809,Alshark (Visual disk).hdm,0x027B35,"踟{ｹｽﾞﾎ鉈濵","[UNTRANSLATED]"
s_013810,Alshark (Visual disk).hdm,0x029260,"皞ｩ[ｫWｧW晒杰ｾ>","[UNTRANSLATED]"
s_013813,Alshark (Visual disk).hdm,0x02AC7D,"麕VTｬ靼ｰ`狢","[UNTRANSLATED]"
s_013814,Alshark (Visual disk).hdm,0x02B30F,"涯ｪUｪUｪUｪuｪWｪU鵝鷯","[UNTRANSLATED]"
s_013815,Alshark (Visual disk).hdm,0x02B751,"滂疵ｹﾚ鳫","[UNTRANSLATED]"
s_013817,Alshark (Visual disk).hdm,0x031736,"眦ﾇ慈9q眦","[UNTRANSLATED]"
s_013819,Alshark (Visual disk).hdm,0x033109,"飢閑陥ｪWｻUｪ_ｿ","[UNTRANSLATED]"
s_013822,Alshark (Visual disk).hdm,0x033FA0,"髙絜,庚a,","[UNTRANSLATED]"
s_013824,Alshark (Visual disk).hdm,0x034971,"咳`ﾑ:]ｨﾘ彎僘ｾﾝ","[UNTRANSLATED]"
s_013825,Alshark (Visual disk).hdm,0x035750,"鷓fﾗｦﾗ鷆僘","[UNTRANSLATED]"
s_013826,Alshark (Visual disk).hdm,0x035860,"燦ｧﾇｫsｳuｩQ毖閘","[UNTRANSLATED]"
s_013827,Alshark (Visual disk).hdm,0x0359E1,"症胝鐐1_ow{}|","[UNTRANSLATED]"
s_013828,Alshark (Visual disk).hdm,0x0360F7,"咳閣澡ｪ]ｺT","[UNTRANSLATED]"
s_013829,Alshark (Visual disk).hdm,0x03646A,"靏ｺU鷯ｪﾕ沆ｿ","[UNTRANSLATED]"
s_013830,Alshark (Visual disk).hdm,0x036E17,"碍ｪﾕ蕓黨","[UNTRANSLATED]"
s_013832,Alshark (Visual disk).hdm,0x0377E9,"獎獎ｨﾐｨp鑵ｨpｨ|(TｨﾐｨP","[UNTRANSLATED]"
s_013834,Alshark (Visual disk).hdm,0x037B33,"鷂鐓ｪﾕ黨","[UNTRANSLATED]"
s_013837,Alshark (Visual disk).hdm,0x03825D,"沛渮ﾇﾏﾇ肄","[UNTRANSLATED]"
s_013842,Alshark (Visual disk).hdm,0x039B4E,"狡ﾅ距女/","[UNTRANSLATED]"
s_013846,Alshark (Visual disk).hdm,0x03A94F,"鷁餠ｼﾅｺﾗ焏","[UNTRANSLATED]"
s_013848,Alshark (Visual disk).hdm,0x03B038,"瑩鐡ｸ|靤","[UNTRANSLATED]"
s_013856,Alshark (Visual disk).hdm,0x03C0B8,"鷆ｺﾕ氿暿","[UNTRANSLATED]"
s_013858,Alshark (Visual disk).hdm,0x03D000,"害ｪUｪQ｢TｪTｪUｪTｪUｪUｪQｪQ｢UｪUｨUｻUｪUｺUｨuｪﾝｮw鷯ｺU驎~","[UNTRANSLATED]"
s_013859,Alshark (Visual disk).hdm,0x03D180,"魁錵ｨ@ｪUｨU鏘ｮuｪuｪﾕｪW","[UNTRANSLATED]"
s_013860,Alshark (Visual disk).hdm,0x03D52C,"鷂ｪU皜ｾﾕｪﾕｫUｾ~僘","[UNTRANSLATED]"
s_013862,Alshark (Visual disk).hdm,0x03E0A3,"鑾ｪ兵xｪﾕ皜ｪ","[UNTRANSLATED]"
s_013866,Alshark (Visual disk).hdm,0x04272D,"趙ﾟﾅ謂ァ","[UNTRANSLATED]"
s_013867,Alshark (Visual disk).hdm,0x047872,"出7;沚ﾎﾇ銷","[UNTRANSLATED]"
s_013868,Alshark (Visual disk).hdm,0x04CEB4,"籍ﾘx<槃輳","[UNTRANSLATED]"
s_013869,Alshark (Visual disk).hdm,0x04DA19,"っ糂僘ｪUｪT","[UNTRANSLATED]"
s_013870,Alshark (Visual disk).hdm,0x04FE41,"籍X8慚輳","[UNTRANSLATED]"
s_013871,Alshark (Visual disk).hdm,0x052088,"瑶ｦT鶚2t""]ｺﾝ毖ｦWｻﾝｺﾝ","[UNTRANSLATED]"
s_013874,Alshark (Visual disk).hdm,0x057BE4,"搖ﾄﾀ鏖秕ｿW/","[UNTRANSLATED]"
s_013875,Alshark (Visual disk).hdm,0x058C05,"浣7S堕胚","[UNTRANSLATED]"
s_013876,Alshark (Visual disk).hdm,0x058FF3,"桐ﾛﾚ珮肅ﾟ","[UNTRANSLATED]"
s_013878,Alshark (Visual disk).hdm,0x05AA29,"搖ﾄﾀ鏘僘ｿW/","[UNTRANSLATED]"
s_013879,Alshark (Visual disk).hdm,0x05D3BA,"贓'桍柔ｿ~","[UNTRANSLATED]"
s_013882,Alshark (Visual disk).hdm,0x069E1E,"っ`08廸'佳","[UNTRANSLATED]"
s_013885,Alshark (Visual disk).hdm,0x0701E8,"奨ﾗﾋﾓ鱧濮pu25ｲ02U","[UNTRANSLATED]"
s_013887,Alshark (Visual disk).hdm,0x070679,"吻ｿﾟﾝﾊ裲蚯0","[UNTRANSLATED]"
s_013889,Alshark (Visual disk).hdm,0x072B22,"纜c框釶?","[UNTRANSLATED]"
s_013890,Alshark (Visual disk).hdm,0x072D8A,"獵<|耒=ｳ霽","[UNTRANSLATED]"
s_013891,Alshark (Visual disk).hdm,0x07331A,"狷嫌1s翦","[UNTRANSLATED]"
s_013893,Alshark (Visual disk).hdm,0x074B01,"翼ﾃ畫p08Ya鏞","[UNTRANSLATED]"
s_013895,Alshark (Visual disk).hdm,0x078EA3,"炬槁cP(麦","[UNTRANSLATED]"
s_013896,Alshark (Visual disk).hdm,0x0790E2,"科臟ｳﾛ焄?","[UNTRANSLATED]"
s_013898,Alshark (Visual disk).hdm,0x07A96E,"趺ﾋﾗﾟｽ靕邃","[UNTRANSLATED]"
s_013899,Alshark (Visual disk).hdm,0x07AF6E,"裨p0$ Hﾐ続｢bFﾌ券","[UNTRANSLATED]"
s_013900,Alshark (Visual disk).hdm,0x07B861,"牴ﾜow3ｩ寧E""｢噌H","[UNTRANSLATED]"
s_013907,Alshark (Visual disk).hdm,0x07FEF6,"順ﾃ碣獵ｸ","[UNTRANSLATED]"
s_013913,Alshark (Visual disk).hdm,0x08DF27,"辣3ﾚ瓊薔","[UNTRANSLATED]"
s_013915,Alshark (Visual disk).hdm,0x08F6E1,"鵫ﾗﾏ椰z醯ﾟｿ","[UNTRANSLATED]"
s_013916,Alshark (Visual disk).hdm,0x0903E9,"勝><|醯沾><|","[UNTRANSLATED]"
s_013917,Alshark (Visual disk).hdm,0x09069D,"醯淦<x眦","[UNTRANSLATED]"
s_013918,Alshark (Visual disk).hdm,0x09271C,"繆子槭|?","[UNTRANSLATED]"
s_013920,Alshark (Visual disk).hdm,0x092D22,"﨩惷8hpﾐ燿ﾁCョ","[UNTRANSLATED]"
s_013921,Alshark (Visual disk).hdm,0x0948E0,"餧ｸq翩勝","[UNTRANSLATED]"
s_013923,Alshark (Visual disk).hdm,0x098FD8,"榻踟餧G?","[UNTRANSLATED]"
s_013924,Alshark (Visual disk).hdm,0x09A149,"淲趙襄","[UNTRANSLATED]"
s_013927,Alshark (Visual disk).hdm,0x0A541B,"瑩>湘碾|8","[UNTRANSLATED]"
s_013928,Alshark (Visual disk).hdm,0x0A5814,"獵8pe簀ﾊ賦","[UNTRANSLATED]"
s_013929,Alshark (Visual disk).hdm,0x0A7E04,"趺渼跫ﾋﾗ","[UNTRANSLATED]"
s_013930,Alshark (Visual disk).hdm,0x0A7E7E,"趺渼跪ﾈﾐ","[UNTRANSLATED]"
s_013931,Alshark (Visual disk).hdm,0x0B8404,"淺疳ｸﾎ脛","[UNTRANSLATED]"
s_013935,Alshark (Visual disk).hdm,0x0BB34E,"咳 E涯涯｢UｪUｪ","[UNTRANSLATED]"
s_013936,Alshark (Visual disk).hdm,0x0BBDB7,"涯饑ｺUｺﾝ琴ｸQｫUｻ","[UNTRANSLATED]"
s_013938,Alshark (Visual disk).hdm,0x0BD167,"瑰簓ﾊ･犠+]:uｪﾗｪWｮ}ｪUｪUｪUｪUｨEｪ","[UNTRANSLATED]"
s_013939,Alshark (Visual disk).hdm,0x0BDAFC,"斛･QｨUｪTｪT涯ｨU涯*","[UNTRANSLATED]"
s_013940,Alshark (Visual disk).hdm,0x0BDD5C,"皛ﾞ荵s｢險","[UNTRANSLATED]"
s_013944,Alshark (Visual disk).hdm,0x0C6F59,"鵙ｷ]皜ｪtｪWｺW鷯ｪWｫw","[UNTRANSLATED]"
s_013945,Alshark (Visual disk).hdm,0x0C7088,"札馨""P畿*","[UNTRANSLATED]"
s_013949,Alshark (Visual disk).hdm,0x0C9600,"籌ﾊ･涯*UｪTｪUｩR*E弼ｪ","[UNTRANSLATED]"
s_013950,Alshark (Visual disk).hdm,0x0C975A,"奴ｦK*E界界ｪEｪUｪU","[UNTRANSLATED]"
s_013952,Alshark (Visual disk).hdm,0x0CF3CD,"枝毖靤ﾏｯ_ﾟ","[UNTRANSLATED]"
s_013953,Alshark (Visual disk).hdm,0x0D2260,"桴G｣ﾑ鳧鳧","[UNTRANSLATED]"
s_013955,Alshark (Visual disk).hdm,0x0DA22C,"逵{贖0烙","[UNTRANSLATED]"
s_013957,Alshark (Visual disk).hdm,0x10C556,"翅ﾕﾀ鰲U琺","[UNTRANSLATED]"
s_013958,Alshark (Visual disk).hdm,0x10CB4A,"│ﾉP譬譬甕ﾆ","[UNTRANSLATED]"
s_013959,Alshark (Visual disk).hdm,0x10D274,"跚p\會O犢ﾀ","[UNTRANSLATED]"
s_013962,Alshark (Visual disk).hdm,0x119BE9,"踴＇踴＇踴＇＇＇","[UNTRANSLATED]"
s_013964,Alshark (Visual disk).hdm,0x006188,"栩n仙ｿ_g[]VS","[UNTRANSLATED]"
s_013968,Alshark (Visual disk).hdm,0x007910,"韻･Z.零}","[UNTRANSLATED]"
s_013970,Alshark (Visual disk).hdm,0x007CF9,"烽aﾍ峭7n","[UNTRANSLATED]"
s_013971,Alshark (Visual disk).hdm,0x008901,"璧|>歙ｯOｧWｧSｫSｩUｩTｨTｨ","[UNTRANSLATED]"
s_013972,Alshark (Visual disk).hdm,0x008D41,"淸虔a$6","[UNTRANSLATED]"
s_013973,Alshark (Visual disk).hdm,0x00916B,"品鴦`ｫﾋ","[UNTRANSLATED]"
s_013974,Alshark (Visual disk).hdm,0x009326,"剱ｻｸポ","[UNTRANSLATED]"
s_013976,Alshark (Visual disk).hdm,0x00A9C3,"姑胝~?","[UNTRANSLATED]"
s_013977,Alshark (Visual disk).hdm,0x00E540,"梱ｺ5us肅","[UNTRANSLATED]"
s_013978,Alshark (Visual disk).hdm,0x00E576,"癈Gﾏ涸?","[UNTRANSLATED]"
s_013979,Alshark (Visual disk).hdm,0x00E635,"燗Gﾏ涸?","[UNTRANSLATED]"
s_013980,Alshark (Visual disk).hdm,0x00F0F6,"錏w擱ｳｹzw","[UNTRANSLATED]"
s_013983,Alshark (Visual disk).hdm,0x00FD2D,"沱ﾎﾇ鈬","[UNTRANSLATED]"
s_013984,Alshark (Visual disk).hdm,0x010202,"桴ﾏﾇﾃ聶","[UNTRANSLATED]"
s_013985,Alshark (Visual disk).hdm,0x01036C,"劇ﾀ濮p8","[UNTRANSLATED]"
s_013986,Alshark (Visual disk).hdm,0x011711,"顆<ﾞﾏw;姑","[UNTRANSLATED]"
s_013987,Alshark (Visual disk).hdm,0x011A0E,"遧f掉ﾟｿ","[UNTRANSLATED]"
s_013994,Alshark (Visual disk).hdm,0x016BAC,"籍ﾈ鐡t2:","[UNTRANSLATED]"
s_013996,Alshark (Visual disk).hdm,0x016FA9,"淬瑩ﾎﾆﾂ","[UNTRANSLATED]"
s_014000,Alshark (Visual disk).hdm,0x01888D,"醫璋ﾜ","[UNTRANSLATED]"
s_014001,Alshark (Visual disk).hdm,0x018AC0,"鎌岫ｻｫｪ","[UNTRANSLATED]"
s_014003,Alshark (Visual disk).hdm,0x018D3C,"門SlT澁","[UNTRANSLATED]"
s_014004,Alshark (Visual disk).hdm,0x018F4A,"番播L80","[UNTRANSLATED]"
s_014005,Alshark (Visual disk).hdm,0x01911D,"哿vｻﾛﾝ濵","[UNTRANSLATED]"
s_014006,Alshark (Visual disk).hdm,0x019291,"ムt冂<ﾟ","[UNTRANSLATED]"
s_014007,Alshark (Visual disk).hdm,0x019647,"濮h爛ｰpx","[UNTRANSLATED]"
s_014008,Alshark (Visual disk).hdm,0x019B4C,"往侵LCBC@C@ac`","[UNTRANSLATED]"
s_014011,Alshark (Visual disk).hdm,0x01A18F,"ョ醯ﾟｾ~","[UNTRANSLATED]"
s_014016,Alshark (Visual disk).hdm,0x01BE78,"瑩8ﾜ諚=","[UNTRANSLATED]"
s_014018,Alshark (Visual disk).hdm,0x01C3FB,"瑩<槁Jﾈ","[UNTRANSLATED]"
s_014019,Alshark (Visual disk).hdm,0x022E2F,"沛ﾏﾇ縡8","[UNTRANSLATED]"
s_014021,Alshark (Visual disk).hdm,0x027DD9,"澁霧ｴdﾐ0","[UNTRANSLATED]"
s_014024,Alshark (Visual disk).hdm,0x0293FC,"歙o眞ﾀ","[UNTRANSLATED]"
s_014025,Alshark (Visual disk).hdm,0x029593,"粧gｳﾑﾘ韜","[UNTRANSLATED]"
s_014028,Alshark (Visual disk).hdm,0x029F9D,"欅秀ｧS｡","[UNTRANSLATED]"
s_014032,Alshark (Visual disk).hdm,0x02A70D,"鴉ﾓ透gO","[UNTRANSLATED]"
s_014033,Alshark (Visual disk).hdm,0x02ACFE,"荢?ｷN_ｮ昭ﾛﾏﾗﾟ","[UNTRANSLATED]"
s_014034,Alshark (Visual disk).hdm,0x02AE87,"灰 Q魁(","[UNTRANSLATED]"
s_014037,Alshark (Visual disk).hdm,0x02BA57,"橸ﾎwｻ搦ﾇ","[UNTRANSLATED]"
s_014043,Alshark (Visual disk).hdm,0x032594,"珮簇ﾜﾘｰ","[UNTRANSLATED]"
s_014045,Alshark (Visual disk).hdm,0x0333B3,"涯ｪUｪUｪuｫWｺW晥","[UNTRANSLATED]"
s_014047,Alshark (Visual disk).hdm,0x033769,"６涯啅ｪ_ｪ_","[UNTRANSLATED]"
s_014050,Alshark (Visual disk).hdm,0x033D21,"齎ｰdH[畑","[UNTRANSLATED]"
s_014056,Alshark (Visual disk).hdm,0x034364,"殀{ｽｭﾕ鴉","[UNTRANSLATED]"
s_014061,Alshark (Visual disk).hdm,0x03542B,"癧w馞ｺv","[UNTRANSLATED]"
s_014065,Alshark (Visual disk).hdm,0x036401,"蚋19厶ﾃﾇﾗ","[UNTRANSLATED]"
s_014067,Alshark (Visual disk).hdm,0x03677B,"涯ｪU涯ｪ","[UNTRANSLATED]"
s_014069,Alshark (Visual disk).hdm,0x036D08,"絵ｫUｺﾕｿﾝ￤氿ｿ","[UNTRANSLATED]"
s_014070,Alshark (Visual disk).hdm,0x036D20,"距ﾋ蚌y|~","[UNTRANSLATED]"
s_014071,Alshark (Visual disk).hdm,0x036F6B,"珱ﾟｹwo_留","[UNTRANSLATED]"
s_014075,Alshark (Visual disk).hdm,0x037560,"靤ｮﾄ￢ｮﾕｪﾝｪ_ｪU鷂ｪ","[UNTRANSLATED]"
s_014078,Alshark (Visual disk).hdm,0x037C0B,"メγﾂﾁ珮","[UNTRANSLATED]"
s_014080,Alshark (Visual disk).hdm,0x037EC3,"釶ｹwo_留","[UNTRANSLATED]"
s_014091,Alshark (Visual disk).hdm,0x039C82,"沛ﾇ鈑","[UNTRANSLATED]"
s_014092,Alshark (Visual disk).hdm,0x039CFC,"沛ﾇﾋ褪","[UNTRANSLATED]"
s_014093,Alshark (Visual disk).hdm,0x039E1B,"順ﾋﾇ胝","[UNTRANSLATED]"
s_014095,Alshark (Visual disk).hdm,0x039FAE,"渮ｯﾏｦﾆ贍","[UNTRANSLATED]"
s_014096,Alshark (Visual disk).hdm,0x039FCC,"Ｙ筋躍vⅰ","[UNTRANSLATED]"
s_014101,Alshark (Visual disk).hdm,0x03A7AC,"隹韈ｲﾝ","[UNTRANSLATED]"
s_014104,Alshark (Visual disk).hdm,0x03AD49,"涯ｪQ鷁*Tｨﾙﾎ","[UNTRANSLATED]"
s_014105,Alshark (Visual disk).hdm,0x03ADAC,"鞜ｩWｿ?ｿ_渝ｿ}o","[UNTRANSLATED]"
s_014107,Alshark (Visual disk).hdm,0x03B464,"ａっﾀﾁﾀ矜","[UNTRANSLATED]"
s_014112,Alshark (Visual disk).hdm,0x03BF5B,"分Uｮﾗ皜ｺﾟｻﾝ","[UNTRANSLATED]"
s_014113,Alshark (Visual disk).hdm,0x03C6AD,"浣酪ﾗOW","[UNTRANSLATED]"
s_014114,Alshark (Visual disk).hdm,0x03CAA5,"觜ｰdH[畑","[UNTRANSLATED]"
s_014116,Alshark (Visual disk).hdm,0x03CFC3,"鷯ｺU驎~","[UNTRANSLATED]"
s_014117,Alshark (Visual disk).hdm,0x03D051,"殀{ｿｯﾕ鴉","[UNTRANSLATED]"
s_014119,Alshark (Visual disk).hdm,0x03D128,"潸ｨ@ｪUｨU鏘ｮuｪuｪﾕｪW","[UNTRANSLATED]"
s_014120,Alshark (Visual disk).hdm,0x03D70F,"館暿硎ｪﾝ","[UNTRANSLATED]"
s_014124,Alshark (Visual disk).hdm,0x03F878,"昊ﾏ赳>ﾃ8","[UNTRANSLATED]"
s_014126,Alshark (Visual disk).hdm,0x040013,"矛+{霧,~^","[UNTRANSLATED]"
s_014128,Alshark (Visual disk).hdm,0x043613,"尞岔9YA","[UNTRANSLATED]"
s_014130,Alshark (Visual disk).hdm,0x0461D5,"肅ﾇﾏｯ歙?","[UNTRANSLATED]"
s_014131,Alshark (Visual disk).hdm,0x04668C,"案跂ﾁ","[UNTRANSLATED]"
s_014132,Alshark (Visual disk).hdm,0x04771C,"鵫聲ﾞｽｳ'","[UNTRANSLATED]"
s_014133,Alshark (Visual disk).hdm,0x04778A,"粃聲ﾞｼｰ","[UNTRANSLATED]"
s_014134,Alshark (Visual disk).hdm,0x047BA9,"炬ｼ榻ﾇcq08","[UNTRANSLATED]"
s_014136,Alshark (Visual disk).hdm,0x0485E9,"瀾Xﾌﾇ胙","[UNTRANSLATED]"
s_014138,Alshark (Visual disk).hdm,0x04CCDD,"耨ｻr靼ｸp","[UNTRANSLATED]"
s_014139,Alshark (Visual disk).hdm,0x04D4FF,"涯ｪUｪU*UｪQ姿","[UNTRANSLATED]"
s_014140,Alshark (Visual disk).hdm,0x04D76C,"咜ｺ寫ｭｵ","[UNTRANSLATED]"
s_014143,Alshark (Visual disk).hdm,0x04E3E6,"鰈ﾉ騰S+SｫZｲbﾁ","[UNTRANSLATED]"
s_014145,Alshark (Visual disk).hdm,0x0516CE,"鵐ｪﾕ靏ｺV","[UNTRANSLATED]"
s_014146,Alshark (Visual disk).hdm,0x051B84,"秕ｺUｮ]ｪ釗}","[UNTRANSLATED]"
s_014147,Alshark (Visual disk).hdm,0x052100,"拭a?_@p狢","[UNTRANSLATED]"
s_014149,Alshark (Visual disk).hdm,0x053BAD,"卍瑩~>","[UNTRANSLATED]"
s_014153,Alshark (Visual disk).hdm,0x0552DE,"譁u楨ｭm","[UNTRANSLATED]"
s_014154,Alshark (Visual disk).hdm,0x0552EA,"﨩ｯo出銷ﾗｳcﾝｾ","[UNTRANSLATED]"
s_014155,Alshark (Visual disk).hdm,0x055373,"贖ｸp烙0`ﾀ","[UNTRANSLATED]"
s_014156,Alshark (Visual disk).hdm,0x05541B,"贖ｻr諢4lﾈ","[UNTRANSLATED]"
s_014157,Alshark (Visual disk).hdm,0x055540,"緕8耒9gﾟｿ|飼","[UNTRANSLATED]"
s_014158,Alshark (Visual disk).hdm,0x055557,"咩{ｽﾞ炅ﾗｯﾎ","[UNTRANSLATED]"
s_014160,Alshark (Visual disk).hdm,0x05616A,"妥養}\ﾞ","[UNTRANSLATED]"
s_014163,Alshark (Visual disk).hdm,0x056D6B,"瑩ｿ_菊","[UNTRANSLATED]"
s_014164,Alshark (Visual disk).hdm,0x057B30,"搖ﾄﾀ鏥ｱW/","[UNTRANSLATED]"
s_014167,Alshark (Visual disk).hdm,0x0585AC,"醫9s醯ﾟｿ","[UNTRANSLATED]"
s_014170,Alshark (Visual disk).hdm,0x0597D1,"ⅰｻﾛ焄浯","[UNTRANSLATED]"
s_014171,Alshark (Visual disk).hdm,0x05A7F6,"釵={釶ｿ~","[UNTRANSLATED]"
s_014172,Alshark (Visual disk).hdm,0x05AAB4,"贖9;靕ﾋｳKｻ{","[UNTRANSLATED]"
s_014173,Alshark (Visual disk).hdm,0x05ADF7,"碑ﾄﾊﾁ匯ｻﾓｫC+","[UNTRANSLATED]"
s_014175,Alshark (Visual disk).hdm,0x05B853,"濮5但ｪ@*","[UNTRANSLATED]"
s_014176,Alshark (Visual disk).hdm,0x05BAC9,"瑟ｻﾙ蓼","[UNTRANSLATED]"
s_014177,Alshark (Visual disk).hdm,0x05BC76,"イイ｡ﾕ*","[UNTRANSLATED]"
s_014178,Alshark (Visual disk).hdm,0x05BE17,"イイ｡ﾕ*ﾅ?","[UNTRANSLATED]"
s_014179,Alshark (Visual disk).hdm,0x05C503,"メﾀ牴X.","[UNTRANSLATED]"
s_014181,Alshark (Visual disk).hdm,0x05D0BF,"孥沆ｷn][Wﾗ","[UNTRANSLATED]"
s_014183,Alshark (Visual disk).hdm,0x05D22C,"拉y聆ｮｨ｡G","[UNTRANSLATED]"
s_014187,Alshark (Visual disk).hdm,0x05DB84,"ん|ｾ^溘<","[UNTRANSLATED]"
s_014188,Alshark (Visual disk).hdm,0x05E038,"銷6咼ｦC!ﾁ~","[UNTRANSLATED]"
s_014190,Alshark (Visual disk).hdm,0x063FC7,"甜ﾋﾍ船ｨ","[UNTRANSLATED]"
s_014191,Alshark (Visual disk).hdm,0x0643AC,"槃槭<ﾎ","[UNTRANSLATED]"
s_014192,Alshark (Visual disk).hdm,0x0643C1,"贖:v餧ｸzﾚｶｯo_ﾟ","[UNTRANSLATED]"
s_014194,Alshark (Visual disk).hdm,0x06489F,"矜臈bcA","[UNTRANSLATED]"
s_014195,Alshark (Visual disk).hdm,0x064AE8,"餧ｻwnﾝｺu耘","[UNTRANSLATED]"
s_014196,Alshark (Visual disk).hdm,0x0652E6,"楞~xp漓ﾃ","[UNTRANSLATED]"
s_014201,Alshark (Visual disk).hdm,0x066D94,"涯(ﾐS_.-哘｢Q","[UNTRANSLATED]"
s_014203,Alshark (Visual disk).hdm,0x06747A,"蚕晙ｪ]ｪUｪWｯ","[UNTRANSLATED]"
s_014208,Alshark (Visual disk).hdm,0x06A5D1,"糢z岫ﾗﾛ","[UNTRANSLATED]"
s_014210,Alshark (Visual disk).hdm,0x06B8CC,"嬶wｻ;旄","[UNTRANSLATED]"
s_014211,Alshark (Visual disk).hdm,0x06BF1F,"泚ﾛﾗﾇｯ樵?","[UNTRANSLATED]"
s_014214,Alshark (Visual disk).hdm,0x06E4F3,"譚0ﾉ3釶ｿ","[UNTRANSLATED]"
s_014217,Alshark (Visual disk).hdm,0x06F28D,"弼%食В!","[UNTRANSLATED]"
s_014219,Alshark (Visual disk).hdm,0x06FB15,"靫ｨT鷄ｨP","[UNTRANSLATED]"
s_014220,Alshark (Visual disk).hdm,0x06FBDA,"安獎ｨPｪPｪT","[UNTRANSLATED]"
s_014221,Alshark (Visual disk).hdm,0x070A75,"釶ｾ|狢","[UNTRANSLATED]"
s_014222,Alshark (Visual disk).hdm,0x070A96,"砠ﾟｾ|狢","[UNTRANSLATED]"
s_014224,Alshark (Visual disk).hdm,0x072574,"茎ﾏ<燗o","[UNTRANSLATED]"
s_014227,Alshark (Visual disk).hdm,0x07288C,"竏#ﾘｶ蒻ﾐ","[UNTRANSLATED]"
s_014228,Alshark (Visual disk).hdm,0x07292F,"蔘ﾌ#掟","[UNTRANSLATED]"
s_014229,Alshark (Visual disk).hdm,0x072E04,"獵<|猯<0","[UNTRANSLATED]"
s_014230,Alshark (Visual disk).hdm,0x072E85,"獵<|翊","[UNTRANSLATED]"
s_014232,Alshark (Visual disk).hdm,0x07384F,"巻麕ﾉﾕﾓｷｯ","[UNTRANSLATED]"
s_014233,Alshark (Visual disk).hdm,0x073BFB,"榻gｳﾑﾘ韲","[UNTRANSLATED]"
s_014237,Alshark (Visual disk).hdm,0x0740E9,"瑕裲ej%ｲT","[UNTRANSLATED]"
s_014239,Alshark (Visual disk).hdm,0x074DD3,"靦ﾆ嫌3o","[UNTRANSLATED]"
s_014241,Alshark (Visual disk).hdm,0x0755AF,"楨媼ｳｧWｯO","[UNTRANSLATED]"
s_014243,Alshark (Visual disk).hdm,0x07834F,"留ﾟﾏｯO順ﾇ","[UNTRANSLATED]"
s_014244,Alshark (Visual disk).hdm,0x078638,"懐皛7ﾟ>","[UNTRANSLATED]"
s_014245,Alshark (Visual disk).hdm,0x0786EB,"咎ﾇ鉐ﾏ","[UNTRANSLATED]"
s_014247,Alshark (Visual disk).hdm,0x0788DC,"轡&｢｣湯","[UNTRANSLATED]"
s_014248,Alshark (Visual disk).hdm,0x078B68,"駮w忞ｽ","[UNTRANSLATED]"
s_014249,Alshark (Visual disk).hdm,0x078DC4,"鉐ﾏO歐n,","[UNTRANSLATED]"
s_014250,Alshark (Visual disk).hdm,0x078F40,"射衲iｴｾ","[UNTRANSLATED]"
s_014252,Alshark (Visual disk).hdm,0x07A9F8,"賣ﾙﾓ･ﾋ田","[UNTRANSLATED]"
s_014256,Alshark (Visual disk).hdm,0x07BCB6,"蹐c｣sｱY)別gﾓｩT6:","[UNTRANSLATED]"
s_014258,Alshark (Visual disk).hdm,0x07D800,"學vｶｵm沆ﾚ","[UNTRANSLATED]"
s_014265,Alshark (Visual disk).hdm,0x081E46,"瑪ﾏｼx狢","[UNTRANSLATED]"
s_014267,Alshark (Visual disk).hdm,0x0822A5,"鞨ﾐ頡","[UNTRANSLATED]"
s_014269,Alshark (Visual disk).hdm,0x08325A,"舜{ｻ攬ﾖﾋﾅﾂ","[UNTRANSLATED]"
s_014270,Alshark (Visual disk).hdm,0x083934,"姙ｭﾕ踐rｻﾙ],6","[UNTRANSLATED]"
s_014271,Alshark (Visual disk).hdm,0x084492,"瑩xｼ槃Gcqptz{","[UNTRANSLATED]"
s_014274,Alshark (Visual disk).hdm,0x0895A6,"粧ﾇgcｳｱﾙ韲vz","[UNTRANSLATED]"
s_014276,Alshark (Visual disk).hdm,0x0899A4,"γ瑩x>渮","[UNTRANSLATED]"
s_014278,Alshark (Visual disk).hdm,0x08ADA4,"狠鵡ｾ}|:","[UNTRANSLATED]"
s_014279,Alshark (Visual disk).hdm,0x08D041,"翩ﾏ淦<xp","[UNTRANSLATED]"
s_014280,Alshark (Visual disk).hdm,0x08D2B5,"迸8狢`ｰﾘh4","[UNTRANSLATED]"
s_014283,Alshark (Visual disk).hdm,0x08D961,"狢鵡ｾ}|:","[UNTRANSLATED]"
s_014285,Alshark (Visual disk).hdm,0x08DCF5,"鮫｡｣ﾌ7ﾌ;纛v","[UNTRANSLATED]"
s_014287,Alshark (Visual disk).hdm,0x08E09B,"礼⑦BAｲｬ寸C","[UNTRANSLATED]"
s_014288,Alshark (Visual disk).hdm,0x08E22D,"乍｝zxｰ｡距","[UNTRANSLATED]"
s_014289,Alshark (Visual disk).hdm,0x08E308,"乍　ZY｢ｬ寸C","[UNTRANSLATED]"
s_014291,Alshark (Visual disk).hdm,0x08EB69,"界涯""UｪUｪUｪUｪUｪUｪUｪUｪUｪ","[UNTRANSLATED]"
s_014292,Alshark (Visual disk).hdm,0x08EF08,"靏ｪU鷆ｪUｪUｪUｪU","[UNTRANSLATED]"
s_014293,Alshark (Visual disk).hdm,0x08EFDD,"餧ｸ籠ц","[UNTRANSLATED]"
s_014294,Alshark (Visual disk).hdm,0x08F786,"衢勝><xﾃ","[UNTRANSLATED]"
s_014297,Alshark (Visual disk).hdm,0x0905E3,"蒟ﾋﾗ沾<8p`ﾁ","[UNTRANSLATED]"
s_014298,Alshark (Visual disk).hdm,0x090AB0,"鉐ﾞｽ{釶ｿ","[UNTRANSLATED]"
s_014299,Alshark (Visual disk).hdm,0x090AE4,"遏>|眥","[UNTRANSLATED]"
s_014301,Alshark (Visual disk).hdm,0x09130C,"輒sｻｹﾝ荢ｻﾝⅴ","[UNTRANSLATED]"
s_014305,Alshark (Visual disk).hdm,0x092C3D,"摺 ACョ","[UNTRANSLATED]"
s_014307,Alshark (Visual disk).hdm,0x09307B,"棡ｽ;sw鉐ﾏﾟ","[UNTRANSLATED]"
s_014311,Alshark (Visual disk).hdm,0x09473D,"留o_悄\K","[UNTRANSLATED]"
s_014313,Alshark (Visual disk).hdm,0x09577C,"餧愃0`ﾀﾁ","[UNTRANSLATED]"
s_014314,Alshark (Visual disk).hdm,0x095CD7,"潤ﾀ逗@$","[UNTRANSLATED]"
s_014316,Alshark (Visual disk).hdm,0x096278,"瞠｢a翩ﾋﾌﾆﾀ","[UNTRANSLATED]"
s_014317,Alshark (Visual disk).hdm,0x096355,"溿ﾚｶm沆ｻwﾞｾ}","[UNTRANSLATED]"
s_014318,Alshark (Visual disk).hdm,0x098734,"鉐ﾏﾟ楡ｼ|x","[UNTRANSLATED]"
s_014322,Alshark (Visual disk).hdm,0x09C208,"瑩<悚ﾞ^_Oo'7","[UNTRANSLATED]"
s_014323,Alshark (Visual disk).hdm,0x09CCA5,"瑩x8ｼ槃g3","[UNTRANSLATED]"
s_014324,Alshark (Visual disk).hdm,0x09D119,"籍ﾘ鐡{?","[UNTRANSLATED]"
s_014325,Alshark (Visual disk).hdm,0x09DAD5,"潁障ﾏ>","[UNTRANSLATED]"
s_014326,Alshark (Visual disk).hdm,0x09E6FC,"釶>~|眥ｄ","[UNTRANSLATED]"
s_014327,Alshark (Visual disk).hdm,0x09FB0F,"褄ﾗ留/_","[UNTRANSLATED]"
s_014332,Alshark (Visual disk).hdm,0x0A55BC,"醯ﾞ愃ｰ1o^8`ﾀ","[UNTRANSLATED]"
s_014333,Alshark (Visual disk).hdm,0x0A583E,"耘ﾞ8譫~","[UNTRANSLATED]"
s_014335,Alshark (Visual disk).hdm,0x0A5B6A,"遏$r霹ﾔｩU｡E","[UNTRANSLATED]"
s_014338,Alshark (Visual disk).hdm,0x0A5D55,"鶺ﾊUﾊTﾊD秡ｰ","[UNTRANSLATED]"
s_014339,Alshark (Visual disk).hdm,0x0A5F54,"喟歙ｿO/","[UNTRANSLATED]"
s_014340,Alshark (Visual disk).hdm,0x0A5F71,"鵫粢ruryzyz","[UNTRANSLATED]"
s_014341,Alshark (Visual disk).hdm,0x0A64CA,"贖8ﾛｶ菜ｵｭ[7w/","[UNTRANSLATED]"
s_014342,Alshark (Visual disk).hdm,0x0A665E,"珮ﾂﾆ堅0","[UNTRANSLATED]"
s_014343,Alshark (Visual disk).hdm,0x0A772F,"沾ｽｻvﾌ8眤","[UNTRANSLATED]"
s_014344,Alshark (Visual disk).hdm,0x0A79D5,"銷{;幢","[UNTRANSLATED]"
s_014345,Alshark (Visual disk).hdm,0x0A7B71,"凝轂x8","[UNTRANSLATED]"
s_014347,Alshark (Visual disk).hdm,0x0A932F,"褊ﾍﾝ攷}","[UNTRANSLATED]"
s_014348,Alshark (Visual disk).hdm,0x0A9545,"蓆ﾌﾜ愍|>","[UNTRANSLATED]"
s_014350,Alshark (Visual disk).hdm,0x0AA0F0,"瞥熔ﾟｿo_ｾ|ﾙｵK;w","[UNTRANSLATED]"
s_014351,Alshark (Visual disk).hdm,0x0AAA2D,"沆ﾗ殪s<","[UNTRANSLATED]"
s_014353,Alshark (Visual disk).hdm,0x0AC572,"糢麭jtzu:5(","[UNTRANSLATED]"
s_014355,Alshark (Visual disk).hdm,0x0ACD22,"寞ﾅﾁ濮ｰﾐ","[UNTRANSLATED]"
s_014356,Alshark (Visual disk).hdm,0x0ACD6F,"暁ﾁ濮ｰﾐ","[UNTRANSLATED]"
s_014357,Alshark (Visual disk).hdm,0x0AD1C1,"蒹轂Wﾍ/","[UNTRANSLATED]"
s_014358,Alshark (Visual disk).hdm,0x0AD56A,"褊ﾍﾝ攷}~","[UNTRANSLATED]"
s_014359,Alshark (Visual disk).hdm,0x0AD7D1,"瑩霾ﾀd`b 0","[UNTRANSLATED]"
s_014363,Alshark (Visual disk).hdm,0x0B7988,"筒ﾉﾌ跚","[UNTRANSLATED]"
s_014364,Alshark (Visual disk).hdm,0x0B7A72,"筒ﾉﾌ跚","[UNTRANSLATED]"
s_014366,Alshark (Visual disk).hdm,0x0B8653,"釶ｿ|鑈ﾟ>","[UNTRANSLATED]"
s_014367,Alshark (Visual disk).hdm,0x0B86BA,"粃鉐ﾞｼyﾏ","[UNTRANSLATED]"
s_014369,Alshark (Visual disk).hdm,0x0B8A99,"沾紙ﾐﾑﾝﾛ","[UNTRANSLATED]"
s_014372,Alshark (Visual disk).hdm,0x0B96D0,"瑩~滂","[UNTRANSLATED]"
s_014373,Alshark (Visual disk).hdm,0x0B9AD0,"樰ﾍｽ拆Ac{z:","[UNTRANSLATED]"
s_014375,Alshark (Visual disk).hdm,0x0BA1C7,"勝ﾗ鋩?㍼","[UNTRANSLATED]"
s_014376,Alshark (Visual disk).hdm,0x0BA5CA,"勝ﾓ鋩?㍼","[UNTRANSLATED]"
s_014382,Alshark (Visual disk).hdm,0x0BC0D7,"淵d#ﾑ晦","[UNTRANSLATED]"
s_014384,Alshark (Visual disk).hdm,0x0BC543,"皜ｬﾓ酋ｪw","[UNTRANSLATED]"
s_014385,Alshark (Visual disk).hdm,0x0BC7C3,"皜ｸsｻWｦEｫW涯ｪ","[UNTRANSLATED]"
s_014391,Alshark (Visual disk).hdm,0x0BDAAB,"涯ｨU涯*","[UNTRANSLATED]"
s_014392,Alshark (Visual disk).hdm,0x0BDC10,"界ｩPｩﾑ舁","[UNTRANSLATED]"
s_014393,Alshark (Visual disk).hdm,0x0BDCD0,"吁ﾎ踟s;9","[UNTRANSLATED]"
s_014394,Alshark (Visual disk).hdm,0x0BDEF6,"﨎詬于`@","[UNTRANSLATED]"
s_014395,Alshark (Visual disk).hdm,0x0BDFE6,"聆ｷv狷","[UNTRANSLATED]"
s_014399,Alshark (Visual disk).hdm,0x0BE46B,"牴|ｻ|壌7","[UNTRANSLATED]"
s_014400,Alshark (Visual disk).hdm,0x0BE6C7,"湖ﾄﾐﾈ琲$｢","[UNTRANSLATED]"
s_014402,Alshark (Visual disk).hdm,0x0C0C13,"熊#践┐AP (","[UNTRANSLATED]"
s_014403,Alshark (Visual disk).hdm,0x0C0C1F,"割E筍pX8","[UNTRANSLATED]"
s_014404,Alshark (Visual disk).hdm,0x0C0C5E,"坏ﾍ褂","[UNTRANSLATED]"
s_014406,Alshark (Visual disk).hdm,0x0C167A,"跪ﾌﾘ于0`","[UNTRANSLATED]"
s_014407,Alshark (Visual disk).hdm,0x0C1DD6,"餧ﾝｸp烙","[UNTRANSLATED]"
s_014409,Alshark (Visual disk).hdm,0x0C5C3A,"讃ｸu学ｫW｢","[UNTRANSLATED]"
s_014410,Alshark (Visual disk).hdm,0x0C5E09,"禳*Q)U涯､YﾆU*","[UNTRANSLATED]"
s_014419,Alshark (Visual disk).hdm,0x0C8368,"涯ｪUｨPｪPｩP､P｢I脱ｪ","[UNTRANSLATED]"
s_014422,Alshark (Visual disk).hdm,0x0C97BC,"瀾ｺﾝnｷﾛ煜","[UNTRANSLATED]"
s_014423,Alshark (Visual disk).hdm,0x0CA514,"軍10,荅d","[UNTRANSLATED]"
s_014428,Alshark (Visual disk).hdm,0x0D01C7,"瀾8侘f3","[UNTRANSLATED]"
s_014429,Alshark (Visual disk).hdm,0x0D190C,"罅|瘴>8","[UNTRANSLATED]"
s_014430,Alshark (Visual disk).hdm,0x0D1CBE,"迸x瘴>D?","[UNTRANSLATED]"
s_014431,Alshark (Visual disk).hdm,0x0D1DB5,"遏x繽?y","[UNTRANSLATED]"
s_014432,Alshark (Visual disk).hdm,0x0D1ED9,"狢璧>ﾟg8","[UNTRANSLATED]"
s_014433,Alshark (Visual disk).hdm,0x0D207B,"珀ｿcﾊ垪9y","[UNTRANSLATED]"
s_014434,Alshark (Visual disk).hdm,0x0D31D9,"ヂ0俘ﾌlofｰconmoaﾀ","[UNTRANSLATED]"
s_014436,Alshark (Visual disk).hdm,0x0D6106,"笊oﾘ0烙","[UNTRANSLATED]"
s_014437,Alshark (Visual disk).hdm,0x0D7F86,"渼ﾚｵｭjﾛ蕪","[UNTRANSLATED]"
s_014438,Alshark (Visual disk).hdm,0x0D8658,"逵sﾎ9遏","[UNTRANSLATED]"
s_014440,Alshark (Visual disk).hdm,0x0D8FD2,"迸y湾ﾀ","[UNTRANSLATED]"
s_014441,Alshark (Visual disk).hdm,0x0D90E6,"迸}ﾘ0瘍","[UNTRANSLATED]"
s_014442,Alshark (Visual disk).hdm,0x0DA013,"癪gﾟ<鑈","[UNTRANSLATED]"
s_014446,Alshark (Visual disk).hdm,0x10BECA,"膏ｲ易P*","[UNTRANSLATED]"
s_014448,Alshark (Visual disk).hdm,0x10C3A6,"翅P珥xQ<ﾀ","[UNTRANSLATED]"
s_014450,Alshark (Visual disk).hdm,0x10C9E6,"湿ﾍVﾎｪ躙ｦｫｷuｷﾟS","[UNTRANSLATED]"
s_014454,Alshark (Visual disk).hdm,0x10D8A1,"澡爼ﾀUﾀｫﾀW","[UNTRANSLATED]"
s_014455,Alshark (Visual disk).hdm,0x118741,"砧ｶkﾖ{^t.壓","[UNTRANSLATED]"
s_014456,Alshark (Visual disk).hdm,0x118BC1,"砧ｶoﾞt.壓","[UNTRANSLATED]"