id,disk,offsetHex,jp,old_en,new_en,method,confidence
s_000000,Alshark (System disk).hdm,0x081C13,"シオン。ｿｼﾃ、ﾐﾅｻﾝ。@私ﾊ、訳ｱｯﾃｱﾙ場所ﾆ身ｦ@隠ｼﾃｲﾏｽ」!0_「ｺﾉビデオレタｰｦ受ｹ取ｯﾃｷｯﾄ、驚ｶﾚﾀｺﾄでｼｮｳが私ﾆﾊ、今日、ｱﾅﾀ達が、ｺﾉ店ﾆ立ﾁ寄ﾙｺﾄが分ｶｯﾃｲﾀﾉでｽ」!0_「ｲｴ、ﾄｲｳﾖﾘﾓ、突発的ﾆ未来ｦ予知ｽﾙｺﾄがでｷﾙﾖｳﾅﾉでｽ」!0_「ﾅぜ、私が、ｿﾝﾅ能力ｦ身ﾆﾂｹﾃｼﾏｯﾀﾉｶ、ｿｼﾃ、姿ｦ隠ｻﾅｸﾃﾊﾅﾗﾅｶｯﾀﾉｶ全ﾃｦｵ話ｼﾏｽ。@ｿｼﾃ、力ｦ貸ｼﾃｸだｻｲ」!0_「ダイナﾉ村ﾆｱﾙ@3ウェｰ・ドゥムナﾉ石碑1ﾉ前で@待ｯﾃｲﾏｽ」!#S","[UNTRANSLATED]","Sion. Everyone. I'm in hiding for a reason. I know this video letter is a shock,but I knew you'd be here today. The truth is... I've started seeing the future. I'll explain everything—why I have this power,and why I had to disappear. But I need your help. Meet me at the We-Dumnah monument in Dyna village.",byId,1.00
s_000001,Alshark (System disk).hdm,0x053ABD,"２日ﾎど前ﾆ、１人ﾉ女がｷﾃ、チップｦ５００クレジットﾓ払ｯﾃ、ｱﾝﾀ達ﾆｺﾚｦ渡ｽﾖｳﾆﾄ頼ﾏﾚﾀﾝだ。0_6ｿｳｲｳﾄ、彼ﾊ１通ﾉビデオレ6タｰｦ取ﾘ出ｼﾃ、シオンﾆ手渡6ｼﾀ。0#G","[UNTRANSLATED]","A woman came by a couple days ago. Paid me 500 CREDIT to give you this. He pulls out a video letter and hands it to Sion.",byId,1.00
s_000002,Alshark (System disk).hdm,0x05BC07,"最近、ジャグマ親衛隊内ﾉ諜報@機関でｱﾙゼフィアﾉ長官ﾆ@マｰズ人が着任ｼﾀﾝだ。0#P","[UNTRANSLATED]","Jagma's spy agency,Zephia,has a new Martian director.",byId,1.00
s_000004,Alshark (System disk).hdm,0x0765FB,"サリバン！！@ﾖｰｸ見ﾃｵｹ！@ｺﾚが、カｰマだ！！！0_6シオンﾊ、ヒｰト中将ﾆゾｰクｦ6放ｯﾀ！！#X","[UNTRANSLATED]","SULLIVAN! Watch this! This is KARMA! Sion unleashed his power on the general!",byId,1.00
s_000006,Alshark (System disk).hdm,0x0569E8,"ジャグマｦ倒ｽﾀﾒﾆﾊ、ｿﾉ@リングが必要ﾅﾝだ！0#P","[UNTRANSLATED]","We need that ring to defeat Jagma!",byId,1.00
s_000009,Alshark (System disk).hdm,0x0757B0,"勘弁ｼﾃｸﾚ。@俺が悪ｶｯﾀﾖ。0_4酔ｯぱﾗｲ5ｿｳだ、ｲｲ事ｦ教ｴﾃﾔﾛｳ。0ｺﾉ惑星ﾆ伝ﾜﾙ伝説ﾉ詩だ。0_4酔ｯぱﾗｲ5「塔ﾆ眠ﾙ月ﾉ光。@　石ﾊ呼び覚ﾏｽ。@　遠ｸ忘ﾚ去ﾗﾚｼ幻影ｦ」0_4酔ｯぱﾗｲ5どｳだ？@ｲｲ詩だﾛｳ。","[UNTRANSLATED]","Alright, alright, spare me! My bad. ...Hey, I'll tell ya somethin'. It's an old legend... 'Moonlight sleeps in the tower. A stone awakens the forgotten phantom.' Heh. Good, huh?",byId,1.00
s_000010,Alshark (System disk).hdm,0x078077,"配下ﾆ、３人ﾉ将軍が居ﾙﾝだ。0_4ミュントス人5最近、Ｚ１２７恒星系ﾆ配備ｻﾚﾀ要塞バルバスﾉ総司令、通称、氷ﾉララウェル。0_4ミュントス人5バイオソルジャｰ部隊「ブラックビｰスト」ｦ率ｲﾙ、通称、@ビｰスト・バイデン。0_4ミュントス人5ｿｼﾃ、帝国宙軍ﾉ智将、ノベルサリバン。0_4ミュントス人5ｺﾉ３人がｲﾙｵｶげで、ウュリア王国ﾊ、相当、窮地ﾆ立ﾀｻﾚﾃｲﾙﾗｼｲ。","[UNTRANSLATED]","Jagma has three top generals. First is Ice Lalawel Dorian, commander of the fortress Barbas. Next is Beast Bayden, who leads the Black Beast, his elite biosoldier unit. And finally, the Zolius tactical genius, Sky-Victory Flag Sullivan. With them on the offensive, the Kingdom of Ulyria is on its last legs.",byId,1.00
s_000014,Alshark (System disk).hdm,0x079004,"呼び覚ﾏｽ。@　遠ｸ忘ﾚ去ﾗﾚｼ面影ｦ」0_4酔ｯぱﾗｲ5どｳだ？@ｲｲ詩だﾛｳ。","[UNTRANSLATED]","""...awakens the long-forgotten phantom."" Heh. Good, huh?",byId,1.00
s_000015,Alshark (System disk).hdm,0x0768CF,"カｰマｶ‥‥‥!@シオン‥‥ﾏﾀｲﾂｶ‥戦場で‥相ﾏﾐｴﾙ日がｸﾙだﾛｳ‥‥0_4$","[UNTRANSLATED]","So, this is karma... Sion... We'll meet again on the battlefield.",byId,1.00
s_000016,Alshark (System disk).hdm,0x0176A5,"シオン。@ｲｸﾗﾜｼがメカﾉ天才でﾓ、@スクラップがﾅｸﾁｬｱ、どｳｼ@ﾖｳﾓﾅｶﾛｳが。","[UNTRANSLATED]","Sion, I'm a genius, but even I need SCRAP to work with.",byId,1.00
s_000017,Alshark (System disk).hdm,0x0179A0,"ゾークによってカーマを@その肉体に封じることなく@葬りさってしまった。@そして、カーマはシオン達を@襲う","[UNTRANSLATED]","Zork destroyed the vessel, but didn't seal Karma's spirit! Now it's free... and it's after us!",byId,1.00
s_000019,Alshark (System disk).hdm,0x0549AF,"ごﾒﾝﾅｻｲ。@宇宙船ﾊｽばﾗｼｲﾄ思ｳﾝでｽｹど、ｵじ様ﾉﾂｹﾗﾚﾀ名前がﾁｮｯﾄ・・・ﾈｪ、シオン？0_4$","[UNTRANSLATED]","I love the ship, but... that name Joe gave it is kinda... weird. Right, Sion?",byId,1.00
s_000020,Alshark (System disk).hdm,0x05A9A8,"幼児施設ﾉボランティアじｬﾈｪﾝでﾅ。@用事がｱﾙﾝﾅﾗ、早ｲﾄｺｽﾏｾﾃｸﾝﾅ。0_4$","[UNTRANSLATED]","This ain't a daycare. You want something, spit it out.",byId,1.00
s_000021,Alshark (System disk).hdm,0x060555,"ウェルダｦ中心ﾄｼﾃ、坑道ｦ@6突ｷ進ﾝでｲｯﾀシオン達ﾉ見ﾀ6ﾓﾉﾊ、赤緑色ﾉ腐汁ｦﾏｷ散ﾗ6ｼﾅがﾗ数限ﾘﾅｸモンスタｰｦ6産ﾐだｽ怪物だｯﾀ。0?F","[UNTRANSLATED]","Werda led them deep into the mines. What they found was a horror: a beast birthing endless monsters from its own putrid ooze.",byId,1.00
s_000022,Alshark (System disk).hdm,0x061439,"来ﾃｸﾚﾀﾜﾈ。@ｵ茶でﾓ飲ﾝでｲｯﾃﾁｮｳだｲ0_6シオン達ﾊ、シャイナﾄ楽ｼｲ@6一時ｦ過ごｼﾀ。?H","[UNTRANSLATED]","Shaina welcomed them. 'I'm so glad you came! Please, stay for some tea.'",byId,1.00
s_000023,Alshark (System disk).hdm,0x062915,"突然ﾉ声ﾆシオン達ﾊ、驚ｲﾀ。6ｲﾂﾉﾏﾆｶ、周囲ｦマモンﾄ@6無法者ﾆ変装ｼﾀゾリアス兵ﾆ@6取ﾘ囲ﾏﾚﾃｲﾀ。0?C","[UNTRANSLATED]","A voice rings out! Sion's party is ambushed--surrounded by Zolius troops in disguise!",byId,1.00
s_000028,Alshark (System disk).hdm,0x076702,"だ、ﾜｶﾝﾈｪﾉｶ！@ｱﾚが、カｰマだ！！@奴ﾓジャグマﾓ、自分ﾉ意志で、行動ｼﾁｬｲﾈｪﾝだﾖ！！0_4$","[UNTRANSLATED]","Don't you get it!? That's Karma! It's controlling Jagma! They're both just puppets!",byId,1.00
s_000029,Alshark (System disk).hdm,0x076CDD,"ジャグマﾊ、ｿﾉ強ｲ思念で、@自分ﾆ侵入ｼﾃｷﾀカｰマｦ@押ｻｴﾂｹﾃ、精神ｦ融合ｻｾ@ﾅｲでｲﾙﾉﾖ。0_4$","[UNTRANSLATED]","Jagma's will is strong. He's resisting Karma, preventing a full mental fusion.",byId,1.00
s_000030,Alshark (System disk).hdm,0x07D2C5,"帝国軍ﾉ最終兵器ｯﾃﾉﾊ、@ｲｯﾀｲ‥‥0@シオン、事ﾊ風雲急ｦ告げﾃ@ﾔがﾙぜ。","[UNTRANSLATED]","The Empire's ultimate weapon... Sion, things are heating up fast.",byId,1.00
s_000031,Alshark (System disk).hdm,0x0A2B0C,"が、カｰマだ！！@奴ﾓジャグマﾓ、自分ﾉ意志で、行動ｼﾁｬｲﾈｪﾝだﾖ！！0_4$","[UNTRANSLATED]","Karma's the one in control! Jagma's just its puppet",byId,1.00
s_000032,Alshark (System disk).hdm,0x0175F2,"任ｾﾄｶﾝｶｲ！@どﾝﾅﾓﾝでﾓ、ｺﾉスクラップ@ジョー様ﾆｶｶﾚば、ｱｯﾄｲｳ@間ﾖ！！","[UNTRANSLATED]","Trust ol' Scrap Joe! I can build or fix anything in a heartbeat!",byId,1.00
s_000034,Alshark (System disk).hdm,0x01770F,"シオン。@タンクﾅﾝぞ、どｺｦ見ﾃﾓﾅｲ@じｬﾅｲｶ。@若ｲｳﾁﾊ歩ｶﾝﾄｲｶﾝぞ！","[UNTRANSLATED]","Sion, forget the tank. A little walk'll do you good!",byId,1.00
s_000036,Alshark (System disk).hdm,0x076883,"シオン達ﾊ、ラッセルガイヤｰｦ6脱出ｼﾀ。0?I","[UNTRANSLATED]","Sion's party escaped the Russelgaia.",byId,1.00
s_000041,Alshark (System disk).hdm,0x051EF2,"父ｻﾝ！@ﾄｵｩｻｰｰｰﾝ！！！！@畜生ｩ！！ｱｲﾂﾗ、ｱﾉゾリアス兵どﾓ・・・絶対ﾆ許ｻﾅｲ！0#P","[UNTRANSLATED]","Dad! DAD!!! Damn them! Those Zolius scum... I'll make them pay!",byId,1.00
s_000042,Alshark (System disk).hdm,0x052438,"娘5ｺｺﾊ、ハマックﾉ町ﾖ。0@私ﾉ名前ﾊ、ジェｰン。@ｱﾅﾀﾊ？0@43名前ｦ教ｴﾃﾔﾙｶ？0#Y","[UNTRANSLATED]","This is the town of Hamack. My name is Jane. And you are?",byId,1.00
s_000043,Alshark (System disk).hdm,0x052668,"ハマック・アｰミｰショップ5兄ﾁｬﾝ、武器ｦ買ｳﾅﾗ、少々無理ｦｼﾃでﾓ、ｲｲﾓﾝ選ﾝどｲﾀﾎｳがｲｲぜ。@0ﾄｺﾛで、何ﾆｽﾙﾝだ？0#G","[UNTRANSLATED]","My advice? Don't skimp on weapons. A few extra CREDIT now will save your hide later. What'll it be?",byId,1.00
s_000044,Alshark (System disk).hdm,0x0526DE,"ハマック・アイテムショップ5ｲﾗｯｼｬｲﾏｾ。@何ｶ、ご入ﾘﾖｳでｼｮｳｶ？0#G","[UNTRANSLATED]","Welcome. How may I help you?",byId,1.00
s_000045,Alshark (System disk).hdm,0x05274E,"支配人5安ｲ・綺麗・安心ﾉＰＴホテルでござｲﾏｽ。@ご宿泊ﾊ、１０クレジットﾆﾅﾘﾏｽが？0#Y","[UNTRANSLATED]","Welcome to the PT Hotel: cheap, clean, and safe! A room is 10 CREDIT. Stay the night?",byId,1.00
s_000046,Alshark (System disk).hdm,0x052E24,"アルバイトで在庫整理ﾔｯﾃﾝだｹど、１人じｬ大変で・・・。0@ｿｳだ、手伝ｯﾃﾐﾅｲ？0#Y","[UNTRANSLATED]","I'm trying to sort the inventory, but I'm totally swamped... Hey, wanna help?",byId,1.00
s_000047,Alshark (System disk).hdm,0x053642,"達ﾉ捜ｼﾃﾙ女だｯﾀﾗ、宇宙港ﾍ行ｸﾉｦ見ｶｹﾀ奴がｲﾙぜ。@0ｵｿﾗｸ、惑星マｰズ行ｷﾉ航宙船ﾆﾉｯﾀﾝじｬﾈｪｶﾅ。#S","[UNTRANSLATED]","The woman you're looking for? Word is she went to the spaceport. Probably on a ship to Mars.",byId,1.00
s_000049,Alshark (System disk).hdm,0x053DEE,"ハイグレネｰドﾊ、市価じｬｱ@３２０クレジットだが、@２５％オフﾉ２４０クレジットで売ｯﾃﾔﾛｳ。0#Y","[UNTRANSLATED]","High Grenades go for 320 CREDIT on the street, but I'll sell you one for 240. 25% off.",byId,1.00
s_000050,Alshark (System disk).hdm,0x053E56,"目ｦﾂｹﾙﾄﾊ、@ﾅｶﾅｶﾔﾙじｬﾈｪｶ。0_出血大サｰビスで、@２３２０クレジットでどｳだ？0#Y","[UNTRANSLATED]","You've got a good eye. Tell you what, I'll cut my own throat... 2320 CREDIT?",byId,1.00
s_000051,Alshark (System disk).hdm,0x053EA7,"三ﾂ葉ﾉ紋章ｶ。@ｺｲﾂﾊﾁｮｯﾄ高ｲぜ。@手ﾆｲﾚﾙﾉが大変だｶﾗﾅ。0_１２００クレジットでどｳだ？0#Y","[UNTRANSLATED]","The three-leaf crest... That's a rare one, and tough to get. It'll cost you. 1200 CREDIT?",byId,1.00
s_000052,Alshark (System disk).hdm,0x054C4F,"航行不能状態ﾉ民間航宙6艇だｯﾀ。@6ｿｼﾃ、ｿﾉ影ﾆ隠ﾚﾙﾖｳﾆ@6ｼﾃ接舷ｼﾃｲﾀﾉﾊ‥‥‥0#Z","[UNTRANSLATED]","A civilian ship, dead in the water. And using it for cover, another ship...",byId,1.00
s_000053,Alshark (System disk).hdm,0x0550F8,"心外だﾈ・・・ﾏｱ、ｲｲ。行ｺｳｶ。0_4シャイナ5ﾁｮｯﾄ、私ﾉ質問ﾆ答ｴﾅｻｲﾖ！！0_仮ﾆﾓ、マｰズ連邦最大ﾉ兵器メｰカｰ、パｰフェクトテクニカル社ﾉ社長令嬢ｦ前ﾆｼﾃ失礼じｬﾅｲ！！0_4ゾリアス兵5だｧｰ！ｳﾙｾｪ小娘だ！@殺ｼﾃﾔﾙ！！0#V","[UNTRANSLATED]","Hmph. Fine. Let's go. Hey! Answer me! My father runs Perfect Technical, the Federation's top arms maker! You can't just ignore me! Gah! Annoying brat! I'll shut you up for good!",byId,1.00
s_000055,Alshark (System disk).hdm,0x055811,"２本ﾉ後ﾛﾍ長ｸ伸びﾀ金髪ｦ@6振ﾘ乱ｼ、右肩ﾆ搭載ｻﾚﾀ小型6核融合炉ｶﾗ発ｾﾗﾚﾙタｰビン6ﾉ回転音ｦ低ｸ響ｶｾﾅがﾗ、女6ﾊ立ｯﾃｲﾀ。0#Z","[UNTRANSLATED]","The woman stood, her long blonde hair whipping as the mini-fusion reactor on her shoulder hummed.",byId,1.00
s_000056,Alshark (System disk).hdm,0x055922,"が反応ｽﾙﾖﾘ6ﾓ早ｸゾリアス兵ﾊ、シャイナｦ6盾ﾆﾄｯﾃ、ｿﾉ喉ﾓﾄﾆ銃口ｦ6突ｷﾂｹﾃｲﾀ。0#Z","[UNTRANSLATED]","In a flash, the Zolius soldier grabbed Shaina, gun to her throat.",byId,1.00
s_000057,Alshark (System disk).hdm,0x055B74,"方ﾍ突ｷ飛6ばｽﾄ同時ﾆ、エアロックﾍﾄ走6ﾘ込ﾝだﾉでｱﾙ。@#V","[UNTRANSLATED]","Shoving them aside, she dashed into the airlock.",byId,1.00
s_000058,Alshark (System disk).hdm,0x055CDC,"がシャイナﾄ6並ﾝでﾐﾃ、ｿﾉ大ｷｻﾆ改ﾒﾃ6驚ｲﾀ。彼女ﾉ身長ﾊ、優ﾆ２メ6ｰトルﾊ越ｴﾙだﾛｳ。0#Z","[UNTRANSLATED]","Next to Shaina, her height was shocking. She had to be over 2 meters tall.",byId,1.00
s_000059,Alshark (System disk).hdm,0x055F60,"達ﾊ、女戦士ﾆ6ﾅｶば連行ｻﾚﾙﾖｳﾆｼﾃ、@6コズミックホｰクﾉステｰション6ﾍ行ｸｺﾄﾆﾅﾙ。0#S","[UNTRANSLATED]","The warrior woman practically dragged them to the Cosmic Hawk's station.",byId,1.00
s_000060,Alshark (System disk).hdm,0x05680A,"貴方が持ｯﾃｲﾙサイコリングｦ貸ｼﾃﾓﾗｴﾅｲだﾛｳｶ。0_6ベックﾊ、一瞬、困惑ﾉ表情ｦ@6見ｾﾀ。0#P","[UNTRANSLATED]","Let me borrow your Psycho Ring. Beck looked confused for a moment.",byId,1.00
s_000061,Alshark (System disk).hdm,0x056AF6,"だが、ｿﾉリングでﾊ、サイコ@ジェネレｰタｰぐﾗｲｶﾗｼｶ@身ｦ守ﾙｺﾄﾊでｷﾇ。0#P","[UNTRANSLATED]","That ring's only good against something like a Psycho Generator.",byId,1.00
s_000062,Alshark (System disk).hdm,0x056EC1,"作戦が成功ｼﾃ、ラッセル@ガイヤｰﾉ主動力ｦ爆破ｼﾀﾄｼﾃﾓ、本体ﾏで破壊ｽﾙｺﾄﾊ@到底ｶﾅﾜﾅｲだﾛｳ。0#P","[UNTRANSLATED]","Blowing up the Russelgaia's engine won't be enough to destroy the whole ship.",byId,1.00
s_000064,Alshark (System disk).hdm,0x057089,"イｰストサイドホテル5ｲﾗｯｼｬｲﾏｾ。@ご宿泊ﾊ、１０クレジットﾆﾅﾘﾏｽが？0#Y","[UNTRANSLATED]","East Side Hotel. Welcome! A room's 10 CREDIT. Wanna stay?",byId,1.00
s_000065,Alshark (System disk).hdm,0x057154,"セントラル・テスウィル5ﾖｳｺｿ、ｲﾗｯｼｬｲﾏｼﾀ。0_全ﾃﾉサｰビス料ｦ含ﾒﾏｼﾃ、３０クレジットﾆﾅﾘﾏｽが、ご宿泊ﾅｻｲﾏｽｶ？0#Y","[UNTRANSLATED]","Welcome to the Central Teswil. A room is 30 CREDIT, all-inclusive. Will you be staying with us?",byId,1.00
s_000067,Alshark (System disk).hdm,0x057695,"スクラッパｰズ商会5ヘイ！！ｯﾗｯｼｬｲ。@スクラップﾆ関ｽﾙご用命ﾊ、全ﾃ承ﾘﾔｼｮｳ。0#G","[UNTRANSLATED]","Scrappers Co. Hey, welcome! If it's about SCRAP, you've come to the right place.",byId,1.00
s_000068,Alshark (System disk).hdm,0x05794A,"客ｻﾝ！掘ﾘ出ｼ物がｱﾙﾝでｽｹど、５００クレジットでｲｶがでｽｶ？0_中古でｽｹど、ﾏだﾏだ使ｴﾙジェットホバｰでｽﾖ！@@@43買ｲﾏｽｶ？0#Y","[UNTRANSLATED]","Hey! Got a real gem for ya, 500 CREDIT. It's a used Jet Hover, but she still runs like a dream! So, you buyin'?",byId,1.00
s_000069,Alshark (System disk).hdm,0x059BC5,"ラッセルガイヤｰﾉ@航路が割ﾘ出ｾﾀぞ！@急ｲで、アトライアﾆ引ｷ上げﾙﾝじｬｨ！#S","[UNTRANSLATED]","I've got the Russelgaia's flight path! Get back to the Atlia on the double!",byId,1.00
s_000070,Alshark (System disk).hdm,0x05B067,"ＰＴホテル　イン　ザジル5ご宿泊でｼﾀﾗ、２０クレジットﾆﾅﾘﾏｽが？0#Y","[UNTRANSLATED]","Welcome to the PT Hotel in Zajil. A room is 20 CREDIT. Staying?",byId,1.00
s_000071,Alshark (System disk).hdm,0x05B1B2,"スクラッパｰズ5ﾎｲ　ﾎｲ　ﾎｲ　ﾎｲ。@スクラップがﾎｼｹﾘｬ、好ｷﾅだｹ持ｯﾃｷﾅ。0#P","[UNTRANSLATED]","Scrappers. C'mon, c'mon. Need SCRAP? Help yourself to the pile.",byId,1.00
s_000072,Alshark (System disk).hdm,0x05B519,"少々、痛ｲ目ｦ見ﾅｲﾄﾜｶﾝﾈｪﾖｳだﾅ。0_貴様ﾗ、ウジ虫どﾓﾉ腕ﾉ１本ﾔ２本、合法的ﾆﾍｼ折ｯﾃﾔﾙｺﾄﾓでｷﾙﾝだぜ。0#P","[UNTRANSLATED]","Looks like you need a painful lesson. I'm legally allowed to break an arm or two, maggots.",byId,1.00
s_000073,Alshark (System disk).hdm,0x05BC57,"が、頭ﾉ切ﾚﾙ奴で、@着任後、ゾリアス軍ﾉ前線ﾆ@ｵｹﾙ破壊活動ﾉ総指揮ﾏで任ｻﾚﾃｲﾙﾗｼｲ。0#P","[UNTRANSLATED]","He's a sharp one. They put him in charge of all Zolius frontline sabotage.",byId,1.00
s_000075,Alshark (System disk).hdm,0x05BD80,"基地ﾆﾊ、総司令官ﾉビｰスト・バイデンﾓｲﾂﾓﾅﾗｲﾙﾊず@ﾅﾝだが、ララウェルﾆ呼ばﾚﾃ今ﾊ、留守ﾆｼﾃｲﾙ。0#P","[UNTRANSLATED]","Commander Beast Bayden is usually at the base, but Lalawel summoned him away.",byId,1.00
s_000076,Alshark (System disk).hdm,0x05C0AD,"達が、司令室ﾆ入ｯﾃｲｸ6ﾄ、正面ﾉテｰブルﾆ腰掛ｹﾃ@6ｲﾀ人物が立ﾁ上がﾘ、ジョｰﾆ6向ｶｯﾃ右手ｦ差ｼ出ｼﾀ。0#P","[UNTRANSLATED]","Upon entering the command room, a man sitting on the table ahead rose and held out his hand to Joe.",byId,1.00
s_000077,Alshark (System disk).hdm,0x05C145,"ジョｰ・コンプスン。@皆、スクラップ・ジョｰﾄ呼ﾝどﾙ。0#P","[UNTRANSLATED]","The name's Joe Compson. Most folks call me Scrap Joe.",byId,1.00
s_000081,Alshark (System disk).hdm,0x05CDEC,"惑星ビュｰトﾊ、@マｰズ連邦ﾉ第１開発計画ﾉ対象ﾆﾅｯﾃｲﾙＭ８６１恒星系ﾆ@ｱﾘﾏｽ。0#P","[UNTRANSLATED]","Planet Bute is in the M861 system, a Phase 1 Mars Federation colony.",byId,1.00
s_000082,Alshark (System disk).hdm,0x05CE38,"研究室ﾆ行ｹば、恒星間移動ﾉ@でｷﾙエンジンｦ支給ｼﾃｸﾚﾙﾊずでｽ。0#G","[UNTRANSLATED]","Head to the lab. They'll give you an interstellar drive.",byId,1.00
s_000083,Alshark (System disk).hdm,0x05D042,"ベスタｰ准将ﾊ、部屋ﾉ明ｶﾘ@6ｦ消ｼ、モニタｰﾉスイッチｦｲ6ﾚﾙﾄ、今回ﾉ任務ﾆﾂｲﾃ説明6ｦ始ﾒﾀ。0#P","[UNTRANSLATED]","Vester dimmed the lights, turned on the monitor, and started to explain the mission.",byId,1.00
s_000084,Alshark (System disk).hdm,0x05D099,"ずﾊ、ｺﾉ写真ｦ見ﾃﾓﾗｵｳ0_6彼がｿｳｲｳﾄ、１枚ﾉ写真が@6モニタｰ上ﾆ投影ｻﾚﾀ。0#P","[UNTRANSLATED]","'First, take a look at this.' A photo appeared on the monitor.",byId,1.00
s_000086,Alshark (System disk).hdm,0x05D723,"今回ﾉｺﾄで連邦ﾉ上層部ﾆﾊ、前ﾆﾓ@増ｼﾃ私ﾉ株ｦ上げﾙ事がでｷﾀﾖ。ｱﾘがﾄｳ。0#V","[UNTRANSLATED]","Thanks to you, I'm in good with the Federation brass. I owe you one.",byId,1.00
s_000087,Alshark (System disk).hdm,0x05DA2C,"達ﾊ捕ﾗｴﾗﾚ、6拘留ｻﾚﾃｼﾏｯﾀ。0_6ｿﾉ３ヶ月後、マｰズ連邦ﾊ、@6予告無ｼﾆゾリアスｶﾗﾉ攻撃ｦ6受ｹ、ｿﾉ機能ﾉﾎﾄﾝどｦ壊滅6ﾆ追ｲﾔﾗﾚﾀ。0#G","[UNTRANSLATED]","They were captured and imprisoned. Three months later... Zolius struck without warning. The Mars Federation was left in ruins.",byId,1.00
s_000088,Alshark (System disk).hdm,0x05DBB9,"兵士ﾉ言葉が終ﾜﾙ6前ﾆ行動ｦ起ｺｼﾃｲﾀ。@6兵士ﾊ、痛ﾐｦ感じﾙ間ﾓﾅｸ@6通路ﾆ横ﾀﾜﾘ、沈黙ｼﾀ。0#V","[UNTRANSLATED]","He moved before the soldier finished speaking. The man hit the floor, silenced forever.",byId,1.00
s_000089,Alshark (System disk).hdm,0x05ECE5,"私ﾊ、マｰズ連邦ﾆ戻ｯﾃ、@連邦軍ﾉ頭ﾉ固ｲ連中ｦ相手ﾆ、協力ｼﾃｸﾚﾙﾖｳﾆ説得ｼﾃ@ﾐﾏｼｮｳ。0#K","[UNTRANSLATED]","I'll head back to the Mars Federation. I'll try to reason with those military stiffs.",byId,1.00
s_000090,Alshark (System disk).hdm,0x05EEF8,"ウェルダｻﾝﾊ、特殊精神波ﾆ@打ﾁ勝ﾂｺﾄがでｷﾙｶﾓ‥‥0_4$
5ﾅﾗ、私ﾓ協力ｼﾖｳ。@ﾀぶﾝ、ｺｺノｰザンﾉ砦ﾅﾗ、何ｶﾂｶﾒﾙだﾛｳ。0#W","[UNTRANSLATED]","Werda might be able to resist those special psychic waves... $ Then I'll help. We might find a lead at the fortress here.",byId,1.00
s_000091,Alshark (System disk).hdm,0x05F4A7,"惑星ザジル行ｷﾉチケットﾊ、@１００クレジットﾆﾅﾘﾏｽ。@ご利用ﾅｻｲﾏｽｶ？0#Y","[UNTRANSLATED]","Ticket to Zajil: 100 CREDIT. Buy one?",byId,1.00
s_000092,Alshark (System disk).hdm,0x05F4FE,"惑星ステア行ｷﾉチケットﾊ、@１２０クレジットﾆﾅﾘﾏｽ。@ご利用ﾅｻｲﾏｽｶ？0#Y","[UNTRANSLATED]","Ticket to Stea: 120 CREDIT. Interested?",byId,1.00
s_000093,Alshark (System disk).hdm,0x05F555,"惑星ジュｰク行ｷﾉチケットﾊ、２４０クレジットﾆﾅﾘﾏｽ。@ご利用ﾅｻｲﾏｽｶ？0#Y","[UNTRANSLATED]","A ticket to Juke runs 240 CREDIT. Want it?",byId,1.00
s_000094,Alshark (System disk).hdm,0x05F9AA,"惑星ジュｰク行ｷﾉチケットﾊ、２２０クレジットﾆﾅﾘﾏｽ。@ご利用ﾅｻｲﾏｽｶ？0#Y","[UNTRANSLATED]","Heading to Juke? That'll be 220 CREDIT.",byId,1.00
s_000095,Alshark (System disk).hdm,0x05FA01,"惑星マｰズ行ｷﾉチケットﾊ、@１２０クレジットﾆﾅﾘﾏｽ。@ご利用ﾅｻｲﾏｽｶ？0#Y","[UNTRANSLATED]","To Mars, it's 120 CREDIT. Need a ticket?",byId,1.00
s_000096,Alshark (System disk).hdm,0x05FA59,"だ今、私どﾓでﾊ、@惑星ジュｰクﾍﾉ往復チケットｦ３００クレジットﾆﾃ販売ｻｾﾃ頂ｲﾃｵﾘﾏｽ。@ご利用ﾅｻｲﾏｽｶ？0#Y","[UNTRANSLATED]","Special offer! Round-trip ticket to Juke, just 300 CREDIT! Interested?",byId,1.00
s_000097,Alshark (System disk).hdm,0x05FACF,"だ今、私どﾓでﾊ、@惑星マｰズﾍﾉ往復チケットｦ@２００クレジットﾆﾃ販売ｻｾﾃ頂ｲﾃｵﾘﾏｽ。@ご利用ﾅｻｲﾏｽｶ？0#Y","[UNTRANSLATED]","Round-trip tickets to Mars are on sale for 200 CREDIT. Care to buy one?",byId,1.00
s_000098,Alshark (System disk).hdm,0x060091,"ウェポン・カイナン5ｱﾉ赤ｲモンスタｰﾆﾊ、@プラズマガンがﾖｸ効ｸぜ！0#G","[UNTRANSLATED]","That red monster? Hit it with a plasma gun! Works like a charm.",byId,1.00
s_000099,Alshark (System disk).hdm,0x0600DA,"スクラップ交換所5スクラップが必要ﾅﾗ、ｲﾂでﾓどｳぞ。0#P","[UNTRANSLATED]","Need SCRAP? You've come to the right place.",byId,1.00
s_000100,Alshark (System disk).hdm,0x06118E,"達ﾊ・・・0_4シャイナ5私、家ｦ出ﾃ、一人暮ﾗｼｽﾙｺﾄﾆｼﾀﾉ。@ｲﾂﾏでﾓ親ﾆ頼ｯﾃﾗﾚﾅｲﾓﾉﾈ。#S","[UNTRANSLATED]","I'm living by myself now. Can't be a kid forever, right?",byId,1.00
s_000101,Alshark (System disk).hdm,0x06171E,"マｰズ人がｺﾝﾅ所ﾆｲﾙﾅﾝﾃ珍ｼｲじｬﾈｪｶ。@ｲｲｺﾄｦ教ｴﾃﾔﾛｳ。0_4無法者5惑星ティルスﾉザｰテ皇太子が、強ｲ無法者ｦ捜ｼﾃﾙﾗｼｲぜ。雇ｯﾃﾓﾗｴば、ｶﾅﾘﾉ金ﾆ@ﾅﾙｿｳだ。#S","[UNTRANSLATED]","A Martian, eh? You're a long way from home. Here's a tip: Prince Zate of Tirus is looking for some hired muscle. The pay's supposed to be great.",byId,1.00
s_000102,Alshark (System disk).hdm,0x063055,"ベギｰ　プリンス　ホテル5ｲﾗｯｼｬｲﾏｾ。@ご宿泊ﾊ、１０クレジットﾆﾅﾘﾏｽが？0#Y","[UNTRANSLATED]","Welcome. A room is 10 CREDIT. Staying the night?",byId,1.00
s_000103,Alshark (System disk).hdm,0x0630DC,"スクラップ交換所5毎度どｳﾓｯ！@スクラップﾉご用命ﾊ、当店ｦ@ごﾋｲｷﾆ！0#P","[UNTRANSLATED]","Appreciate the business! When you think SCRAP, think of us!",byId,1.00
s_000105,Alshark (System disk).hdm,0x06363A,"本ﾆﾓ載ｯﾃｲﾙｺﾄでｽが彼が、植民ﾆ際ｼﾃ、ミュントスﾆ迫害ｦ加ｴﾀﾄ今ﾉ人々ﾊ、@思ｯﾃｲﾙﾖｳでｽ。0#P","[UNTRANSLATED]","Most people nowadays believe he persecuted the Myuntos during the colonization.",byId,1.00
s_000108,Alshark (System disk).hdm,0x064139,"スクラップ交換所5スクラップｦ高値で買ｲ取ﾘ@ｲﾀｼﾏｼｮｳ。0#P","[UNTRANSLATED]","Selling SCRAP? I'll give you top CREDIT for it.",byId,1.00
s_000110,Alshark (System disk).hdm,0x065374,"方ﾉ持ｯﾃｲﾙ@三ﾂ葉ﾉ紋章ﾊ、サｰトス老師がドゥムナ老師ﾆ贈ﾗﾚﾀﾓﾉﾅﾉでｽ。0#P","[UNTRANSLATED]","That three-leaf crest was a gift from Master Sartos to We-Dumnah.",byId,1.00
s_000112,Alshark (System disk).hdm,0x06593D,"クッ！@‥‥‥シオン、私ﾊｺﾚ以上、@進ﾒﾅｲﾖｳだ。0_4$","[UNTRANSLATED]","Ugh! ...Sion, I can't go on.",byId,1.00
s_000113,Alshark (System disk).hdm,0x065BB4,"一斉ﾆ引ｸﾝだぞ！@0ｾｲﾉｫｰ！0_6鈍ｲ音ﾄ共ﾆ、ﾕｯｸﾘﾄレバｰ6が下ﾆｻがｯﾃｲｷ、ﾔがﾃ機械6が停止ｼﾀ。0#V","[UNTRANSLATED]","Everyone, pull! Heave! The lever slowly gave way with a groan, and the machine stopped.",byId,1.00
s_000114,Alshark (System disk).hdm,0x0666C0,"我ﾗミュントスﾉ偉大ﾅﾙ老師@サｰトスﾊ、ドゥムナ老師が@ｵ亡ｸﾅﾘﾆﾅﾙ時、１ﾂﾉ品ｦ預ｶｯﾀﾉでｽ。0#P","[UNTRANSLATED]","Before he passed, Master We-Dumnah entrusted a single item to our master, Saatos.",byId,1.00
s_000115,Alshark (System disk).hdm,0x066746,"マントﾊ、ドゥムナ老師ﾉ@思念が込ﾒﾗﾚｼ物で、身ﾆﾂｹﾙ者ﾆ不思議ﾅ能力ｦ授ｹﾙｺﾄがでｷﾙ物ﾅﾉでｽ。0#P","[UNTRANSLATED]","Imbued with Master We-Dumnah's spirit, the mantle grants its wearer wondrous powers.",byId,1.00
s_000120,Alshark (System disk).hdm,0x067277,"今ﾏでﾉ試練ﾊ、ｺｺミカｰﾉ@試練ﾆ比べﾚば、戯ﾚ事ﾓ同じ。0#P","[UNTRANSLATED]","What you've faced was a game. This is the real test.",byId,1.00
s_000121,Alshark (System disk).hdm,0x0674AD,"ヤｰクｰ老師ﾉ元ﾍｵ急ぎｸだｻｲ。@ｿｼﾃ、ｿﾉ印ﾀﾙ銀ﾉ粉で彩ﾗﾚｼ掌ｦ見ｾﾙﾉでｽ。0#P","[UNTRANSLATED]","Hurry to Master Yaakuu. The silver dust on your palm is the sign.",byId,1.00
s_000122,Alshark (System disk).hdm,0x067966,"が開発ｼﾀばｶﾘﾉ物で、ﾏだ試ｼﾀｺﾄﾊﾅｲが威力ﾊ保証ｽﾙ。0@ｲざﾄｲｳ時ﾆ使ｳﾄｲｲだﾛｳ0#V","[UNTRANSLATED]","It's brand new. Untested, but powerful. Save it for when you're in a jam.",byId,1.00
s_000123,Alshark (System disk).hdm,0x067AFA,"惑星サｰタリアﾆﾊ、２ﾂﾉ幻影が存在ｽﾙ。@１ﾂﾊ、コｰリスﾉ塔。@ｿｼﾃ、ﾓｳ１ﾂがザイザル火山0#P","[UNTRANSLATED]","Two phantoms haunt the planet Sartaria: the Tower of Koris, and Zaizaru Volcano.",byId,1.00
s_000124,Alshark (System disk).hdm,0x067B4F,"惑星ﾉ中央、巨大ﾅ湖ﾆ浮ｶぶ@２ﾂﾉ島。@大ｷｲ方がコｰリス島。@小ｻｲ方がザイザル島ﾄｲｳ。0#P","[UNTRANSLATED]","In the planet's central lake are two islands: larger Koris, and smaller Zaizaru.",byId,1.00
s_000125,Alshark (System disk).hdm,0x067C05,"だが、サｰタリアﾆｱﾙ伝説でﾊザイザルﾉ火口ﾉ中ﾆﾊ、@ザイザｰ鉱ﾄｲｳ神秘ﾉ鉱石が@眠ｯﾃｲﾙﾄｲｳ。0#P","[UNTRANSLATED]","But legend has it that a mystic ore, Zaizaa Ore, sleeps inside Zaizaru's crater.",byId,1.00
s_000126,Alshark (System disk).hdm,0x067CC8,"だｯﾀ。@ｺﾉ鉱石ｦ持ｯﾃ行ｸﾄｲｲ。0_6ｿｳ言ｯﾃ、情報屋が差ｼ出ｼﾀ6ﾉﾊ、直径１ミリﾆﾓ満ﾀﾅｲ@6何ｶﾉ原石だｯﾀ。0#P","[UNTRANSLATED]","""Take this ore,"" the informant said, holding out a tiny speck of raw stone.",byId,1.00
s_000127,Alshark (System disk).hdm,0x067D8B,"だｶﾗ、実際ﾆどﾉ程度ﾉ威力がｱﾙ物ﾅﾉｶﾓ分ｶﾗﾅｲ。@だが、ｿﾚが唯一ﾉ手がｶﾘﾄﾅﾙﾊずだ。0_3ザイザｰ鉱ﾉ破片6ｦ手ﾆｲﾚﾀ。0#P","[UNTRANSLATED]","I don't know what kind of power it holds, but it's the only clue you've got. (Got the ore fragment!)",byId,1.00
s_000128,Alshark (System disk).hdm,0x06808F,"が手ｦ触ﾚﾙﾄ6石ﾊ、不思議ﾅ光ｦ放ﾁ始ﾒ、@6ｿﾉ下ｶﾗ階段が現ﾚﾀ。0#Q","[UNTRANSLATED]","As you touch the stone, it glows... revealing a staircase!",byId,1.00
s_000129,Alshark (System disk).hdm,0x0680DC,"惑星ティルスｦ治ﾒﾙ@ウュリア王国皇太子ザｰテ・コセ様ﾉ宮殿でｽ。0#P","[UNTRANSLATED]","This is the palace of Prince Zate-Kose of the Ulyria Kingdom.",byId,1.00
s_000130,Alshark (System disk).hdm,0x06821F,"ウィガﾉ司政官ﾊ、本当ﾆ残念ﾅｺﾄｦｼﾀが、大切ﾅマイクロ@チップｦｿﾁ達が余ﾉ元ﾆ届ｹﾃｸﾚﾀﾉが、何ﾖﾘﾉ救ｲだ。0#P","[UNTRANSLATED]","The Wiga administrator's betrayal was a blow, but you've saved us by bringing me this microchip.",byId,1.00
s_000132,Alshark (System disk).hdm,0x068369,"申ｼ訳ﾅｲ。@初代国王が生ｷﾃｲﾀﾉﾊ、@２００年以上ﾓ昔ﾉｺﾄ故、余ﾆﾊ分ｶﾘｶﾈﾙ。0#P","[UNTRANSLATED]","I'm sorry. That was over 200 years ago. The details are lost to time.",byId,1.00
s_000133,Alshark (System disk).hdm,0x0683B7,"だ。@惑星ウュルトリアﾉ王宮図書館でﾅﾗ、何ｶ手がｶﾘがﾂｶﾒﾙｶﾓｼﾚﾝ！0#P","[UNTRANSLATED]","Try the Royal Library on Wyrltoria. You may find a lead there!",byId,1.00
s_000135,Alshark (System disk).hdm,0x0684F8,"王ﾊ、何ｦｵ考ｴﾅﾉｶゾリアスﾄ開戦ｼﾃｵｷﾅがﾗ、兵ｦ押ｼ進ﾒﾖｳﾄｾず、@防戦一方。0#P","[UNTRANSLATED]","What is the king thinking? We're at war with Zolius, yet we only defend.",byId,1.00
s_000136,Alshark (System disk).hdm,0x068542,"結果、ゾリアスﾊ増長ｼ、@今ﾔｿﾉ兵力ﾊ、ウュリアﾄ互角0ｲﾔ、ｿﾚ以上ﾆﾅﾛｳﾄｼﾃｲﾙ。0#P","[UNTRANSLATED]","Now Zolius's forces rival our own... No, they're becoming even stronger!",byId,1.00
s_000137,Alshark (System disk).hdm,0x06882C,"でﾊ、ウュルトリアﾍﾉ@通行許可証ｦ持ｯﾃ行ｶﾚﾙﾄ@良ｶﾛｳ。0#P","[UNTRANSLATED]","You'll need this transit permit for Wyrltoria.",byId,1.00
s_000138,Alshark (System disk).hdm,0x0690BF,"惑星マｰズ行ｷﾉチケットﾊ、@２５０クレジットﾆﾅﾘﾏｽ。@ご利用ﾅｻｲﾏｽｶ？0#Y","[UNTRANSLATED]","A ticket to Mars is 250 CREDIT. Want to buy one?",byId,1.00
s_000139,Alshark (System disk).hdm,0x069149,"惑星ステア行ｷﾉチケットﾊ、@２２０クレジットﾆﾅﾘﾏｽ。@ご利用ﾅｻｲﾏｽｶ？0#Y","[UNTRANSLATED]","A ticket to Stea is 220 CREDIT. Want to buy one?",byId,1.00
s_000140,Alshark (System disk).hdm,0x069575,"ぞﾔﾊ、@ｱﾘがﾄｳござｲﾏｼﾀ。0ｿｳｿｳ、ﾏだ、ｵ礼ｦ@ｼﾃﾏｾﾝでｼﾀﾜﾈ。0_4ミｰア5私が、ﾏだ、エムリア様ﾆ仕ｴﾃｲﾀ頃、皇女様ﾉ部屋ﾉ額縁ﾉ裏ﾆ、護身用ﾉレイソｰドｦ隠ｼﾃｵｷﾏｼﾀﾉ。0_4ミｰア5ﾖﾛｼｹﾚば、ｵ使ｲｸだｻｲ。#S","[UNTRANSLATED]","Thank you. I almost forgot your reward. Back when I served the princess, I hid a Raysword behind a picture frame in her room. It's yours if you want it.",byId,1.00
s_000141,Alshark (System disk).hdm,0x069696,"ゴキブリﾖ、ゴキブリ！@ﾓｳｺﾝﾅ所、ｲﾔｧｰ‥‥！！46（エコｰｦｶｹﾃ読ﾓｳ！）0_46ﾏｯﾀｸ、休ﾝだｺﾄﾆ@46ﾅﾗﾅｶｯﾀﾉでｱｯﾀ！！#X","[UNTRANSLATED]","Roaches! So many roaches! Get me out of this dump! So much for a relaxing break...",byId,1.00
s_000142,Alshark (System disk).hdm,0x0698FE,"イｰル王ｦ殺ﾗｾﾙﾜｹﾆﾊ@ｲｶﾝ！！0_6騎士ﾊｿｳ叫ぶﾄ、腰ﾆ帯びﾀ@6レイソｰドｦ抜ｷ放ｯﾀ。@6ﾋﾙがｴﾙマントﾉ隙間ｶﾗ、@6彼が身ﾆﾂｹﾃｲﾙ甲冑が見ｴﾀ0#Z","[UNTRANSLATED]","""I won't let you kill King Eele-Kose!"" The knight drew his Raysword, his armor glinting from beneath a swirling cape.",byId,1.00
s_000143,Alshark (System disk).hdm,0x06A147,"スクラップ交換所5スクラップｦクレジットﾆ@両替ｼﾏｼｮｳ。0#P","[UNTRANSLATED]","Scrap Exchange: Trade your SCRAP for CREDIT.",byId,1.00
s_000144,Alshark (System disk).hdm,0x06A50B,"スクラップ屋5スクラップが、欲ｼｲﾝﾅﾗ、@勝手ﾆ持ｯﾃｯﾃｸﾚ。0#B","[UNTRANSLATED]","Scrap Yard: Want some SCRAP? Help yourself.",byId,1.00
s_000146,Alshark (System disk).hdm,0x06ABD6,"言ｲﾆｸｲﾝだが、どｳｼﾃﾓ@取ﾘ替ｴﾙ必要ﾉｱﾙパｰツが、結構、値段ﾉﾊﾙﾓﾉで、３００クレジットｶｶｯﾁﾏｳﾝだ。0#Y","[UNTRANSLATED]","Look, there's a part I have to replace. It's not cheap... gonna run you 300 CREDIT.",byId,1.00
s_000147,Alshark (System disk).hdm,0x06B0E0,"武器屋5ゾリアスﾄ戦端が開ｶﾚﾃｶﾗ、ｺﾉ星ﾆﾓ、奴ﾗﾉ殺人兵器が@大量ﾆ送ﾘ込ﾏﾚﾃｷﾃｲﾙ。0#G","[UNTRANSLATED]","Weapon Shop: Since the war with Zolius broke out, their weapons are all over.",byId,1.00
s_000148,Alshark (System disk).hdm,0x06B136,"スクラップ屋5スクラップｦクレジットﾆ@両替ｼﾏｼｮｳ。0#P","[UNTRANSLATED]","Scrap Shop: We buy SCRAP.",byId,1.00
s_000149,Alshark (System disk).hdm,0x06B5DF,"ど、どｺﾉ‥‥ｵ方ｶ‥‥存じ@‥‥ﾏｾﾝが‥‥、ゼクドゥルスﾉ‥‥火炎ﾆ‥‥ﾔﾗﾚ‥‥‥、ｺﾉ‥‥ｱﾘｻﾏ‥‥でｽ。0#P","[UNTRANSLATED]","I... I don't know who you are... but a monster's flames... left me like this...",byId,1.00
s_000150,Alshark (System disk).hdm,0x06B772,"達ﾊ、何者だ！@ゾリアスﾄﾉ交戦状態ﾆｱﾙ中、怪ｼｲ者ｦ通ｽｺﾄﾊでｷﾅｲ！0#B","[UNTRANSLATED]","Who are you?! We're at war with the Zolius! I can't let anyone suspicious pass!",byId,1.00
s_000152,Alshark (System disk).hdm,0x06C2E7,"ウュルトリア１ﾉ品ぞﾛｴ！@ｺｺで武器ｦ買ｯﾃ行ｹば、@恐ｲﾓﾝﾅｼｻ。0#G","[UNTRANSLATED]","Ulyria's #1 weapon shop! Buy from us and fear nothing!",byId,1.00
s_000155,Alshark (System disk).hdm,0x06C6F9,"イｰル様ﾉｵ側ﾆ仕ｴﾃｲﾙ@デュｰク・ギｰデル様ﾊ、@ウュリア人ﾆﾊ珍ｼｲ赤毛ｦ@ﾅｻｯﾃﾏｽﾉ。0#P","[UNTRANSLATED]","Duke Giedel, who serves King Eele-Kose, has red hair--a rarity among Ulyrians.",byId,1.00
s_000158,Alshark (System disk).hdm,0x06D836,"彼女ﾆ伝ｴﾃｸだｻｲ。@エムリアﾊ、一緒ﾆ王宮ｦ抜ｹ@出ｼﾃ遊ﾝだｱﾉ日ｦ、一生、@忘ﾚﾏｾﾝﾄ。#S","[UNTRANSLATED]","Tell her... Emuria will never forget the day we snuck out of the palace together.",byId,1.00
s_000159,Alshark (System disk).hdm,0x06E369,"確ｶﾆ命ﾊﾅ‥‥0_4$
5ﾔﾊﾘ、勘違ｲｼﾃｲﾙﾖｳだﾅ0ｵﾏｴ達ﾊ、ザｰテがどｳｲｳ男ｶ知ﾗﾇﾉだ。0_4$
5ﾏｱ良ｲ。@惑星ティルスﾆ戻ﾚばﾊｯｷﾘ@ｽﾙだﾛｳ。0_4$
5ｿｳだ、噂ｦ流ｼ、ｵﾏｴ達が、イｰル王ｦ暗殺ｼﾀｺﾄﾆｼﾃ@ｵｲﾃﾔﾙ。0_4$
5ｿｳｽﾚば、簡単ﾆザｰテﾉ元ﾆ行ｸｺﾄが、でｷﾙだﾛｳｶﾗﾅ0#K","[UNTRANSLATED]","I'll let you live... for now. You're fools. You have no idea who Zate really is. Fine. You'll find out on Planet Tirus. I'll even help... by framing you for King Eele-Kose's murder! That should get you to Zate in no time.",byId,1.00
s_000160,Alshark (System disk).hdm,0x06E516,"王ﾊ、慈悲深ｲｵ方だ。0_4$
5ｺﾚでｵﾏｴ達ﾉ罪ｦ許ｽばｶﾘでﾊﾅｸ、約束通ﾘ、望ﾐｦ@ｶﾅｴﾃﾔﾛｳﾄｵｯｼｬｯﾃ@ｵﾗﾚﾙ。0#Z","[UNTRANSLATED]","The King is merciful. Not only are your crimes forgiven, but he will grant your wish as promised.",byId,1.00
s_000161,Alshark (System disk).hdm,0x06F127,"主ﾆ秘力ﾉ奥義ﾉﾅﾝﾀﾙｶｦ伝ｴﾙ前ﾆ、ﾏずﾊ、カｰマﾆ@ﾂｲﾃ、ﾜｼが、師ドゥムナﾖﾘ聞ｲﾀｺﾄｦ話ｻﾈばﾅﾙﾏｲ。0#P","[UNTRANSLATED]","Before I teach you the ultimate power, I must tell you of Karma, as my master We-Dumnah told me.",byId,1.00
s_000162,Alshark (System disk).hdm,0x06F485,"だｹﾊ、違ｯﾃｲ6ﾀ。ｱﾉ時、ドゥムナﾉ棺ﾆ触ﾚ6ﾀﾄｷﾆ、瞬間的ﾆ流ﾚ去ｯﾃｲ6ｯﾀｱﾉ記憶ﾉ映像が、再びﾖﾐ6がｴﾙ。ｱﾚﾊ‥‥0#P","[UNTRANSLATED]","But something was different. The vision I saw when I touched We-Dumnah's coffin... it's all coming back.",byId,1.00
s_000164,Alshark (System disk).hdm,0x06F562,"ラルアﾄカｰマﾉ争ｲﾊ、種族ﾉ宿命ﾄｼﾃ、カｰマﾊ、宇宙ﾉ@崩壊ｦ、ラルアﾊ、宇宙ﾉ維持ｦ目的ﾆ戦ｯﾃｷﾀ。0#P","[UNTRANSLATED]","The conflict between Larua and Karma is our destiny. Karma seeks to destroy the universe; Larua fights to protect it.",byId,1.00
s_000165,Alshark (System disk).hdm,0x06F5C5,"時ﾆﾅｯﾃ、ラルアﾉ指導者ﾊ気がﾂｲﾀﾉじｬ。0_ｺﾉ争ｲ自体が、ｽﾅﾜﾁ、@ラルアﾄカｰマが様々ﾅ宇宙ﾉ@生命体ﾆ融合ｼ戦ｲｦ繰ﾘ広げﾙｺﾄｿﾉﾓﾉが、宇宙ｦ崩壊ｻｾﾃｼﾏｳﾉでﾊﾅｲｶﾄ。0#P","[UNTRANSLATED]","At last, the leaders of Larua saw the truth. Their endless war with Karma, fought through the bodies of others, was unraveling reality itself.",byId,1.00
s_000166,Alshark (System disk).hdm,0x06F658,"だが、カｰマﾉ野望ｦ打ﾁ砕ｸ@ﾀﾒﾆﾊ、ラルアﾓﾏﾀ、他ﾉ@生命体ﾉ肉体ｦ借ﾘﾙ必要が@ｱｯﾀ。0#P","[UNTRANSLATED]","But to defeat Karma, Larua had to fight fire with fire... by using hosts.",byId,1.00
s_000167,Alshark (System disk).hdm,0x06F6AC,"ラルアﾉ肉体ﾄｼﾃ、@他ﾉ生命体ﾉ代ﾜﾘｦ果ﾀｽ肉体ｦ創ﾘ出ｼﾀﾉじｬ。0#P","[UNTRANSLATED]","So they created vessels to act as hosts for Larua.",byId,1.00
s_000168,Alshark (System disk).hdm,0x06F747,"以降、ラルアﾊ、カｰマﾆ@ﾎﾄﾝど負ｹﾅｶｯﾀｿｳじｬ。0_師ドゥムナﾊﾅｧ、ｲﾔ、正確ﾆｲｳﾄ、師ﾆ融合ｼﾀラルアﾊ、ラルアﾉ戦士でﾓｿﾉ経験ﾄ戦歴ﾆｵｲﾃ、他ﾆ追随ｦ許ｻﾅｲ@ﾎどﾉ力ｦ持ｯﾃｵｯﾀ。0#P","[UNTRANSLATED]","After that, Larua almost always won. The Larua fused with We-Dumnah was the most powerful of all, a warrior whose experience was second to none.",byId,1.00
s_000169,Alshark (System disk).hdm,0x06F7E9,"融合ｼﾀマｰズ人。@ｽﾅﾜﾁ、師ドゥムナﾉ方が問題じｬｯﾀ。0#P","[UNTRANSLATED]","The problem wasn't Larua, but We-Dumnah himself.",byId,1.00
s_000171,Alshark (System disk).hdm,0x06F86E,"ラルアﾉ戦士ﾄｼﾃ仕立ﾃｱげﾗﾚﾙﾊずﾉマｰズ人２０億人ｦ、２万隻ﾉ大艦隊ｦ用ｲﾃ、@惑星ラルアｶﾗ脱出ｻｾﾀﾉﾖ。0#P","[UNTRANSLATED]","He led an exodus of 2 billion Martians, saving them from being turned into Larua's army.",byId,1.00
s_000172,Alshark (System disk).hdm,0x06F9E5,"師ドゥムナﾉ秘力ﾉ奥義ﾄﾊ、@カｰマｦ肉体ﾆ封じ込ﾒ、@ｿﾉﾏﾏ滅ｽﾙ法ﾉｺﾄﾖ。0#P","[UNTRANSLATED]","His secret art: to seal Karma within himself, and perish with it.",byId,1.00
s_000173,Alshark (System disk).hdm,0x06FA2B,"力ﾊﾅｧ、ｺﾉ珠ﾉ力ﾅﾉﾖ0_6ｿｳ言ｯﾃ、ラミュｰが取ﾘ出ｼ6ﾀﾉﾊ、黒真珠ﾉﾖｳﾅ黒色ｦｼ6ﾀ宝石で、緑ﾉ光沢ｦ持ﾁ、ｿﾉ6台座が革紐で結ばﾚﾃｲﾀ。0#P","[UNTRANSLATED]","The power... it's the power of this orb. He held up a black pearl with a green sheen, tied to a leather strap.",byId,1.00
s_000175,Alshark (System disk).hdm,0x06FB8B,"珠が@師ドゥムナﾉ物でｱｯﾀﾖｳﾆ、今ﾊ、遺志ｦ継ぐ者ﾉ物じｬ。0#P","[UNTRANSLATED]","The orb was We-Dumnah's. Now it's for his successor.",byId,1.00
s_000176,Alshark (System disk).hdm,0x06FC4B,"ば、行ｸが良ｲ。@行ｯﾃ、自ﾗﾉ手でマｰズ人ﾉ@未来ｦ切ﾘ開ｸﾉじｬ！0#P","[UNTRANSLATED]","Now, go! The future of the Martians is in your hands",byId,1.00
s_000177,Alshark (System disk).hdm,0x06FD6E,"が、３００年ﾓ生ｷﾄﾙｺﾄｦ不思議ﾆ思ｯﾄﾙﾖｳじｬﾅ。0ｿﾉ秘密ﾊ、実ﾊ、ｺﾉ星ﾉ溶岩地帯ﾆ潜ﾑ火炎獣ﾆｱﾙﾝじｬ。0#P","[UNTRANSLATED]","Wondering how I've lived 300 years? The secret is the Fire Beast that lurks in this planet's lava zone.",byId,1.00
s_000179,Alshark (System disk).hdm,0x070092,"ドックﾉ使用ﾆ関ｼﾃﾊ、@１５００クレジットﾉ使用料ｦ@頂ｷﾏｽが‥‥@使用ﾅｻｲﾏｽｶ？0#Y","[UNTRANSLATED]","The fee for using the dock is 1500 CREDIT. Will you pay?",byId,1.00
s_000180,Alshark (System disk).hdm,0x070395,"惑星ビュｰト機動上ﾆ@位置ｽﾙ連邦ﾉ軍事ステｰションでｽ。0#P","[UNTRANSLATED]","This is the Federation military station in Bute's orbit.",byId,1.00
s_000181,Alshark (System disk).hdm,0x070758,"スクラップ屋5勝敗ﾉ帰趨ﾊ、メカニックﾉ@腕ｼだｲだぜ！0#P","[UNTRANSLATED]","Winning or losing... it all comes down to the mechanic!",byId,1.00
s_000182,Alshark (System disk).hdm,0x0708F4,"達ﾊ、ノｰザンﾉ砦でｱｯﾀ‥‥0_4$
5君がドクウェルﾄｲｳ帝国軍ﾉ@脱走兵ｶ？0#P","[UNTRANSLATED]","You're Docwell? The deserter from the Zolius Empire?",byId,1.00
s_000183,Alshark (System disk).hdm,0x070975,"申ｽ。0_4$
5訳ｱｯﾃ、ベック・ゴｰギャンﾄｲｳ男ｦ捜ｼﾃｲﾙﾉだが、@心当ﾀﾘﾊﾅｲだﾛｳｶ。0#P","[UNTRANSLATED]","I'm looking for a man named Beck Gauguin. Have you seen him around?",byId,1.00
s_000184,Alshark (System disk).hdm,0x0709F8,"何ｦｶｸｿｳ、俺ﾊ、ベック参謀ﾉ部下でﾈ。@一緒ﾆ脱走ｼﾃｷﾀﾝだ。0#P","[UNTRANSLATED]","I served under Commander Beck. We deserted together.",byId,1.00
s_000185,Alshark (System disk).hdm,0x070A57,"参謀ﾊ、サリバン将軍ﾆ命令が@下ｯﾀｱﾙ作戦ﾆ反対ｼﾃ、ｿﾚｦ止ﾒﾙ為ﾆ脱走ｼﾀﾝだ。0#P","[UNTRANSLATED]","Beck opposed an order from Novel Sullivan. He deserted to stop the op.",byId,1.00
s_000186,Alshark (System disk).hdm,0x070B25,"でﾓ太陽でﾓ何でﾓ@吹ｷ飛ばｼﾁﾏｳｺﾄがでｷﾙ@ｸﾗｲﾉ威力がｱﾙﾗｼｲ。0_4$
5ｿﾚで、ベック殿ﾊ、どｺﾆ‥‥0#P","[UNTRANSLATED]","They say it's got the power to shatter a sun. And Beck... where is he?",byId,1.00
s_000187,Alshark (System disk).hdm,0x070B7F,"俺ﾓ止ﾒﾀﾝだｹど聞ｶﾅｸｯﾃﾖ。@惑星ゾカヘルﾉ宙軍補給基地ﾆ@向ｶｯﾀﾖ。!0#P","[UNTRANSLATED]","I couldn't stop him. He's headed for the Zokaheru supply base.",byId,1.00
s_000188,Alshark (System disk).hdm,0x070C0A,"サイコジェネレｰタｶﾗ発ｻﾚﾙ特殊精神波ｦ止ﾒﾙｺﾄﾉでｷﾙリングｻ。0_4$
5ﾜｶｯﾀ、ｱﾘがﾄｳ。#S","[UNTRANSLATED]","This ring blocks the Psycho Generator's psychic waves. Got it, thanks.",byId,1.00
s_000189,Alshark (System disk).hdm,0x070D87,"ベック・ゴｰギャンﾄｲｳ男ｦ捜ｼﾃｲﾙﾉだが、@心当ﾀﾘﾊﾅｲだﾛｳｶ。0#P","[UNTRANSLATED]","I'm looking for a man named Beck Gauguin. Seen him?",byId,1.00
s_000193,Alshark (System disk).hdm,0x0718E7,"だが、ｺｲﾂﾊ、一筋縄じｬｲｶﾈｪぜ。@分ｶｯﾀﾄｺﾛで、奴ﾗﾉ基地ｶﾗぶﾝどﾙｼｶ方法ﾊﾈｪｶﾗﾅ0#P","[UNTRANSLATED]","Knowing where it is won't help. We still have to raid their base for it.",byId,1.00
s_000194,Alshark (System disk).hdm,0x071934,"ず、惑星アスクﾉ帝国資源発掘基地ﾆﾊ、ウィｰガｰ鉱ﾄｲｳ@航宙艦ﾉフレｰムﾆ使ﾜﾚﾙ新型素材が開発ｻﾚﾀｿｳだ。0#P","[UNTRANSLATED]","Word is, the Empire's base on Planet Ask has a new material for ship frames: Weeger Ore.",byId,1.00
s_000196,Alshark (System disk).hdm,0x071A3B,"辺ﾘﾉ惑星だｯﾀﾗ、ﾏず、惑星ポレダが手薄ﾄｲｴﾙﾅ。@ﾏｱ、装備自体が旧式だｶﾗﾅ。0#P","[UNTRANSLATED]","If you're looking for a weak spot, try Planet Poreda. Their tech is ancient.",byId,1.00
s_000197,Alshark (System disk).hdm,0x071B25,"最新鋭ﾉ帝国宙軍惑星@制圧部隊が派遣ｻﾚﾃｲﾃ、宙軍補給基地ｦ守ｯﾃｲﾙｶﾗﾅ。0#P","[UNTRANSLATED]","The Zolius Empire sent its best troops to guard the supply base.",byId,1.00
s_000198,Alshark (System disk).hdm,0x071CD4,"ドクウェルﾉ奴だｯﾀﾗ、知ｯﾃﾙﾖ。0@ﾀｼｶ、サｰタリアﾉコｰディルﾉ町ﾍ行ｸｯﾃｲｯﾃﾀぜ。#M","[UNTRANSLATED]","Dokwel? Yeah, that guy. He mentioned going to Cordil over in Sartaria.",byId,1.00
s_000199,Alshark (System disk).hdm,0x07306F,"基地司令官5ﾊｰｯ、ﾊｯﾊｯﾊｯ！@ｵﾏｴ達ﾆﾑざﾑざウィｰガｰ鉱ｦ渡ｽﾓﾉｶ！0_4基地司令官5帝国ﾉ誇ﾙ装甲砲台ﾉ餌食ﾄﾅｯﾃ、死ﾈｨ！！！0#N","[UNTRANSLATED]","Hah hah hah! Give you the Weeger Ore? Don't make me laugh! Now, become scrap for our prized armored turret! Die!",byId,1.00
s_000200,Alshark (System disk).hdm,0x073688,"一般ゾリアス人ﾉ生活ﾅﾝﾃ、@ｿﾘｬｱ悲惨で‥‥@国民ﾊ、サンタナ教ﾉ信者ﾆﾅﾙｺﾄｦ義務づｹﾗﾚﾃｲﾏｽｼ。0#P","[UNTRANSLATED]","It's a miserable life for the common Zolius. We're all forced into the Santhana Church.",byId,1.00
s_000201,Alshark (System disk).hdm,0x073781,"客ｻﾝ、ｲｲ事ｦ教ｴﾏｼｮｳ0_帝国ﾉ誇ﾙ要塞バルバスﾆﾊ、@通路ｦ遮断ｽﾙ橋がｱｯﾃ、@要塞内ﾆ隠ｻﾚﾀスイッチｦ起動ｼﾅｲﾄ架ｶﾗﾅｸﾅｯﾃｲﾙｿｳでｽ。0#P","[UNTRANSLATED]","Psst, listen. In the Zolius fortress Barbas, a bridge blocks the path. You'll have to find a hidden switch inside to get it down.",byId,1.00
s_000202,Alshark (System disk).hdm,0x073BAE,"通路ｦ遮断ｽﾙ橋がｱｯﾃ、@要塞内ﾆ隠ｻﾚﾀスイッチｦ起動ｼﾅｲﾄ架ｶﾗﾅｸﾅｯﾃｲﾙｿｳでｽ。0#P","[UNTRANSLATED]","To lower the bridge, you have to find a hidden switch in the fortress.",byId,1.00
s_000205,Alshark (System disk).hdm,0x07482D,"アイテムフルエラｰ発生！@4リセット後、@4デｰタｦロｰドｼﾃｸだｻｲ。0#G","[UNTRANSLATED]","Inventory full! Please reset and load your saved data.",byId,1.00
s_000206,Alshark (System disk).hdm,0x075102,"ヒルジャホテル5ｲﾗｯｼｬｲﾏｾ。@ご宿泊ﾊ、１００クレジットﾄ@ﾅｯﾃｵﾘﾏｽ。@ｵ泊ﾏﾘﾅｻｲﾏｽｶ？0#Y","[UNTRANSLATED]","Welcome to the inn. A room for the night is 100 CREDIT. Would you like to stay?",byId,1.00
s_000207,Alshark (System disk).hdm,0x075162,"アイテムショップ5ｲﾗｯｼｬｲﾏｾｪ～。@何ｶ必要ﾅ物がござｲﾏｽｶ？0#G","[UNTRANSLATED]","Welcome! What can I get for you today?",byId,1.00
s_000208,Alshark (System disk).hdm,0x0756E7,"が必死で飲ﾝだﾉﾖﾘﾓ@6１杯多ｸ飲ﾝだ酔ｯぱﾗｲﾊ、@6余裕ﾉ表情ｦ浮ｶべﾀ。0#G","[UNTRANSLATED]","The drunkard downed one more drink, a confident smirk on his face.",byId,1.00
s_000209,Alshark (System disk).hdm,0x0758C6,"ザイザｰ鉱石ﾉ破片ｦ持ｯﾃｲﾙだﾄ？！0_4ウュリアﾉ貴族5ぜﾋ売ｯﾃｸﾚﾅｲｶ？@２００００クレジット払ｵｳ。0#Y","[UNTRANSLATED]","A fragment of Zaiser Ore?! You have one?! Please, sell it to me! I'll pay 20,000 CREDIT!",byId,1.00
s_000210,Alshark (System disk).hdm,0x075A66,"コｰリスﾉ塔ﾉ最上階で、@6トレジャｰボックスｦ見ﾂｹﾀ。0_3月ﾉ光6ｦ手ﾆｲﾚﾀ。#S","[UNTRANSLATED]","Atop Coris Tower, you found a treasure chest. Inside was Moonlight!",byId,1.00
s_000211,Alshark (System disk).hdm,0x078320,"今日ﾊ、サンダｰボルトが仕入ﾚﾃｱﾙぜ。@３００００クレジットで売ｯﾃﾔﾙﾖ。0#Y","[UNTRANSLATED]","Got a fresh Thunderbolt in today. Price is 30,000 CREDIT. Interested?",byId,1.00
s_000212,Alshark (System disk).hdm,0x0783F2,"今日ﾊ、ファイヤｰバスタｰが、@入荷ｼﾃﾙぜ。@５００００クレジットで売ｯﾃﾔﾙﾖ。0#Y","[UNTRANSLATED]","Look what just came in, a Fire Buster. 50,000 CREDIT if you want it.",byId,1.00
s_000213,Alshark (System disk).hdm,0x078460,"今日ﾊ、エレキュｰトが、@入荷ｼﾃﾙぜ。@８００００クレジットで売ｯﾃﾔﾙﾖ。0#Y","[UNTRANSLATED]","Got a rare Elecute in today. It's a steal at 80,000 CREDIT.",byId,1.00
s_000214,Alshark (System disk).hdm,0x0784C9,"今日ﾊ、レイバスタｰが、@入荷ｼﾃﾙぜ。@１２００００クレジットで売ｯﾃﾔﾙﾖ。0#Y","[UNTRANSLATED]","Just got a Raybuster in stock. Yours for a cool 120,000 CREDIT.",byId,1.00
s_000215,Alshark (System disk).hdm,0x0790AD,"ザイザｰ鉱石ﾉ破片ｦ持ｯﾃｲﾙだﾄ？！0_4ウュリアﾉ貴族5ぜﾋ売ｯﾃｸﾚﾅｲｶ？@５０００００クレジット払ｵｳ。0#Y","[UNTRANSLATED]","A shard of Zaizer Ore?! I must have it! I'm a noble of Ulyria. I'll pay 500,000 CREDIT!",byId,1.00
s_000216,Alshark (System disk).hdm,0x07E0EA,"シオンだｯﾃ分ｶﾙﾊずﾖ！@0‥‥ごﾒﾝﾅｻｲ、ｵば様。@‥‥私‥‥‥0_4$","[UNTRANSLATED]","Sion has to understand! ...I'm sorry, Auntie... I...",byId,1.00
s_000217,Alshark (System disk).hdm,0x083685,"ラッセルガイヤｰﾉ航路ﾊ、航法コンピュｰタﾆインプットｻﾚﾃｲﾙﾜ。@後ﾊ、ワｰプﾆ突入ｽﾙだｹﾖ。0_43航法コンピュｰタ56目的地点ﾊ設定完了。@6ワｰプﾍ突入ｼﾏｽｶ？#Y","[UNTRANSLATED]","The Russelgaia's course is locked in. The nav-computer is ready. Destination set... Engage warp?",byId,1.00
s_000219,Alshark (System disk).hdm,0x052951,"達ﾊホテルで一夜ｦ過ごｼ46体調ｦ完全ﾆ整ｴﾀ。0#X","[UNTRANSLATED]","You rest for the night. Everyone feels great!",byId,1.00
s_000220,Alshark (System disk).hdm,0x054B95,"が、操縦席ﾆ腰ｶｹﾙﾄ@6同時ﾆ、艦内ﾉ警報がｹﾀﾀﾏｼ6ｸ鳴ﾘ響ｲﾀ。0#Z","[UNTRANSLATED]","The moment he sat down, alarms screamed through the ship.",byId,1.00
s_000221,Alshark (System disk).hdm,0x056E1F,"分ｶﾘﾏｼﾀ。@後ﾊ、俺ﾀﾁﾆ任ｾﾃｸだｻｲ。ラッセルガイヤｰﾉ動ｷｦ止ﾒﾃﾐｾﾏｽ。0#P","[UNTRANSLATED]","Understood. We'll take it from here. We WILL stop the Russelgaia!",byId,1.00
s_000222,Alshark (System disk).hdm,0x05B33D,"キドゥンだｯﾀﾗ、地下酒場ﾆ行ｹば手ﾆ入ﾙﾄ思ｳﾖ。0@#G","[UNTRANSLATED]","Looking for Kidun? Try the underground bar.",byId,1.00
s_000223,Alshark (System disk).hdm,0x05C19A,"が握手ｽﾙﾄ、若々ｼｲ@6司令官ﾊ、ﾆｺﾘﾄ微笑ﾝで、@6世辞ｦ述べﾀ。0#P","[UNTRANSLATED]","The young commander smiled warmly and offered a compliment.",byId,1.00
s_000227,Alshark (System disk).hdm,0x060EF4,"潜在意識ﾆｳｴﾂｹﾗ6ﾚﾀ奥義ｦﾌﾙｯﾀ。0_6カｰマﾊ、彼ﾗﾉ肉体ﾆ封じ込ﾏ6ﾚﾀ！0#G","[UNTRANSLATED]","He unleashed a hidden art, sealing Karma within their flesh",byId,1.00
s_000228,Alshark (System disk).hdm,0x0640A0,"ホテル5ｵ泊ﾏﾘでｽｶ？@ご宿泊ﾊ、３０クレジットﾆﾅﾘﾏｽが？0#Y","[UNTRANSLATED]","Staying the night? It's 30 CREDIT.",byId,1.00
s_000231,Alshark (System disk).hdm,0x068479,"実ﾊ、ｿﾁ達ｦ隣国ﾉ英雄ﾄ@見込ﾝで、余ﾉ話ｦ聞ｲﾃﾓﾗｲﾀｲｺﾄがｱﾙﾉだ。0#P","[UNTRANSLATED]","I know you as heroes. I would ask you to hear my tale.",byId,1.00
s_000232,Alshark (System disk).hdm,0x069DD2,"達ﾓ武器ｦ@6捨ﾃﾀ。0_4$
5誰ｶ！誰ｶｵﾗﾇﾉｶ！！0_6$
ﾉ声ﾆ、城内ﾉ兵士達が6集ﾏｯﾃｷﾀ。0#V","[UNTRANSLATED]","They laid down their arms. A shout for help summoned the castle guards.",byId,1.00
s_000233,Alshark (System disk).hdm,0x06B259,"星ﾓゾリアスﾄﾉ戦ｲが@始ﾏﾙ前ﾊ、本当ﾆｲｲ星だｯﾀﾝでｽ。0#P","[UNTRANSLATED]","Our world was peaceful before the Zolius came.",byId,1.00
s_000236,Alshark (System disk).hdm,0x06C899,"ウュルトリアﾊ、確ｶﾆ住ﾐ@ﾔｽｲﾄｺﾛじｬが、物価が高ｸﾃｲｶﾝ！0#P","[UNTRANSLATED]","Ulyria's a nice place, but everything costs a fortune!",byId,1.00
s_000237,Alshark (System disk).hdm,0x0700EA,"ウュリア王国ﾉ@補給ステｰションだ。0#P","[UNTRANSLATED]","Ulyria Kingdom supply station.",byId,1.00
s_000238,Alshark (System disk).hdm,0x0703CD,"航宙艦ﾉ整備ｦﾅｻﾚﾙﾉでｼﾀﾗ、ドックｦ利用でｷﾏｽが、@どｳｼﾏｽｶ？0#Y","[UNTRANSLATED]","Need repairs? You can use the dock. What do you say?",byId,1.00
s_000239,Alshark (System disk).hdm,0x0713D3,"達、ｺｺｦアウトロｰﾉ@巣窟、ノｰザンﾉ砦ﾄ知ｯﾃ侵入ｼﾃｷﾀﾉｶ？0#Y","[UNTRANSLATED]","So, you knew this was an outlaw den and came anyway?",byId,1.00
s_000240,Alshark (System disk).hdm,0x0759B7,"アイテムショップ5他ﾆﾓ必要ﾅ物ﾊござｲﾏｽｶ？0#Y","[UNTRANSLATED]","Anything else I can get for you?",byId,1.00
s_000243,Alshark (System disk).hdm,0x07F05B,"だがﾅｧ、一ﾂだｹﾂｹ加ｴｻｼﾃﾓﾗｳﾄﾅｧ。0@アトライアﾊ、盗ﾑﾝじｬﾈｪ。返ｼﾃﾓﾗｳﾝだﾖ！！#S","[UNTRANSLATED]","Let me get one thing straight... I'm not stealing the Atlia. I'm taking it back",byId,1.00
s_000244,Alshark (System disk).hdm,0x0839D7,"研究中ﾉ新兵器がｲｸﾂｶ完成ｼﾀﾜｨ。@格納庫ﾆ登載ｽﾙｺﾄﾆｼﾖｳ。0#B","[UNTRANSLATED]","My new weapons are ready. I'll load 'em in the hangar.",byId,1.00
s_000245,Alshark (System disk).hdm,0x052D41,"廖_ｺﾉ3カン詰ﾒ1ｦ、町ﾉ北ﾆｱﾙｵ婆ｻﾝﾉ家ﾆ届ｹﾃｸﾚﾅｲｶｼﾗ。@0寄ﾘ道ｼﾁｬｱ、ダメﾖ！#S","[UNTRANSLATED]","Take these 3 cans to the old lady north of town. And no detours!",byId,1.00
s_000246,Alshark (System disk).hdm,0x0556F3,"向ｹﾖｳﾄｼﾀ。ｼｶｼ、ｿﾚ6ﾖﾘﾓ一瞬早ｸ、ゾリアス兵ﾉ銃6が彼ﾗﾆ突ｷﾂｹﾗﾚﾀ。0#Z","[UNTRANSLATED]","Before they could aim, Zolius soldiers had their guns on them.",byId,1.00
s_000248,Alshark (System disk).hdm,0x065527,"私ﾉ名ﾊ、アルシャｰク。@ラルアﾉ戦士でｽ。0#P","[UNTRANSLATED]","I am Alshark, a warrior of Larua.",byId,1.00
s_000250,Alshark (System disk).hdm,0x06746B,"成ｼ遂げﾗﾚﾏｼﾀﾅ。@ｱﾅﾀﾊ、遺志ｦ継ぐ者ﾄﾅﾙ@資格ｦ勝ﾁ取ﾗﾚﾀﾉでｽ。0#P","[UNTRANSLATED]","You have succeeded. You are worthy to carry on the legacy.",byId,1.00
s_000253,Alshark (System disk).hdm,0x06B698,"確ｶﾆ‥‥、頼ﾐ‥‥ﾏｼ‥‥‥ﾀ‥ぞ‥‥‥！！0_6ウュリアﾉ貴族ﾊ、ｿｳ言ｲ残ｽ6ﾄ、息絶ｴﾀ。0#S","[UNTRANSLATED]","I... entrust this... to... you...!! With those last words, the Ulyrian noble died.",byId,1.00
s_000254,Alshark (System disk).hdm,0x06C0D9,"防具ﾉ専門店だ。@品ぞﾛｴが自慢だぜ！0#G","[UNTRANSLATED]","Armor Shop. We've got the best gear!",byId,1.00
s_000255,Alshark (System disk).hdm,0x06F70F,"マｰズ人ﾉ能力ｯﾃﾉが、@他ﾉ生命体ｦﾊﾙｶﾆ凌ｲでｲﾀﾝじｬﾅ。0#P","[UNTRANSLATED]","The Martians' abilities were far beyond any other race.",byId,1.00
s_000258,Alshark (System disk).hdm,0x0751A4,"ウェポンショップ5ｻｱｻｱ、ｵ立ﾁ会ｲ！@見ﾃ驚ｸﾝじｬﾈｪﾖ！！0#L","[UNTRANSLATED]","Weapon Shop! Step right up! You won't believe your eyes!",byId,1.00
s_000259,Alshark (System disk).hdm,0x0752B3,"ウュリアﾉばｱｻﾝ5ﾜｼﾊ、ｺﾉ辺ﾘじｬｱ、物知ﾘで通ｯﾃｵﾙ。@ﾜｼﾆ分ｶﾗﾇｺﾄﾊﾅｲぞ。#B","[UNTRANSLATED]","Around these parts, I'm the one with the answers. Ask me anything",byId,1.00
s_000260,Alshark (System disk).hdm,0x07561C,"じ様、頑張ｯﾃ！！0_6ｱｯﾄｲｳ間ﾆ、２人ﾄﾓ３杯ﾉ6ストレｰトｦ飲ﾐ干ｼﾀ！！0#G","[UNTRANSLATED]","Go, gramps, go! In a flash, they'd both downed three shots!",byId,1.00
s_000261,Alshark (System disk).hdm,0x07655B,"ヒｰト中将5貴様ｧｰｯ！！@総統閣下ｦ愚弄ｽﾙ気ｶ？！0#V","[UNTRANSLATED]","You cur! You dare insult the Supreme Commander?!",byId,1.00
s_000262,Alshark (System disk).hdm,0x0771E2,"専用ﾉシｰルドじｬｨ。@ｿﾚがｱﾚば、無敵じｬﾖ。@無敵！0#P","[UNTRANSLATED]","A custom shield. Makes ya invincible. Invincible!",byId,1.00
s_000264,Alshark (System disk).hdm,0x052B8B,"ミルクﾈｪ・・・。@１０クレジットﾆﾅﾘﾏｽが。0#Y","[UNTRANSLATED]","Milk, huh... That'll be 10 CREDIT.",byId,1.00
s_000265,Alshark (System disk).hdm,0x053B74,"持ﾁ物がｲｯぱｲで、ﾓﾃﾅｲｯﾃ？0_仕方がﾅｲ。@ﾓｳ一度、出直ｼﾃｸﾚ。#S","[UNTRANSLATED]","Your bags are full. Come back when you've made some room.",byId,1.00
s_000268,Alshark (System disk).hdm,0x055781,"突然、激ｼｲ音ﾄﾄﾓﾆ船体が@6揺ﾚ、ｿｺﾆｲﾀｽべﾃﾉ者達が6ﾖﾛﾒｲﾀ。0#V","[UNTRANSLATED]","A sudden blast rocked the ship, sending everyone stumbling.",byId,1.00
s_000269,Alshark (System disk).hdm,0x056A17,"間違ｲﾅｲ。@ｺﾉ娘ﾊ、私ﾉ‥‥0@ファラﾊ、ｺﾉ娘ﾆ私ﾉ名ｦ告げﾅｶｯﾀﾉｶ‥‥）0#P","[UNTRANSLATED]","It's her. She's my... (Didn't Fara ever tell her my name...?)",byId,1.00
s_000270,Alshark (System disk).hdm,0x058515,"フフフ‥‥。@ｿﾝﾅ物が、私ﾉ前で役ﾆ立ﾂﾄでﾓ思ｯﾃｲﾀﾉｶｨ？0#G","[UNTRANSLATED]","Heh heh... Did you really think that would work on me?",byId,1.00
s_000271,Alshark (System disk).hdm,0x05A77E,"大ｼﾀ額ﾊ入ｯﾃﾅｲがｺﾚｦ受ｹ取ｯﾃｸﾚﾖ。0_43１００クレジットｦ手ﾆｲﾚﾀ。#D","[UNTRANSLATED]","It ain't much, but take this. (Received 100 CREDIT!)",byId,1.00
s_000272,Alshark (System disk).hdm,0x05FDB9,"チケットﾊ、２２０クレジットﾆﾅﾘﾏｽ。@ご利用ﾅｻｲﾏｽｶ？0#Y","[UNTRANSLATED]","One ticket is 220 CREDIT. Buy one?",byId,1.00
s_000273,Alshark (System disk).hdm,0x062039,"ホテル5ｲﾗｯｼｬｲﾏｾ。@ご宿泊ﾊ、１０クレジットﾆﾅﾘﾏｽが？0#Y","[UNTRANSLATED]","Welcome! A room is 10 CREDIT. You staying?",byId,1.00
s_000274,Alshark (System disk).hdm,0x063C1C,"苦ｼｲｶ？!@ｿｳだﾛｳ。@ゾリアスﾆ逆ﾗｳ者がどｳﾅﾙｶ思ｲ知ｯﾀｶ。0_4$","[UNTRANSLATED]","Suffer! Now you know the fate of all who oppose Zolius.",byId,1.00
s_000277,Alshark (System disk).hdm,0x06698E,"村ﾉ北西ﾆｱﾙ緑光ﾉ岩ｦ目指ｽｺﾄでｽ。0@道ﾊ開ｶﾚﾙｺﾄでｼｮｳ。#S","[UNTRANSLATED]","Seek the glowing rock to the northwest. It will show you the way.",byId,1.00
s_000278,Alshark (System disk).hdm,0x066B99,"コクピット6ﾉドアﾉスイッチｦ入ﾚﾀ。0#V","[UNTRANSLATED]","Flipped the cockpit door switch.",byId,1.00
s_000279,Alshark (System disk).hdm,0x0686F2,"願ｲｽﾙ。@どｳｶ、ウュリア王国ｦ救ｳﾄ@思ｯﾃ、余ﾉ力ﾆﾅｯﾃﾓﾗｲ@ﾀｲ。0#P","[UNTRANSLATED]","Please, I implore you. You must help me save the Kingdom of Ulyria.",byId,1.00
s_000280,Alshark (System disk).hdm,0x0689BA,"マイクロ6チップｦ女兵士ﾆ差ｼ出ｼﾀ。0#P","[UNTRANSLATED]","Gave the microchip to the soldier.",byId,1.00
s_000281,Alshark (System disk).hdm,0x06A061,"ホテル5ｲﾗｯｼｬｲﾏｾ。@ご宿泊ﾊ、３０クレジットﾆﾅﾘﾏｽが？0#Y","[UNTRANSLATED]","Welcome! A room is 30 CREDIT. You staying?",byId,1.00
s_000282,Alshark (System disk).hdm,0x06B05F,"ホテル5ｲﾗｯｼｬｲﾏｾ。@ご宿泊ﾊ、４０クレジットﾆﾅﾘﾏｽが？0#Y","[UNTRANSLATED]","Welcome! A room is 40 CREDIT. You staying?",byId,1.00
s_000284,Alshark (System disk).hdm,0x071BC7,"ベック・ゴｰギャンﾈｪ。@ﾝ～、聞ｶﾈｪ名前だﾅｧ。0#P","[UNTRANSLATED]","Beck Gauguin? Hmm, doesn't ring a bell.",byId,1.00
s_000285,Alshark (System disk).hdm,0x0756A6,"が巻ｷ返ｼﾆ出ﾙ！0@6一気ﾆ４杯ｲｯﾀぞ！！0@6酔ｯぱﾗｲが驚ｲﾃｲﾙ。0#G","[UNTRANSLATED]","What a rally! He just downed four straight! The drunk's in shock",byId,1.00
s_000288,Alshark (System disk).hdm,0x051697,"パパﾉ引ｷ出ｼｶﾗﾁｮｯﾄ借ﾘﾀﾉ。２丁ｱﾙｶﾗｺﾚで身ｦ守ﾚﾙでｼｮｳ。0@ｻｱ、行ｷﾏｼｮｳ！！#I","[UNTRANSLATED]","I took these from Dad's desk. We can protect ourselves with two. Let's go!",byId,1.00
s_000289,Alshark (System disk).hdm,0x0517F1,"何ﾓ言ﾜﾝでﾓﾜｶｯﾄﾙﾜｲ。ﾎﾗ、ｺﾉ3キャンプセット1ｦ持ｯﾃｲｷﾅｻｲ。#I","[UNTRANSLATED]","Don't say a word, I get it. Here, take this camp set.",byId,1.00
s_000290,Alshark (System disk).hdm,0x051BD7,"仕方ﾅｲﾜﾈ。@じｬｱ、私ﾊホテルで待ｯﾃﾙｶﾗ、ｼｯｶﾘ稼ｲでｷﾃﾈ。0#K","[UNTRANSLATED]","Fine. I'll wait at the hotel. You'd better earn a lot!",byId,1.00
s_000291,Alshark (System disk).hdm,0x052D0E,"が、新ｼｲアルバイトﾈ。0じｬｱ、ｻｯｿｸ仕事ｦ頼ﾓｳｶｼﾗ。0#I","[UNTRANSLATED]","New blood, eh? Let's get you started on a job.",byId,1.00
s_000292,Alshark (System disk).hdm,0x053A14,"達が店ﾆ入ｯﾃｲｸﾄ、@6バｰテンが、驚ｲﾀ顔ｦｼﾃ、@6ｺｳﾀずﾈﾀ。0#P","[UNTRANSLATED]","The bartender's eyes widened as they walked in.",byId,1.00
s_000293,Alshark (System disk).hdm,0x056E69,"でﾊ、ｵ願ｲｼﾖｳ。@0貴方がﾀﾅﾗ、ｿﾚｦ成ｼ遂げﾙｺﾄがでｷｿｳだ。0#P","[UNTRANSLATED]","Very well. I believe you are the ones who can do this.",byId,1.00
s_000294,Alshark (System disk).hdm,0x05C7E6,"任務が入ｯﾀﾗｼｲ。@司令官ﾉ個室ﾆ来ﾃｸﾚﾄｲｳｺﾄだ。0#N","[UNTRANSLATED]","New mission. Report to the Commander's room.",byId,1.00
s_000295,Alshark (System disk).hdm,0x05C928,"じｬﾅｲ。@0ｿﾚでｺｿ、コズミックホｰクﾉ隊員ﾈ。#A","[UNTRANSLATED]","That's it! Now you're a true Cosmic Hawk.",byId,1.00
s_000297,Alshark (System disk).hdm,0x0609FC,"２人ﾉ6体がﾎﾄﾝど同時ﾆ音ﾓﾅｸ床ﾍ6倒ﾚ込ﾝでｲｯﾀ。0#N","[UNTRANSLATED]","Both bodies hit the floor without a sound.",byId,1.00
s_000298,Alshark (System disk).hdm,0x060D58,"達ﾊ、同時ﾆｿﾉ精神6ｦカｰマﾆ操ﾗﾚ始ﾒﾃｲﾙｺﾄ6ﾆ気がﾂｶﾅｶｯﾀ。0#P","[UNTRANSLATED]","They didn't realize Karma was taking over their minds.",byId,1.00
s_000301,Alshark (System disk).hdm,0x063D5A,"達が絶体絶命ﾉピンチｦ@6迎ｴﾀｿﾉ時！0#V","[UNTRANSLATED]","Just when all hope seemed lost!",byId,1.00
s_000302,Alshark (System disk).hdm,0x06665D,"ぜ、ｺﾉﾖｳﾅ試練ｦ設ｹﾅｸﾃﾊﾅﾗﾅｶｯﾀﾉｶ。@ｿｼﾃ、遺志ｦ継ぐ者ﾄﾊ一体@ﾅﾝﾅﾉｶｦ。0#P","[UNTRANSLATED]","Why this terrible ordeal? And what is this 'heir' they mention?",byId,1.00
s_000306,Alshark (System disk).hdm,0x06A822,"バｰツ？・・・どｺｶで聞ｲﾀ@ｺﾄﾉｱﾙﾖｳﾅ・・・0#P","[UNTRANSLATED]","Baatsu?... That name rings a bell...",byId,1.00
s_000307,Alshark (System disk).hdm,0x06C1A9,"で売ﾗﾚﾃｲﾙﾉﾊ、@宇宙戦闘用ﾉ装備だぜ。0#G","[UNTRANSLATED]","This shop's got gear for space battles.",byId,1.00
s_000308,Alshark (System disk).hdm,0x06D5D4,"一ﾂ良ｲｺﾄｦ教ｴﾃﾔﾛｳ。@戦ｲﾆｵｲﾃ、ﾓｯﾄﾓ大切ﾅ@ｺﾄﾊ、仲間ｦ信じﾙｺﾄだ。0#P","[UNTRANSLATED]","Let me give you some advice. Above all else, trust your friends.",byId,1.00
s_000310,Alshark (System disk).hdm,0x06E8A1,"ラミュｰﾉ消息が分ｶｯﾀﾗ、@朕ﾆﾓ教ｴﾃｸﾚ。@ｻﾗばじｬ。0#N","[UNTRANSLATED]","If you find Ramyuu, you must tell me. Now, go.",byId,1.00
s_000312,Alshark (System disk).hdm,0x070434,"ドックﾆｺﾓｯﾃ、@6アトライアﾉ修理ｦ始ﾒﾀ。!!!0#X","[UNTRANSLATED]","He holed up in the dock to fix the Atlia!!",byId,1.00
s_000315,Alshark (System disk).hdm,0x073946,"ブラッジ6ﾆ関ｽﾙ@6極秘デｰタｦ入手ｼﾀ。#S","[UNTRANSLATED]","Acquired top-secret data on Bludge.",byId,1.00
s_000316,Alshark (System disk).hdm,0x075927,"ウュリアﾉ貴族5ﾎ、本当ｶ？@じｬｱ、金ｦ払ｳ。#D","[UNTRANSLATED]","Y-You're serious? Fine, take my money.",byId,1.00
s_000317,Alshark (System disk).hdm,0x07EF9F,"シオン、どｳｼﾀ。@ｻｯｷｶﾗ黙ﾘｺﾝじﾏｯﾃ。0_4$","[UNTRANSLATED]","Sion? You've been awfully quiet.",byId,1.00
s_000319,Alshark (System disk).hdm,0x053D77,"俺ﾊ、闇で売買ｻﾚﾙ品ｦ扱ｯﾃｲﾙ。@0何ｶ欲ｼｲﾓﾉがｱｯﾀﾗｲｯﾃﾐﾅ。0#G","[UNTRANSLATED]","I deal in black market goods. Tell me what you need.",byId,1.00
s_000321,Alshark (System disk).hdm,0x057A99,"毎度！0@ｿﾚじｬｱ、表ﾆ置ｲﾃｵｷﾏｽｶﾗ、後ﾊ勝手ﾆ使ｯﾃｸだｻｲ#S","[UNTRANSLATED]","Alrighty! I'll leave it out front. Help yourself!",byId,1.00
s_000322,Alshark (System disk).hdm,0x0584EC,"サイコリングが6ﾊじｹ飛ぶ！0#T","[UNTRANSLATED]","The Psycho Ring shatters!",byId,1.00
s_000325,Alshark (System disk).hdm,0x05C43F,"早ｲ話が、ｿｳｲｳｺﾄだ0でﾊ、任務ﾆ関ｼﾃﾊ、ｵｯﾃ連絡ｽﾙｺﾄﾄｼﾖｳ。0#W","[UNTRANSLATED]","That's the situation in a nutshell. Await further orders.",byId,1.00
s_000327,Alshark (System disk).hdm,0x05E6AC,"兵士5何ﾉﾂﾓﾘで戻ｯﾃｷﾀｶｼﾗﾝが、バカﾅ奴ﾗだ。0#P","[UNTRANSLATED]","Came back for more, did you? Idiots.",byId,1.00
s_000329,Alshark (System disk).hdm,0x06661E,"３ﾂﾉ試練ｦ成ｼ遂げﾗﾚﾀﾉでｽﾈ。@でﾊ、私ﾓ全ﾃｦｵ話ｼｼﾅｸﾃﾊﾅﾘﾏｽﾏｲ。0#P","[UNTRANSLATED]","You have passed the three trials. Now, I shall tell you all.",byId,1.00
s_000330,Alshark (System disk).hdm,0x06743D,"ミカｰ老師ﾆ銀ﾉ粉で6彩ﾗﾚﾀ掌ｦ見ｾﾀ。0#V","[UNTRANSLATED]","Showed Mikar the silver-dusted palm.",byId,1.00
s_000331,Alshark (System disk).hdm,0x067BA4,"名ﾉ通ﾘ、ｿﾚぞﾚﾉ塔ﾄ@火山ﾊ、ｿﾚぞﾚﾉ島ﾆ存在ｽﾙﾗｼｲ。0#P","[UNTRANSLATED]","So each tower and volcano is on its own island.",byId,1.00
s_000332,Alshark (System disk).hdm,0x068F59,"人聞ｷﾉﾜﾘｨｺﾄ言ｯﾃﾝじｬﾈｪ！@先ﾆ手ｦ出ｼﾃｷﾀﾉﾊ、ｵﾏｴﾉ方だﾛｳが！！0#P","[UNTRANSLATED]","Watch your mouth! You're the one who threw the first punch!",byId,1.00
s_000333,Alshark (System disk).hdm,0x069892,"恨ﾐがｱﾙﾜｹじｬﾅｲが、@ｱﾝﾀﾉ首ｦｲﾀだｷﾆ来ﾀ！@覚悟！！0_待ﾃｨ！0#V","[UNTRANSLATED]","Nothing personal, but I'm here for your head! Ready?_Wait",byId,1.00
s_000334,Alshark (System disk).hdm,0x069C3F,"彼女ﾉ頭上ﾆレイソｰドが振ﾘ@6ｵﾛｻﾚﾙ。0#Z","[UNTRANSLATED]","A Raysword swings for her head!",byId,1.00
s_000336,Alshark (System disk).hdm,0x06B2CF,"ウュリアﾉｵばｱｻﾝ5ザｰテ様ﾆﾓ困ｯﾀﾓﾝじｬ。@#B","[UNTRANSLATED]","That old bat from Ulyria... what a pain.",byId,1.00
s_000338,Alshark (System disk).hdm,0x06D7F5,"達、ミｰアﾆ会ｯﾀﾉでｽｶ？0@ｿｳでｽｶ、ミｰアﾊ、元気ｿｳﾆｼﾃｲﾏｼﾀｶ。0#P","[UNTRANSLATED]","You actually met Mia? Is she... is she doing all right?",byId,1.00
s_000340,Alshark (System disk).hdm,0x06FB49,"アルシャｰクﾄﾔﾗ。@ｵ主が手ﾆｲﾚﾖｳﾄｼﾃｲﾀ物ﾊ、ｺﾚじｬﾛｳ。0#P","[UNTRANSLATED]","So, you're Alshark. I believe this is what you're after.",byId,1.00
s_000341,Alshark (System disk).hdm,0x06FCA9,"分ｶﾘﾏｼﾀ。0@必ず、カｰマﾉ侵攻ｶﾗ、@ｺﾉ宇宙ｦ守ｯﾃﾐｾﾏｽ！#I","[UNTRANSLATED]","Right. I swear I'll defend our universe from Karma!",byId,1.00
s_000342,Alshark (System disk).hdm,0x0709C5,"がｱﾉ‥‥@0ノｰザンﾉ砦で名前ﾊﾖｸ聞ｲﾃﾙｶﾗ知ｯﾃｲﾙﾖ。0#P","[UNTRANSLATED]","Hey... I know that name. They talk about you at Northern Fort.",byId,1.00
s_000346,Alshark (System disk).hdm,0x0535C2,"世ﾉ中、何でﾓ金ﾖ！！@ﾀだｯﾃｪﾉﾊ、頂ｹﾈｪﾅ。0@@43金ｦ払ｳｶ？0#Y","[UNTRANSLATED]","In this world, cash is king! I don't work for free. Pay up?",byId,1.00
s_000349,Alshark (System disk).hdm,0x05B603,"チッ、ｼｮｳがﾈｪ。@0ｲｲｶ、奴が帰ｯﾃｷﾀﾗ、首ｦ洗ｯﾃﾏｯﾄｸﾖｳﾆ伝ｴﾄｹ。#S","[UNTRANSLATED]","Hmph. Whatever. You tell that coward I'll be back to settle this.",byId,1.00
s_000350,Alshark (System disk).hdm,0x05B800,"チャウスノｰミュだ。@ｺｺｦ通ｼﾃﾓﾗｵｳｶ。0#P","[UNTRANSLATED]","I am Chausunomyu. Now, stand aside.",byId,1.00
s_000353,Alshark (System disk).hdm,0x05CB28,"他ﾆ思ｲｱﾀﾗﾝだｹでｽﾜｨ。ﾅﾆｾ、ｺﾚだｹ、@ｶﾜｲｲ女ﾉ子でｽｶﾗﾅ。@がﾊﾊﾊﾊ‥‥0#P","[UNTRANSLATED]","Can't think of anyone else! 'Sides, who could resist a cute little thing like her? Gahaha",byId,1.00
s_000354,Alshark (System disk).hdm,0x05E6F3,"思ｲ切ｯﾀｺﾄｦ命令ｽﾙ。@ｺﾉ町ﾉ連中ｦ皆殺ｼﾆｼﾛﾄﾊﾅ。0#P","[UNTRANSLATED]","A bold command: wipe out the entire town.",byId,1.00
s_000355,Alshark (System disk).hdm,0x060859,"肩ﾆ手ｦ置ｷ、後方6ﾍ押ｼﾔﾙﾄ、前ﾆ進ﾐ出ﾀ。0#K","[UNTRANSLATED]","He held me back, then faced them alone.",byId,1.00
s_000356,Alshark (System disk).hdm,0x061C22,"バｰテン5ｵ客ｻﾝ、ｺﾉ町ﾍﾊ観光で@ｲﾗｯｼｬｯﾀﾝでｽｶ？#B","[UNTRANSLATED]","So, what brings you to town? Sightseeing?",byId,1.00
s_000358,Alshark (System disk).hdm,0x0652C4,"ぞｲﾗｯｼｬｲﾏｼﾀ。@三ﾂ葉ﾉ紋章ｦ持ﾂｱﾅﾀ方ｦ@友ﾄｼﾃｵ迎ｴｲﾀｼﾏｼｮｳ。0#B","[UNTRANSLATED]","Welcome. Those who bear the three-leaf crest are friends.",byId,1.00
s_000361,Alshark (System disk).hdm,0x066581,"父ｶﾗ、ｱﾅﾀ方ﾆ薬草ｦ安ｸ@分ｹﾃｱげﾙﾖｳﾆ言ﾜﾚﾃﾙ@ﾝでｽ。@ｲﾘﾏｽｶ？0#Y","[UNTRANSLATED]","My dad said to give you a deal on herbs. Need some?",byId,1.00
s_000362,Alshark (System disk).hdm,0x066D98,"緑光ﾉ岩ｦ目指ｽｺﾄでｽ。0@道ﾊ開ｶﾚﾙｺﾄでｼｮｳ。#S","[UNTRANSLATED]","The Rock of Green Light will open the path.",byId,1.00
s_000365,Alshark (System disk).hdm,0x069E25,"達ﾊ、捕ﾗｴﾗﾚﾃ@6ｼﾏｯﾀﾉでｱﾙ。0_6ｿｼﾃ、玉座ﾉ前ﾆ引ｷ立ﾃﾗﾚ6裁ｶﾚﾙｺﾄﾆﾅｯﾀ。0#N","[UNTRANSLATED]","Captured! Now they face judgment before the throne.",byId,1.00
s_000367,Alshark (System disk).hdm,0x06A6DF,"で、ｺﾉ辺で氷上車が、@手ﾆ入ﾗﾝﾓﾉｶﾅ。0#P","[UNTRANSLATED]","Anywhere to get an ice-crawler?",byId,1.00
s_000368,Alshark (System disk).hdm,0x06C170,"１０クレジットﾆﾅﾘﾏｽが、@御宿泊ﾅｻｲﾏｽｶ？0#Y","[UNTRANSLATED]","Stay the night? It's 10 CREDIT.",byId,1.00
s_000370,Alshark (System disk).hdm,0x06F9C0,"ゾリアス帝国ﾏで侵攻@ｼﾃｷﾀｯﾃﾜｹｶ。0#P","[UNTRANSLATED]","Invading the Zolius Empire, eh?",byId,1.00
s_000372,Alshark (System disk).hdm,0x0712AB,"俺ﾊ、帝国軍ｦ脱走ｼﾃｷﾀﾝだ0奴ﾗﾉﾔﾘ方ﾆﾊ、ﾂｲﾃｲｹﾅｸﾃﾅ。0#P","[UNTRANSLATED]","I deserted the Empire. I couldn't stomach their ways.",byId,1.00
s_000373,Alshark (System disk).hdm,0x07168F,"情報ﾅﾗ１０００クレジットで教ｴﾃﾔﾛｳ。0#Y","[UNTRANSLATED]","Information? It'll cost you 5000 CREDIT.",byFuzzy,0.875
s_000374,Alshark (System disk).hdm,0x0716C5,"情報ﾅﾗ３０００クレジットで教ｴﾃﾔﾛｳ。0#Y","[UNTRANSLATED]","Information? It'll cost you 5000 CREDIT.",byFuzzy,0.875
s_000375,Alshark (System disk).hdm,0x071723,"だﾅｧ‥‥@２５００００クレジットﾊﾓﾗﾜﾅｲﾄ割ﾆｱﾜﾈｪﾅｧ。@どｳｽﾝだ？0#Y","[UNTRANSLATED]","Hmm... For less than 250,000 CREDIT, it's not worth my time.",byId,1.00
s_000376,Alshark (System disk).hdm,0x071767,"情報ﾅﾗ@５０００クレジットで教ｴﾃ@ﾔﾛｳ。0#Y","[UNTRANSLATED]","Information? It'll cost you 5000 CREDIT.",byId,1.00
s_000378,Alshark (System disk).hdm,0x071AAE,"将軍がｲﾙｶﾗ、王国軍ﾓ@ｳｶﾂﾆ手ｦ出ｾﾅｲﾗｼｲぜ。0#P","[UNTRANSLATED]","The general's got the Kingdom's army stuck.",byId,1.00
s_000380,Alshark (System disk).hdm,0x071DAD,"デュｰクが捜ｼﾃｲﾀ@息子ｯﾃﾉﾊ、ｵﾏｴﾉ事だｯﾀﾉｶ。0#P","[UNTRANSLATED]","You're the son Duke was searching for?",byId,1.00
s_000383,Alshark (System disk).hdm,0x07712C,"だｼ、鉱石ﾉ量ﾊ限ﾗﾚﾃﾙ@ｶﾗﾅ。@造ﾘﾀｲ物ｦ選ﾝでﾐﾅ。0#G","[UNTRANSLATED]","The ore's limited, so pick what you want to build.",byId,1.00
s_000384,Alshark (System disk).hdm,0x07716A,"でﾓ持ﾃﾙ@ﾒﾁｬ強力ﾅブラスタｰじｬｨ！0#P","[UNTRANSLATED]","It's a handheld with major firepower!",byId,1.00
s_000388,Alshark (System disk).hdm,0x0523FA,"最近、手相ﾆｺｯﾄﾙﾝぢｬ。0@ｵﾏｴｻﾝﾉ未来ｦ占ｯﾃﾔﾛｳｶ？0#Y","[UNTRANSLATED]","I've been reading palms. Care to see your future?",byId,1.00
s_000389,Alshark (System disk).hdm,0x052CBB,"ずｲぶﾝｺｺで待ｯﾃﾀﾖｳﾅ気がｽﾙﾜ。@0じｬｱ、行ｷﾏｼｮｳｶ。#N","[UNTRANSLATED]","I feel like I've waited an eternity. Shall we go?",byId,1.00
s_000390,Alshark (System disk).hdm,0x055221,"気ｦﾂｹﾛﾖ、２人ﾄﾓ。@ｿﾛｿﾛ、敵ｻﾝがｵ出ﾏｼｽﾙ頃だぞ。0#V","[UNTRANSLATED]","Watch yourselves. The enemy's about to make a move.",byId,1.00
s_000391,Alshark (System disk).hdm,0x0566D3,"ドゥムナﾉマント6ｦ@6身ﾆﾏﾄｯﾀ。0#N","[UNTRANSLATED]","You equipped We-Dumnah's Mantle.",byId,1.00
s_000392,Alshark (System disk).hdm,0x056787,"一蔑ｽﾙﾄ、軽蔑ｼｷｯﾀ口調で6答ｴﾀ。0#P","[UNTRANSLATED]","He answered with a scornful sneer.",byId,1.00
s_000400,Alshark (System disk).hdm,0x06028D,"達、化ｹ物ｦ退治ｼﾆｷﾃｸﾚﾀﾝだﾛｳ？@だｯﾀﾗ、ｺﾚｦ持ｯﾃｲｷﾅ。0#I","[UNTRANSLATED]","You're here to slay the beast, right? Here, take this.",byId,1.00
s_000405,Alshark (System disk).hdm,0x063568,"でﾊ、マｰズ連邦ﾉ@歴史ﾆﾂｲﾃｵ教ｴｼﾏｼｮｳ。0#P","[UNTRANSLATED]","Let me teach you of the Mars Federation.",byId,1.00
s_000406,Alshark (System disk).hdm,0x0637A8,"だ、ｺﾚｦ持ｯﾃ行ｷﾅｻｲ0_3三ﾂ葉ﾉ紋章6ｦ手ﾆｲﾚﾀ。#I","[UNTRANSLATED]","Take this. Received the Three-Leaf Crest.",byId,1.00
s_000407,Alshark (System disk).hdm,0x0672AF,"試練ﾆ打ﾁ勝ｯﾃ、戻ｯﾃ@ｷﾀ者ﾊ、ｲﾏだｶﾂﾃ１人ﾓ@ｲﾏｾﾝｶﾗﾅ。0#P","[UNTRANSLATED]","Many have tried. None have ever returned alive.",byId,1.00
s_000408,Alshark (System disk).hdm,0x067A4C,"情報ｦ買ｯﾃｸﾚﾙﾄﾊ、@ｱﾝﾀﾌﾄｯぱﾗだﾈｪ。@１度ｼｶ教ｴﾈｪｶﾗ、ﾖｸ@聞ｲﾃｸﾚﾖ。0#P","[UNTRANSLATED]","You're paying? Nice. Now listen up, I'm only saying this once.",byId,1.00
s_000409,Alshark (System disk).hdm,0x068FC2,"達ﾊ、ウュリア王宮ﾆ戻ﾙ6ｺﾄﾆﾅﾙ。0#N","[UNTRANSLATED]","We must return to Ulyria Palace.",byId,1.00
s_000410,Alshark (System disk).hdm,0x06A7C4,"オヤジ。@頼ﾝでｵｲﾀ物ﾊ、入荷ｼﾀｶ？0#P","[UNTRANSLATED]","Hey Joe, did my order come in yet?",byId,1.00
s_000411,Alshark (System disk).hdm,0x06AC3C,"１５０クレジットﾓ@ｱﾚば、直ｾｿｳだ。0#Y","[UNTRANSLATED]","I can fix it for 150 CREDIT.",byId,1.00
s_000412,Alshark (System disk).hdm,0x06DC5C,"抜ｹ@出ｼﾃ遊ﾝだｱﾉ日ｦ、一生、@忘ﾚﾏｾﾝﾄ。#S","[UNTRANSLATED]","I'll never forget that day we snuck out.",byId,1.00
s_000413,Alshark (System disk).hdm,0x06E5EF,"達ﾊ、ﾅぜラミュｰ・コセﾉｺﾄｦ？!@ﾏｻｶ‥‥0_4$","[UNTRANSLATED]","How do you know about Eele-Kose? Unless...",byId,1.00
s_000414,Alshark (System disk).hdm,0x06E81D,"達ﾊ、５０００クレジット6ｦ受ｹ取ｯﾀ。0#D","[UNTRANSLATED]","You received 5000 CREDIT.",byId,1.00
s_000415,Alshark (System disk).hdm,0x06F243,"早ｸ奥義ｦ@ｵ教ｴｸだｻｲ。@ｺﾄﾊ、一刻ｦ争ｲﾏｽ。0#P","[UNTRANSLATED]","Teach me the final technique! It's urgent!",byId,1.00
s_000416,Alshark (System disk).hdm,0x06FB2B,"ドゥムナﾉ宝珠ｦ受ｹ6取ｯﾀ。0#P","[UNTRANSLATED]","Received the Orb of Dumnah.",byId,1.00
s_000418,Alshark (System disk).hdm,0x071C55,"デュｰク、ｿｳｲﾔｧ、捜ｼﾃﾙｯﾃ言ｯﾃﾀ‥‥!_4$
5ｱｱ、ｿﾉ話ﾊ、ﾏﾀ今度、@ﾕｯｸﾘﾄﾅ。#S","[UNTRANSLATED]","Duke, you were searching for something... / Yes. A story for another time.",byId,1.00
s_000423,Alshark (System disk).hdm,0x07E9B8,"助ｹ@出ｽｺﾄｦ考ｴﾏｼｮｳ。@問題ﾊ、１ﾂ１ﾂ解決ｼﾃｲｸ@ｼｶﾅｲﾝだｶﾗ‥‥#M","[UNTRANSLATED]","Let's focus on rescuing them. One problem at a time.",byId,1.00
s_000424,Alshark (System disk).hdm,0x080FA8,"少ｼﾊ、話が分ｶﾙﾖｳﾆﾅｯﾀじｬﾈｪｶｨ。@ｿｳﾄ決ﾏﾘｬｱ、話ﾊ早ｪｴ。0#P","[UNTRANSLATED]","Alright, now you're talkin' sense. Let's get this done.",byId,1.00
s_000425,Alshark (System disk).hdm,0x05174D,"２人ﾄﾓ疲ﾚﾀ顔ｼﾃ、どｳｼﾀﾉ？@ｺｯﾁﾍｲﾗｯｼｬｲ。@休ﾝで行ｸﾄｲｲﾜ。0#X","[UNTRANSLATED]","My, you both look so tired. Come in and rest a while.",byId,1.00
s_000426,Alshark (System disk).hdm,0x052864,"囀1_他ﾆ必要ﾅ物ﾊござｲﾏｽｶ？0#Y","[UNTRANSLATED]","Need anything else?",byId,1.00
s_000431,Alshark (System disk).hdm,0x05AF5D,"見ﾂｹﾙｺﾄが先決だ。@0ﾖｯｼｬ！早ｲﾄｺ出ｶｹﾖｳ。#W","[UNTRANSLATED]","First, we find it. All right, let's go!",byId,1.00
s_000433,Alshark (System disk).hdm,0x05D7D6,"分ｶｯﾀﾖ。@好ｷﾆｼﾃｸﾚ。@ﾄﾘｱｴず、何日ｶ休暇ｦﾄﾘﾀﾏｴ。0#V","[UNTRANSLATED]","Fine. Suit yourself. Take a few days off.",byId,1.00
s_000434,Alshark (System disk).hdm,0x05EBFF,"達ﾊ、自分達ﾉ6経緯ｦ話ｼｱｯﾀ。0#Z","[UNTRANSLATED]","They shared their stories.",byId,1.00
s_000436,Alshark (System disk).hdm,0x05F921,"ＣＳステｰションﾍ@帰還ﾅｻｲﾏｽｶ？0#Y","[UNTRANSLATED]","Return to CS Station?",byId,1.00
s_000438,Alshark (System disk).hdm,0x060A4D,"抱ｷ起ｺｼﾀ。@6他ﾉ３人ﾊ、ｱﾏﾘﾉｺﾄﾆ@6ｼばｼ動ｹﾅｲでｲﾀ。0@#V","[UNTRANSLATED]","He helped her up. The others were too stunned to move.",byId,1.00
s_000441,Alshark (System disk).hdm,0x066328,"コルレルﾉ試練ﾍﾄ@ｵ導ｷｲﾀｼﾏｼｮｳ。0#P","[UNTRANSLATED]","Come. The Trial of Correl awaits.",byId,1.00
s_000442,Alshark (System disk).hdm,0x067318,"ミカｰ老師ﾊ、ﾕｯｸﾘﾄ立ﾁ@6上がｯﾀ。0#Q","[UNTRANSLATED]","Slowly, Master Mikah rose.",byId,1.00
s_000443,Alshark (System disk).hdm,0x067867,"１人で洞窟ﾉ6奥ﾍﾄ進ﾝでｲｯﾀ。0#S","[UNTRANSLATED]","Alone, he pressed deeper.",byId,1.00
s_000444,Alshark (System disk).hdm,0x0678F5,"３ﾂﾉ試練ｦｸぐﾘ@6抜ｹﾙｺﾄﾆ成功ｼﾀﾉだ。0#S","[UNTRANSLATED]","He passed all three trials.",byId,1.00
s_000445,Alshark (System disk).hdm,0x0679B7,"ヒｰトウィップ6ｦ@6手ﾆｲﾚﾀ。#S","[UNTRANSLATED]","You got a Heat Whip",byId,1.00
s_000451,Alshark (System disk).hdm,0x06A765,"金ﾅﾗ何ﾄｶｽﾙ。@何ｶ心当ﾀﾘがｱｯﾀﾗ、教ｴﾃｸﾚ。0#P","[UNTRANSLATED]","I'll handle the money. If you get a lead, tell me.",byId,1.00
s_000452,Alshark (System disk).hdm,0x06D205,"ギｰデルﾉ奴ﾒ。@ｳﾏｲｺﾄ、王ﾆ取ﾘ入ﾘｵｯﾃ0#P","[UNTRANSLATED]","Giedel, that snake. He's charmed the King.",byId,1.00
s_000454,Alshark (System disk).hdm,0x06F185,"遥ｶマｰズ人ﾉ源流ﾆ@ｻｶﾉぼﾙ。0#P","[UNTRANSLATED]","Back to the first Martians.",byId,1.00
s_000456,Alshark (System disk).hdm,0x07118D,"地獄ﾉ沙汰ﾓ金ｼだｲｯﾃｲｳ@でｼｮ。0#P","[UNTRANSLATED]","It's all about the CREDIT, right?",byId,1.00
s_000457,Alshark (System disk).hdm,0x07127F,"で、通路ﾊ全部、調べﾃ@ﾐﾀｶｨ？0#Y","[UNTRANSLATED]","So, checked all the passages?",byId,1.00
s_000459,Alshark (System disk).hdm,0x07322C,"達ﾊ、アトライアﾍ戻ﾙ@6ｼｶﾅｶｯﾀ。0#M","[UNTRANSLATED]","We had to get back to the Atlia.",byId,1.00
s_000465,Alshark (System disk).hdm,0x056DE7,"ど。@ｺｺでﾅﾗ、ｿﾉ航路が分ｶﾙﾄｲｳﾜｹｶｨ。0#P","[UNTRANSLATED]","So, we can find the flight path here?",byId,1.00
s_000467,Alshark (System disk).hdm,0x057B22,"他ﾆ必要ﾅ物ﾊござｲﾏｽｶ？0#Y","[UNTRANSLATED]","Need anything else?",byFuzzy,0.938
s_000468,Alshark (System disk).hdm,0x05A4E7,"どｳｲｳ意味でｨ！@ｼｯｶﾘ説明ｼﾃﾓﾗｵｳｶ！0#P","[UNTRANSLATED]","What do you mean?! Start talking!",byId,1.00
s_000472,Alshark (System disk).hdm,0x060CF3,"が意識ｦ取ﾘ6戻ｼﾀﾉでｱﾙ。0#V","[UNTRANSLATED]","He regained consciousness.",byId,1.00
s_000474,Alshark (System disk).hdm,0x062F2B,"他ﾆ必要ﾅ品ﾊござｲﾏｽｶ？0#Y","[UNTRANSLATED]","Need anything else?",byFuzzy,0.875
s_000477,Alshark (System disk).hdm,0x063988,"待ｯﾃｨ！@ゴミ虫どﾓが！！0#V","[UNTRANSLATED]","Get back here, you worms",byId,1.00
s_000478,Alshark (System disk).hdm,0x063E8A,"だ、貴様ﾊ？！!@ｵﾓｼﾛｲ、叩ｷ殺ｼﾃｸﾚﾙ！0_6ｿﾉ隙ﾆ$","[UNTRANSLATED]","Who the hell are you?! Heh, I'll crush you!",byId,1.00
s_000479,Alshark (System disk).hdm,0x0654D5,"力が、今ｺｿ必要@ﾅﾉでｽ。0#P","[UNTRANSLATED]","We need your power... now!",byId,1.00
s_000485,Alshark (System disk).hdm,0x06DA90,"内紛が起ｺｯﾀﾗ大変ﾅ@ｺﾄﾆﾅｯﾃｼﾏｳｶﾗﾅ。0#P","[UNTRANSLATED]","We can't afford a civil war.",byId,1.00
s_000487,Alshark (System disk).hdm,0x06F0DA,"秘力ﾉ奥義ｦ賜ﾘﾀｸ、ｵ捜ｼ@ｼﾃｲﾏｼﾀ。0#P","[UNTRANSLATED]","I've sought you to learn your art.",byId,1.00
s_000488,Alshark (System disk).hdm,0x06F106,"カｰマﾉ侵攻が@始ﾏｯﾀﾄｲｳﾜｹｶ。0#P","[UNTRANSLATED]","So, Kama has begun to invade.",byId,1.00
s_000490,Alshark (System disk).hdm,0x070069,"イｰル様ｶﾗ直々ﾆｱﾅﾀ方ﾉ@ｺﾄﾊ聞ｲﾃｵﾘﾏｽﾖ。0#P","[UNTRANSLATED]","King Eele-Kose himself told me of you.",byId,1.00
s_000492,Alshark (System disk).hdm,0x0716FB,"情報ﾊｶﾅﾘ高ｲぜ。@ﾄｯﾃｵｷﾉ奴だｶﾗﾅｧ。0#P","[UNTRANSLATED]","This is top-shelf info. It's pricey.",byId,1.00
s_000494,Alshark (System disk).hdm,0x074155,"サイバｰスｰツ6ｦ手ﾆｲﾚﾀ。0#G","[UNTRANSLATED]","Got the Cyber Suit 6!",byId,1.00
s_000496,Alshark (System disk).hdm,0x076781,"ボルアﾉキｰｦ投げ6ﾃﾖｺｼﾀ。0#I","[UNTRANSLATED]","Tossed you the Borua Key.",byId,1.00
s_000497,Alshark (System disk).hdm,0x077055,"で、何ｦ造ｯﾀﾗｲｲﾓﾉｶ、@ｵﾏｴﾆ相談ｼﾖｳﾄ思ｯﾃﾅ。0#C","[UNTRANSLATED]","So, what should I build? Thought I'd ask you.",byId,1.00
s_000501,Alshark (System disk).hdm,0x052D93,"廝ﾁｮｯﾄ、3カン詰ﾒ1ﾊどｳｼﾀﾉﾖ？@0#G","[UNTRANSLATED]","Hey, where's that 3-pack of rations?",byId,1.00
s_000503,Alshark (System disk).hdm,0x0559C7,"２人ﾉゾリアス兵ﾊ、@6シャイナｦ盾ﾆﾄｯﾀﾏﾏ、回ﾘ6込ﾑﾖｳﾆｼﾃ後ずｻｯﾃ行ｯﾀ0#N","[UNTRANSLATED]","The Zolius soldiers circled back, using Shaina as a shield.",byId,1.00
s_000505,Alshark (System disk).hdm,0x056B3A,"特ﾆ、総帥ﾉ血ｦ引ｸ者ﾉ特殊@精神波ｶﾗ身ｦ守ﾙﾀﾒﾆﾊ、@精神ｦ同調ｻｾ打ﾁ消ｽサイコ@シｰルドｦ身ﾆﾂｹﾈばﾅﾙﾏｲ0#P","[UNTRANSLATED]","A Psycho Shield can sync with and cancel the psychic waves of the Supreme Commander's bloodline.",byId,1.00
s_000507,Alshark (System disk).hdm,0x056D44,"撃ﾁ込ﾏﾚﾀﾗ、@ウュリアﾔマｰズだｹでﾅｸ、@ゾリアス星系ﾆﾏで影響が及ぶぞ0#P","[UNTRANSLATED]","If they fire that, it'll hit Ulyria, Mars, and even Zolius!",byId,1.00
s_000508,Alshark (System disk).hdm,0x05735A,"ＡＲＭＥＤ5ｲﾗｯｼｬｲ。@気ﾆ入ｯﾀ物がｱｯﾀﾗ、@買ｯﾃｲｯﾃｸﾚ。0#G","[UNTRANSLATED]","ARMED: Welcome. If you see something you like, buy it.",byId,1.00
s_000509,Alshark (System disk).hdm,0x057BDF,"どｯｶで聞ｲﾀｺﾄﾉｱﾙﾖｳﾅ‥‥0@ﾏ、ｲｯｶ！寝ﾖ寝ﾖ。0#X","[UNTRANSLATED]","Sounds familiar... Oh well! Time for bed.",byId,1.00
s_000514,Alshark (System disk).hdm,0x05BE3E,"だﾖ！@ﾃﾒｪﾊ、聞ｶﾚﾀｺﾄだｹ答ｴﾃﾘｬｲｲﾝだ！！0#P","[UNTRANSLATED]","Just answer what you're asked, got it?!",byId,1.00
s_000516,Alshark (System disk).hdm,0x05CF43,"だｹ、@ｶﾜｲｲ女ﾉ子でｽｶﾗﾅ。@がﾊﾊﾊﾊ‥‥0#P","[UNTRANSLATED]","...'cause she's a cute girl! Bwa ha ha!",byId,1.00
s_000518,Alshark (System disk).hdm,0x05DC73,"達ﾊ、6宇宙ﾍﾄ脱出ｼﾀ。0#S","[UNTRANSLATED]","They escaped to space.",byId,1.00
s_000520,Alshark (System disk).hdm,0x05E851,"何ｶ必要ﾅﾓﾉがｱｯﾀﾗ、@ｵｯｼｬｯﾃｸだｻｲﾈ。0#G","[UNTRANSLATED]","If you need anything, just ask.",byId,1.00
s_000523,Alshark (System disk).hdm,0x0605E6,"づｲﾀﾅ。@引ｷ上げﾙぞ！0#Q","[UNTRANSLATED]","They've spotted us. Move!",byId,1.00
s_000525,Alshark (System disk).hdm,0x0618A4,"町ﾉ人々ﾊ、地上ﾆ出ﾃ6ｲｯﾀ。0#M","[UNTRANSLATED]","The townsfolk went above.",byId,1.00
s_000526,Alshark (System disk).hdm,0x061BE4,"涙ﾁｮｳだｲﾊ、@ｿﾚｸﾗｲﾆｼﾄｶﾅｲﾄ、@敵ﾊ待ｯﾁｬｱｸﾚﾅｲﾝだﾖ！0#W","[UNTRANSLATED]","Quit your whining! The enemy won't wait.",byId,1.00
s_000527,Alshark (System disk).hdm,0x062CD3,"が銃で撃ﾁ6抜ｲﾀ。0#V","[UNTRANSLATED]","A single gunshot.",byId,1.00
s_000528,Alshark (System disk).hdm,0x063599,"マｰズ人が@ｺﾉ宇宙ﾉ生命体でﾊﾅｸ、他ﾉ星ｶﾗ移住ｼﾃｷﾀｺﾄﾊ、貴方がﾀﾓﾖｸご存知ﾉｺﾄでｼｮｳ0#P","[UNTRANSLATED]","You must know that Martians are not from this universe, but from another star.",byId,1.00
s_000531,Alshark (System disk).hdm,0x065070,"疲ﾚﾉﾖｳでｽﾅ。@ﾕｯｸﾘﾄ休ﾝでｲｯﾃｸだｻﾚ0#X","[UNTRANSLATED]","You look tired. Rest here a while.",byId,1.00
s_000532,Alshark (System disk).hdm,0x065586,"でｼﾀｶ。@ﾏｻｶ、ｺﾝﾅﾆﾓ早ｸ、ｿﾉ@時が来ﾖｳﾄﾊ‥‥‥。0#P","[UNTRANSLATED]","So it's begun... I never dreamed it'd be so soon.",byId,1.00
s_000536,Alshark (System disk).hdm,0x068B84,"宮殿ﾉ兵士ﾊ、ザｰテ様ｦ@ｵ守ﾘｽﾙ我々、女兵士だｹだがウュルトリアﾉ正規兵ﾊ、@レイソｰドｦ装備ｼﾀ強者ばｶﾘ0#P","[UNTRANSLATED]","The palace guard is just us women. But Ulyria's regular army? All elite Raysword users.",byId,1.00
s_000539,Alshark (System disk).hdm,0x06C108,"スクラップ屋5メカニックがｲﾙﾝﾅﾗ、@スクラップﾊ大切ﾆｽﾙべｷだぞ0#P","[UNTRANSLATED]","Got a mechanic with you? Don't go wasting good SCRAP.",byId,1.00
s_000541,Alshark (System disk).hdm,0x06C59A,"イｰル王ﾊ、非常ﾆプライドﾉ@高ｲｵ方じｬｶﾗ、ｵ后様でｻｴ同じテｰブルで食事ｦﾄﾙｺﾄｦ許ｻﾚﾅｶｯﾀﾄｶ‥‥0#P","[UNTRANSLATED]","King Eele-Kose is so proud, they say he won't even let the queen eat at his table.",byId,1.00
s_000546,Alshark (System disk).hdm,0x06E063,"余興がﾜﾘﾆ、処刑ｼﾃｸﾚﾖｳｶ。@ﾉｫ、$
。0#Z","[UNTRANSLATED]","I'll execute you for my amusement.",byId,1.00
s_000547,Alshark (System disk).hdm,0x06F1A4,"師ドゥムナが、ｺﾉ宇宙ﾆ１隻ﾉ植民船ｦ率ｲﾃ移住ｼﾃｷﾀﾄ@ｲｳ話ﾊ、ｱﾏﾘﾆﾓ有名ﾅ話@じｬが、0#P","[UNTRANSLATED]","Famous story, how We-Dumnah led one colony ship to settle this universe...",byId,1.00
s_000548,Alshark (System disk).hdm,0x07072F,"便利ﾅ品がｿﾛｯﾃﾏｽﾖ。@何ﾆｼﾏｽｶ？0#G","[UNTRANSLATED]","Welcome! What can I get for you?",byId,1.00
s_000551,Alshark (System disk).hdm,0x071E26,"帝国宙軍ﾊ、ラッセルガイヤｰｦ航行不能ﾆｻﾚﾃ、ｿﾉ主力ｦ@宇宙要塞バルバスﾆ移ｼﾀｿｳだ0#P","[UNTRANSLATED]","I hear the Russelgaia's out of commission. The Zolius fleet moved to Barbas.",byId,1.00
s_000559,Alshark (System disk).hdm,0x055D77,"達ﾉ方ﾆ向ｷ6直ｯﾀ。0#Z","[UNTRANSLATED]","Turned to face them.",byId,1.00
s_000561,Alshark (System disk).hdm,0x059684,"じｻﾝ。@無事ﾆ戻ｯﾃｷﾏｼﾀﾖ。0#V","[UNTRANSLATED]","We're back in one piece!",byId,1.00
s_000563,Alshark (System disk).hdm,0x05ABE5,"思ﾜず泣ｷ出6ｼﾃｲﾀ。0#Z","[UNTRANSLATED]","The tears just came.",byId,1.00
s_000570,Alshark (System disk).hdm,0x062C39,"でｽｶ。@仕方がｱﾘﾏｾﾝ。0#V","[UNTRANSLATED]","I see... No other way.",byId,1.00
s_000571,Alshark (System disk).hdm,0x062DEA,"達ﾉ耳ﾆ届ｲﾃｲﾀだﾛｳ6ｶ。0#N","[UNTRANSLATED]","I wonder if they heard.",byId,1.00
s_000578,Alshark (System disk).hdm,0x065687,"分ｶﾘﾏｼﾀ。@挑戦ｻｾﾃｸだｻｲ。0#P","[UNTRANSLATED]","Okay. I'll give it a shot.",byId,1.00
s_000581,Alshark (System disk).hdm,0x0663E3,"メンバｰ6ｶﾗ外ｻﾚﾃｼﾏｳ。0#K","[UNTRANSLATED]","Removed from the party.",byId,1.00
s_000582,Alshark (System disk).hdm,0x068601,"達ﾆ視線ｦ@6戻ｼﾀ。0#P","[UNTRANSLATED]","Looked back at them.",byId,1.00
s_000583,Alshark (System disk).hdm,0x068D97,"達ﾆﾊ、礼ｦ言ﾜﾈばﾅﾙ@ﾏｲ。0#P","[UNTRANSLATED]","I owe you my thanks.",byId,1.00
s_000584,Alshark (System disk).hdm,0x06AA71,"だｯﾀﾗ、ｵ安ｲ@ごﾖｳだ。0#P","[UNTRANSLATED]","Heh, piece of cake.",byId,1.00
s_000585,Alshark (System disk).hdm,0x06AB89,"じｬｱ、ﾁｮｲﾄ様子ｦ見ﾃ@ｸﾙｶ。0#Q","[UNTRANSLATED]","Guess I'll go take a look.",byId,1.00
s_000592,Alshark (System disk).hdm,0x073A29,"気ﾆ入ﾘｿｳﾅ@ﾓﾝｦ見ﾂｹﾀぜ。0#G","[UNTRANSLATED]","Got something you'll like.",byId,1.00
s_000594,Alshark (System disk).hdm,0x07542B,"だ？@俺ﾄ飲ﾐｸﾗべｼﾖｳｯﾃｶ？@#Y","[UNTRANSLATED]","You? Out-drink me? Heh.",byId,1.00
s_000601,Alshark (System disk).hdm,0x058A98,"奴ﾗﾈ。@死ﾝでｼﾏｲﾅｻｲ！！0#R","[UNTRANSLATED]","You wretches... Perish!",byId,1.00
s_000609,Alshark (System disk).hdm,0x05EAA4,"達ﾊ、@6$
ﾉ帰ﾘｦ待ｯﾀ。0#Q","[UNTRANSLATED]","They awaited his return.",byId,1.00
s_000612,Alshark (System disk).hdm,0x063E50,"前ﾆ立ﾁ6ﾊだｶｯﾀ。0#Z","[UNTRANSLATED]","Blocked the way.",byId,1.00
s_000615,Alshark (System disk).hdm,0x0673DC,"後ﾛﾍ@6下がﾙｼｶﾅｶｯﾀ。0#K","[UNTRANSLATED]","Forced back 6 steps.",byId,1.00
s_000621,Alshark (System disk).hdm,0x06F370,"分ｶﾘﾏｼﾀ。@ｵ話ｼｸだｻｲ。0#P","[UNTRANSLATED]","Understood. Go ahead.",byId,1.00
s_000624,Alshark (System disk).hdm,0x07568C,"が押ｻﾚﾃｲﾙﾖｳ6だ。0#G","[UNTRANSLATED]","It's been pressed.",byId,1.00
s_000628,Alshark (System disk).hdm,0x055C3E,"がエアロックﾆ6駆ｹ寄ｯﾀ時ﾆﾊ、振動ﾄ共ﾆ@#V","[UNTRANSLATED]","As they rushed the airlock, a tremor...",byId,1.00
s_000630,Alshark (System disk).hdm,0x056BE9,"で、ｺｺﾆ来ﾙ途中、@最終兵器ﾉ噂ｦ聞ｲﾀﾉだが‥‥0#P","[UNTRANSLATED]","On my way here, I heard about a final weapon...",byId,1.00
s_000646,Alshark (System disk).hdm,0x06C5F7,"が、最近ﾆﾅｯﾃ、どｺぞﾉ者ﾄﾓ知ﾚﾇﾔｶﾗｦｵ側ﾆｵｲﾃ、ｿﾉ者ﾄﾊ、食事ｦ共ﾆ@ﾅｻﾙﾄｶ‥‥0#P","[UNTRANSLATED]","Lately, he's kept some stranger by his side. They even dine together...",byId,1.00
s_000652,Alshark (System disk).hdm,0x068DB3,"だが、約束ｦ果ﾀｽ前ﾆ、@ﾓｳ１ﾂ、ｿﾁ達ﾆ協力ｼﾃﾓﾗﾜﾅｸﾃﾊﾅﾗﾇｺﾄがｱﾙﾉだ0#P","[UNTRANSLATED]","Before I keep my promise, there's one more thing you must do.",byId,1.00
s_000653,Alshark (System disk).hdm,0x06F060,"達ﾉ方だｯﾀ6ﾏｻｶ、ラミュｰが生ｷﾃｲﾙﾄ6ﾊ、夢ﾆﾓ思ﾜﾅｶｯﾀﾉだｶﾗ0#P","[UNTRANSLATED]","Ramyuu is alive...? We never would have dreamed it.",byId,1.00
s_000655,Alshark (System disk).hdm,0x017811,"どｲ傷ﾐ方だﾅ！@修理ﾆﾊ、>>>>>スクラップ@が必要だぞ。@>>>>>>>>修理ｼﾏｽｶ？","[UNTRANSLATED]","Wow, she's in rough shape! Gonna need some SCRAP to fix her. Repair?",byId,1.00
s_000665,Alshark (System disk).hdm,0x051A02,"申ｼ訳ﾅｲｹど、ｳﾁﾊﾏじﾒﾆ働ｸ人ｼｶ必要ﾅｲﾉ。0_残念だｹどﾔﾒﾃﾓﾗｳｼｶﾅｲﾜﾈ。@0ｵ給金ﾓ、ｱげﾗﾚﾅｲﾜ。","[UNTRANSLATED]","Sorry, but you're just not cut out for this. I'm letting you go. No pay.",byId,1.00
s_000666,Alshark (System disk).hdm,0x051A54,"ご苦労ｻﾏ。0@ﾄｺﾛで、突然ﾅﾝだｹど、人手が足ﾘﾁｬｯﾃ、ﾓｳｱﾅﾀﾊ必要ﾅｲﾉ。0_ｵ給金ｦ奮発ｼﾄｲﾀｶﾗ、ｺﾚで許ｼﾃﾁｮｳだｲ。0_6$","[UNTRANSLATED]","Good work. By the way, we're letting you go. Too many people, you know? Here's a fat bonus. We're good, right?",byId,1.00
s_000667,Alshark (System disk).hdm,0x051DCA,"２人ﾄﾓ・・、私ﾉ話ｦ・・ﾖｸ聞ｹ・・・・。@0ジョｰ・・・スクラップ・・ジョｰﾉ・・ﾓﾄﾍ・・・行ｸﾉだ。0_彼ﾅﾗ・・・力ﾆ・・ﾅｯﾃ・・・ｸﾚ・・ﾙﾊずだ。@0・・・マモンﾆ・・・ｲｯﾀｲ・・・何が・・起ｺｯﾀﾉｶ・・・0_ｱｲﾂﾗﾊ・・・ｺﾉ隕石でﾔｯﾃｷﾀ・・・・何者ｶｦ・・・追ｯﾃ・ｷ・・ｿﾚ・ﾊ・・ア・・ル・・シャｰ・・・ク・・・！！0?C","[UNTRANSLATED]","You two... listen to me... Go... to Joe... Scrap Joe... He... will help you... What... what happened here...? They came on this meteor... chasing... something... It... is... Al... shark...!!",byId,1.00
s_000673,Alshark (System disk).hdm,0x052331,"じｻﾝ5ヒック。@0ｱﾝ？俺ﾆ何ｶ用でﾓｱﾝﾉｶ。0・・・ﾅﾝでｲ、文句ｱｯｶ！@0ﾎｯﾄｲﾃｸﾚ・・・ＺＺＺ。","[UNTRANSLATED]","*hic* Whaddaya want? ...Got a problem with that?! Just leave me alone... Zzzzz.",byId,1.00
s_000682,Alshark (System disk).hdm,0x052C29,"俺ｯﾃ、ミルク好ｷｶﾓﾅ。@0（ぐﾙぐﾙぐﾙ・・・）@ｳｯ、腹ﾉぐｱｲが・・・。","[UNTRANSLATED]","Hey, milk's not half bad. (Rumble...) Oh, my gut...",byId,1.00
s_000683,Alshark (System disk).hdm,0x05311D,"悪ｲﾉﾊ、ｱﾉゾリアス兵どﾓだ0奴ﾗ、ペンロｰズ博士ﾆ、何ｶｼﾀﾆ違ｲﾅｲﾝだ。0_ぼｸが・・・俺が、ｿﾉ秘密ｦｱばｲﾃ、博士ｦ助ｹ出ｼﾃﾔﾙ！だｶﾗ、安心ｼﾃ。0_4$","[UNTRANSLATED]","It's those Zolius soldiers! They must've done something to Dr. Penrose. I... *I* will expose their secret and rescue him! So don't worry.",byId,1.00
s_000690,Alshark (System disk).hdm,0x05404B,"ゾリアス兵5・・・ｺ・・ｺﾊ？・・・ﾅ・・・・！！@0_6ゾリアス兵ﾊ、静ｶﾆ目ｦ閉じﾙ6ﾄ息絶ｴﾀ。","[UNTRANSLATED]","""Wh-where... am I...? N-no...!"" The Zolius soldier shuddered, then fell silent.",byId,1.00
s_000694,Alshark (System disk).hdm,0x0546CE,"ぶﾜｯ、ﾊｯﾊｯﾊ！@ｼｮｳがﾈｪ。0_ﾏだ、未完成で乗ﾘﾀｸﾊﾅｶｯﾀﾝだが、俺ﾉ開発ｼﾀ航宙艦ｦ使ｳﾄｽﾙｶ！0_4$","[UNTRANSLATED]","Bwahahaha! All right, fine. She's still a work in progress, but let's use my ship!",byId,1.00
s_000695,Alshark (System disk).hdm,0x054761,"でｪじｮｳぶだｯﾃ。@俺ﾉ造ｯﾀ船だｶﾗﾅ。@ﾏｱ、マｰズ連邦でｺﾚ以上ﾉﾊ望ﾒﾈｪぜ。0_4$","[UNTRANSLATED]","Relax, I built her. Best ship in the whole Mars Federation, guaranteed.",byId,1.00
s_000696,Alshark (System disk).hdm,0x0547BB,"だｼ、ｵ嬢ﾁｬﾝﾉ心配どｳﾘスクラップｶﾗ造ｯﾀﾝだｹどﾅ0ﾏｯ、今ﾊｿﾝﾅ贅沢ﾊ言ｯﾃﾗﾚﾈｪﾔﾅ。0_4$","[UNTRANSLATED]","She's made of SCRAP, missy. But right now, beggars can't be choosers.",byId,1.00
s_000697,Alshark (System disk).hdm,0x05496E,"ダサイ？@ｵ嬢ﾁｬﾝ、聞ｷ捨ﾃﾅﾗﾈｪﾅｧ。俺ﾉ宇宙船ﾉどｺがダサイｯﾃﾝだ？0_4$","[UNTRANSLATED]","""Ugly?"" Hey now, missy. What part of my ship is ugly?",byId,1.00
s_000698,Alshark (System disk).hdm,0x054A84,"アスト・・アトライア。@アトライアｯﾃｲｳﾉﾊどｳｶｼﾗ！0_4$","[UNTRANSLATED]","A-Atlia... How about we call it the Atlia?",byId,1.00
s_000699,Alshark (System disk).hdm,0x054AB9,"アトライア？0@・・・ｲｲじｬﾈｪｶ、ｵ嬢ﾁｬﾝ。ﾅｶﾅｶﾔﾙﾓﾝだ。0_ﾏｯ、スクラップⅡ世号ﾉ方が、格調高ｲｯﾃﾓﾝだが、@ｵ嬢ﾁｬﾝﾉ顔ｦ立ﾃﾃ、今回ﾊｿﾉアトライア号ｯﾃﾉﾆｼﾄｲﾃﾔﾙｶ！！0_4$","[UNTRANSLATED]","Atlia, huh? ...Ain't bad, kid. You got a knack for this. 'The Scrapheap Mk. II' has more class, but I'll let you have this one. The Atlia it is!",byId,1.00
s_000700,Alshark (System disk).hdm,0x054BEF,"船体ﾉ識別コｰドﾊ、マｰズﾉ民間航宙艇ﾉﾓﾉでｽ。@レｰダｰﾆ捕ﾗｴﾏｼﾀ。@モニタｰﾆスキャンｼﾏｽ。0?I","[UNTRANSLATED]","Hull ID matches a civilian ship from Mars. We've got a lock. Putting it on screen.",byId,1.00
s_000703,Alshark (System disk).hdm,0x05507F,"奴ﾊｲﾅｲ！0_4シャイナ5ｱﾅﾀ達、ｲｯﾀｲ何者ﾅﾉ？！0_4ゾリアス兵5ガル・・・ｲｴ、$","[UNTRANSLATED]","He's gone! Who the hell are you people?! Guh... n-nevermind...",byId,1.00
s_000704,Alshark (System disk).hdm,0x055358,"方ﾆﾕｯｸﾘ6ﾄ振ﾘ返ｯﾀ。ｿｼﾃ、彼ﾉ顔ﾔ6姿ｦ記憶ﾄ照合ｽﾙﾖｳﾅ表情ｦ6一瞬見ｾﾀ後、ｿﾉ目が怪ｼｸ光6ｯﾀ。0_4$","[UNTRANSLATED]","He turned. For a second, he seemed to recognize him... then his eyes flashed.",byId,1.00
s_000705,Alshark (System disk).hdm,0x05550A,"君。本当ﾆｽﾏﾅｲ君ﾉｵ父ｻﾝ達ﾊ、私ﾉ使命ﾉ妨げﾄﾅｯﾀﾀﾒ、死ﾝでﾓﾗﾜざﾙｦｴﾅｶｯﾀﾉだ。0_だが、肉体ﾅどﾄｲｳ物ﾊ、私ﾉ偉大ﾅﾙ使命ﾆ比べﾚば・・・0_4$","[UNTRANSLATED]","My apologies. Your fathers were an obstacle to my great mission. I had no choice. Their lives were a small price to pay...",byId,1.00
s_000706,Alshark (System disk).hdm,0x05563E,"シャイナ5ﾁｮｯﾄ、貴方ﾀﾁ。訳ﾜｶﾝﾅｲｺﾄｲｯﾃﾅｲで、私ｦ助ｹﾆ来ﾀﾝﾅﾗ、早ｸｺﾉ連中ｦﾔｯﾂｹﾃﾁｮｳだｲﾖ！0_4$","[UNTRANSLATED]","Are you here to rescue me or just stand around talking? Get rid of these guys already!",byId,1.00
s_000707,Alshark (System disk).hdm,0x05589D,"ゾリアス帝国軍が、ｺﾝﾅﾄｺﾛで何ｦｼﾃｲﾙ！0_6ｿﾉ声以上ﾆ、ﾄﾃﾂﾓﾅｲ圧迫6感ｦ感じﾃ、$","[UNTRANSLATED]","The Zolius Empire, here?! More than his words, I felt a crushing presence.",byId,1.00
s_000708,Alshark (System disk).hdm,0x055AA4,"が、ゾリアス兵ﾆ頭部ｦ吹ｷ飛ば6ｻﾚﾃｼﾏｯﾀﾉだ。0_6瞬間的ﾆ反応ｦ起ｺｼﾀ$","[UNTRANSLATED]","A Zolius soldier blew his head away. He reacted in a flash.",byId,1.00
s_000709,Alshark (System disk).hdm,0x055D2F,"シャイナ5ｱﾘがﾄｳ・・・0_6シャイナﾊ、顔ｦ赤ﾗﾒﾅがﾗ@6女戦士ﾆ礼ｦｲｯﾀ。@6$","[UNTRANSLATED]","""Th-thanks..."" Shaina stammered, blushing at the tall warrior.",byId,1.00
s_000711,Alshark (System disk).hdm,0x055E5A,"どﾁﾗﾆｼﾃﾓ、船体識別コｰドﾓﾅｲﾖｳﾅ船ｦ、ﾎｯﾃｵｸﾜｹﾆﾊｲｶﾅｲｶ。0_私ﾉパトロｰル艇で先導ｽﾙｶﾗチャウスノｰミュﾉステｰションﾏで来ﾃﾓﾗｵｳ。0_4$","[UNTRANSLATED]","A ship without an ID code? Can't just let that slide. My patrol craft will escort you. Follow me to the station.",byId,1.00
s_000712,Alshark (System disk).hdm,0x05650B,"達ﾊ、遺跡ﾉ奥深ｸ、祭壇6ﾉｱﾙ広間ﾆ出ﾃｷﾀ。0_6祭壇ﾉ中央ﾆﾊ、玉座がｵｶﾚ、6ｿｺﾆ、ﾋｶﾗびﾃ完全ﾆミイラ6ﾆﾅｯﾃｼﾏｯﾀミュントス人が6座ｯﾃｲﾀ。0_6ﾊﾀｼﾃ、ｺﾉミイラがサｰトス6老師でｱｯﾀ。0_6遺志ｦ継ぐ者ﾄｼﾃﾉ印でｱﾙ@6銀ﾉ粉で彩ﾗﾚﾀ掌ｦﾓｯﾃ@6$","[UNTRANSLATED]","Deep within the ruins, they found a grand chamber with an altar. A throne sat at its center, occupied by a mummified figure. This was the ancient master. His palm, coated in silver dust, was the mark of his chosen successor.",byId,1.00
s_000713,Alshark (System disk).hdm,0x0565D8,"が、玉座ﾆ近づｸﾄ、@6ｿﾉミイラが口ｦ開ｲﾀ。0_4サｰトス老師5遺志ｦ継ぐ者ﾆ伝ｴﾖｳ。0@惑星ジュｰクﾉ極点ﾆ隠ｻﾚｼ@天駆ｹﾙ船。@我が友ドゥムナﾉ棺ﾊ眠ﾙ。!0?C","[UNTRANSLATED]","As they approached, the mummy spoke. ""To my successor... A sky-faring ship is hidden at the pole of Yosnu. There, my friend We-Dumnah's coffin lies.""",byId,1.00
s_000714,Alshark (System disk).hdm,0x056665,"言葉ｦ最後ﾆ、サｰトス@6老師ﾉミイラﾊ、塵ﾄﾅｯﾃ@6ｶｷ消ｴﾃｲｯﾀ。0_6ｿｼﾃ、ｿﾉ消ｴﾀ後ﾆﾊ、@3ドゥムナﾉマント6が残ｻﾚﾃｲﾀ0_6$","[UNTRANSLATED]","With its final words spoken, the mummy crumbled into dust. All that remained was We-Dumnah's mantle.",byId,1.00
s_000716,Alshark (System disk).hdm,0x056965,"使命ｦｵびﾃ、我々ﾊ、@ゾリアス帝国ﾄ戦ｯﾃｲﾙ。0_4$
5貴公が、ゾリアス人ﾉ宿業でｱﾙ特殊精神波ｦ打ﾁ破ﾙ方法ｦ知ｯﾃｲﾙﾄ聞ｷ、教ｴｦ乞ｲﾆﾔｯﾃｷﾀﾉだ。0_4$","[UNTRANSLATED]","We fight the Zolius Empire. We were told you know the secret to breaking their psychic power, and we've come for your aid.",byId,1.00
s_000717,Alshark (System disk).hdm,0x056A62,"ど、ｲｲだﾛｳ。@ｺﾉリングｦ持ｯﾃｲｸﾄｲｲ。0_6ベックﾊ、胸ポケットｶﾗサイコ6リングｦ取ﾘ出ｽﾄ$","[UNTRANSLATED]","Hmph. Very well. Take this ring. Beck pulled a Psycho Ring from his pocket.",byId,1.00
s_000718,Alshark (System disk).hdm,0x056B9B,"リングﾉ効力がｱﾙ内ﾆ@何ﾄｼﾃﾓサイコシｰルドｦ身ﾆﾂｹﾙｺﾄだ。0_4$","[UNTRANSLATED]","The ring's power is temporary. Learn Psycho Shield now!",byId,1.00
s_000720,Alshark (System disk).hdm,0x056CDC,"が帝国ﾉ開発ｼﾀ最終兵器だ!ラッセルガイヤｰﾆ登載ｻﾚﾀ@ﾓﾉﾊ、特ﾆ大型で、ｿﾉ口径が２００メｰトルｦ越ｴﾙ。0_4$","[UNTRANSLATED]","It's the Empire's ultimate weapon! The one on the Russelgaia is huge, with a bore over 200m!",byId,1.00
s_000721,Alshark (System disk).hdm,0x056D8A,"だｶﾗ、止ﾒﾈばﾅﾗﾝ！@ｿﾉﾀﾒﾆﾊ、ラッセルガイヤｰﾉ正確ﾅ航路ｦ割ﾘ出ｼﾃ、@ワｰプﾆﾖﾙ奇襲攻撃ｼｶﾅｲ！0_4$","[UNTRANSLATED]","We must stop that thing! The only way is to pinpoint its course and launch a warp-ambush!",byId,1.00
s_000724,Alshark (System disk).hdm,0x057255,"ウェポンズ・テスウィル店5ｵｯﾄ、来ﾀﾈｪ。@危ﾅｿｳﾅ連中が。@ﾏｯ、俺ﾓ人ﾉｺﾄﾊ、言ｴﾅｲが、ｱﾝﾀ達、殺生ｼｽぎだぜ。0?N","[UNTRANSLATED]","Well now, look what we have here. A dangerous-looking bunch. Not that I can talk... but you guys sure leave a lot of bodies in your wake.",byId,1.00
s_000735,Alshark (System disk).hdm,0x0578B1,"若者5ｿﾉ制服ﾊ‥‥！@ｱﾅﾀ達ﾊ、チャウスノｰミュﾉ方々でｽﾈ。0@ｶｯｺｲｲﾅｧ、感動ｼﾁｬｳﾅ","[UNTRANSLATED]","That uniform... You're with the Mars Federation! Wow, I'm impressed!",byId,1.00
s_000738,Alshark (System disk).hdm,0x05863F,"ギィィィヤァｰｰｰｰ！！0_6ｺﾉ世ﾉ物ﾄﾊ思ｴﾅｲ悲鳴が、6空気ｦ引ｷ裂ｷｺだﾏｽﾙ。@6だが、$","[UNTRANSLATED]","GYAAAAAAH!! A scream, not of this world, shatters the air. And yet...",byId,1.00
s_000739,Alshark (System disk).hdm,0x05874C,"サイコリングｻｴﾓ6破壊ｼﾃｼﾏｳ強力ﾅ精神波ﾉ前6ﾆ手ﾓ足ﾓ出ﾅｸﾅｯﾃｲﾀ。0_6ｿﾉ苦ｼﾐﾉ中で、彼女ﾊ誰ｶﾉ6声ｦ聞ｲﾀﾖｳﾅ気がｼﾀ。0_‥‥逆ﾗｯﾃﾊｲｹﾅｲ‥‥逆ﾗｴば‥力で従ﾜｻﾚﾙ‥‥0_6$","[UNTRANSLATED]","A psychic wave powerful enough to shatter a Psycho Ring left her helpless. Through the pain, a voice spoke... ""Do not resist... or you will be broken.""",byId,1.00
s_000740,Alshark (System disk).hdm,0x0587E4,"今ﾆﾓ消ｴ去ﾘｿｳ6ﾆﾅﾙ意識ﾉ片隅で、ｿﾉ言葉ｦ6聞ｲﾀ。0_‥‥従ｯﾃﾊｲｹﾅｲ‥‥従ｴば‥‥心ｦ失ｳ‥‥0_6逆ﾗﾜず、従ﾜﾅｲ？@6ｿﾚﾊ‥‥。@6ｿﾝﾅ疑問ｻｴﾓ、今ﾉ$","[UNTRANSLATED]","As she faded, another voice whispered... ""Do not obey... To obey is to lose your soul..."" Don't resist, but don't obey? The question...",byId,1.00
s_000741,Alshark (System disk).hdm,0x058868,"浮ｶばﾅｶｯﾀ。0_‥‥‥意識ｦ波ﾄ化ｼ‥‥決ｼﾃ逆ﾗﾜず‥‥‥意識ｦ波ﾆ乗ｾ‥心ｦ失ｳﾅ‥‥0_6$","[UNTRANSLATED]","...Let your mind become the wave... Ride its current... but do not be swept away.",byId,1.00
s_000742,Alshark (System disk).hdm,0x0588BA,"意識的ﾆｿﾚｦ成ｼ6得ﾀﾉｶ。@6ｿﾚﾄﾓ、苦ｼﾐが、彼女ﾉ雑念6ｦﾇぐｲ去ｯﾀﾉｶ。0_6薄ﾚﾕｸ意識ﾉ中で、彼女ﾉ意識6ﾊ、１点ﾆ絞ﾗﾚﾃｲｯﾀ。@6生ﾏﾚﾃ初ﾒﾃ友ﾄ呼べﾙ仲間ﾄ6ﾅﾚﾀ$","[UNTRANSLATED]","Was it by will, or did the pain burn all else away? As she faded, her mind focused on one thing: the first true friends she'd ever known.",byId,1.00
s_000745,Alshark (System disk).hdm,0x05A171,"ウェポｰキン5ｲﾗﾊｲ、ｲﾗﾊｲ！@惑星ザジル１ﾉシャレﾀ店だゼ！武器ｦ買ｳﾅﾗｺｺｼｶﾅｲ！?N","[UNTRANSLATED]","Step right up! Finest arms on Planet Zajil, right here! Whaddaya need?",byId,1.00
s_000747,Alshark (System disk).hdm,0x05A54D,"べﾙﾖ。@ｺﾉ惑星ﾉ軍事ステｰションﾉ@ガイスト司令官が黒幕ﾅﾝだ。@俺ﾊ、ﾀだキドゥンｦ‥‥‥0_4$","[UNTRANSLATED]","The mastermind is Commander Geist, from the military station. I... I only did it for Kidun...",byId,1.00
s_000748,Alshark (System disk).hdm,0x05AA76,"だｯﾀﾉｶ！@ｲｬ～、良ｸ来ﾀじｬﾈｪｶ。0_ｱﾝﾅﾆ小ｻｶｯﾀガキが、俺ﾉ所ﾍ、彼女ｦ連ﾚﾃ来ﾙﾖｳﾆﾅｯﾀﾄﾊﾅｧ。0_ｵﾒｪﾊ、覚ｴﾁｬｲﾈｪだﾛｳが、昔ﾊ俺ﾆ抱ｶﾚﾃ眠ｯﾀｺﾄﾓｱﾙﾝだぜｪ、ｵｲ。@0で、今日ﾊ、どｳｼﾀｯﾃﾝだ？0_4$","[UNTRANSLATED]","Well, I'll be! Sion, you little punk. Last I saw you, you were knee-high. Now you're bringin' a lady friend? Heh. So, what's the emergency this time?",byId,1.00
s_000749,Alshark (System disk).hdm,0x05ADAF,"で、ｿﾝﾅバカﾅｺﾄｦ‥‥‥0_ｲﾔ、仮ﾆｿｳだｯﾀﾄｼﾃﾓだ奴ﾆﾊ、何ｶﾔﾑﾆﾔﾏﾚﾇ事情がｱｯﾀﾆ違ｲﾈｪ。@ﾝ、絶対ｿｳだ！！0_6泣ｷじｬｸﾙばｶﾘﾉ２人ﾆ、@6$","[UNTRANSLATED]","That's crazy, he'd never... No! Even if he did, there must have been a reason! There had to be! I'm sure of it",byId,1.00
s_000753,Alshark (System disk).hdm,0x05B8FB,"チッ、ﾔｯｶｲﾅｺﾄﾆﾅｯﾁﾏｯﾀぜ。@ｺﾚｦ読ﾝでﾐﾅ。0_41『チャウスノｰミュﾉ皆ｻﾝ、@41惑星ザジルﾍﾖｳｺｿ。@41皆ｻﾝﾆ派手ﾆ動ｷ回ﾗﾚﾙﾄ、41何ｶﾄ目障ﾘﾅﾉで、娘ｻﾝｦ@41ｱずｶﾗｾﾃﾓﾗｲﾏｼﾀ。!0_41ﾂｲﾃﾊ、是非ｵ話ｼｼﾀｲｺﾄ41がｱﾘﾏｽﾉで、ポｰキンﾉ町ﾏ41でｲﾗｼﾃ頂ｷﾀｲ。@41娘ｻﾝﾉｺﾄｦ考ｴﾙﾉでｼﾀﾗ41下手ﾅｺﾄﾊｼﾅｲｺﾄでｽﾅ』!0_4$","[UNTRANSLATED]","Damn, we're in deep. Take a look at this. 'Welcome to Zajil. You've been making a scene, so we're holding your daughter. We need to have a little chat. Meet us in Porkin. And if you want her back in one piece, don't do anything stupid.'",byId,1.00
s_000754,Alshark (System disk).hdm,0x05BDDD,"ゼフィアﾉ長官ｦ討ﾂﾅﾗ、今がチャンスだﾅ。@同じマｰズ人ﾄｼﾃ、ゾリアスﾆ荷担ｽﾙﾅﾝﾃ許ｾﾈｪ野郎だ。0_4$","[UNTRANSLATED]","Now's our chance to take down the Zephia director. A Martian siding with the Zolius... He's a traitor!",byId,1.00
s_000760,Alshark (System disk).hdm,0x05C892,"ステｰションﾊ、惑星マｰズﾉ軌道上ﾆｱﾘﾏｽ。0_ｿｼﾃ、惑星ザジルﾊ、マｰズ星系ﾉﾓｯﾄﾓ外周ｦ回ﾙ植民可能ﾅ緑豊ｶﾅ惑星でｽ。0@ｵ気ｦﾂｹﾃ。","[UNTRANSLATED]","The station is in Mars's orbit. Zajil is a lush, habitable world on the system's outer rim. Be careful.",byId,1.00
s_000761,Alshark (System disk).hdm,0x05C9C2,"無事、任務ｦ遂行ｽﾙｺﾄがでｷﾀﾖｳだﾅ。@本当ﾆﾖｸﾔｯﾃｸﾚﾀ。0_ｿﾉ後ﾉ連邦ﾉ調査でﾜｶｯﾀｺﾄだが、惑星ザジルﾉ軍事ステｰション司令官ガイストﾊ、ゾリアスﾄ深ｸ癒着ｼﾃｲﾀﾖｳだ。0_4$","[UNTRANSLATED]","Mission accomplished. Excellent work. Our follow-up investigation confirmed it: Commander Geist of the Zajil station was in bed with the Zolius.",byId,1.00
s_000762,Alshark (System disk).hdm,0x05CB77,"だが・・0ｻﾃ、ｻｯｿｸで申ｼ訳ﾅｲﾉだが、惑星ビュｰトﾍ向ｶｯﾃﾓﾗｲﾀｲ。0_4$","[UNTRANSLATED]","But... Sorry, no time to rest. I need you to go to Planet Bute.",byId,1.00
s_000765,Alshark (System disk).hdm,0x05D33E,"写ｯﾃｲﾙ物が何ｶﾄｲｳｺﾄﾊ、ﾓｳご存知ﾉｺﾄﾄ思ｳ0_惑星ザジルﾆ麻薬シンジケｰトﾉ大規模ﾅキドゥン栽培園が存在ｼﾃｲﾙﾗｼｲﾄｲｳ未確認情報が前々ｶﾗｱｯﾀ。0_だが、連邦政府ﾄｼﾃﾓ確証がﾂｶﾒず、諜報部ﾉエｰジェントが何度ｶ潜入ｦ試ﾐﾃﾊﾐﾀﾓﾉﾉ全ﾃ失敗ﾆ終ﾜｯﾃｼﾏｯﾀﾗｼｲ。0?C","[UNTRANSLATED]","You already know what's in this photo. We've had rumors for a while about a massive drug syndicate on Zajil, growing something called 'Kidun'. The Federation could never get solid proof. Every agent we sent to infiltrate failed.",byId,1.00
s_000766,Alshark (System disk).hdm,0x05D47F,"現在ﾏでﾆ分ｶｯﾃｲﾙｺﾄｦ教ｴﾖｳ。0_１ﾂﾊ、惑星ザジルﾉシンジケｰトﾉ名前がカリラスﾄｲｳｺﾄ。ｿｼﾃ、ｿﾉ元締ﾒがトｰミュﾄｲｳミュントス人でｱﾙｺﾄだ。0_だが、気ｦﾂｹﾙﾝだぞ。今ﾏでﾆ送ﾘ込ﾏﾚﾀ３人ﾉエｰジェントﾊ、ｽべﾃ抹殺ｻﾚﾃｲﾙｶﾗﾅ。0_4$","[UNTRANSLATED]","Here's what we know. The syndicate on Zajil is called Kalilas, and its leader is a Myuntos named Tomyu. But be careful... the last three agents we sent in were all assassinated.",byId,1.00
s_000768,Alshark (System disk).hdm,0x05D9C0,"君達ﾓ馬鹿だﾈｪ。@連邦ﾉ調査機関ｦﾅﾒﾁｬｲｶﾝﾖ。0_4ロイ5君達が、アトライアｦ奪ｲﾆ来ﾀｺﾄぐﾗｲ、私ﾆﾊ分ｶｯﾃｲﾙﾝだ。0_6ｿｼﾃ、$","[UNTRANSLATED]","You fools. Did you really underestimate the Federation? I knew you were coming to steal the Atlia. And...",byId,1.00
s_000769,Alshark (System disk).hdm,0x05DB71,"兵士5ﾅﾝだ？！@ｺｺﾊ、司令官ﾉ命令で、絶対ﾆ通ｽﾜｹﾆﾊ・・・！！0?C","[UNTRANSLATED]","What?! By order of the commander, no one gets past...!",byId,1.00
s_000770,Alshark (System disk).hdm,0x05DFB9,"兵士ﾉ言葉が終ﾜﾙ6前ﾆ行動ｦ起ｺｼﾃｲﾀ。@6兵士ﾊ、痛ﾐｦ感じﾙ間ﾓﾅｸ@6通路ﾆ横ﾀﾜﾘ、壇","[UNTRANSLATED]","He didn't even finish his sentence. The soldier was down before he felt a thing.",byId,1.00
s_000777,Alshark (System disk).hdm,0x05E7FC,"ホテル5ｵ泊ﾏﾘﾊ、３０クレジット@ｲﾀだｸﾄｺﾛでｽが、@特別ﾆﾀだﾆｼﾃｵｷﾏｽﾖ。0?C","[UNTRANSLATED]","A room is 30 CREDIT, but for you, it's on the house.",byId,1.00
s_000780,Alshark (System disk).hdm,0x05EB23,"奴ﾊ化ｹ物だﾅ。@私ﾓ、ｵﾏｴ達ﾉ逃げﾙ時間ｦ@ｶｾぐﾉが精一杯だｯﾀ。0_4$
5‥‥ﾄｺﾛで、アルシャｰクﾊ、どｳｼﾀﾝだ？0_4$","[UNTRANSLATED]","He's a beast... I barely managed to cover your escape. ...Anyway, what happened to Alshark?",byId,1.00
s_000781,Alshark (System disk).hdm,0x05EC27,"ど。@ｿｳｲｳｺﾄﾅﾗ、ウュリア軍ﾆ連絡ｼﾃ、ペンロｰズ博士ｦ@マｰズ連邦ﾆ送ﾘ届ｹｻｾﾖｳ。0_4$","[UNTRANSLATED]","Alright. I'll have Ulyria's army escort Dr. Penrose to the Mars Federation.",byId,1.00
s_000782,Alshark (System disk).hdm,0x05ED3B,"ペンロｰズ博士ﾊ、@6ウュリアﾉ兵士達ﾆ護送ｻﾚﾃ@6マｰズ連邦ﾍ戻ｯﾃｲｯﾀ。0_4$
5ﾄｺﾛで、$","[UNTRANSLATED]","Dr. Penrose has returned to the Mars Federation under Ulyrian guard. Anyway...",byId,1.00
s_000783,Alshark (System disk).hdm,0x05ED8B,"だが、ゾリアス人ﾉ血ﾄ言ｯﾀﾅ。0@ｿﾉ宿業ｦ克服ｽﾙ方法がｱﾙ@ｶﾓｼﾚﾝぞ。0_4$","[UNTRANSLATED]","Zolius blood, you said? There may be a way to break that curse.",byId,1.00
s_000784,Alshark (System disk).hdm,0x05EDE0,"本当ｶ、$
？@本当ﾅﾗ、教ｴﾃｸﾚ！0_4$
5ｲﾔ、私ﾓ噂で聞ｲﾀだｹだｶﾗﾅﾝﾄﾓ言ｴﾝﾉだが‥‥0_4$
5ゾリアス宙軍参謀ｦｼﾃｲﾀ@ベック・ゴｰギャンﾄｲｳ男が、宙軍総司令ﾉサリバン将軍ｦ@殴ﾘ飛ばｼﾃ、脱走ｼﾀｿｳだ。0_4$","[UNTRANSLATED]","Really? Tell me! / Look, it's only a rumor, but... They say a Zolius staff officer decked Commander Sullivan and then defected.",byId,1.00
s_000789,Alshark (System disk).hdm,0x05F237,"惑星ザジル発ﾉ星間バスﾊ、@次ﾉ便がでﾃｵﾘﾏｽ。0@43惑星マｰズ行ｷ　　　　　１００43惑星ステア行ｷ　　　　　１５０どﾁﾗｦご利用ﾅｻｲﾏｽｶ？?N","[UNTRANSLATED]","Next bus from Zajil is boarding. Mars: 100 CREDIT. Stea: 150 CREDIT. Where are you headed?",byId,1.00
s_000792,Alshark (System disk).hdm,0x05F694,"ばｻﾝ5惑星ジュｰクﾊ、開発が始ﾏｯﾀばｶﾘﾉ氷ﾉ惑星ﾖ。0_開拓ｻﾚﾀ一部ﾉ緑地ｦ除ｲﾃ、陸地ﾉﾎﾄﾝどが氷で覆ﾜﾚﾀ@厳ｼｲ環境ﾐﾀｲﾈ。","[UNTRANSLATED]","Planet Juke? It's an ice world, just recently settled. Most of it's a frozen wasteland, 'cept for a few green zones.",byId,1.00
s_000794,Alshark (System disk).hdm,0x05FB68,"若者5ｺﾉ惑星ﾊ本当ﾆ美ｼｲ惑星でｽﾈ。@ﾀだ、ｱﾉミュントス人達ﾊ@どｳﾓ美観ﾆ欠ｹﾃ・・・","[UNTRANSLATED]","This planet is beautiful. It's just... those Myuntos people are an eyesore.",byId,1.00
s_000795,Alshark (System disk).hdm,0x05FBB5,"じｻﾝ5マｰズ恒星系ﾉ惑星ﾊ、開拓が@進ﾝでｲﾙｶﾗ、美ｼｲ星が@多ｲﾝだ。0_他ﾉ国ﾉ恒星系、ウュリア恒星系ﾔゾリアス恒星系ﾊ、未開拓ﾉ@荒廃ｼﾀ土地ﾓ多ｲﾄｲｳｺﾄだ","[UNTRANSLATED]","The Mars system is full of beautiful, well-developed planets. But the Ulyria and Zolius systems? Mostly untamed, desolate worlds.",byId,1.00
s_000797,Alshark (System disk).hdm,0x05FFB5,"じｻﾝ5マｰズ恒星系ﾉ惑星ﾊ、開拓が@進ﾝでｲﾙｶﾗ、美ｼｲ星が@多ｲﾝだ。0_他ﾉ国ﾉ恒星系、P","[UNTRANSLATED]","The Mars system is well-colonized. You'll find a lot of beautiful worlds here.",byId,1.00
s_000798,Alshark (System disk).hdm,0x06045B,"突然、坑道ﾉ天井ｶﾗ何ｶがバラ6バラﾄ落ﾁﾃｷﾀ。0_2エイブ6ﾉ3奇襲6だ！！0?F","[UNTRANSLATED]","Suddenly, the ceiling caved in! It's an ambush!",byId,1.00
s_000799,Alshark (System disk).hdm,0x0609A7,"額ﾆ手ｦ触ﾚﾀ。0@6ｿﾉ接触地点ｶﾗ、光が盛ﾚ、@6２人ﾉ体が輝ｷｦ増ｼﾃｲｯﾀ。0?C","[UNTRANSLATED]","A hand touched a forehead. Light flared, and both began to glow.",byId,1.00
s_000800,Alshark (System disk).hdm,0x060C4D,"聞ｲﾃﾁｮｳだｲ。@耳じｬﾅｸ、ｱﾅﾀﾉ心で。@私ﾊ、ｱﾅﾀﾉマントﾆ心ﾉ一部ｦ写ｼ込ﾝだﾉﾖ。0_ｱﾅﾀﾉ母親ﾄｼﾃﾉ$","[UNTRANSLATED]","Listen with your heart, not your ears. I've woven a piece of my soul into your cloak.",byId,1.00
s_000801,Alshark (System disk).hdm,0x060DE9,"が懐ﾆｲﾚﾃｲﾀ@6ドゥムナﾉ宝珠が閃光ｦ発ｼﾀｶ6ﾄ思ｳﾄ、彼ﾉ両手が白金ﾉ@6オｰラﾆ包ﾏﾚﾙ！0_4$","[UNTRANSLATED]","We-Dumnah's Orb flashed! His hands were suddenly sheathed in platinum light!",byId,1.00
s_000802,Alshark (System disk).hdm,0x060E4F,"一瞬、戸惑ｯﾀが、@6次ﾉ瞬間ﾆﾊ、為ｽべｷｺﾄが@6分ｶｯﾃｲﾀ。0_6ｿﾉ両手がﾕｯｸﾘﾄ上がｯﾃ@6ｲｷ、$","[UNTRANSLATED]","He hesitated for a moment, then his path was clear. His hands began to rise.",byId,1.00
s_000813,Alshark (System disk).hdm,0x061855,"ゾリアス兵ｦ君達が追ｲ払ｯﾃｸﾚﾀﾉｶ。@ｲﾔ、ｱﾘがﾄｳ。@ｺﾚで、町ﾆ戻ﾙｺﾄがでｷﾙ。0?C","[UNTRANSLATED]","You got rid of those Zolius troops? Thanks! We can finally return to town.",byId,1.00
s_000821,Alshark (System disk).hdm,0x0624F3,"日、落ﾁﾃｷﾀ隕石で私ﾊ@ﾔｯﾃｷﾏｼﾀ。@精神レベルﾉﾓｯﾄﾓ低ｲバクテリアﾄ融合ｼﾃ・・・0_4$","[UNTRANSLATED]","I arrived on a meteorite. I fused with the most primitive life... bacteria.",byId,1.00
s_000823,Alshark (System disk).hdm,0x0625C4,"宇宙ﾉ創世ｶﾗ、ｲｴ、ﾓｼｶｽﾙﾄｿﾚ以前ｶﾗｶﾓｼﾚﾏｾﾝ0私ﾀﾁティリュｰトﾆﾊ、ラルアﾄカｰマが存在ｼﾏｼﾀ。0_4$","[UNTRANSLATED]","Since creation, no, even before... we Tiryute have always had Larua and Kama.",byId,1.00
s_000825,Alshark (System disk).hdm,0x06277D,"ウェｰ・ドゥムナが、ラルアﾉ@戦士？@ｺﾉ宇宙ﾆマｰズ人ｦﾂﾚﾃｷﾀドゥムナが？0_4$","[UNTRANSLATED]","We-Dumnah, a warrior of Larua? The one who brought Martians here?",byId,1.00
s_000827,Alshark (System disk).hdm,0x06297D,"見ﾂｹﾙｺﾄがでｷﾏｼﾀﾖ、アルシャｰク。@ｲﾔ、アスマｰン婦人ﾄｵ呼びｼﾀ方がﾖﾛｼｲｶﾅ。0_4$","[UNTRANSLATED]","Found you at last, Alshark. Or should I call you Lucia Asmarn?",byId,1.00
s_000828,Alshark (System disk).hdm,0x062E18,"ウィスペラｰドﾉ創始者でｱﾙ@6ウェｰ・ドゥムナが、１隻ﾉ植民6船ｦ率ｲﾃ降ﾘ立ｯﾀ場所ｦ記念6ｼﾃ立ﾃﾗﾚﾀ石碑ﾆﾊ、以下ﾉ6ﾖｳﾅ文字が刻ﾐ込ﾏﾚﾃｲﾙ。0_46『創始ウェｰ・ドゥムナﾉ@46　　　　偉業ﾄ@46　　　ｿﾉ遺志ｦ@46　　永久ﾆ語ﾘ継がﾝ。@46　　　　　－ラミュｰ・コセ－』","[UNTRANSLATED]","This monument marks the landing site of the first colony ship, led by We-Dumnah, founder of Whisperard. It is inscribed: 'The deeds and vision of our Founder, We-Dumnah, shall live on for all time. - Lamu Kose -'",byId,1.00
s_000836,Alshark (System disk).hdm,0x063AA4,"最ﾓ優秀ﾅ民族でｱﾙゾリアス人ﾉ血ｦ引ｷﾅがﾗ、マｰズﾔ@ウュリアﾉﾀﾒﾆ戦ｯﾃﾊ。0_4$","[UNTRANSLATED]","You carry the blood of the Zolius, yet you side with Mars and Ulyria.",byId,1.00
s_000838,Alshark (System disk).hdm,0x063DE2,"顔ｦ6確ｶﾒﾙﾖｳﾆ振ﾘ返ｯﾀ。0_4$
5ｲｲｶﾗ、言ﾜﾚﾀ通ﾘﾆｼﾛ！!‥‥命がｱｯﾀﾗ、ノｰザンﾉ砦で会ｵｳ。@早ｸ行ｹ！！0?I","[UNTRANSLATED]","Enough talk, just do it! ...If we're both still alive, we'll meet at the north fort. Go!",byId,1.00
s_000839,Alshark (System disk).hdm,0x0640E1,"アｰミｰショップ5惑星ステアで武器ｦ買ｳﾅﾗ@ｺｺｼｶﾅｲぜ！@どﾝﾅ物がﾎｼｲﾉｶｲｯﾃ@ﾐﾅ！0?N","[UNTRANSLATED]","Welcome to the only real armory on Stea! So, what can I get for ya?",byId,1.00
s_000840,Alshark (System disk).hdm,0x064174,"じｻﾝ5ミュントス人ﾉ村ﾉ者達ﾊ、警戒心が強ｸﾃ、ﾂｷｱｲづﾗｲﾝだ0奴ﾗﾆ信用ｻﾚﾙﾉﾊ、ｶﾅﾘ@大変だﾛｳﾅ。","[UNTRANSLATED]","Those Myuntos people are real wary of strangers. It's tough to get on their good side.",byId,1.00
s_000841,Alshark (System disk).hdm,0x0641CA,"若者5ｺｺﾊ、惑星ステアで一番栄ｴﾃｲﾙテルタイﾉ町だﾖ。@ｺﾉ惑星ﾆﾊ、他ﾆ町が１ﾂﾄ@ミュントス人ﾉ村が３ﾂｱﾙﾝだ","[UNTRANSLATED]","Welcome to Teltia, the biggest town on Stea! There's one other town and three Myuntos villages out there.",byId,1.00
s_000846,Alshark (System disk).hdm,0x0647FC,"ばｱｻﾝ5ｺﾉ惑星ﾆﾊ、@ヤｰクｰ、コルレル、ミカｰ、@ﾄｲｳミュントス村が、@３ﾂｱﾙﾝじｬﾖ。","[UNTRANSLATED]","The three Myuntos villages? That'd be Yaku, Korreru, and Mika, dearie.",byId,1.00
s_000851,Alshark (System disk).hdm,0x065234,"俺ﾊ、ｺﾉ村ｦ一度ﾊ捨ﾃ、@先々ｦ旅ｼﾃ回ｯﾀが、結局ﾊ@戻ｯﾃｷﾃｼﾏｯﾀ。0_ﾔﾊﾘ、ミュントスﾆﾊ、@ミュントスﾉ生ｷ方が似合ｯﾃｲﾙﾄｲｳｺﾄｶ。","[UNTRANSLATED]","I left this village to travel the world, but I always knew I'd be back. A Myuntos belongs with his own kind.",byId,1.00
s_000852,Alshark (System disk).hdm,0x0653B9,"でｽｶﾗ、三ﾂ葉ﾉ紋章ｦ持ﾂ@マｰズ人ﾊ、友ﾄｼﾃ丁重ﾆﾓﾃﾅｽ仕来ﾘﾆﾅｯﾃｲﾙﾉでｽ。0_4$","[UNTRANSLATED]","It is our custom to welcome any Martian bearing the three-leaf crest.",byId,1.00
s_000853,Alshark (System disk).hdm,0x065490,"ドゥムナ老師ﾊ、＜悪＞ｦ封じ@込ﾒﾙﾀﾒﾉ秘力ｦ身ﾆﾂｹﾃ@ｲﾀﾊずでｽ。0_4$","[UNTRANSLATED]","[FIXME: Insert English translation]",byId,1.00
s_000854,Alshark (System disk).hdm,0x06564C,"ドゥムナ老師ﾉ遺志ｦ@継ぐ者ﾀﾙ資格がｱﾙｶどｳｶｦ試ｽﾓﾉﾅﾉでｽ。0_4$","[UNTRANSLATED]","[FIXME: Insert English translation]",byId,1.00
s_000856,Alshark (System disk).hdm,0x065FB4,"一斉ﾆ引ｸﾝだぞ！@0ｾｲﾉｫｰ！0_6鈍ｲ音ﾄ共ﾆ、ﾕｯｸﾘﾄレバｰ6が下ﾆｻがｯﾃｲｷ、ﾔがﾃ機械6が停8","[UNTRANSLATED]","[FIXME: Insert English translation]",byId,1.00
s_000858,Alshark (System disk).hdm,0x06622B,"コルレルﾄｲｳ@ミュントス村でｽ。0@ｺｺｦ北上ｽﾙﾄﾓｳ一ﾂﾉ@ミュントス村ミカｰがｱﾘﾏｽ。","[UNTRANSLATED]","[FIXME: Insert English translation]",byId,1.00
s_000861,Alshark (System disk).hdm,0x06714E,"ミカｰﾉ村。@ミュントスﾉ村でｽ。0@老師ﾊ、ｲﾁばﾝ奥ﾉ家ﾆ住ﾏﾚﾃｲﾏｽ。","[UNTRANSLATED]","[FIXME: Insert English translation]",byId,1.00
s_000864,Alshark (System disk).hdm,0x0677A1,"アルシャｰクﾊ、@6遺志ｦ継ぐべｷ力ｦ見ｲだｼﾀ@6ﾖｳﾅ気がｼﾀ。0_4$","[UNTRANSLATED]","[FIXME: Insert English translation]",byId,1.00
s_000865,Alshark (System disk).hdm,0x06841B,"余ﾊ、父イｰル王ｶﾗ追放ｻﾚﾀ身ﾕｴ、惑星ウュルトリアﾍﾉ@出入ﾘﾊ禁止ｻﾚﾃｵﾙﾉだ。0_4$","[UNTRANSLATED]","[FIXME: Insert English translation]",byId,1.00
s_000866,Alshark (System disk).hdm,0x068593,"執政ﾏでｦﾓ側近ﾉ部下ﾆﾔﾗｾ、自分ﾊ贅沢ﾅ暮ﾗｼﾆ耽ｯﾃｲﾙﾉだ。0_6ザｰテ皇太子ﾊ、ｺｺﾏで一気ﾆ6ｼｬべﾘｷﾙﾄ、天井ｦ仰ぎ、@6一息ｵｲﾃ$","[UNTRANSLATED]","[FIXME: Insert English translation]",byId,1.00
s_000867,Alshark (System disk).hdm,0x068674,"戸惑ﾜﾚﾙﾉﾓ無理ﾊﾅｲ。@ｼｶｼ、ｺﾉﾏﾏﾎｯﾃｵｲﾃﾊウュリアﾉ国政ﾊ衰退ﾉ一途ｦ@ﾀどﾘ、ﾔがﾃﾊ‥‥0_6ザｰテ皇太子ﾊ、目頭ｦ押ｻｴﾙ6ﾄ、$","[UNTRANSLATED]","[FIXME: Insert English translation]",byId,1.00
s_000868,Alshark (System disk).hdm,0x068731,"代ﾜﾘﾄｲｯﾃﾊﾅﾝだが、余が王位ﾆﾂｲﾀ暁ﾆﾊ、ｿﾁ達ﾉ望ﾑラミュｰﾉ記録ｦ全ﾃ@ｵ見ｾｼﾖｳ。0_4$","[UNTRANSLATED]","[FIXME: Insert English translation]",byId,1.00
s_000870,Alshark (System disk).hdm,0x0688ED,"ウュリアﾉ兵士5イｰル王ﾊ、臆病者だ。@俺ﾊ、王ﾆ見切ﾘｦﾂｹﾃ、@ザｰテ様ﾆ仕ｴﾃｲﾙ。","[UNTRANSLATED]","[FIXME: Insert English translation]",byId,1.00
s_000871,Alshark (System disk).hdm,0x06895E,"待ﾁｸだｻｲ。@ウィガﾉ町ﾉ司政官が砂漠で行ｷ倒ﾚﾃｲﾙﾄｺﾛｦ偶然ﾆ発見ｼｺﾉ様ﾅ物ｦ預ｶｯﾃｷﾏｼﾀ。0_6ｿｳｲｳﾄ、$","[UNTRANSLATED]","[FIXME: Insert English translation]",byId,1.00
s_000872,Alshark (System disk).hdm,0x068AE7,"父王ﾉ側近ﾆデュｰク・ギｰデルﾄ申ｽ男がｲﾙ。@滅法、剣ﾉ立ﾂ男ﾗｼｲ。@気ｦﾂｹﾙｺﾄだ。0?I","[UNTRANSLATED]","[FIXME: Insert English translation]",byId,1.00
s_000874,Alshark (System disk).hdm,0x068DF3,"余が、王位ﾆﾂｸﾀﾒﾆﾊ、ｿﾁ達ﾉ命が必要ﾅﾉだ。@ｿｳ、王殺ｼﾉ下手人ﾉ首ﾄｼﾃﾅ！！0_4$","[UNTRANSLATED]","[FIXME: Insert English translation]",byId,1.00
s_000877,Alshark (System disk).hdm,0x069208,"娘5最近、変ﾅロボットが、ｳﾛﾂｷ回ｯﾃｲﾃ、危ﾅｯｶｼｲﾉ。@噂じｬｱ、ゾリアス帝国ﾉ陰謀@じｬﾅｲｶｯﾃ人ﾓｲﾙﾜ。","[UNTRANSLATED]","[FIXME: Insert English translation]",byId,1.00
s_000880,Alshark (System disk).hdm,0x069766,"ビップルｰムﾊ、要人専用ﾉ@特別室でｽ。@宿泊料ﾊ、３００クレジットﾄ@ﾅｯﾃｵﾘﾏｽ。","[UNTRANSLATED]","[FIXME: Insert English translation]",byId,1.00
s_000881,Alshark (System disk).hdm,0x069982,"が、ｺｺﾉ警備隊長ｯﾃ@ﾜｹｶ！！0_4$
5賊ﾆ名乗ﾙ名ﾊ持ﾀﾇが、冥土ﾉﾐﾔげﾆ教ｴﾃﾔﾙ。@我が名ﾊ、$","[UNTRANSLATED]","[FIXME: Insert English translation]",byId,1.00
s_000882,Alshark (System disk).hdm,0x069A78,"叫ぶﾄ、$
6ﾆ正面ｶﾗ突ｯ込ﾝだ。0_6彼女ﾉ右手が閃光ﾄﾅﾘ、@6$
ｦ襲ｳ。0_6ｼｶｼ、$
ﾊ、ｿﾉｻﾗﾆ6上ｦｲｯﾀ。@6信じﾗﾚﾅｲスピｰドで、@6$","[UNTRANSLATED]","[FIXME: Insert English translation]",byId,1.00
s_000883,Alshark (System disk).hdm,0x069B15,"が空中ﾍ@6飛ぶ。@6ｿﾉ軌跡ｦ追ｯﾃ、$
ﾊ、6レイソｰドｦ突ｷ上げﾀ。0_6身ｦﾋﾈｯﾃｶﾜｽ$","[UNTRANSLATED]","[FIXME: Insert English translation]",byId,1.00
s_000884,Alshark (System disk).hdm,0x069B78,"着地ｽﾙﾄ、間髪ｦ@6ｲﾚず２撃目ﾉ攻撃ｦ敢行ｼﾀ。6今度ﾊ、容赦ﾅｲ攻撃だｯﾀ。@6当ﾀﾚば、どｺだﾛｳﾄ消ｼ飛ぶ6ﾆ違ｲﾅｲ。0_6絶対ﾉ自信ﾉ一撃だｯﾀ。@6$","[UNTRANSLATED]","[FIXME: Insert English translation]",byId,1.00
s_000885,Alshark (System disk).hdm,0x069E8C,"込ﾝだ。0_6彼女ﾉ右手が閃光ﾄﾅﾘ、@6$
ｦ襲ｳ。0_6ｼｶｼ、$
ﾊ、ｿﾉｻﾗﾆ6上ｦｲｯﾀ。@6信じﾗﾚﾅｲスピｰドで、@6$","[UNTRANSLATED]","Her hand flashed out to strike, but he was faster, moving at an unbelievable speed.",byId,1.00
s_000886,Alshark (System disk).hdm,0x06A0E2,"ロレリア武器専門店5最近、妙ﾆ増ｴﾃｷﾀロボットｦ倒ｿｳﾄ思ｯﾀﾗ、ｿﾚﾅﾘﾉ@武器ｦ揃ｴﾃｵｲﾀ方がｲｲぜ！0?N","[UNTRANSLATED]","These new robots are tough. You'll need some real firepower if you wanna take 'em out!",byId,1.00
s_000887,Alshark (System disk).hdm,0x06A183,"ばｻﾝ5ｺﾉ星で、氷原ﾆ行ｸ時ﾆﾊ、@普通、氷上車ｦ使ｲﾏｽ。0_でﾓ、変ﾅロボットが、最近、@徘徊ｼﾃｲﾙﾗｼｲｶﾗ、武装ｻﾚﾀﾉｦ探ｼﾀ方がｲｲﾜﾖ。","[UNTRANSLATED]","To cross the ice fields, you need a snowcat. But with all the weird robots out there, you'd better find one that's armed.",byId,1.00
s_000888,Alshark (System disk).hdm,0x06A1F9,"じｲｻﾝ5ツトックﾉ町ﾆ、変ﾜｯﾀ男が@ｵｯﾃﾉｫ。@ｲﾛﾝﾅ物ｦスクラップｶﾗ作ﾘ出ｼﾃｼﾏｳﾝじｬ。0_最近、ﾏﾀ変ﾜｯﾀ物ｦ作ｯﾄﾙﾗｼｲ。@ﾅﾝでﾓ、戦車ﾐﾀｲﾅ氷上車だﾄｲｳｺﾄじｬ。","[UNTRANSLATED]","There's an odd fella over in Tsutokku who can build anything from SCRAP. Word is, he's working on a kind of snow tank right now.",byId,1.00
s_000889,Alshark (System disk).hdm,0x06A2B6,"若者5ｺｺﾊ、惑星ジュｰクﾉ開拓ｦ@目的ﾄｼﾃ作ﾗﾚﾀロレリアﾉ町だﾖ。@西ﾍ行ｸﾄツトックﾉ町がｱﾙﾖ","[UNTRANSLATED]","Welcome to Lorelia, a pioneer town. The town of Tsutokku is to the west.",byId,1.00
s_000891,Alshark (System disk).hdm,0x06A709,"が、ｱｲﾆｸﾄ、ｺﾉ惑星ﾉ氷上車ﾊ、最近出現ｼﾀ得体ﾉ@知ﾚﾅｲロボットどﾓﾆ破壊ｻﾚﾃｼﾏｯﾃ、在庫がﾅｲﾝだ。0_4$","[UNTRANSLATED]","Sorry, but those new mystery robots destroyed all our snowcats. We're fresh out.",byId,1.00
s_000892,Alshark (System disk).hdm,0x06A9CE,"俺ﾉ作ｯﾀスノｰタンクだ0ｱﾉｳｯﾄｵｼｲロボット達ｦ@ﾔｯﾂｹﾃﾔﾛｳﾄ思ｯﾃﾀﾝだが、ｵﾏｴﾆｸﾚﾃﾔﾙﾖ。0_4$","[UNTRANSLATED]","My snow tank. I built it to scrap those pesky robots, but... it's yours.",byId,1.00
s_000893,Alshark (System disk).hdm,0x06AD7E,"達ﾊ、@6メインコントロｰル室ﾄ思ﾜﾚﾙ6部屋ﾍﾄ入ｯﾃ行ｯﾀ。0?I","[UNTRANSLATED]","They entered what looked like the main control room.",byId,1.00
s_000898,Alshark (System disk).hdm,0x06B866,"マｰズ軍？！@大方、脱走兵が、傭兵ﾆでﾓ志願ｼﾆ来ﾀﾄｲｳﾄｺﾛｶ。0@ﾏｱｲｲ、通ｼﾃﾔﾙ。0?I","[UNTRANSLATED]","Mars military? Deserters looking for merc work, I'd guess. Whatever. Let 'em in.",byId,1.00
s_000900,Alshark (System disk).hdm,0x06C21E,"越ｼｸだｻｲﾏｼﾀ。当ホテルﾉ設備ﾄサｰビスﾊ、@ウィスペラｰドでﾓ最高ﾉ水準ｦ誇ｯﾃｵﾘﾏｽ。0?N","[UNTRANSLATED]","Welcome! We offer the finest facilities and service in all of Whisperard.",byId,1.00
s_000901,Alshark (System disk).hdm,0x06C325,"アイテムショップ店員5ｲﾗｯｼｬｲﾏｾ。@ｵ買ｲ物ﾊ、奥ﾉカウンタｰで@どｳぞ。","[UNTRANSLATED]","Welcome. All sales are handled at the back counter.",byId,1.00
s_000916,Alshark (System disk).hdm,0x06D8FC,"皇女様ﾆﾓ困ｯﾀﾓﾉだﾜ。@王宮ｦ抜ｹ出ｼﾀｲﾅﾝﾃ。@私ﾏで、ミｰアﾉﾖｳﾆ王宮ｦ@追ｲ出ｻﾚﾁｬｳじｬﾅｲ。","[UNTRANSLATED]","Oh, that princess! Always wanting to sneak out... I'll be thrown out on the street!",byId,1.00
s_000918,Alshark (System disk).hdm,0x06E022,"朕ｦ殺ｿｳﾄﾊ、許ｼがﾀｲ奴ﾗだ。@どｳｾ、ザｰテﾆでﾓ雇ﾜﾚﾀ@無法者だﾛｳ。0_4$","[UNTRANSLATED]","Assassins! Unforgivable! They must be thugs hired by Zate.",byId,1.00
s_000919,Alshark (System disk).hdm,0x06E0D0,"申ｼﾃﾐﾖ。0_4$
5ｺﾉ者達ﾉ腕ﾊ、ﾀだ者ﾆﾊ@ござｲﾏｾﾝ。0_4$
5特ﾆ、ｿｺﾉ大女。@私でｻｴ、肝ｦ冷ﾔｼｶｹﾏｼﾃござｲﾏｽ。0_4$
5ｿｺで、考ｴﾀﾉでｽが、@ｺﾉ者達ﾆザｰテｦ捕ﾗｴｻｾﾃﾊﾄ‥‥0_4$","[UNTRANSLATED]","Speak.$These people are no mere mercenaries. That giant woman... even I was unnerved. So, I propose we use them to capture Zate.",byId,1.00
s_000920,Alshark (System disk).hdm,0x06E190,"者達が、裏切ﾗﾇ@ﾄﾓ限ﾙﾏｲ。0_4$
5ｿｺﾊ、人質ﾄｼﾃ、１人、@ｺｺﾆ残ｯﾃﾓﾗｲﾏｼｮｳ。0_ｿｼﾃ、ﾓｼﾓ、ザｰテｦ捕ﾗ@ｴﾙｺﾄがでｷﾀﾅﾗ、王ﾉ命ｦ狙ｯﾀﾄｲｳ大罪ｦ許ｼﾃﾔﾘ、適当ﾅ願ｲｦ聞ｲﾃﾔﾙｺﾄﾄ@ｲﾀｼﾏｼｮｳｶ。0_4$","[UNTRANSLATED]","What's to stop them from betraying us?$One of them stays here. As a hostage.$If they capture Zate, we'll pardon their 'crime' and grant them a wish.",byId,1.00
s_000921,Alshark (System disk).hdm,0x06E311,"だ‥‥0_4$
5フフフ‥‥@ｵﾏｴ達ﾊ、何ｶｦ勘違ｲｼﾃ@ｲﾙﾖｳだが、私ﾊ、ｵﾏｴ達ｦ助ｹﾃﾔｯﾀﾉだぞ。0_4$","[UNTRANSLATED]","Heh heh heh... You've got it all wrong. I'm the one who saved your skins.",byId,1.00
s_000922,Alshark (System disk).hdm,0x06E694,"彼が、ドゥムナﾉ意志ｦ継ぐ者@ﾅﾉでｽ。@ｿﾉ身ﾆﾏﾄｲｼマントが、@ｿﾉ証。0_4$","[UNTRANSLATED]","He is the heir to We-Dumnah's will. The mantle he wears is proof.",byId,1.00
s_000924,Alshark (System disk).hdm,0x06E858,"ウュルトリアﾉ補給ステｰションﾆ連絡ｦｲﾚﾃｵｸ。@航宙艦ﾉ整備ﾆでﾓ使ｳが良ｲ。0_4$","[UNTRANSLATED]","I'll let the Ulyrian supply station know you're coming. Get your ship fixed.",byId,1.00
s_000925,Alshark (System disk).hdm,0x06EA28,"秘力ｦ使ｲｺﾅｽﾀﾒﾆﾓ、経験ｦ積ﾑ必要がｱﾙﾄ痛感ｼﾃｲﾏｽ。0_4$
5ｿｳｶ。@ﾅﾗば、惑星ノｰミケﾆｱﾙ@ノｰザンﾉ砦ﾆ行ｸﾄｲｲだﾛｳ0_4$
5ｱｿｺﾅﾗ、ゾリアスｶﾗﾉ攻撃ﾓ、ｿｳｷﾂｸﾊﾅｲ。@ｿﾚﾆ、ｲﾛｲﾛﾅ星ｶﾗ集ﾏｯﾃｸﾙ情報ﾓ多ｲﾄ聞ｸ。0_4$","[UNTRANSLATED]","To control these powers, I need more real-world experience.$I see. Then go to Norzan's fort on Nomike. Zolius attacks are lighter there, and it's a hub for information.",byId,1.00
s_000926,Alshark (System disk).hdm,0x06EC36,"情報でﾊ、ｲﾖｲﾖサリバンﾉ@率ｲﾙラッセルガイヤｰｦ旗艦ﾄｼﾀ敵ﾉ主力部隊が動ｷ出ｼﾀ@ﾗｼｲｶﾗﾉｫ。0","[UNTRANSLATED]","My sources say Sullivan's main fleet is on the move, led by the Russelgaia.",byId,1.00
s_000927,Alshark (System disk).hdm,0x06EC97,"ギｰデルﾊ、ラッセル@ガイヤｰで討ﾁ果ﾃﾀｶ。@知ﾗｾﾆｷﾃｸﾚﾀｺﾄ、心ﾖﾘ感謝ｽﾙ。0","[UNTRANSLATED]","So, Giedel fell aboard the Russelgaia. Thank you for the news.",byId,1.00
s_000928,Alshark (System disk).hdm,0x06F8CF,"ラルアﾉ追跡ﾊ激ｼｸ、最後ﾏで逃げﾙｺﾄがでｷﾀﾉﾊ、@師ドゥムナﾉ植民船１隻だｹ@じｬｯﾀ。0_4$","[UNTRANSLATED]","Their pursuit was relentless. In the end, only We-Dumnah's colony ship escaped.",byId,1.00
s_000929,Alshark (System disk).hdm,0x06F924,"先ﾊ、私が話ｼﾏｼｮｳ0ｿﾉ翌年、２０億ﾉマｰズ人ｦ@失ｯﾀラルアﾊ、カｰマﾆ大敗@ｼﾏｼﾀ。0_4$","[UNTRANSLATED]","The following year, our forces were crushed, and two billion Martians were lost.",byId,1.00
s_000930,Alshark (System disk).hdm,0x06F971,"長ｷﾆﾜﾀﾙ抵抗ﾓﾑﾅｼｸ、@惑星ラルアﾊ陥落ｼ、カｰマﾉ@勢力ﾊ、一気ﾆ拡大ｼﾀﾉでｽ。0_4$","[UNTRANSLATED]","Our long resistance was futile. The planet fell, and their empire grew.",byId,1.00
s_000941,Alshark (System disk).hdm,0x070685,"司令官5現在、ｺﾉ宙域ﾆゾリアス艦隊ﾉ進撃ﾊ見ﾗﾚﾅｲが、油断ﾊでｷﾅｲ。0_4司令官5航宙艦ﾉ整備が整ﾜﾅｲ内ﾊ、@マｰズ連邦ｶﾗ出ﾅｲｺﾄだ。","[UNTRANSLATED]","No sign of the Zolius fleet in this sector, but stay sharp. Until our ships are repaired, don't leave Mars Federation space.",byId,1.00
s_000944,Alshark (System disk).hdm,0x070AD4,"ラッセルガイヤｰﾆ登載ｻﾚﾀ@最終兵器が完成ｼﾀﾀﾒﾗｼｲ。0_4$","[UNTRANSLATED]","Apparently, the Russelgaia's ultimate weapon is complete.",byId,1.00
s_000951,Alshark (System disk).hdm,0x0721EA,"ラッセルガイヤｰ艦内ﾉ@6エアロック制御スイッチｦ@6発見ｼﾀ。0_6スイッチｦ起動ｼﾏｽｶ？0","[UNTRANSLATED]","You've found the Russelgaia's airlock control switch. Activate it?",byId,1.00
s_000952,Alshark (System disk).hdm,0x073317,"スクラップ屋5スクラップﾉ両替ﾅﾗｺﾁﾗで@どｳぞ。0_4　6５ＣＲＥＤＩＴ@4　　　　6↑　　　　　3２キｰ@4　　　3８キｰ　　　　　6↓@4　　　　　　　　6１ＳＣＲＡＰ@46＜3スペｰスキｰ6で加速＞?I","[UNTRANSLATED]","Scrap Dealer: Turn that SCRAP into cold, hard CREDIT! 5 CREDIT ↑ (2 Key) / ↓ (8 Key) 1 SCRAP <Hold SPACE to accelerate>",byId,1.00
s_000953,Alshark (System disk).hdm,0x073412,"ゾリアスﾉ男5笑ｲﾀｷｬ笑ｴ。@ゾリアスﾉ一般人ﾉ生活レベル@ﾅﾝﾃﾉﾊｺﾝﾅﾓﾉだ。","[UNTRANSLATED]","Laugh all you want. This is life for us commoners.",byId,1.00
s_000954,Alshark (System disk).hdm,0x073455,"ゾリアスﾉ女5ﾀだでｻｴ、重ｲ税金ﾆ苦ｼﾒ@ﾗﾚﾃｲﾙﾉﾆ、夫ﾓ労働者ﾄ@ｼﾃ、惑星ビェザﾍ連ﾚﾃ行ｶﾚﾃｼﾏｲﾏｼﾀ。","[UNTRANSLATED]","The crushing taxes were bad enough, but then they took my husband to Bieza as a laborer.",byId,1.00
s_000956,Alshark (System disk).hdm,0x0738DF,"新型エンジンｯﾃﾉﾊ、どｳﾓ@小型ブラックホｰルｦ利用ｼﾀ物ﾗｼｲ。0_4$","[UNTRANSLATED]","The new engine runs on a micro black hole.",byId,1.00
s_000958,Alshark (System disk).hdm,0x07417F,"ゾリアスﾉ子供5ｺｺﾊ、デルアイﾉ町だﾖ。@ｵ母ｻﾝが言ｯﾃﾀﾖ。@ｺﾉ星ﾊ、見捨ﾃﾗﾚﾀ星ﾅﾝだｯﾃ‥‥","[UNTRANSLATED]","Welcome to Del-Ai. My mom says this planet's been forsaken...",byId,1.00
s_000960,Alshark (System disk).hdm,0x074234,"ゾリアスﾉ男5軍ﾉ実験でｺﾝﾅﾆﾅｯﾁﾏｯﾀ星ｦどｳｽﾙｺﾄﾓでｷﾙﾜｹがﾅｲ。0_4ゾリアスﾉ男5俺達ﾊ、細々ﾄ生ｷﾃｲｸｼｶ@ﾅｲﾝだ。","[UNTRANSLATED]","The military's experiments ruined this world. There's nothing we can do now but scrape by.",byId,1.00
s_000961,Alshark (System disk).hdm,0x074297,"ゾリアスﾉ男5以前、ｺﾉ星ﾆ派遣ｻﾚﾀ兵士達が、次々ﾄ謎ﾉ失踪ｦ遂げﾀﾗｼｲ。0_4ゾリアスﾉ男5噂じｬ、ｿﾉ亡霊が西ﾆｱﾙバイオ研究所ﾆ出ﾙﾄｶ‥‥","[UNTRANSLATED]","Soldiers sent here used to disappear without a trace. They say their ghosts haunt the old bio-lab to the west...",byId,1.00
s_000962,Alshark (System disk).hdm,0x074311,"ゾリアスﾉ女5ｺﾉ星ﾊ、ずｲぶﾝ前ﾆ軍ﾉ実験ﾆ使ﾜﾚﾃｲﾀﾉでｽ。@ｿﾉ施設跡が、西ﾉ方ﾆｱﾘﾏｽ0_4ゾリアスﾉ女5決ｼﾃ近寄ﾗﾅｲ方が身ﾉﾀﾒでｽﾖ。@恐ﾛｼｲ化ｹ物が出ﾙﾄｲｳｺﾄでｽｶﾗ。","[UNTRANSLATED]","This world was a military testing ground. The ruins of the lab are to the west. You'd be wise to stay away... It's crawling with monsters.",byId,1.00
s_000963,Alshark (System disk).hdm,0x074450,"バイデンﾉ野郎ﾉデｰタｦ見ﾂｹﾀﾝじｬが‥‥@ｱｲﾂﾓ悲惨ﾅ奴だﾜｨ。0_4$","[UNTRANSLATED]","Found Bayden's file... Poor slob's had it rough.",byId,1.00
s_000964,Alshark (System disk).hdm,0x074665,"虫ｹﾗどﾓが、ｺｺﾏでﾔﾘｵﾙﾄﾊ思ﾜﾅﾝだぞ。@ﾔﾊﾘ、ｱﾉ時、殺ｼﾃｵｸべｷだｯﾀﾅ。0_4ビｰスト・$","[UNTRANSLATED]","Hmph. I underestimated you worms. I should've crushed you back then.",byId,1.00
s_000965,Alshark (System disk).hdm,0x074876,"ゾリアス兵5ハｰッ、ハッハッハッ！@バカﾅ奴ﾗだ。@ﾜざﾜざ殺ｻﾚﾙﾀﾒﾆ来ﾙﾄﾊﾅ。0_4ゾリアス兵5ｵﾏｴ達ﾆバイデン様ﾉ伝言ｦ@伝ｴﾖｳ。0_4ゾリアス兵5ゴルﾉキｰｦ手ﾆｲﾚﾀｹﾚば、星軍総司令部ﾍｺｲ！@バイデン様が直々ﾆ、ｵﾏｴ達ｦ処刑ﾅｻﾙｿｳだ。0_4ゾリアス兵5確ｶﾆ伝ｴﾀぞ！?C","[UNTRANSLATED]","Bwahahaha! You fools, walking right into your own graves! I have a message from Commander Bayden. If you want the Gol Key, come to Star Force HQ! He'll execute you personally! Now you know!",byId,1.00
s_000966,Alshark (System disk).hdm,0x074971,"ゾリアスﾉ男5ｱﾝﾀ達ﾊ、ﾄﾝでﾓﾅｲｺﾄｦｼﾃｸﾚﾀﾖ。0_4ゾリアスﾉ男5ゾリアス人ﾊ、ﾐﾝﾅサンタナ教ﾉ教ｴﾆｽがｯﾃ生ｷﾃｷﾀﾝだ0_4ゾリアスﾉ男5ｿﾚｦ、ララウェル様ｦ殺ｼﾃ@ｼﾏｳﾅﾝﾃ‥‥","[UNTRANSLATED]","You don't know what you've done... The Santhana Church gave our people hope. And you... you murdered Lalawel.",byId,1.00
s_000967,Alshark (System disk).hdm,0x074A32,"ゾリアスﾉ女5ｵｿﾛｼﾔ。@ララウェル様ｦ殺ｼﾃｼﾏｯﾀﾉﾊ、ｱﾅﾀ方ﾅﾉでｽﾈ。0_4ゾリアスﾉ女5ｷｯﾄ、サンタナﾉ神ﾉ天罰が@下ﾘﾏｽﾖ。","[UNTRANSLATED]","Monsters... You're the ones who killed Lalawel. Santhana's divine wrath will be your doom",byId,1.00
s_000968,Alshark (System disk).hdm,0x074A9D,"ゾリアスﾉ子供5ｵ母ｻﾝが‥‥ｵ母ｻﾝが、何ｦ信じﾃ生ｷﾃｲｹばｲｲﾉｶ分ｶﾗﾅｸﾅｯﾀｯﾃ‥‥0_4ゾリアスﾉ子供5どｺｶﾆｲｯﾁｬｯﾀﾖｫ。","[UNTRANSLATED]","My mom said... she didn't know what to live for anymore... and then she just disappeared.",byId,1.00
s_000971,Alshark (System disk).hdm,0x074D05,"ば、星軍総司令部ﾍｺｲ！@バイデン様が直々ﾆ、ｵﾏｴ達ｦ処刑ﾅｻﾙｿｳだ。0_4ゾリアス兵5確ｶﾆ伝ｴﾀぞ！?C","[UNTRANSLATED]","Get to Star Force HQ! Bayden wants to execute you himself. I've delivered the message!",byId,1.00
s_000976,Alshark (System disk).hdm,0x0753D3,"ウュリアﾉ男5カウンタｰﾉ端ﾆ座ｯﾃﾙ男が@ｲﾙだﾛｳ。@ｱｲﾂ、ﾎﾝﾄﾆ酒癖が悪ｲ奴@ﾅﾝだ。","[UNTRANSLATED]","See that guy at the end of the counter? He's a real nasty drunk.",byId,1.00
s_000979,Alshark (System disk).hdm,0x0760D1,"君達ﾆﾊ、私ﾄ、ｿｼﾃラッセルガイヤｰﾄ共ﾆ、宇宙ﾉ塵ﾄ@ﾅｯﾃﾓﾗｵｳ！！0_6帝国宙軍総司令$","[UNTRANSLATED]","You, me, and the Russelgaia... we'll all become stardust together!",byId,1.00
s_000980,Alshark (System disk).hdm,0x07627D,"達ﾆ‥‥ｺﾉキｰｦ渡ｼﾃﾅﾙﾓﾉｶ‥‥‥‥0_4ヒｰト中将5ご安心ｸだｻｲ。@先ﾎど、ラッセルガイヤｰﾉ自爆装置ｦセットｼﾏｼﾀ。0_4ヒｰト中将5ｱﾄ数分で、爆発ｽﾙﾊずでｽ。0_4$","[UNTRANSLATED]","I'll never... let them have... this key... Don't worry, sir. I've set the Russelgaia to self-destruct. It'll blow in a few minutes.",byId,1.00
s_000981,Alshark (System disk).hdm,0x076318,"達ﾓ‥‥ｺﾚで‥‥‥終ﾜﾘだ。@‥‥通路ｦ走ｯﾃﾓ‥今ｶﾗでﾊ‥‥‥間ﾆ合ﾜﾇ‥‥‥。0_4ヒｰト中将5ｿｳだ！！@貴様達ﾊ、ｺｺで死ﾇﾉだ！0_4$","[UNTRANSLATED]","This is... the end... for all of us. You can't escape... in time... That's right! This is where you die!",byId,1.00
s_000982,Alshark (System disk).hdm,0x07647C,"他ﾉ種族ｦ滅ぼｽｺﾄが、@小ｻﾅ犠牲ｶ。@宇宙ｦ無ﾆ帰ｽﾙｺﾄが、@大望ｶ！！0_4$","[UNTRANSLATED]","Genocide is a small sacrifice? Oblivion is your grand ambition!?",byId,1.00
s_000983,Alshark (System disk).hdm,0x0765AA,"叫ぶﾄ、@6ヒｰト中将ｦ指ｻｼﾀ。0_4ヒｰト中将5ﾅ、何ｦバカﾅ‥‥。@ｲｯﾀｲ、何ｦ根拠ﾆ‥‥0_4$","[UNTRANSLATED]","He pointed at Heat. ""Wh-what is this nonsense!? What proof do you have!?""",byId,1.00
s_000984,Alshark (System disk).hdm,0x0767E3,"通路ｦ走ｯﾃﾓ間ﾆ合ﾜﾅｲだﾛｳが、私ﾉ後ﾛﾆｱﾙ司令官用@エレベｰタでﾅﾗ、１分以内ﾆ@ｵﾏｴ達ﾉ艦ﾆﾀどﾘ着ｹﾙ。0_4$","[UNTRANSLATED]","You won't make it running. Take my private elevator! You can reach your ship in under a minute.",byId,1.00
s_000985,Alshark (System disk).hdm,0x076A0C,"側近ｼｶ立ﾁ入ﾙ6ｺﾄﾉ許ｻﾚﾅｲｿﾉ空間ﾊ、@6４角ｲ大広間だｯﾀ。0_6４隅ﾄ４辺ﾊ、一直線ﾆ天井ﾉ@6中心ｦ目指ｽ。@6壁ﾄ天井が一体ﾄﾅｯﾀ@6変ﾜｯﾀ構造ｦｼﾃｲﾀ。0_6内部ﾊ、天井ｦﾅｽ@6上方ﾉ４角錘ﾉ部分ｦ除ｲﾃ、@6周ﾘｦ全ﾃ水晶ﾉﾖｳﾅ輝ｷｦ@6ﾓﾂ金属で包ﾏﾚﾃｲﾙ。0?I","[UNTRANSLATED]","This was a vast, square chamber, a space forbidden to all but the most trusted. The walls and ceiling were one, sloping up to a central point. The entire interior was sheathed in a gleaming, crystal-like metal.",byId,1.00
s_000986,Alshark (System disk).hdm,0x076B94,"ヒャアｰ、ヒャッヒャッヒャッ！思ｯﾀ通ﾘじｬﾜ。@強ｲ力ｦ感じﾙぞ。0_6突然、外見ﾄﾊ裏腹ﾆ、$","[UNTRANSLATED]","Hee hee hee! Just as I thought. I sense a great power. They're stronger than they look.",byId,1.00
s_000987,Alshark (System disk).hdm,0x076C22,"が、思ｯﾀ通ﾘだ！@貴様が言ｯﾀ通ﾘ、ｵびｷ出ｼﾀｱげｸ、貴重ﾅ兵士達ｦﾏﾀ倒ｻﾚﾃｼﾏｯﾀでﾊﾅｲｶ！！0_6$","[UNTRANSLATED]","Just as I feared! Your plan failed! We lured them out, and they just wiped out our troops!",byId,1.00
s_000988,Alshark (System disk).hdm,0x076E81,"構造ｦｼﾃｲﾀ。0_6内部ﾊ、天井ｦﾅｽ@6上方ﾉ４角錘ﾉ部分ｦ除ｲﾃ、@6周ﾘｦ全ﾃ水晶ﾉﾖｳﾅ輝ｷｦ@6ﾓﾂ金属で包ﾏﾚﾃｲﾙ。0?I","[UNTRANSLATED]","The interior is lined with a shimmering, crystal-like metal, except for the pyramid-shaped ceiling.",byId,1.00
s_000989,Alshark (System disk).hdm,0x0782D0,"軍部ｶﾗ武器ｦ横流ｼｼﾃﾙﾓﾉでﾈ。@値段ﾊ、ﾁｮｯﾄ高ﾒだが、@ｲｲ品が揃ｯﾃｲﾙぜ。0_4闇商人5","[UNTRANSLATED]","This stuff is 'liberated' from the military. It's pricey, but it's top-shelf.",byId,1.00
s_000990,Alshark (System disk).hdm,0x078567,"泣Tリバン。0_4ミュントス人5ｺﾉ３人がｲﾙｵｶげで、ウュリア王国ﾊ、相当、窮地ﾆ立ﾀｻﾚﾃｲﾙﾗｼｲ。","[UNTRANSLATED]","With Sullivan, Lalawel, and Bayden on the attack, the Kingdom of Ulyria is on the ropes.",byId,1.00
s_000992,Alshark (System disk).hdm,0x07C2BF,"実ﾊﾅｧ。@以前、惑星ヨスヌﾉ兵器工場ｦ@襲ｯﾀﾄｷﾆ、例ﾉケブレス砲ﾉデｰタｦ頂ｲﾃｷﾀﾝだ。0_4$","[UNTRANSLATED]","Remember that raid on the Yosnu weapons factory? I swiped the data for their cannon.",byId,1.00
s_000994,Alshark (System disk).hdm,0x07C7BD,"ラッセルガイヤｰﾆ@対ｽﾙ作戦だが、敵艦ｦ航行不能ﾆｼﾀﾗ、直ﾁﾆ白兵戦ﾍ持ﾁ@込ﾑぞ。0_4$","[UNTRANSLATED]","Plan for the Russelgaia: disable the ship, then we board her immediately.",byId,1.00
s_000997,Alshark (System disk).hdm,0x07CB51,"で来ﾀﾜﾈ。@でﾓ、油断ｼﾅｲでﾈ。@相手ﾊ、ゾリアス帝国ﾉ総帥@$","[UNTRANSLATED]","You're here. Be careful. You face the Zolius Commander.",byId,1.00
s_000998,Alshark (System disk).hdm,0x07D09A,"ベック・ゴｰギャンｯﾃ人が、@本当ﾆ特殊精神波ﾉ破ﾘ方ｦ知ｯﾃｲﾙﾄｼﾃ、見ﾂｹﾙｺﾄが@でｷﾙｶｼﾗ。0_4$","[UNTRANSLATED]","Even if this Beck Gaugain knows how to beat their psychic waves, can we find him?",byId,1.00
s_001006,Alshark (System disk).hdm,0x07D536,"敵ﾉ兵士達がどﾝどﾝ@押ｼ寄ｾﾃｸﾙﾜ。0@早ｸ、主動力室ﾍﾉ通路ｦ発見ｼﾅｲﾄ‥‥","[UNTRANSLATED]","More soldiers are pouring in! We need to find the main power room",byId,1.00
s_001009,Alshark (System disk).hdm,0x07DA6F,"でﾓ、スクラップで出来ﾃﾙﾝでｼｮ？@安全ﾅﾉｶｼﾗ・・・0_4$","[UNTRANSLATED]","It's made of SCRAP... Are you sure it's safe?",byId,1.00
s_001011,Alshark (System disk).hdm,0x07DB88,"次ﾊ、惑星サチﾈ。@帝国ﾉ開発ｼﾀ新型エンジンｦ@手ﾆ入ﾚﾆ行ｸﾝでｼｮ。0_4$","[UNTRANSLATED]","Next up: Planet Sachi. We're there for the Empire's new engine, right?",byId,1.00
s_001014,Alshark (System disk).hdm,0x07DD7E,"徹底的ﾆ帝国ﾉ@施設ｦ叩ｲﾃﾔﾙ！@ﾏずﾊ、惑星ヨスヌｦ攻ﾒﾙぞ！0_4$","[UNTRANSLATED]","We'll crush every Imperial facility! First, we hit Yosnu!",byId,1.00
s_001016,Alshark (System disk).hdm,0x07DF3F,"ゾリアスﾉ人達ｯﾃ、ﾜｹﾉﾜｶﾝﾅｲ宗教ﾆ入ﾚｻｾﾗﾚﾃ、@毎日、本当ﾆ悲惨ﾅ生活ｦｵｸｯﾃﾙ。0_4$","[UNTRANSLATED]","The Zolius people are forced into some weird cult, living in constant misery.",byId,1.00
s_001017,Alshark (System disk).hdm,0x07E377,"が、髪ｦｶｷｱげﾙﾄ、6ｿﾉ額ﾆﾊ宿業ﾉ証が刻ﾐｺﾏﾚ6ﾃｲﾀ。0_6大ｷｻｺｿ小ｻｲﾓﾉﾉ、@6ﾊｯｷﾘｿﾚﾄ分ｶﾙゾリアスﾉ6角が。0_4$","[UNTRANSLATED]","She brushed back her hair, revealing the mark of her fate: small, but unmistakable Zolius horns.",byId,1.00
s_001018,Alshark (System disk).hdm,0x07E3D8,"母ﾉ名ﾊ、ファラ。@私ｦ惑星マｰズﾉ片田舎ﾉ病院で産ﾐ落ﾄｼ、死ﾝだ。0_4$","[UNTRANSLATED]","My mother, Fara, died when I was born. In some backwater Mars hospital.",byId,1.00
s_001020,Alshark (System disk).hdm,0x07E4D8,"私が、１６才ﾉ誕生日ｦ迎ｴﾀ日軍ﾉ研究所ﾆ連ﾚﾃｲｷ、体ｦ@改造ｼﾀﾉだ。@女ミュｰタント戦士ﾄｼﾃﾅ。0_4$","[UNTRANSLATED]","On my 16th birthday, the army took me. They experimented on me, made me a mutant warrior.",byId,1.00
s_001021,Alshark (System disk).hdm,0x07E57D,"ゾリアス人ｯﾃﾉﾊ、ﾓﾄﾓﾄが王政ﾉ種族でﾈ。@蟻ﾔ蜂ﾉﾖｳﾆ、王族ﾉ血ｯﾃ@ｲｳﾉがｱﾙﾉｻ。0_4$","[UNTRANSLATED]","The Zolius are like a hive. A monarchy, ruled by a single royal bloodline.",byId,1.00
s_001024,Alshark (System disk).hdm,0x07E6E5,"上げﾃｸﾙﾓﾉ6ｦ必死ﾆｺﾗｴ、ｺｺﾏで一気ﾆ6ｼｬべｯﾀ。0@6ｿｼﾃ、最後ﾉ言葉ｦ吐ｷ捨ﾃﾙ6ﾖｳﾆﾂぶﾔｲﾀ。0_4$","[UNTRANSLATED]","Holding back bile, she spoke in a rush. Then, she spat out her final words.",byId,1.00
s_001025,Alshark (System disk).hdm,0x07E73A,"が、私ﾉ致命的ﾅ弱点ﾅﾉだ0私ﾊ、ゾリアス帝国ﾉ王族ﾆ対ｼ戦ｲｦ挑ﾑｺﾄがでｷﾅｲﾉだ。0_6$","[UNTRANSLATED]","But that's my fatal flaw... I'm powerless against the Zolius royal family.",byId,1.00
s_001026,Alshark (System disk).hdm,0x07E785,"達ﾊ、愕然ﾄｼﾀ。0_6ゾリアス帝国ﾆ立ﾁ向ｶｳ数少ﾅ6ｲ味方ﾉ、ｼｶﾓ最ﾓ頼ﾘﾆｼﾃ6ｲﾀﾊずﾉ$","[UNTRANSLATED]","We were floored. Our strongest ally against the Zolius Empire...",byId,1.00
s_001029,Alshark (System disk).hdm,0x07EC70,"秘力ﾉ奥義ｦ手ﾆｲﾚﾃ、一難@去ｯﾀﾄ思ｯﾀﾗ、次々ﾄ問題が生じﾃｸﾙﾅﾝﾃ‥‥。0_4$","[UNTRANSLATED]","It's always something! We solve one problem, and two more pop up.",byId,1.00
s_001032,Alshark (System disk).hdm,0x07F187,"俺が、見張ﾘｦ殴ﾘ飛ばｽｶﾗ、ｿﾉ隙ﾆ、一気ﾆアトライアﾍ@乗ﾘ込ﾑﾝだ。0_4$","[UNTRANSLATED]","I'll deck the guard. That's your cue to make a break for the Atlia.",byId,1.00
s_001036,Alshark (System disk).hdm,0x07F403,"地下酒場ﾉ男が言ｯﾃﾀ話だが、ザｰテｯﾃ野郎ﾉ所ﾍ@行ｯﾃﾐﾅｲｶ？0_4$","[UNTRANSLATED]","A guy at the bar mentioned Zate. Let's go pay him a visit.",byId,1.00
s_001037,Alshark (System disk).hdm,0x07F4B4,"宮殿ﾅﾝｶﾖﾘﾓ、@ウュルトリア見物ﾉ方が好ｷﾅﾝじｬｹどﾅｧ。0_4$","[UNTRANSLATED]","Seein' the sights of Ulyria beats this palace any day.",byId,1.00
s_001038,Alshark (System disk).hdm,0x07F831,"惑星ヒュリスﾈｪ‥‥0@ﾓｳ迷ｳﾉﾊｲﾔだｶﾗ、@ハンドサテライトｦﾀｯｸｻﾝ@買ｯﾃｷﾏｼｮｳﾈ。","[UNTRANSLATED]","Planet Hyulis... I don't want to get lost. Let's buy lots of Hand Satellites.",byId,1.00
s_001043,Alshark (System disk).hdm,0x080558,"今度ﾓ、ウェルダｻﾝﾔジョｰ@ｵじ様ﾊ、試練ﾆ入ｯﾃｲｸｺﾄがでｷﾅｲﾉｶｼﾗ。0_4$","[UNTRANSLATED]","So Werda and Scrap Joe can't enter the trial this time, either?",byId,1.00
s_001044,Alshark (System disk).hdm,0x080888,"ごﾒﾝﾅｻｲ。@最近、ウェルダｻﾝｯﾃ、ｼｬべﾘｶﾀが、ｵじ様ﾆ似ﾃｷﾀｶﾅｯﾃ・・・0_4$","[UNTRANSLATED]","Sorry... It's just, Werda is starting to sound an awful lot like Joe.",byId,1.00
s_001047,Alshark (System disk).hdm,0x080B9B,"バｰツｯﾃ男ﾊ、昔、俺が@メカニックﾉ修行ｦｼﾃｲﾀ頃ﾉ仲間でﾅｧ。0_4$","[UNTRANSLATED]","Barts and I go way back. We trained as mechanics together.",byId,1.00
s_001049,Alshark (System disk).hdm,0x080C85,"ウュリア人ﾉ寿命が、ｲｸﾗ長ｲｯﾃｲｯﾃﾓ、１５０歳ぐﾗｲ@ﾏでｼｶ生ｷﾗﾚﾅｲﾊずだｼ。0_4$","[UNTRANSLATED]","They say Ulyrians live long, but even they only make it to about 150.",byId,1.00
s_001051,Alshark (System disk).hdm,0x080D95,"でﾓ、ウュリアﾊ、ゾリアスﾄ@交戦状態ﾆ入ｯﾃｲﾃ、マｰズ@ｶﾗﾉ星間バスﾊでﾃｲﾅｲﾜ。0_4$","[UNTRANSLATED]","But Ulyria's at war with the Zolius Empire, so no starliners from Mars.",byId,1.00
s_001052,Alshark (System disk).hdm,0x080E0D,"でﾓ、ラミュｰ・コセﾉｺﾄｦ@探ﾙﾀﾒﾆﾊ、どﾝﾅ方法ｦ@使ｯﾃでﾓ、ウュリア王国ﾆ行ｸｼｶﾅｲﾜ。0_6$","[UNTRANSLATED]","Still, we have to get to the Ulyria Kingdom to find Eele-Kose. By any means.",byId,1.00
s_001053,Alshark (System disk).hdm,0x080EE3,"アトライアだﾖ。@ア・ト・ラ・イ・ア！！@盗ﾝじﾏｴば、簡単じｬﾅｲｶ。0_4$","[UNTRANSLATED]","The Atlia. A-T-L-I-A!! The easiest way is to just steal it!",byId,1.00
s_001055,Alshark (System disk).hdm,0x0812A0,"馬鹿ｶ、ｵﾏｴﾊ！@ﾏだ、トｰミュｦﾌﾝじばﾙｯﾃ大仕事が残ｯﾃﾙだﾛｳが！0_4$","[UNTRANSLATED]","Are you nuts?! We've still got the huge job of capturing Tomyu!",byId,1.00
s_001057,Alshark (System disk).hdm,0x0818CA,"どｳﾔﾗ、モンスタｰﾊエイブﾄ呼ばﾚﾄﾙﾖｳだﾅ。@数でﾃｺﾗﾚﾀﾗ、ｶﾅﾘ苦戦ｼｿｳだﾜｲ。0_4$","[UNTRANSLATED]","So they call these monsters 'Abe', eh? We're toast if they attack in a pack.",byId,1.00
s_001061,Alshark (System disk).hdm,0x081E91,"ドゥムナﾉ秘力ｦ手ﾆ入ﾚﾙﾄ@ｲｯﾃﾓ、３００年以上ﾓ昔ﾆ@死ﾝじﾏｯﾀ奴ﾉｺﾄﾅﾝｶ、@調べﾖｳがﾈｪじｬﾈｪｶ。0_4$","[UNTRANSLATED]","So we need We-Dumnah's power? The guy died 300 years ago! How're we gonna find it?",byId,1.00
s_001062,Alshark (System disk).hdm,0x081EEA,"ラシャ大陸ﾉベギｰﾉ町ﾆ、@ドゥムナﾉｺﾄﾆ詳ｼｲ歴史学者がｲﾙﾗｼｲﾜ。0_4$","[UNTRANSLATED]","I heard there's a historian in Beggy who knows about We-Dumnah.",byId,1.00
s_001065,Alshark (System disk).hdm,0x0830B9,"ナビゲｰタﾊ、私ﾆ任ｾﾃ！@0でﾓ、サブ・パイロットがカルじｬ、ｱﾅﾀがｼｯｶﾘｽﾙｼｶﾅｲﾜﾈ。0_がﾝばｯﾃﾈ、$","[UNTRANSLATED]","I'll handle navigation! But with Kal as your co-pilot, you'd better stay sharp!",byId,1.00
s_001071,Alshark (System disk).hdm,0x0834AE,"びびｯﾃﾔがﾝだﾖ！@ﾏずﾊ、Ｗ５０５星系ﾉ@ウュルトリアﾍ行ｯﾃﾐﾙｼｶ@ﾈｪだﾛｳが！","[UNTRANSLATED]","He's chicken! First, let's head for Wurtria in the W505 system!",byId,1.00
s_001076,Alshark (System disk).hdm,0x083A25,"ずﾊ、ブラッジだ。@ｺｲﾂﾊ、強力ﾅ新型エンジンだぜ。0_4$","[UNTRANSLATED]","First up, the Bradge. It's a powerful new engine.",byId,1.00
s_001077,Alshark (System disk).hdm,0x083A9D,"次が、ゲブレス砲だ。@ラッセルガイヤｰﾉ装甲ｦ打ﾁ@抜ｹﾙﾖｳ改良ｦ加ｴﾃｱﾙ。0_4$","[UNTRANSLATED]","Next, the Gebles Cannon. It'll punch right through the Russelgaia's armor.",byId,1.00
s_001078,Alshark (System disk).hdm,0x0877B9,"兵士ﾉ言葉が終ﾜﾙ6前ﾆ行動ｦ起ｺｼﾃｲﾀ。@6兵士ﾊ、痛ﾐｦ感じﾙ間ﾓﾅｸ@6通路ﾆ横ﾀﾜﾘ、蛋`","[UNTRANSLATED]","He acted before the soldier could speak. The man hit the floor, feeling no pain.",byId,1.00
s_001079,Alshark (System disk).hdm,0x051D88,"じ様！！死ﾝじｬだﾒ！@ｱｱ、ｵ父様・・・ﾅぜ、ｺﾝﾅ・・・。0_4$","[UNTRANSLATED]","Father! Don't leave me! Oh, why... why did this happen?",byId,1.00
s_001082,Alshark (System disk).hdm,0x0530CA,"私、ﾅﾝﾃ言ｯﾃｲｲﾉｶ。0@でﾓ、私ﾉｵ父様ｦ恨ﾏﾅｲで。ｺﾚﾆﾊ何ｶｷｯﾄ訳が・・・。0_4$","[UNTRANSLATED]","Please, don't hate my father! I know there's a reason for all this...",byId,1.00
s_001085,Alshark (System disk).hdm,0x054924,"じｬｱ、紹介ｼﾖｳ。@俺ﾉｶﾜｲｲ息子、@スクラップⅡ世号だ。0_4$","[UNTRANSLATED]","Allow me to introduce my pride and joy: Scrap the 2nd!",byId,1.00
s_001086,Alshark (System disk).hdm,0x054CB3,"ジョｰｵじｻﾝ！@ｱﾚﾊ、父ｻﾝ達ｦ殺ｼﾀゾリアス兵達ﾉ船だ。0_4$","[UNTRANSLATED]","Uncle Joe! That Zolius ship... they killed my father!",byId,1.00
s_001087,Alshark (System disk).hdm,0x055F08,"ず、私ﾉ船ﾆ乗ｯﾃﾓﾗｵｳｶ。司令部ﾆ連絡ｦｲﾚﾄｲﾀｶﾗ、救助隊ﾓｶｹﾂｹﾃｸﾙﾄﾊ思ｳがﾅ。0?I","[UNTRANSLATED]","Come aboard my ship. I've contacted command; a rescue team is en route.",byId,1.00
s_001088,Alshark (System disk).hdm,0x056741,"ベック・ゴｰギャンｯﾃﾉﾊ、@ｱﾝﾀｶ？@ﾓｼｿｳﾅﾗ、頼ﾐがｱﾙ。0_6男ﾊ、正面ﾆ立ｯﾀ$","[UNTRANSLATED]","You Beck Gaugain? If you are, I've got a favor to ask.",byId,1.00
s_001096,Alshark (System disk).hdm,0x060D1D,"達ﾊ、カｰマｦ打ﾁ倒ｼﾀ6ｶﾆ見ｴﾀ。0_6ｼｶｼ、ドゥムナﾉ宝珠ﾉ加護ﾉ6ﾅｲ$","[UNTRANSLATED]","It seemed Karma was beaten. But without We-Dumnah's Orb...",byId,1.00
s_001097,Alshark (System disk).hdm,0x062D9A,"だが、次ﾆ会ｳﾄｷﾊ、有無ｦ@言ﾜｻず、ｵﾏｴﾉ仲間ﾀﾁｦ@殺ｼﾃﾔﾙｶﾗﾅ！0_6ﾊﾀｼﾃ、ｿﾉ声ﾊ、走ﾘ去ﾙ@6$","[UNTRANSLATED]","Mark my words! The next time we meet, I'll kill every last one of your friends",byId,1.00
s_001100,Alshark (System disk).hdm,0x065A3E,"得体ﾉ知ﾚﾅｲ機械が、低ｲ稼動6音ｦ響ｶｾﾅがﾗ、動ｷ続ｹﾃｲ6ﾙ。0_4$","[UNTRANSLATED]","The strange machine continues its low, rhythmic hum.",byId,1.00
s_001102,Alshark (System disk).hdm,0x066D23,"今日ｶﾗ、カルﾓ共ﾆ戦ｳぞ。@ﾜｼが、腕ﾆﾖﾘｦｶｹﾃ、@パワｰアップｼﾃﾔｯﾀｶﾗﾉｫ0_4$","[UNTRANSLATED]","Kal's joining the fight! I souped him up myself, you know.",byId,1.00
s_001103,Alshark (System disk).hdm,0x06739A,"でﾊ、ヤｰクｰﾄコルレルﾉ試練ｦ抜ｹﾃｷﾀ方だｹ、ｺﾁﾗﾍ@どｳぞ。0?C","[UNTRANSLATED]","Passed the trials of Yaku and Korureru? This way.",byId,1.00
s_001104,Alshark (System disk).hdm,0x0697AF,"ダブルでｼﾀﾗ、ﾕｯｸﾘﾄ@ｵ休ﾐでｷﾏｽﾖ。@宿泊料ﾊ、１５０クレジットﾄ@ﾅｯﾃｵﾘﾏｽ。","[UNTRANSLATED]","A double room will let you rest easy. That'll be 150 CREDIT.",byId,1.00
s_001105,Alshark (System disk).hdm,0x069D37,"良ｶﾛｳ。@命だｹﾊ、助ｹﾃﾔﾙ。@だが、降伏ｽﾙﾅﾗば、ﾏずﾊ@武器ｦ捨ﾃﾙｺﾄだ。0_6$","[UNTRANSLATED]","Fine. I'll let you live. But if you surrender, drop your weapons first.",byId,1.00
s_001110,Alshark (System disk).hdm,0x06E283,"達ﾉ方ﾍ振ﾘ6ｶｴｯﾀ。0_4$
5ﾄｲｳｺﾄだ。@ｵﾏｴ達ﾆﾊ、ザｰテｦ捕ﾗｴﾃｷﾃﾓﾗｵｳ。0_4$
5ｻﾃ、人質ﾆ残ｯﾃﾓﾗｳ者だが‥‥0_4$","[UNTRANSLATED]","So, here's the plan. You bring me Zate. And to ensure you do... I'll be keeping one of you.",byId,1.00
s_001111,Alshark (System disk).hdm,0x06E596,"でﾊ、初代国王ラミュｰ・コセﾆﾂｲﾃ、知ｯﾃｵﾗﾚﾙｺﾄｦ@教ｴﾃ頂ｷﾀｲ。0_4$","[UNTRANSLATED]","Tell me what you know of the first king, Ramuh Kose.",byId,1.00
s_001112,Alshark (System disk).hdm,0x06F330,"確ｶﾆ、正義ｦ主張ｽﾙラルアﾆﾄｯﾃ、ｺﾉ話ﾊ耳が痛ｲｶﾓｼﾚﾝ。@じｬが‥‥0_4$","[UNTRANSLATED]","For a champion of justice like Larua, this truth may sting. But...",byId,1.00
s_001116,Alshark (System disk).hdm,0x074742,"達ｦ‥‥ｱﾉ‥忌々ｼｲサリバンﾆ‥‥殺ﾗｾﾙ‥ｺﾄﾆ‥ﾅﾙﾄﾊ‥‥0@口惜ｼｲぞ‥‥‥。0_4ビｰスト・$","[UNTRANSLATED]","To be forced to let... that damned Sullivan... have the honor of killing you... Argh...",byId,1.00
s_001118,Alshark (System disk).hdm,0x07550E,"ヒルジャホテル5でﾊ、ｵ部屋ﾉ方ﾆご案内ｲﾀｼﾏｽ。0?C","[UNTRANSLATED]","Welcome to the Hiruja Hotel. Right this way.",byId,1.00
s_001119,Alshark (System disk).hdm,0x075D0A,"手ｦﾂｹﾙﾉﾊアトライアﾆ戻ｯﾃｶﾗだﾅ。0_3ザイザｰ原石6ｦ手ﾆｲﾚﾀ。0_4$","[UNTRANSLATED]","Let's work on this back on the Atlia. Got 6 Zaiser Ore.",byId,1.00
s_001120,Alshark (System disk).hdm,0x078217,"舞台ﾉ上でﾊ、ダンサｰが派手ﾅ6振ﾘ付ｹで踊ｯﾃｲﾙ。0_4$","[UNTRANSLATED]","A dancer's flashy moves light up the stage.",byId,1.00
s_001121,Alshark (System disk).hdm,0x07C1A3,"キｰがｱﾚば、ｷｯﾄ超重力シｰルドﾉ照射ｦ止ﾒﾙｺﾄが@でｷﾙﾉﾖ。0_4$","[UNTRANSLATED]","With the key, we can shut down the gravity shield!",byId,1.00
s_001122,Alshark (System disk).hdm,0x07C267,"俺ﾉ計算じｬｱ、ｿﾛｿﾛ@ラッセルガイヤｰが動ｷ出ｽ。0_4$","[UNTRANSLATED]","By my count, the Russelgaia's about to move.",byId,1.00
s_001126,Alshark (System disk).hdm,0x07E055,"親父ﾊ、カｰマﾆ@乗ｯ取ﾗﾚﾁﾏｯﾃﾙﾝだ。@ｱﾉ時だｯﾃ、娘ﾉｵﾏｴﾏで@殺ｿｳﾄｼﾀﾝだぞ！0_4$","[UNTRANSLATED]","That's not your father, it's Jagma! He tried to kill you!",byId,1.00
s_001127,Alshark (System disk).hdm,0x07E419,"私ﾊ、奇形児ﾄｼﾃ生ﾏﾚ、@ﾎﾄﾝど生ｷﾃｲﾙﾉが不思議ﾅ状態だｯﾀﾗｼｲ。0_4$","[UNTRANSLATED]","I was born a mutant. It was a miracle I even survived.",byId,1.00
s_001128,Alshark (System disk).hdm,0x07E542,"だが、連邦ﾆﾓ誤算がｱｯﾀ。@ｿﾚが、ゾリアスﾉ血ｯﾃﾔﾂだｯﾀﾉｻ。0_4$","[UNTRANSLATED]","But the Federation made one fatal error: our Zolius blood.",byId,1.00
s_001129,Alshark (System disk).hdm,0x07E67A,"反抗ｽﾙｺﾄﾊ、言葉でﾊ言ｲ@表ｽｺﾄがでｷﾅｲﾖｳﾅ苦ｼﾐが自分ﾆ返ｯﾃｸﾙｺﾄﾆﾅﾙ。0_4$","[UNTRANSLATED]","Resist, and you will suffer in ways you cannot imagine.",byId,1.00
s_001130,Alshark (System disk).hdm,0x07F343,"どｳｼﾀﾓﾝｶﾉｫ。@王国ﾉ首都ウュルトリア見物ﾄ@でﾓｼｬﾚｺﾑｶ。0_4$","[UNTRANSLATED]","Now what... Might as well go sightseeing in the capital.",byId,1.00
s_001146,Alshark (System disk).hdm,0x054A1D,"どｲﾂﾓｺｲﾂﾓ！0_ｺﾉ俺ﾉﾂｹﾀ名前が気ﾆ入ﾗﾈｪｯﾃﾉｶｨ。@ｱｱ、分ｶｯﾀﾖ。@じｬｱ、好ｷﾅ名前ｦﾂｹﾃﾓﾗｵｳじｬﾈｪｶ！！0_4$","[UNTRANSLATED]","What, you don't like the name I gave her? Fine! I get it! You can name the blasted thing yourself",byId,1.00
s_001147,Alshark (System disk).hdm,0x0557D9,"数瞬後、エアロックｦ吹ｷ飛ばｼ6ﾃ、ｱｲﾂが入ｯﾃｷﾀ。0?I","[UNTRANSLATED]","He blasted through the airlock just moments later.",byId,1.00
s_001150,Alshark (System disk).hdm,0x0581BC,"ホｰ、ホッホッホッ。@ﾖｳｺｿ、要塞バルバスﾍ。0_4$","[UNTRANSLATED]","Hah hah hah! Welcome to Fortress Barbas.",byId,1.00
s_001152,Alshark (System disk).hdm,0x0589A5,"バカﾅ‥‥ﾅぜ、私ﾉ精神波が効ｶﾅｲﾉだ！！0_6ｿﾚﾏで、苦ｼﾐﾆﾓがｲﾃｲﾀ6$","[UNTRANSLATED]","Impossible! He was in agony... Why don't my powers work?!",byId,1.00
s_001165,Alshark (System disk).hdm,0x061B50,"全ﾃｦ話ｿｳﾄｼﾃ、6思ｲﾄどﾏｯﾀ。@6マントﾉｺﾄﾊ、自分ﾉ胸ﾆだｹ6ｼﾏｯﾃｵｺｳﾄ考ｴﾀﾉでｱﾙ0_4$","[UNTRANSLATED]","He almost told them the truth, but stopped. The cloak's secret was his alone.",byId,1.00
s_001168,Alshark (System disk).hdm,0x06281C,"母ｻﾝ、俺ﾊ信じﾙﾖ。@ｱﾉ時、マモンｵじｻﾝが、@ｵｶｼｸﾅｯﾃｼﾏｯﾀﾉﾓ、@ｷｯﾄ・・・0_4$","[UNTRANSLATED]","Mom, I believe it. And when Uncle Mamon snapped... it must have been...",byId,1.00
s_001169,Alshark (System disk).hdm,0x062CFA,"達ﾉ目ｦ@6貫ｷ、ｿﾉ物体が閃光弾でｱｯﾀ6ｺﾄｦ彼ﾗﾆ思ｲ知ﾗｾﾀ。0_6ｼｶｼ、$","[UNTRANSLATED]","A blinding flash seared their eyes--a flashbang!",byId,1.00
s_001170,Alshark (System disk).hdm,0x064675,"アイテムショップ5ｲﾗｯｼｬｲﾏｾ。@何が、必要でｽｶ？0?N","[UNTRANSLATED]","Welcome to the Item Shop! What'll it be?",byId,1.00
s_001173,Alshark (System disk).hdm,0x068619,"で、是非、余ﾆ力ｦ貸ｼﾃ@ﾓﾗｲﾀｲﾉだ。@でｷﾙｺﾄﾅﾗ、父イｰル王ｦ@討ｯﾃﾓﾗｴﾇｶ。0_4$","[UNTRANSLATED]","I require your aid. You must defeat my father, King Eele-Kose.",byId,1.00
s_001175,Alshark (System disk).hdm,0x069BF5,"達ﾊ、空気ﾉ焦げﾙ臭ｲが6ｼﾀﾖｳﾅ気がｼﾀ。0_6が、$
ﾊ、ｿﾚｻｴﾓ@6避ｹﾀ。0_6戦慄ｽﾙ$","[UNTRANSLATED]","The air sizzled... but he dodged it. His attacker was horrified.",byId,1.00
s_001176,Alshark (System disk).hdm,0x069C6B,"待ﾃｨ！0_6２人ﾉ動ｷが止ﾏｯﾀ。@6$
ﾉレイソｰドﾊ、@6ｱﾄ数ミリで、$","[UNTRANSLATED]","Wait! They froze. His Raysword was a hair's breadth away.",byId,1.00
s_001177,Alshark (System disk).hdm,0x06A614,"若者5ｸｯｿｰ！@ｾｯｶｸ、ｵ金ｦ貯ﾒﾃ買ｯﾀ@氷上車ｦロボットﾆ壊ｻﾚﾃ@ｼﾏｯﾀ。","[UNTRANSLATED]","Damn! A robot wrecked the ice-skimmer I saved up for!",byId,1.00
s_001179,Alshark (System disk).hdm,0x06AA8B,"じｬｱ、俺ﾊ帰ﾙﾖ。@俺ﾉ家ﾊ、ｺﾉ町ﾉ北西ﾉ角だｶﾗ、暇がｱｯﾀﾗ寄ｯﾃﾐﾃｸﾚ0?I","[UNTRANSLATED]","I'm heading home. I live in the NW corner of town. Drop by.",byId,1.00
s_001181,Alshark (System disk).hdm,0x06B8E2,"司政官ﾉ任務ｦ代ﾜﾘﾆ果ﾀｼﾃｸﾚﾀﾗｼｲﾅ。0@だが、特別扱ｲﾊｼﾅｲｶﾗ、@ｿﾉﾂﾓﾘでｲﾛ。","[UNTRANSLATED]","I hear you filled in for the administrator. Don't expect a medal.",byId,1.00
s_001184,Alshark (System disk).hdm,0x06F2BC,"話ﾊ、ｲずﾚﾊ他ﾉ者ﾆﾓ分ｶﾙｺﾄ故、ｲﾏ話ｼﾃｵｸべｷｺﾄﾄ思ｳが‥‥@如何ｶﾉ？0_6ｲｯﾀｲ何ﾉｺﾄﾅﾉｶ、$","[UNTRANSLATED]","The truth will come out. I'll tell you now... (What is this about?)",byId,1.00
s_001185,Alshark (System disk).hdm,0x06F38D,"ば、マｰズ人ﾉ源流。@ｽﾅﾜﾁ、本来ﾉ母星ｦラルアﾄｲｳ。0_4$","[UNTRANSLATED]","The Martians' true origin... a planet called Ralua.",byId,1.00
s_001186,Alshark (System disk).hdm,0x06F41F,"マｰズ人ﾄﾊﾅｧ、創ﾗﾚｼ者@ﾅﾉﾖ。@ラルアﾆﾖｯﾃﾅｧ。0_6ｺﾉ爺ｻﾝﾊ、ｲｯﾀｲ何ｦ@6ｼｬべｯﾃﾔがﾙﾝだ？@6$","[UNTRANSLATED]","The Martians were created... by Ralua. (What is this geezer on about?)",byId,1.00
s_001190,Alshark (System disk).hdm,0x070943,"誰だ？0_4$
5失礼ｼﾀ。@私ﾊ、ウュリア王ﾆ仕ｴﾙ者で、$","[UNTRANSLATED]","Who's there? ...Ah, forgive me. I serve Ulyria.",byId,1.00
s_001194,Alshark (System disk).hdm,0x0724F0,"アトライアﾆ戻ｯﾃどｳｽﾙ！0@時間がﾅｲ！@急ぐﾝだ！！0?I","[UNTRANSLATED]","Forget the Atlia! We have no time! Go, go, go!",byId,1.00
s_001195,Alshark (System disk).hdm,0x0739A2,"ゾリアス帝国ﾉ秘密兵器6工場だｯﾀ。0_4$","[UNTRANSLATED]","A Zolius Empire secret weapon factory.",byId,1.00
s_001199,Alshark (System disk).hdm,0x0754A7,"ウュリアﾉ男5ｺﾉ惑星ﾉ伝説？！@ｿﾝﾅﾉ信じﾁｬｲﾈｪﾖ。@ばｶばｶｼｲ！","[UNTRANSLATED]","This planet's legend?! What a load of garbage",byId,1.00
s_001200,Alshark (System disk).hdm,0x0764CA,"私ﾆ‥‥何ｦｲｯﾃﾓ‥‥無駄ﾅｺﾄだ。@君達ﾊ‥‥ｺｺで‥私ﾄ‥一緒ﾆ死ﾇﾉ‥‥‥だｶﾗ‥‥‥0_4$","[UNTRANSLATED]","Say what you will... it's useless. You're all dying... right here... with me...",byId,1.00
s_001206,Alshark (System disk).hdm,0x07C518,"理由ﾊﾖｸﾜｶﾗﾝが、どｳﾓ@ｺﾉザイザｰ鉱ﾉ破片ﾆ反応ｼﾄﾙﾖｳじｬ。0_4$","[UNTRANSLATED]","Beats me why, but it's reacting to this Zaiser ore.",byId,1.00
s_001210,Alshark (System disk).hdm,0x07DAA4,"嬢ﾁｬﾝ、ｿﾘｬｱﾅｲだﾛ。ｺﾉ天才が造ｯﾀﾝだｶﾗ、@ｿﾘｬｱスゲエ船ﾅﾝだぜ。0_4$","[UNTRANSLATED]","What're you talkin' about? I'm a genius! This ship's a work of art!",byId,1.00
s_001211,Alshark (System disk).hdm,0x07EE1B,"だがﾅｧ、ｺﾚだｹﾊ心ﾆ命じﾃｵｹ。@ｵﾏｴﾊ、男ﾅﾝじｬｨ！@男ﾄｼﾃ恥じﾅｲ生ｷ方ｦｾｲ！0_4$","[UNTRANSLATED]","But remember this: You're a man now! So live a life you can be proud of!",byId,1.00
s_001213,Alshark (System disk).hdm,0x07F5F6,"面倒ﾅｺﾄﾆﾅｯﾃｷﾀﾜｨ。@じｬｶﾗ、ウュルトリア見物ｼﾃｲﾚば良ｶｯﾀﾓﾉｦ‥‥0_4$","[UNTRANSLATED]","What a mess... We should've just gone sightseeing in Ulyria.",byId,1.00
s_001218,Alshark (System disk).hdm,0x080526,"最後ﾉ試練ﾊ、@コルレルﾉ村ﾉ北、ミカｰﾉ村ﾆｱﾙﾉﾈ。0_4$","[UNTRANSLATED]","The last trial's in Miker, north of Korrel.",byId,1.00
s_001220,Alshark (System disk).hdm,0x080816,"ハッ、ミュントスﾆﾓ遺跡ﾉｱﾙﾖｳﾅ文明がｱｯﾀﾄﾊﾅ。@ﾅｶﾅｶﾔﾙじｬﾈｪｶ。0_4$","[UNTRANSLATED]","Hah! So Myuntos had a real civilization here. Not half bad.",byId,1.00
s_001222,Alshark (System disk).hdm,0x080DE1,"畜生ﾒ！@アトライアｻｴ使ｳｺﾄがでｷﾀﾗ・・・0_4$","[UNTRANSLATED]","Damn it! If only we could use the Atlia...",byId,1.00
s_001223,Alshark (System disk).hdm,0x080F54,"私ﾊ、別ﾆ連邦ﾆ恩がｱﾙﾜｹでﾓﾅｲｼﾅ。@乗ﾘｶｶｯﾀ船だ。@勝手ﾆｽﾚばｲｲ。0_6$","[UNTRANSLATED]","I don't owe the Federation a thing. But I'm in. It's your call.",byId,1.00
s_001229,Alshark (System disk).hdm,0x05108D,"達ﾄ一緒ﾆ、昨日落ﾁﾀ@隕石ﾉ調査ﾍ行ｸｺﾄﾆﾅｯﾃ@ｲﾙﾝだ。0_4$","[UNTRANSLATED]","We're going to check out yesterday's meteorite.",byId,1.00
s_001231,Alshark (System disk).hdm,0x051C3E,"だ？@どｳｼﾃｺﾝﾅ所ﾆギギﾉ死体がｱﾙﾝだ・・・？0_4$","[UNTRANSLATED]","Gigi's body... What's it doing here?",byId,1.00
s_001233,Alshark (System disk).hdm,0x053C44,"村ﾉ連中ﾄｷﾀﾗ、@ｲﾂﾏでﾓ古ｲ慣習ﾆ縛ﾗﾚ@ﾔがｯﾃ。0_ｱﾝﾅ生活ﾔｯﾃﾗﾚﾙｶｯﾃ@ﾝだ！","[UNTRANSLATED]","These villagers are slaves to tradition. I've gotta get out of here!",byId,1.00
s_001240,Alshark (System disk).hdm,0x055B1C,"シャイナ5ｷｬｯ！！0_6だが、ｿﾚﾆ匹敵ｽﾙスピｰドで6$","[UNTRANSLATED]","Shaina: Aah!! But it's just as fast!",byId,1.00
s_001242,Alshark (System disk).hdm,0x056925,"私ﾉ方ｺｿ失礼ｼﾀ。@ﾄｺﾛで、君ﾊﾅぜ私ﾉ名ｦ？0_4$
5失礼ｽﾙ。@私ﾊ、$","[UNTRANSLATED]","My apologies. But how do you know my name? I am...",byId,1.00
s_001243,Alshark (System disk).hdm,0x05868B,"女神ﾄｻｴ@6思ｴﾙ美ｼｲ笑ﾐｦ浮ｶべﾃｲﾀ0#Z","[UNTRANSLATED]","A truly divine smile.",byId,1.00
s_001244,Alshark (System disk).hdm,0x0595E1,"が、目的ﾉﾓﾉﾉﾖｳだ。@ｻｱ、ﾐﾝﾅ手ﾆｺﾉ粉ｦﾂｹﾙﾝだ。0_6３人ﾉ掌ﾆ青ﾉ粉がﾂｲﾀ。0_4$","[UNTRANSLATED]","This is it. Put this powder on your hands. (Their palms are now blue.)",byId,1.00
s_001249,Alshark (System disk).hdm,0x05B374,"ディフェンダｰ5死ﾆﾀｸﾅｹﾘｬ、ｲｲ防具ｦ装備ｽﾙ！@ｺﾚﾆｶぎﾙﾈｪ。?N","[UNTRANSLATED]","Defender: Good armor keeps you from being dead armor.",byId,1.00
s_001256,Alshark (System disk).hdm,0x060404,"坑道ﾉ奥深ｸｶﾗ、身震ｲｼﾀｸ6ﾅﾙﾖｳﾅ不気味ﾅｳﾅﾘ声が、6聞ｺｴﾃｸﾙ。0_4$","[UNTRANSLATED]","A chilling moan drifts from the depths of the mine.",byId,1.00
s_001257,Alshark (System disk).hdm,0x060770,"だが、ﾊﾀｼﾃ、ｱﾅﾀ方ﾆ、@ｺﾉ私ｦ倒ｽｺﾄがでｷﾏｽｶﾅ0#C","[UNTRANSLATED]","But can you truly hope to defeat me?",byId,1.00
s_001260,Alshark (System disk).hdm,0x062079,"アイテムショップ5ｲﾗｯｼｬｲﾏｾ。@どﾉﾖｳﾅ品ｦｵ求ﾒでｽｶ？?N","[UNTRANSLATED]","Item Shop: Welcome! What can I get for you?",byId,1.00
s_001261,Alshark (System disk).hdm,0x0626BD,"私ﾊ、アルシャｰク。@ラルアﾉ戦士でｽ。0_4$","[UNTRANSLATED]","I am Alshark. Warrior of Rarua.",byId,1.00
s_001262,Alshark (System disk).hdm,0x06405F,"アイテムショップ5ｲﾗｯｼｬｲﾏｾ。@何ｶ、ご入ﾘﾖｳでｼｮｳｶ？0?N","[UNTRANSLATED]","Welcome to the Item Shop! How can I help?",byId,1.00
s_001265,Alshark (System disk).hdm,0x0655B8,"分ｶﾘﾏｼﾀ。@ｼｶｼ、全ﾃｦｵ話ｼｽﾙ前ﾆ、ｱﾅﾀ方ﾉ遺志ｦ継ぐ者ﾄｼﾃﾉ力ｦ試ｻﾅｸﾃﾊﾅﾘﾏｾﾝ。0_4$","[UNTRANSLATED]","I'll tell you everything. But first, you must prove you're worthy of the truth.",byId,1.00
s_001267,Alshark (System disk).hdm,0x0660ED,"森ﾉ中ﾉ暮ﾗｼﾓｽﾃﾀ@ﾓﾝじｬﾅｲｻ。@俺達ﾉ好物ﾉ木ノ実ﾓﾀｸｻﾝ@取ﾚﾙｼﾅ。","[UNTRANSLATED]","Life in the woods ain't so bad. Plenty of our favorite nuts to go around.",byId,1.00
s_001270,Alshark (System disk).hdm,0x068A4A,"抜ｹ、ﾏｯｽぐ行ｹば、@ザｰテ様ﾉ玉座。@ｸﾚぐﾚﾓ粗相ﾉﾅｲﾖｳﾆ！0?I","[UNTRANSLATED]","Proceed straight ahead to the throne room. Mind your manners before the king!",byId,1.00
s_001272,Alshark (System disk).hdm,0x069A20,"ど。@国王ﾆ飼ｲ慣ﾗｻﾚﾀ、番犬ｶ。だが、私が倒ｾﾙﾓﾉｶ、@ﾔﾚﾙﾓﾝﾅﾗ、ﾔｯﾃﾐﾛ！！0?C","[UNTRANSLATED]","Hmph. So you're the king's lap dog? You think you can beat me? Go on, try!",byId,1.00
s_001285,Alshark (System disk).hdm,0x073853,"畜生！@新型エンジンﾊ、ｽでﾆ持ﾁ出ｻﾚﾀ後ｯﾃﾜｹｶ。0_4$","[UNTRANSLATED]","Blast! Looks like the new engine is already gone.",byId,1.00
s_001287,Alshark (System disk).hdm,0x076009,"ラッセルガイヤｰﾉ第１艦橋ﾆ@6到達ｼﾀ！0?I","[UNTRANSLATED]","We've reached the Russelgaia's bridge!",byId,1.00
s_001288,Alshark (System disk).hdm,0x076B5F,"ウィスペラｰドｦ貴様ﾉ思ｲ通ﾘﾆﾊｻｾﾅｲ！！@降ﾘﾃｷﾃ戦ｴ！0_4$","[UNTRANSLATED]","You won't have your way with Whisperard! Come down and fight me!",byId,1.00
s_001293,Alshark (System disk).hdm,0x07DBC9,"帝国ﾉ開発ｼﾀ新型エンジンが@ﾅﾝじｬｲ！@ｿﾉｳﾁﾆ‥‥0_4$","[UNTRANSLATED]","So the Empire built a new engine. Big deal! Just you wait...",byId,1.00
s_001295,Alshark (System disk).hdm,0x07EF68,"だﾒだ。@本当ﾆ、ｺﾉマントﾆｶｱｻﾝﾉ心が写ｼ込ﾏﾚﾃｲﾙﾝだﾛｳｶ0_4$","[UNTRANSLATED]","No use... Does this cape really hold Mom's spirit?",byId,1.00
s_001296,Alshark (System disk).hdm,0x07F22D,"アトライアﾉ整備ﾊ、自分達で@どｳﾆｶｽﾙｼｶﾅｸﾅﾙ。0_4$","[UNTRANSLATED]","The Atlia's maintenance is up to us now.",byId,1.00
s_001299,Alshark (System disk).hdm,0x07FDCC,"有名ﾅ所だｶﾗﾅｧ。@前ﾆ、ジ‥‥ョｰｵじｻﾝﾓ勧ﾒﾗﾚﾀｺﾄがｱﾙﾝだﾅ、ｺﾚが0_4$","[UNTRANSLATED]","Yeah, it's a famous spot. Believe it or not, even Joe was told to go.",byId,1.00
s_001301,Alshark (System disk).hdm,0x080A7F,"何ﾆｼﾃﾓ、ｵﾏｴ達ﾉ@ﾔﾛｳﾄｼﾃｲﾙｺﾄが、@何ﾅﾉｶ、ドゥムナﾉ棺ｦ見ﾂｹﾚば、ﾊｯｷﾘｽﾙだﾛｳ。0_4$","[UNTRANSLATED]","Whatever you're trying to do, you'll find your answers at We-Dumnah's coffin.",byId,1.00
s_001303,Alshark (System disk).hdm,0x080D5F,"じｬｱ、ウュリア王国ﾆ行ｯﾃ@ﾐﾚば、何ｶ分ｶﾙｶﾓ知ﾚﾅｲﾜﾈ。0_4$","[UNTRANSLATED]","So, maybe we'll find some answers in the Ulyria Kingdom.",byId,1.00
s_001307,Alshark (System disk).hdm,0x081DE6,"ダイナﾉ村ｶ・・・@ｼｶｼ、ｵﾏｴ達ﾊ、どｳﾓﾖｸﾜｶﾝﾈｪｺﾄが多ｽぎﾙﾅ。0_4$","[UNTRANSLATED]","Dyna Village, eh... There's a lot I don't get about you guys.",byId,1.00
s_001309,Alshark (System disk).hdm,0x01751D,"荷物ｦ持ｯﾀﾗ、重ｲじ@ｬﾛｳが。@少ｼﾊ、整理ｼﾀﾗどｳﾅﾝじｬ@ｲ！！","[UNTRANSLATED]","Carrying all that junk will weigh you down! Organize it!",byId,1.00
s_001319,Alshark (System disk).hdm,0x054101,"が、機械ﾆ暗号ｦ打ﾁ込ﾝ6で、レバｰｦ引ｲﾀ。0?O","[UNTRANSLATED]","She punched in the code, pulling the lever.",byId,1.00
s_001324,Alshark (System disk).hdm,0x055B4B,"２人ﾉゾリアス兵ﾓ@6動ｲﾃｲﾀ。0_6シャイナｦ$","[UNTRANSLATED]","Two Zolius soldiers advanced on Shaina.",byId,1.00
s_001325,Alshark (System disk).hdm,0x055CA4,"自分ﾆ言ｲ聞ｶｾﾙ6ﾖｳﾆﾂぶﾔｸﾄ、シャイナｦ@6助ｹ起ｺｼﾀ。0_6$","[UNTRANSLATED]","Muttering to himself, he helped Shaina to her feet.",byId,1.00
s_001326,Alshark (System disk).hdm,0x055ED9,"仕方がﾅｲﾅ。0_4シャイナ5ｱﾉｳ、私ﾊ・・・0_4$","[UNTRANSLATED]","Sigh... Fine. My name is...",byId,1.00
s_001327,Alshark (System disk).hdm,0x0570D6,"テスウィルﾉアイテム屋ｻﾝ5ｲﾗｯｼｬｲ。@何ﾆｲﾀｼﾏｽｶ？0?N","[UNTRANSLATED]","Welcome! What can I get for you?",byId,1.00
s_001330,Alshark (System disk).hdm,0x057873,"チンピラ5兄ﾁｬﾝ、どｳだｲ。@ｲｲ娘、紹介ｽﾙぜ！0_4$","[UNTRANSLATED]","Hey, mac! I can hook you up with a hot number!",byId,1.00
s_001331,Alshark (System disk).hdm,0x0596AD,"じｬｨ。@意外ﾄ早ｸ戻ｯﾃｷﾀﾅ。@ﾜｼﾓ無理ｼﾃでﾓ行ｸべｷ@だｯﾀｶﾅ。0_4$","[UNTRANSLATED]","You're back already? Heh. Guess I should've tagged along.",byId,1.00
s_001332,Alshark (System disk).hdm,0x05A638,"見ｶｹﾅ‥‥‥@0ｵ、ｵﾏｴ達！チャウスノｰミュだﾅ！！@0ｸｯｿｰ、ﾔｯﾃﾔﾙぜ！?F","[UNTRANSLATED]","Who're you... Hey! You're those rebels! Blast it, time to die!",byId,1.00
s_001336,Alshark (System disk).hdm,0x05B581,"待ｯﾃｸﾚ。@ボスﾊ、ｺｺﾆﾊｲﾈｪﾝだ。@取引で、惑星ｶﾗ離ﾚﾃﾙﾝだ。0_4$","[UNTRANSLATED]","Whoa, hold up! The boss is gone. Left the planet for a deal.",byId,1.00
s_001338,Alshark (System disk).hdm,0x05C39E,"ロイﾆ呼ばﾚﾃ、司令室ﾆ入ｯﾃ6ｷﾀﾉﾊ、ｱﾉ大女でｱｯﾀ。0_4$","[UNTRANSLATED]","Answering Roy's call, Werda entered the room.",byId,1.00
s_001344,Alshark (System disk).hdm,0x0613AC,"ばｻﾝ5ｲｲ学校ﾍｲｯﾃ、ｲｲ会社ﾆﾊｲｯﾃ、ｲｲｵ嫁ｻﾝｦﾓﾗｯﾃｲｲ子ｦﾂｸｯﾃ・・・0@ｲｲｵ墓ﾆﾊｲﾙﾉﾖ！","[UNTRANSLATED]","School, job, wife, kids... then you kick the bucket! That's the way it is!",byId,1.00
s_001347,Alshark (System disk).hdm,0x063129,"武器屋5ｲﾗｯｼｬｲﾏｾ。@ｵ好ﾐﾆｶﾅｳ物がｱﾙﾄ@ﾖﾛｼｲﾉでｽが・・・?N","[UNTRANSLATED]","Welcome. I trust you'll find something to your liking.",byId,1.00
s_001350,Alshark (System disk).hdm,0x0654F1,"ドゥムナ老師ﾉ秘力でｽﾄ？！@‥‥‥どｺで、ｿﾚｦ‥‥‥0_4$","[UNTRANSLATED]","That's We-Dumnah's secret art! Where did you...?",byId,1.00
s_001351,Alshark (System disk).hdm,0x0663B5,"達ﾊ、コルレル老師ﾆ@6ｿﾉ印ｦ見ｾﾀ。@6ｿﾉ結果、$","[UNTRANSLATED]","We showed the mark to the elder.",byId,1.00
s_001352,Alshark (System disk).hdm,0x0664B5,"でﾊ、次ﾉ試練ｦ受ｹﾙﾀﾒ、@ｺﾉ村ﾉ北、ミカｰﾉ村ｦ@ｵﾀずﾈﾅｻﾚ。0?C","[UNTRANSLATED]","Your next trial awaits in Mikaa, a village to the north.",byId,1.00
s_001354,Alshark (System disk).hdm,0x0681CB,"誰ﾓｲﾅｸﾅｯﾀ宮殿ﾆ、@6ザｰテﾉ玉座だｹが、ぽﾂﾝﾄ@6残ｻﾚﾃｲﾀ。","[UNTRANSLATED]","In the empty palace, only the king's throne remained.",byId,1.00
s_001355,Alshark (System disk).hdm,0x0682DE,"でｱｯﾀｶ。@ｱｲﾔ、隣国ﾉ英雄でｱﾙﾅ。@望ﾐﾉ品ｦ申ｼﾃﾐﾖ。@褒美ﾄｼﾃﾄﾗｾﾖｳ。0_4$","[UNTRANSLATED]","So, you're the hero from the next kingdom. Name your prize.",byId,1.00
s_001356,Alshark (System disk).hdm,0x0694A6,"毎日ｯﾃ‥‥、ｺｺｯﾃ、@一泊、３００クレジットﾓｽﾙﾝだぜ。0_4$","[UNTRANSLATED]","Whoa, 300 CREDIT a night? We can't stay here every day!",byId,1.00
s_001357,Alshark (System disk).hdm,0x06A556,"ばｻﾝ5ｳﾁﾉｵじｲｻﾝﾊ、昔、@氷山地帯で迷ｯﾃ、死ﾆｶｹﾀ@ｺﾄがｱﾙﾉﾖ。","[UNTRANSLATED]","My husband nearly died once, lost out in the ice fields.",byId,1.00
s_001358,Alshark (System disk).hdm,0x06A5DA,"ばｱｻﾝ5ｺﾉ星ｦ観光ｽﾙﾄｼﾀﾗ、@ｱﾀｼﾅﾗ、断崖ﾉ切ﾘ立ｯﾀ@氷河ｦ勧ﾒﾙﾈ。","[UNTRANSLATED]","The best sight here? The glaciers and their sheer cliffs.",byId,1.00
s_001364,Alshark (System disk).hdm,0x06F0A0,"マントｦｼﾃｲﾙﾄｺﾛｦ@見ﾙﾄ、ｵ主ﾊ、遺志ｦ継ぐ者@ﾅﾉだﾅ。0_4$","[UNTRANSLATED]","By that mantle you wear, you must be the chosen one.",byId,1.00
s_001366,Alshark (System disk).hdm,0x06FCF8,"で、ｵ主、持ﾁ物が@ｲｯぱｲじｬﾅｲｶ！0@整理ｼﾃ出直ｼﾃｷﾅｻｲ！","[UNTRANSLATED]","Your bags are full! Sort your stuff and come back.",byId,1.00
s_001380,Alshark (System disk).hdm,0x076B07,"待ｯﾃｲﾀぞ。@ドゥムナﾉ遺志ｦ継ぐ者ﾖ。0_6ﾅﾝﾄ、$","[UNTRANSLATED]","I've been waiting for you, We-Dumnah's heir.",byId,1.00
s_001385,Alshark (System disk).hdm,0x07D824,"大ｼﾀｺﾀｧﾈｪが、@当面ﾊ、帝国ﾉ開発ｼﾀｺﾉ装甲ｦ使ﾜｾﾃﾓﾗｳﾄｽﾙｶ。0_4$","[UNTRANSLATED]","It ain't much, but this Imperial armor will do for now.",byId,1.00
s_001386,Alshark (System disk).hdm,0x07E28A,"私ﾊ‥‥私ﾉ母ﾊ、マｰズ人ﾉ@コｰルガｰルだ‥‥ｯﾀﾗｼｲ。0_4$","[UNTRANSLATED]","My mother... she was a Martian call girl... apparently.",byId,1.00
s_001388,Alshark (System disk).hdm,0x07E4A1,"私ｦ引ｷ取ｯﾀ‥‥ｲﾔ、利用ｼﾖｳﾄｼﾀﾉが、連邦軍@だｯﾀﾉだ。0_4$","[UNTRANSLATED]","The Federation military took me in... no, they used me.",byId,1.00
s_001392,Alshark (System disk).hdm,0x07F883,"５０００クレジットﾓ@ｸﾚﾙﾄﾊ、イｰル王ﾓ気前が@ｲｲﾜｨ。0_4$","[UNTRANSLATED]","5000 CREDIT! Can't complain about King Eele-Kose's pay.",byId,1.00
s_001398,Alshark (System disk).hdm,0x01767A,"造ﾙﾀﾒﾆﾊ、@>>>>>>スクラップが必要だ@ﾅ。","[UNTRANSLATED]","To build it, I'm gonna need some SCRAP.",byId,1.00
s_001400,Alshark (System disk).hdm,0x05165A,"ハンドガン1じｬﾅｲｶ！どｳｼﾃ、ｺﾝﾅ物ｦ持ｯﾃﾙﾝだﾖ？！0_4$","[UNTRANSLATED]","Is that a Handgun 1?! What are you doing with this?!",byId,1.00
s_001401,Alshark (System disk).hdm,0x051B94,"女ﾉ子ﾆ弱ｲﾝだｶﾗ・・・。@カルﾊ、どｳｽﾙﾉ？0_4$","[UNTRANSLATED]","You're a softy... What's your move, Kal?",byId,1.00
s_001404,Alshark (System disk).hdm,0x0522B6,"無法者5ｵ～ｲ、兄ﾁｬﾝ。@ﾏ～だ、見ﾂｶﾝﾈｪﾉｶｨ？！0陽が暮ﾚﾁﾏｳぜ。","[UNTRANSLATED]","Yo, kid! Ain't ya found it yet?! It's gettin' dark!",byId,1.00
s_001414,Alshark (System disk).hdm,0x055300,"どｳｲｳ了見でｨ。0_事ﾄ次第ﾆﾖｯﾁｬｱ、ｲｸﾗｵﾒｪでﾓ許ｽﾜｹﾆﾊｲｶﾈｪぜｨ！0?I","[UNTRANSLATED]","What's your game? You better have a good reason for this!",byId,1.00
s_001415,Alshark (System disk).hdm,0x058018,"兵士ﾉ像ﾆ隠ｻﾚﾀスイッチｦ@6発見ｼﾀ。0_4$","[UNTRANSLATED]","Found a hidden switch in the statue.",byId,1.00
s_001416,Alshark (System disk).hdm,0x05A08D,"ポｰキンマｰト5ｲﾗｯｼｬ～ｲ。@ご入ﾘﾖｳﾉ品ﾊ、何でｽｶ？0?N","[UNTRANSLATED]","Welcome to Porkin Mart! What can I get ya?",byId,1.00
s_001421,Alshark (System disk).hdm,0x05B200,"武器屋5俺ｯﾁﾉ商品ｦ見ﾃ驚ｸﾝじｬﾈｪぞ！！0?N","[UNTRANSLATED]","My weapons'll blow your mind!",byId,1.00
s_001425,Alshark (System disk).hdm,0x05D874,"だｼ！アトライアﾉ使用ﾊ、@禁止ｻｾﾃﾓﾗｳ。0_4$","[UNTRANSLATED]","From now on, the Atlia is grounded.",byId,1.00
s_001427,Alshark (System disk).hdm,0x05DC12,"ステｰション内ﾆ警報が響ｷ6ﾜﾀﾙ。0?C","[UNTRANSLATED]","Alarms blare through the station.",byId,1.00
s_001428,Alshark (System disk).hdm,0x05E135,"貴様ﾗｦ殺ﾚば、@２階級特進だぜ！0?F","[UNTRANSLATED]","I'll get a big promotion for this!",byId,1.00
s_001432,Alshark (System disk).hdm,0x060056,"カイナンズ　ショップ5ｲﾗｯｼｬｲﾏｾ。@何ﾆﾅｻｲﾏｽｶ？0?N","[UNTRANSLATED]","Welcome to Kainan's Shop. How may I help you?",byId,1.00
s_001434,Alshark (System disk).hdm,0x0608B8,"アルシャｰク、ｵﾏｴが私ｦ殺ｽﾄｲｳﾉｶ！@ﾋｬｱｰﾊｯ、ｲｲだﾛｳ。@ﾔﾙがｲｲ！0_4$","[UNTRANSLATED]","So, you've come to kill me! Mwa ha ha! Give it your best shot!",byId,1.00
s_001437,Alshark (System disk).hdm,0x062A3A,"だ、ｿﾝﾅバカﾅ話ｦｼﾃｲﾙﾉｶ？@ｱﾝﾅ連中、ﾋﾈﾘ潰ｼﾃﾔﾙ！0_6前ﾆ踏ﾐ出ｿｳﾄｽﾙ$","[UNTRANSLATED]","Are you serious? You think they're a threat? I'll wipe the floor with them!",byId,1.00
s_001438,Alshark (System disk).hdm,0x062ADE,"私ﾆ任ｾﾃ。@0ｲｲ。私が合図ｼﾀﾗ、目ｦ@ﾂぶｯﾃ後ﾛﾍ走ﾙﾉﾖ。0_4$","[UNTRANSLATED]","Leave this to me. On my signal, close your eyes and run!",byId,1.00
s_001439,Alshark (System disk).hdm,0x062CA6,"投げﾀ物体ﾊ、放物線ｦ6描ｲﾃ飛ﾝでｲｸ。@6ｿｼﾃ、ｿﾚｦ$","[UNTRANSLATED]","The object flies in a high arc... and...",byId,1.00
s_001440,Alshark (System disk).hdm,0x062D39,"目ｦ押ｻｴ@6ﾅがﾗﾓ不気味ﾅﾏでﾉ落ﾁﾂｷ6ぶﾘｦ見ｾﾃｲﾀ。0_4$","[UNTRANSLATED]","He clutched his eye, unnervingly calm.",byId,1.00
s_001445,Alshark (System disk).hdm,0x066AE0,"声がアトライアﾉ船内ﾆ響ｷ@6ﾜﾀﾙ。0_6『$","[UNTRANSLATED]","A voice echoed through the Atlia.",byId,1.00
s_001447,Alshark (System disk).hdm,0x0675B3,"待ﾁ@6ｶﾏｴﾃｲﾀﾓﾉﾊ、巨大ﾅ戦闘6ロボットだｯﾀ。0_6ｿﾚﾊ、$","[UNTRANSLATED]","A giant battle robot lay in ambush!",byId,1.00
s_001449,Alshark (System disk).hdm,0x0699E1,"イｰル王ﾉ世話ﾆ@ﾅｯﾃｲﾙ。@ﾕｴﾆ、貴様達ﾆ王ｦ殺ｻｾﾙ@ﾜｹﾆﾊｲｶﾇ！！0_4$","[UNTRANSLATED]","I owe King Eele-Kose my life! I can't let you kill him!",byId,1.00
s_001456,Alshark (System disk).hdm,0x06E097,"面白ｲｺﾄﾄ存じﾏｽが、ｺｺﾊ、１ﾂ、私ﾒﾆ@考ｴがござｲﾏｽ。0_4$","[UNTRANSLATED]","An interesting proposal... but I have a better idea.",byId,1.00
s_001457,Alshark (System disk).hdm,0x06FAF3,"が戦ｲ、経験ｦ@積ﾑｺﾄﾆﾖｯﾃ、次第ﾆ発揮@ｻﾚﾃｲｸｺﾄじｬﾛｳ。0_6$","[UNTRANSLATED]","Your power will grow with experience in battle.",byId,1.00
s_001462,Alshark (System disk).hdm,0x07606B,"ぞ、ｺｺﾏで来ﾀﾄﾎﾒﾃ@ﾔﾘﾀｲﾄｺﾛだが、君達ﾊ少ｼﾔﾘｽぎﾀﾖｳだ。0_4$","[UNTRANSLATED]","I'll admit, you've done well. But you've gone too far.",byId,1.00
s_001468,Alshark (System disk).hdm,0x07CBE7,"心配ｽﾝﾅ、俺がﾂｲﾃﾙ。@ｲざｯﾃ時ﾊ、俺がｵﾒｪﾉ@身代ﾜﾘﾆﾅｯﾃ‥‥0_4$","[UNTRANSLATED]","Don't worry, I've got your back. I'll take the hit for ya...",byId,1.00
s_001472,Alshark (System disk).hdm,0x07E1D0,"が、下ｦ向ｲﾀｶ6ﾄ思ｳﾄ、ｿﾉ頬ｦ涙が伝ｯﾃ床6ﾆ落ﾁﾀ。0_4$","[UNTRANSLATED]","She looked down, and a tear fell to the floor.",byId,1.00
s_001474,Alshark (System disk).hdm,0x07E890,"微弱ﾅﾉでｻｴ、私ｦ@足止ﾒｽﾙﾆ充分だｯﾀﾄｲｳ@ｺﾄだ。0_6$","[UNTRANSLATED]","So, even that feeble power could hold me back.",byId,1.00
s_001476,Alshark (System disk).hdm,0x07EE83,"どｲ目ﾆｱｯﾁﾏｯﾀぜ‥‥@ﾏだ、頭が、ガンガンｽﾙ。0_4$","[UNTRANSLATED]","Man, what a mess... My head's still killing me.",byId,1.00
s_001481,Alshark (System disk).hdm,0x07FAF0,"珠が、どﾝﾅ力ｦ@持ｯﾃｲﾙﾉｶ、一度、分析ｻｾﾃﾐﾙ気ﾊﾈｪｶ。0_4$","[UNTRANSLATED]","Let me run some tests on that orb. See what it can do.",byId,1.00
s_001482,Alshark (System disk).hdm,0x08019C,"誰が！@俺ﾆﾊ、ｵﾏｴ達ｦ監視ｽﾙ義務がｱﾙﾝだﾖ！0_4$","[UNTRANSLATED]","Like hell! It's my duty to keep an eye on you!",byId,1.00
s_001483,Alshark (System disk).hdm,0x0801F4,"ドゥムナﾊ、どｺｶﾆ@何ﾗｶﾉ手がｶﾘｦ残ｼﾃﾙﾊずﾖ。0_4$","[UNTRANSLATED]","We-Dumnah must've left us a hint somewhere.",byId,1.00
s_001485,Alshark (System disk).hdm,0x080598,"最後ﾉ試練ﾅﾉだｶﾗ、ｷｯﾄ@今ﾏで以上ﾆ苦ｼﾒﾗﾚﾙﾜﾖ。0_4$","[UNTRANSLATED]","The final trial will be our hardest one yet.",byId,1.00
s_001488,Alshark (System disk).hdm,0x0812F8,"じ様、怒ﾝﾅｲﾉ。@ウェルダｻﾝﾓ言ｲ過ぎﾖ！0_4$","[UNTRANSLATED]","Joe, calm down. Werda, that's enough!",byId,1.00
s_001490,Alshark (System disk).hdm,0x08299E,"任ｾﾄｶﾝｶｲ。@ｲﾂでﾓ限界ﾏで3カスタム1ｼﾃﾔﾙぞｲ！","[UNTRANSLATED]","Just leave it to me. I'll tune it to the max!",byId,1.00
s_001494,Alshark (System disk).hdm,0x0511B2,"覚ｴﾃﾙﾖ。@だｯﾃ、スクラップでｲﾛﾝﾅ@ｵﾓﾁｬｦ作ｯﾃﾓﾗｯﾀｶﾗﾈ0_4$","[UNTRANSLATED]","I remember! You'd make me all sorts of toys from SCRAP.",byId,1.00
s_001496,Alshark (System disk).hdm,0x051CAB,"達ﾊ、隕石ﾉ落下地点ﾆ@6到着ｼﾀ。0?I","[UNTRANSLATED]","Arrived at the meteor crash site.",byId,1.00
s_001508,Alshark (System disk).hdm,0x055987,"失礼ｼﾏｼﾀﾈ、連邦ﾉｵ嬢ｻﾝﾓｳ、用事ﾊｽﾐﾏｼﾀｶﾗ、退散ｻｾﾃﾓﾗｲﾏｽﾖ。0?C","[UNTRANSLATED]","Pardon me, little miss Federation. My work here is done.",byId,1.00
s_001509,Alshark (System disk).hdm,0x059479,"待ｯﾃｸﾚﾝｶｨ0ｺｺｦ、飛びﾅがﾗ渡ﾛｳｯﾃ@ｲｳﾉｶ？0_6皆ﾉ視線が、$","[UNTRANSLATED]","Whoa, hold up. You want us to fly across this?",byId,1.00
s_001511,Alshark (System disk).hdm,0x05A4A1,"待ｯﾃｸﾚ。@俺ﾊ、ｵﾏｴ達ｦ始末ｽﾙﾖｳﾆ命令ｻﾚﾀだｹで‥‥‥0_4$","[UNTRANSLATED]","Wait! I was only ordered to take you out...",byId,1.00
s_001512,Alshark (System disk).hdm,0x05B4EE,"バカ言ｯﾃﾝじｬﾈｪ！@誰が、ｵﾏｴﾗﾅﾝｶﾆ・・・0_4$","[UNTRANSLATED]","Are you kidding me?! Lose to you punks...?",byId,1.00
s_001516,Alshark (System disk).hdm,0x05EC89,"疲ﾚﾃｲﾙ。@俺達ﾄ行動ｦ共ﾆｽﾙﾉﾊ、無理ｯﾃﾓﾝだ。0_4$","[UNTRANSLATED]","You're worn out. You'd only slow us down.",byId,1.00
s_001522,Alshark (System disk).hdm,0x061ACA,"眼ｶﾗ大粒ﾉ涙が止ﾒどﾅｸｱﾌ6ﾚﾃﾊ、ｺぼﾚ落ﾁﾙ。0_6$","[UNTRANSLATED]","Tears welled up and streamed from their eyes.",byId,1.00
s_001525,Alshark (System disk).hdm,0x0630A6,"アイテムショップ5ｲﾗｯｼｬ～ｧｲ。@何ﾆｼﾏｽｩ。?N","[UNTRANSLATED]","Item Shop! Welcome! What'll it be?",byId,1.00
s_001532,Alshark (System disk).hdm,0x065413,"ヤｰクｰ老師。@私ﾀﾁが、ｺｺｦ訪ﾚﾀﾉﾊ、@他でﾓｱﾘﾏｾﾝ。0_4$","[UNTRANSLATED]","Master Yaku. We've come here for one reason.",byId,1.00
s_001533,Alshark (System disk).hdm,0x065B48,"レバｰｦ手前ﾆ引ｲﾀ6が、何ｶｦ拒ﾑﾖｳﾆ、ｿﾚﾊ@6びｸﾄﾓｼﾅｶｯﾀ。0_4$","[UNTRANSLATED]","You pull the lever, but it refuses to budge.",byId,1.00
s_001535,Alshark (System disk).hdm,0x066A32,"成長ﾉ妨げﾆﾅﾙﾄ思ｯﾃｲﾀﾝだ。@‥‥ｿﾚが、ｺﾝﾅ結果ﾆﾅﾛｳﾄﾊ‥‥0_4$","[UNTRANSLATED]","I thought it would hold them back... I never imagined this.",byId,1.00
s_001538,Alshark (System disk).hdm,0x06877C,"分ｶｯﾀ。@要ｽﾙﾆ、イｰル王ｦ殺ｼﾁﾏｴば、ｲｲﾜｹだﾅ。@ﾔｯﾃﾔﾛｳじｬﾈｪｶ！0_4$","[UNTRANSLATED]","Got it. So all we gotta do is waste King Eele-Kose. Let's go",byId,1.00
s_001539,Alshark (System disk).hdm,0x06964D,"ホテルでﾉ一夜ﾊ、@46最悪でｱｯﾀ。0_4$","[UNTRANSLATED]","That was the worst night ever.",byId,1.00
s_001540,Alshark (System disk).hdm,0x069AE9,"攻撃ｦｶﾜｽﾄ、@6レイソｰドｦ横ﾍﾅｲだ。0_6ｿﾚｦ受ｹﾃ$","[UNTRANSLATED]","He dodged, then slashed with his Raysword.",byId,1.00
s_001541,Alshark (System disk).hdm,0x069CF2,"だが、命だｹﾊ助ｹﾃｸﾚｨ。@ﾜｼﾗﾆﾊ、ﾊﾀｻﾆｬｱﾅﾗﾝ使命がｱﾙﾝじｬ！！0?C","[UNTRANSLATED]","Just let us live! We... we have a mission to finish!",byId,1.00
s_001549,Alshark (System disk).hdm,0x06E460,"ザｰテｦ捕ﾗｴﾃｸﾙﾉだ0裏切ｯﾀﾄｷﾊ、ｱﾉ女ﾉ命ﾊ@ﾅｲﾄ思ｴ！0","[UNTRANSLATED]","Bring me Zate. Betray me, and the woman dies!",byId,1.00
s_001550,Alshark (System disk).hdm,0x06E7B8,"分ｶﾘﾏｼﾀ。@でﾊ、ｻｯｿｸ、惑星ヒュリスﾍ向ｶｳｺﾄﾆｼﾏｽ。0_4$","[UNTRANSLATED]","Yes, sir. I'll depart for Planet Hyuris right away.",byId,1.00
s_001551,Alshark (System disk).hdm,0x06E927,"待ﾁﾜびﾃｵｯﾀぞ。@ｼﾃ、ラミュｰﾉ手がｶﾘｦﾂｶﾑｺﾄﾊでｷﾀｶﾅ？0_4$","[UNTRANSLATED]","Ah, you've returned. What have you learned of Lamew?",byId,1.00
s_001554,Alshark (System disk).hdm,0x0729FB,"だﾖ？！@アトライアﾆ戻ｯﾃどｳｽﾝだ！0?I","[UNTRANSLATED]","Go back to the Atlia?! For what?!",byId,1.00
s_001561,Alshark (System disk).hdm,0x075CDB,"中ｶﾗ鉱ｦ取ﾘ@出ｽﾄ、十分ﾉ一ﾓ残ﾗﾈｪだﾛｳﾅ。0_4$","[UNTRANSLATED]","Once refined, there'll be barely 10% left.",byId,1.00
s_001562,Alshark (System disk).hdm,0x0760A3,"私が、ｵﾄﾅｼｸ君達ﾆキｰｦ@手渡ｽﾄでﾓ思ｯﾃｲﾀﾉｶ？0_4$","[UNTRANSLATED]","You thought I'd just give you the key?",byId,1.00
s_001564,Alshark (System disk).hdm,0x076C75,"自身ﾉ声ﾓ先ﾎどﾄﾊ、6ﾏﾙで違ｯﾃｲﾀ。@6戸惑ｳ$","[UNTRANSLATED]","His voice... it wasn't his own anymore.",byId,1.00
s_001565,Alshark (System disk).hdm,0x076D32,"ケｰスﾊ初ﾒﾃﾐﾀﾜ。@ｱﾉカｰマﾆﾓ、ﾀだﾅﾗﾇ力ｦ感じﾙﾉﾆ‥‥0_4$","[UNTRANSLATED]","I've never seen a case like this. That Karma's power was immense, but this...",byId,1.00
s_001566,Alshark (System disk).hdm,0x076DA2,"強ｲ力だ。@ﾏｻﾆ、宇宙ｦ滅ｽﾙｺﾄﾉ@でｷﾙ力がｺｺﾆｱﾙ！！0?I","[UNTRANSLATED]","This is it! The power to obliterate the universe!",byId,1.00
s_001567,Alshark (System disk).hdm,0x07C68D,"開発ﾊ、順調ﾄﾊｲｴﾝが、@必ず間ﾆ合ﾜｾﾃﾐｾﾙ。0_4$","[UNTRANSLATED]","Development's rough, but I'll make it in time.",byId,1.00
s_001576,Alshark (System disk).hdm,0x07DE4D,"Ｇ・ナックルﾊ、@最高だぜ、ｵｲ。0_4$","[UNTRANSLATED]","Hey, this G-Knuckle is the best!",byId,1.00
s_001581,Alshark (System disk).hdm,0x07F63D,"最近、キャラクタｰ@変ﾜｯﾀﾝじｬﾅｲｶ？0_4$","[UNTRANSLATED]","You've been acting different lately.",byId,1.00
s_001583,Alshark (System disk).hdm,0x07FAA6,"じｬﾈｪ！@俺ﾆﾊ、ジョｰｯﾃ立派ﾅ名前が‥‥‥0_4$","[UNTRANSLATED]","It's not 'Scrap'! I've got a real name... Joe!",byId,1.00
s_001586,Alshark (System disk).hdm,0x0802BC,"ドゥムナﾊ、ｺﾉ時が@来ﾙｺﾄｦ予期ｼﾃｲﾀﾉﾈ。0_4$","[UNTRANSLATED]","So We-Dumnah knew this day would come.",byId,1.00
s_001589,Alshark (System disk).hdm,0x0816D1,"だ？！ｺｿｺｿｼｬべｯﾃﾝじｬﾈｪぞ！@ｵﾏｴﾗ、ﾅﾝｶ心当ﾀﾘがｱﾙﾝじｬﾅｲだﾛｳﾅ？0_4$","[UNTRANSLATED]","What's all this whispering?! You guys better not be hiding something!",byId,1.00
s_001600,Alshark (System disk).hdm,0x00DA48,"癌ｬP監W顰!_[2","[UNTRANSLATED]","[DATA CORRUPT]",byId,1.00
s_001601,Alshark (System disk).hdm,0x051181,"覚ｴﾃﾙﾉ？@昔、ずｲぶﾝ一緒ﾆ遊ﾝでﾓﾗｯﾀﾉﾖ。0_4$","[UNTRANSLATED]","Don't you remember? We used to play together.",byId,1.00
s_001613,Alshark (System disk).hdm,0x05482C,"乗ｯﾃﾐﾃｪだﾛｳ？@だがﾅｧ、残念ﾅがﾗｺｺﾆﾊﾅｲﾝだ。0_4$","[UNTRANSLATED]","Bet you wanna ride it. Too bad it's not here.",byId,1.00
s_001615,Alshark (System disk).hdm,0x055A45,"突然、１発ﾉ銃声が鳴ﾘ響ｲﾀ。0?I","[UNTRANSLATED]","Suddenly, a gunshot rang out.",byId,1.00
s_001618,Alshark (System disk).hdm,0x0586DF,"私ﾉｺﾉ手で、ｵﾏｴ達ﾉﾊﾗﾜﾀｦ引ｷずﾘ出ｼﾃﾔﾙﾖ。@ｿﾚｦ考ｴﾙﾄｵｶｼｸﾃﾀﾏﾗﾝﾜ。0_4$","[UNTRANSLATED]","I'll rip out your guts myself. The very thought makes me giddy.",byId,1.00
s_001619,Alshark (System disk).hdm,0x058A33,"戦ｲﾉｻﾅｶﾆ、@3サイコシｰルド6ｦ身ﾆﾂｹﾀ。0?I","[UNTRANSLATED]","A Psycho Shield appears mid-battle!",byId,1.00
s_001630,Alshark (System disk).hdm,0x060AB5,"亡骸ｦ抱ｷ@6ｼﾒ、咆哮ｼﾀ。0_6ｿﾉ時‥‥‥0_‥‥シ‥ン‥‥‥$","[UNTRANSLATED]","He clutched the body and roared. Then... ...Si...on...",byId,1.00
s_001631,Alshark (System disk).hdm,0x060C05,"頭がｲｶﾚﾁﾏｯﾀﾉｶ？0_6皆が、心配ｼﾀﾉﾓ無理ﾊﾅｲ。6ｼｶｼ、$","[UNTRANSLATED]","Has he lost it? No wonder they were worried. But,",byId,1.00
s_001632,Alshark (System disk).hdm,0x0624C2,"何ﾉｺﾄだｶ、ｻｯぱﾘだ。@ﾓｯﾄ、具体的ﾆ教ｴﾃｸﾚｨ。0_4$","[UNTRANSLATED]","What are you talking about? Spit it out!",byId,1.00
s_001633,Alshark (System disk).hdm,0x062AA6,"聞ｲﾃﾁｮｳだｲ。@今、彼ﾗﾄ戦ｯﾃﾓ、私ﾀﾁﾆ@勝ﾁ目ﾊﾅｲﾜ。0_4$","[UNTRANSLATED]","Listen to me. If we fight them now, we can't win.",byId,1.00
s_001634,Alshark (System disk).hdm,0x062BD9,"バカﾅｺﾄｦ言ｯﾃﾊｲｹﾏｾﾝ0ｱﾅﾀﾊ今、彼ﾗﾆ全ﾃ話ｼﾃｼﾏｯﾀでﾊｱﾘﾏｾﾝｶ。0_4$","[UNTRANSLATED]","Don't be ridiculous! You just spilled everything to them.",byId,1.00
s_001640,Alshark (System disk).hdm,0x0668BA,"今ｺｿサｰトスﾉ遺跡ｦ@訪ﾚﾙﾉでｽ。0_4$","[UNTRANSLATED]","Now, to the ruins of Sathos",byId,1.00
s_001641,Alshark (System disk).hdm,0x066A89,"名ｦ、6初ﾒﾃ呼び捨ﾃで呼ﾝだ。0_4$","[UNTRANSLATED]","The first time you said my name.",byId,1.00
s_001644,Alshark (System disk).hdm,0x0674F2,"ヤｰクｰ老師が道ｦ示ｼﾃｸﾚﾙｺﾄでｼｮｳ。0?C","[UNTRANSLATED]","Let Master Yaku be your guide.",byId,1.00
s_001649,Alshark (System disk).hdm,0x069524,"シングルﾉベットﾊｷﾂｸﾃ@ｼｮｳがﾈｪｶﾗﾅ！0_4$","[UNTRANSLATED]","A single bed's way too cramped!",byId,1.00
s_001651,Alshark (System disk).hdm,0x06A7EE,"バｰツｻﾝ。@ｱﾚﾅﾗ、今、ｵ届ｹﾆ上がﾛｳﾄ思ｯﾃｲﾀﾄｺﾛでｽ。0_4$","[UNTRANSLATED]","Mr. Barts. Funny you should ask, I was just heading out.",byId,1.00
s_001658,Alshark (System disk).hdm,0x06CD6A,"通行証ｦｵ持ﾁでｽﾈ。@ｿﾚでﾊ、ｵ通ﾘｸだｻｲ。0?I","[UNTRANSLATED]","Your papers are in order. Go ahead.",byId,1.00
s_001661,Alshark (System disk).hdm,0x06E23D,"良ｶﾛｳ。@ｺﾉ件ﾊ、$
。@ｵﾏｴﾆ全ﾃ任ｾﾀぞ！0_4$
5ﾊｲ。ｱﾘがﾄｳござｲﾏｽ。0_6$
ﾊ、$","[UNTRANSLATED]","Alright. The mission's all yours. Don't let me down! / Yes, sir. Thank you.",byId,1.00
s_001662,Alshark (System disk).hdm,0x06E70A,"ば、惑星ヒュリスﾆ向ｶｳ@ｼｶｱﾙﾏｲ。0_4$","[UNTRANSLATED]","Our only choice is Planet Hyulis.",byId,1.00
s_001663,Alshark (System disk).hdm,0x06E962,"全ﾃ、陛下ﾉｵｶげでｽ。@ｱﾘがﾄｳござｲﾏｼﾀ。0_4$","[UNTRANSLATED]","We owe it all to you, Your Majesty.",byId,1.00
s_001664,Alshark (System disk).hdm,0x06EBE5,"ギｰデルﾊ、ｿﾁ達ﾄ@行動ｦ共ﾆｽﾙﾄｲｳﾉじｬﾅ。0_4$","[UNTRANSLATED]","So, Duke Giedel will accompany you?",byId,1.00
s_001665,Alshark (System disk).hdm,0x06F3E6,"アルシャｰクが母星ﾉ@ｺﾄﾖ。0_4$","[UNTRANSLATED]","Alshark is our homeworld.",byId,1.00
s_001671,Alshark (System disk).hdm,0x073888,"待ｯﾃﾛﾖ。@何ｶデｰタが残ｯﾃｲﾅｲｶ調べﾃﾐﾙ。0?C","[UNTRANSLATED]","Hold on. I'll see if there's any data left.",byId,1.00
s_001674,Alshark (System disk).hdm,0x07572C,"２人ﾄﾓｺｺﾏでｸﾚば、ｱﾄﾊ6意地だｹだ！@06負ｹﾙﾅ、$","[UNTRANSLATED]","You've both come so far! It's all guts now!",byId,1.00
s_001676,Alshark (System disk).hdm,0x076BFF,"強烈ﾅ精神波動ﾆ@6身震ｲｼﾀ。0_4$","[UNTRANSLATED]","Such a powerful psychic wave...",byId,1.00
s_001685,Alshark (System disk).hdm,0x07FD2F,"ラミュｰﾊ肉体ﾄ共ﾆ@滅ｽﾙ法ﾄｲｯﾃｲﾀﾅ。0_4$","[UNTRANSLATED]","He said the power dies with the body.",byId,1.00
s_001692,Alshark (System disk).hdm,0x0813BF,"達がぐずぐず@ｼﾃﾔがﾙｶﾗ、ｺﾝﾅｺﾄﾆ@ﾅｯﾁﾏｳﾝだﾖ！0_4$","[UNTRANSLATED]","This is what happens when you drag your feet!",byId,1.00
s_001693,Alshark (System disk).hdm,0x081ADE,"惑星マｰズﾆ行ｹﾙﾉがｲﾔﾆｳﾚｼｿｳだｯﾀが、@ﾅﾝｶｱﾙﾉｶ？0_4$","[UNTRANSLATED]","He seemed awfully happy about going to Mars. Why?",byId,1.00
s_001703,Alshark (System disk).hdm,0x017555,"じｬｱ、@>>>>>>>>>ｦ格納庫ｶﾗ@搬出ｼﾃｵｸぞ。","[UNTRANSLATED]","OK, getting the >>>>>>>>> from the hangar.",byId,1.00
s_001710,Alshark (System disk).hdm,0x05292C,"でﾊ、ｵ部屋ﾉ方ﾆご案内ｲﾀｼﾏｽ。0?C","[UNTRANSLATED]","Right this way to your room.",byId,1.00
s_001712,Alshark (System disk).hdm,0x053564,"久ｼぶﾘじｬﾅｲｶ。@今日ﾊ、何ｶ飲ﾑｶｨ？0_4$","[UNTRANSLATED]","Long time no see. What'll you have?",byId,1.00
s_001717,Alshark (System disk).hdm,0x05504E,"壁越ｼﾆ、微ｶﾆ話ｼ声が聞ｺｴ6ﾃｸﾙ。0_4$","[UNTRANSLATED]","Muffled voices from the next room.",byId,1.00
s_001718,Alshark (System disk).hdm,0x0582FD,"恐ﾚﾃｲﾀ遺志ｦ継ぐ者ｶｨ。@ｱｱ、ﾖ～ｸ聞ｲﾃｲﾙﾄﾓ。0_4$","[UNTRANSLATED]","The heir I feared... Yes, I've heard of you.",byId,1.00
s_001719,Alshark (System disk).hdm,0x0595B8,"手ｦｵｲﾀ。0_6ｿﾉ掌が、青ﾉ粉で彩ﾗﾚﾙ。0_4$","[UNTRANSLATED]","His hand was coated in blue dust.",byId,1.00
s_001724,Alshark (System disk).hdm,0x05ABB8,"話ｽｳﾁﾆ、ｿﾚﾏで@6心ﾆ張ﾘﾂﾒﾃｲﾀﾓﾉが切ﾚﾀ6ﾉだﾛｳ。$","[UNTRANSLATED]","As he spoke, something inside him broke.",byId,1.00
s_001725,Alshark (System disk).hdm,0x05AC07,"どｳｼﾁﾏｯﾀｯﾃﾝでｨ。@男ﾉ子が泣ｸﾓﾝじｬﾈｪﾔﾅ。0_4$","[UNTRANSLATED]","Hey, what's with the waterworks? Toughen up!",byId,1.00
s_001727,Alshark (System disk).hdm,0x05B4A2,"だｯﾃﾝだ。@ｺﾝﾅｺﾄｼﾃ、ﾀだでｽﾑﾄでﾓ思ｯﾃﾔがﾙﾉｶ？！0_4$","[UNTRANSLATED]","What the--! You think you can get away with this?!",byId,1.00
s_001729,Alshark (System disk).hdm,0x05B8BD,"どｳｶｼﾀﾝでｽｶじｬﾈｪ！@ｵ嬢ﾁｬﾝが居ﾅｸﾅｯﾁﾏｯﾀﾝだﾖ！！0_4$","[UNTRANSLATED]","'What's wrong?' What's WRONG?! The girl is gone!",byId,1.00
s_001735,Alshark (System disk).hdm,0x05DB33,"バッカ野郎！！！@ﾉﾝびﾘｼﾃﾝじｬﾈｪ！）0_4$","[UNTRANSLATED]","You idiot! We don't have time for this!",byId,1.00
s_001736,Alshark (System disk).hdm,0x05DC39,"チッ、面倒ﾅｺﾄﾆﾅﾙ前ﾆ@行ｸぞ！！0?I","[UNTRANSLATED]","Tch! Let's go. This'll be a pain.",byId,1.00
s_001740,Alshark (System disk).hdm,0x060CA3,"心ｦ。@決ｼﾃ、悲ｼﾏﾅｲで。@私ﾊ、ｲﾂﾓｱﾅﾀﾄ一緒ﾆｲﾙﾜ。0_6ｿｼﾃ、$","[UNTRANSLATED]","Don't be sad. I'm always here, in your heart.",byId,1.00
s_001744,Alshark (System disk).hdm,0x061B08,"頬ｦﾂﾀｳ涙ｦ親指で6ﾇぐｲ去ｯﾀ。0_4$","[UNTRANSLATED]","He brushed away her tears.",byId,1.00
s_001746,Alshark (System disk).hdm,0x062693,"ハッ！ばｶばｶｼｲ。@で、何ｦｼﾆｷﾀﾄｲｳﾝだ。0_4$","[UNTRANSLATED]","Hah! Ridiculous. What's your business here?",byId,1.00
s_001749,Alshark (System disk).hdm,0x062B14,"ハッ！ばｶばｶｼｲ。@ｿﾝﾅｺﾄ・・・0_4$","[UNTRANSLATED]","Hah! Don't make me laugh.",byId,1.00
s_001750,Alshark (System disk).hdm,0x062B71,"何ｦ相談ｼﾃｲﾙﾉでｽｶ。@ｻｱ、一緒ﾆ来ﾃﾓﾗｲﾏｼｮｳｶ。0_4$","[UNTRANSLATED]","Whatever you're plotting, it's over. Come along.",byId,1.00
s_001751,Alshark (System disk).hdm,0x062D6E,"アルシャｰク。@今回ﾊ、ﾔﾗﾚﾀｺﾄﾆｼﾃｵｲﾃﾔﾛｳ。0_4$","[UNTRANSLATED]","Alshark. You got lucky this time.",byId,1.00
s_001752,Alshark (System disk).hdm,0x063AEB,"だが、ｿﾚﾓ今日ﾏでﾉｺﾄ。@ｵﾓｼﾛｲ物ｦ見ｾﾃﾔﾛｳ！0_6$","[UNTRANSLATED]","But that ends today! Now for a real treat!",byId,1.00
s_001755,Alshark (System disk).hdm,0x06471B,"娘5ホグラﾉ町ﾍﾖｳｺｿ。0@ｺﾚ、何ﾄﾅｸ使ｯﾃﾐﾀｶｯﾀﾉﾖﾈ。","[UNTRANSLATED]","Welcome to Hogura! ...Always wanted to say that.",byId,1.00
s_001756,Alshark (System disk).hdm,0x0659FA,"仕方がｱﾘﾏｾﾝ。@上で待ｯﾃｲﾃｸだｻｲ。0_4$","[UNTRANSLATED]","Alright. I'll meet you upstairs.",byId,1.00
s_001757,Alshark (System disk).hdm,0x065C32,"達ﾉ手ﾊ、緑色ﾉ粉で@6彩ﾗﾚﾃｲﾀ。0_4$","[UNTRANSLATED]","Green dust coated their hands.",byId,1.00
s_001759,Alshark (System disk).hdm,0x067657,"気ｦﾂｹﾃ。@ｺﾉ先ﾆﾊ、ガスが立ﾁｺﾒﾃ@ｲﾙﾖｳだﾜ。0_4$","[UNTRANSLATED]","Be careful. There's a thick gas up ahead.",byId,1.00
s_001760,Alshark (System disk).hdm,0x0678D6,"掌が、銀色ﾉ粉で彩ﾗﾚ6ﾙ。0_6$","[UNTRANSLATED]","The palm is dusted silver.",byId,1.00
s_001764,Alshark (System disk).hdm,0x06A92C,"どﾅ。0@ﾖｼｯ、俺ﾆﾏｶｾﾄｷﾅ。@ｺﾉ裏で待ｯﾃﾃｸﾚ。@ｲｲ物ｦ持ｯﾃｷﾃﾔﾙﾖ！0?I","[UNTRANSLATED]","Alright, leave it to me. Wait back here. I'll bring ya the goods!",byId,1.00
s_001769,Alshark (System disk).hdm,0x06E7F2,"じｬ。@ギｰデル、餞別ｦ渡ｼﾃﾔﾚ。0_4$
5ﾊｯ！0_6$","[UNTRANSLATED]","Giedel, a parting gift. Yes, sir!",byId,1.00
s_001771,Alshark (System disk).hdm,0x06FC8A,"が、ドゥムナﾉ遺志ﾄｲｳ@ﾓﾉ。0_4$","[UNTRANSLATED]","But it is We-Dumnah's will.",byId,1.00
s_001787,Alshark (System disk).hdm,0x076173,"思念が、6警告ｦ告げﾙ。0_4$","[UNTRANSLATED]","A vision... a warning.",byId,1.00
s_001794,Alshark (System disk).hdm,0x07DBFB,"能書ｷﾀﾚﾃﾙ暇がｱｯﾀﾗ、@ｻｯｻﾄ造ﾘｬｱｲｲだﾛｳが！0_4$","[UNTRANSLATED]","Quit your yappin' and get to work!",byId,1.00
s_001798,Alshark (System disk).hdm,0x07F20C,"マｰズﾆ属ｽﾙ宇宙港ﾆｼﾃﾓ@ｿｳだ。0_4$","[UNTRANSLATED]","It's the same at Mars's ports.",byId,1.00
s_001805,Alshark (System disk).hdm,0x0808CE,"喧嘩ｼﾃﾙｹど、２人ﾄﾓ@ﾎﾝﾄﾊ仲がｲｲﾝじｬﾅｲ？0_4$","[UNTRANSLATED]","You two bicker, but you're friends, right?",byId,1.00
s_001807,Alshark (System disk).hdm,0x080C06,"じ様ｯﾃ、見ｶｹﾆﾖﾗず、@人脈がｱﾙﾉﾈ。0_4$","[UNTRANSLATED]","The old man's surprisingly connected.",byId,1.00
s_001808,Alshark (System disk).hdm,0x080EAA,"考ｴﾃﾝだｶ！@どｳｾ、ﾔﾛｳﾄ考ｴﾃﾙｺﾄﾊ同じﾅﾝだﾛ？0_4$","[UNTRANSLATED]","What's to think about? We want the same thing!",byId,1.00
s_001810,Alshark (System disk).hdm,0x0814D7,"トｰミュﾉ野郎。@ｷﾀﾈｪ手ﾂｶｲﾔがｯﾃ。0_4$","[UNTRANSLATED]","Tomyu, that scum... what a low blow.",byId,1.00
s_001811,Alshark (System disk).hdm,0x081913,"フン、ｱﾝﾅザコ。@簡単ﾆﾋﾈﾘ潰ｼﾃﾔﾙﾖ！0_4$","[UNTRANSLATED]","Hmph. These chumps? I'll crush 'em!",byId,1.00
s_001814,Alshark (System disk).hdm,0x081BA6,"達ﾊ、ｻｯｿｸビデオレタ6ｰｦ見ﾃﾐﾙｺﾄﾆｼﾀ。0_6$","[UNTRANSLATED]","They watched the video letter right away.",byId,1.00
s_001816,Alshark (System disk).hdm,0x0832FA,"アトライア、発進ｼﾏｽ。0?I","[UNTRANSLATED]","Atlia, all systems go.",byId,1.00
s_001819,Alshark (System disk).hdm,0x001F29,"レベルアップ！！1@0$","[UNTRANSLATED]","Level Up!!",byId,1.00
s_001822,Alshark (System disk).hdm,0x0515D9,"じｬｱ、決ﾏﾘﾈ。0@ﾅﾆ、どｳｼﾀﾉ・・・？0_4$","[UNTRANSLATED]","Then it's settled. ...What's the matter?",byId,1.00
s_001835,Alshark (System disk).hdm,0x054D06,"だﾄ！@間違ｲﾅｲﾝだﾅ、二人ﾄﾓ。0_4$","[UNTRANSLATED]","You're sure? Both of you?",byId,1.00
s_001837,Alshark (System disk).hdm,0x055426,"が現ﾚ6ﾀ。ｿﾉ顔ﾊ、不安ﾆ包ﾏﾚﾃｲ6ﾙ。0_4$","[UNTRANSLATED]","He appeared, looking deeply troubled.",byId,1.00
s_001838,Alshark (System disk).hdm,0x0558F9,"ゾリアス兵5ｵｯﾄ、銃ﾊｼﾏｯﾃｵｲﾃｸﾚﾖ。0_6ｼｶｼ、$","[UNTRANSLATED]","Zolius Soldier: Easy now. No need for guns.",byId,1.00
s_001840,Alshark (System disk).hdm,0x0568C6,"だ、ｺｲﾂﾊ‥‥。@ﾅﾝで、ｿﾝﾅｺﾄﾏで聞ｷﾔがﾙﾝだ？）0_4$","[UNTRANSLATED]","(Blast it... Why does he need to know that?)",byId,1.00
s_001842,Alshark (System disk).hdm,0x057398,"ＦＲＡＭＥ＆ＥＮＧＩＮＥ5ｻﾃ、どﾉﾖｳﾅパｰツがｵ好ﾐでｼｮｳｶ？0?N","[UNTRANSLATED]","FRAME & ENGINE: So, what kind of parts are you looking for?",byId,1.00
s_001844,Alshark (System disk).hdm,0x057B6D,"でﾊ、ｵ部屋ﾆご案内ｲﾀｼﾏｼｮｳ。0?C","[UNTRANSLATED]","Right this way to your room.",byId,1.00
s_001846,Alshark (System disk).hdm,0x05871F,"ヒャｰッハッ！！@ｻｱ、誰ｶﾗﾆｼﾖｳｶﾈｪ。0?C","[UNTRANSLATED]","Gwahaha! Now, who wants to die first?",byId,1.00
s_001847,Alshark (System disk).hdm,0x058A04,"精神波ﾊ、私ﾆ@通用ｼﾅｲﾖ！！0_4$","[UNTRANSLATED]","Your mind tricks won't work!",byId,1.00
s_001849,Alshark (System disk).hdm,0x059530,"でｲﾜﾚﾝでﾓ。0@・・・ｺｺでﾏｯﾄﾙﾖ。0?C","[UNTRANSLATED]","You don't gotta tell me. I'll wait.",byId,1.00
s_001850,Alshark (System disk).hdm,0x05A057,"ポｰキンマｰト5ｲﾗｯｼｬｲﾏｾ～。@何ﾆﾅｻｲﾏｽｶ？0?N","[UNTRANSLATED]","Welcome to Porkin Mart! What'll it be?",byId,1.00
s_001852,Alshark (System disk).hdm,0x05A355,"ハッ！ｺﾝﾅﾄｺﾛﾏで、ﾉｺﾉｺ来ﾔがｯﾃ！！@ｵｲ、ｺｲﾂﾗｦｶﾜｲがｯﾃﾔﾝﾅ！！0?F","[UNTRANSLATED]","Hah! Look what the cat dragged in! Boys, show 'em a good time!",byId,1.00
s_001854,Alshark (System disk).hdm,0x05A949,"だ。@ｵﾒｪ達ﾐﾃｪﾅ、坊ﾁｬﾝ、嬢ﾁｬﾝﾆ知合ｲﾊ、ｲﾈｪﾔ。0_4$","[UNTRANSLATED]","I don't know any pampered brats like you.",byId,1.00
s_001855,Alshark (System disk).hdm,0x05B0B2,"アイテム屋5ｲﾗｯｼｬｲﾏｾ～。@何ﾆﾅｻｲﾏｽｶ。0?N","[UNTRANSLATED]","Item Shop! Welcome! What can I get you?",byId,1.00
s_001862,Alshark (System disk).hdm,0x05E096,"ハッ！@貴様ﾗがｺｺﾏでﾔﾙﾄﾊﾅ。0_4$","[UNTRANSLATED]","Hmph! You're better than I thought.",byId,1.00
s_001863,Alshark (System disk).hdm,0x05E0D5,"どｳｶﾅ。@貴様ﾗﾆﾊ、ｺｺで死ﾝでﾓﾗｳ0?F","[UNTRANSLATED]","It's over. Now you die",byId,1.00
s_001866,Alshark (System disk).hdm,0x05EA6B,"どｳｼﾀﾉ、冴ｴﾅｲ顔ｼﾃ。@ﾏﾙで、通夜ﾐﾀｲﾖ。0?C","[UNTRANSLATED]","What's wrong? This isn't a funeral.",byId,1.00
s_001867,Alshark (System disk).hdm,0x05ECB9,"でｽﾈ。@私がｲﾃﾊ、足手ﾏﾄｲﾆﾅﾘｶﾈﾅｲでｼｮｳｼ。0_4$","[UNTRANSLATED]","You're right. I'd only slow you down.",byId,1.00
s_001870,Alshark (System disk).hdm,0x060EA9,"カｰマﾆﾄﾘﾂｶﾚﾀ兵士達ﾆ@6向ｹﾗﾚﾙ。0_4$","[UNTRANSLATED]","The possessed soldiers take aim...",byId,1.00
s_001872,Alshark (System disk).hdm,0x061A52,"抱ｷﾂｸﾄ6大声ｦｱげﾃ泣ｷじｬｸｯﾀ。0@6ｿﾉ$","[UNTRANSLATED]","She hugged him and burst into tears.",byId,1.00
s_001873,Alshark (System disk).hdm,0x061B28,"安心ｼﾃ、俺ﾊ平気だｶﾗ。0@ｶｱｻﾝﾊ‥‥0_6$","[UNTRANSLATED]","Don't worry, I'm okay. But Mom...",byId,1.00
s_001874,Alshark (System disk).hdm,0x062A7C,"が制ｼﾀ。@6ｿｼﾃ、小声でｼｬべﾘｶｹﾙ。0_4$","[UNTRANSLATED]","But he stopped them and whispered...",byId,1.00
s_001876,Alshark (System disk).hdm,0x063B1A,"得体ﾉ知ﾚﾅｲ機械6ｦﾄﾘだｼﾀ。0_4$","[UNTRANSLATED]","He pulled out a weird gadget.",byId,1.00
s_001880,Alshark (System disk).hdm,0x065A83,"旧式ﾉ@マシンじｬﾈｪｶ。0_4$","[UNTRANSLATED]","This thing's an antique!",byId,1.00
s_001881,Alshark (System disk).hdm,0x065C12,"だｧ、何ｶ変ﾅ粉が手ﾆﾂｲ@ﾁｬｯﾀ！0_6$","[UNTRANSLATED]","Gah! Weird powder on my hand!",byId,1.00
s_001884,Alshark (System disk).hdm,0x066B54,"落ﾁ込ﾝでﾃﾓｼｮｳがﾈｪﾔ！！@ｺﾝﾅ時ﾉﾀﾒﾆﾄｯﾃｵｲﾀ、ﾜｼﾉﾄｯﾃｵｷｦ見ｾﾃﾔﾛｳ0_6ｿｳｲｳﾄ、$","[UNTRANSLATED]","No use mopin' around! I've got just the thing for a time like this",byId,1.00
s_001885,Alshark (System disk).hdm,0x0672ED,"方ﾅﾗ、ｷｯﾄ@成ｼ遂げﾗﾚﾙｺﾄﾄ信じﾃ@ｵﾘﾏｽﾖ。0?C","[UNTRANSLATED]","I have no doubt you'll succeed.",byId,1.00
s_001886,Alshark (System disk).hdm,0x0675E5,"が近づｸﾄ突然@6襲ｲｶｶｯﾃｷﾀ。0?F","[UNTRANSLATED]","It lunged without warning!",byId,1.00
s_001890,Alshark (System disk).hdm,0x068ABD,"通行許可証ｦ手ﾆｲﾚﾀ。0?I","[UNTRANSLATED]","Got a Passage Permit!",byId,1.00
s_001893,Alshark (System disk).hdm,0x0694E5,"ケチﾅﾝだｶﾗ！@ｵ金ﾅﾗ、ﾀｸｻﾝ持ｯﾃﾙ@でｼｮｯ！0_4$","[UNTRANSLATED]","Quit being a cheapskate! You're rolling in it!",byId,1.00
s_001894,Alshark (System disk).hdm,0x069B5D,"髪6ﾉ先端が、焦げﾃｲﾀ。0_6$","[UNTRANSLATED]","Its hair-tips are singed.",byId,1.00
s_001899,Alshark (System disk).hdm,0x06D131,"不届ｷ者が！@成敗ｼﾃｸﾚﾙ！！0?F","[UNTRANSLATED]","Insolent cur! I'll end you!",byId,1.00
s_001905,Alshark (System disk).hdm,0x06EADE,"分ｶﾘﾏｼﾀ。@一度、足ｦ運ﾝでﾐﾙｺﾄﾆｼﾏｽ。0_4$","[UNTRANSLATED]","All right. I'll go take a look.",byId,1.00
s_001908,Alshark (System disk).hdm,0x06F038,"驚ｲﾀ。@ｺﾝﾅ所ﾆ人が訪ﾈﾃｸﾙﾄﾊ…0_6驚ｲﾀﾉﾊ、$","[UNTRANSLATED]","Well, I'll be. A visitor, way out here...",byId,1.00
s_001915,Alshark (System disk).hdm,0x073193,"ウィｰガｰ装甲ｦ手ﾆｲﾚﾀ！0?I","[UNTRANSLATED]","Obtained Wieger Armor!",byId,1.00
s_001917,Alshark (System disk).hdm,0x073A75,"Ｇ・ナックル6ｦ手ﾆｲﾚﾀ！0_4$","[UNTRANSLATED]","You got the G-Knuckle",byId,1.00
s_001920,Alshark (System disk).hdm,0x0755E2,"酔ｯぱﾗｲﾉ飲ﾐｸﾗべ6が始ﾏｯﾀ！！0_4$","[UNTRANSLATED]","The drunks' drinking match is on!",byId,1.00
s_001921,Alshark (System disk).hdm,0x075672,"額ﾆ汗が浮ｷ始ﾒﾀ。0@6少ｼ、$","[UNTRANSLATED]","He's starting to sweat...",byId,1.00
s_001922,Alshark (System disk).hdm,0x075CA6,"慌ﾃﾙﾝじｬﾈｪﾖ！@見ﾂｹﾀﾄｲｯﾃﾓ、ｺｲﾂﾊ@原石だ。0_4$","[UNTRANSLATED]","Easy there! He's got potential, but he's raw.",byId,1.00
s_001923,Alshark (System disk).hdm,0x076E41,"願ﾜｸば、我ﾆｿﾉ力ｦ@与ｴ給ｴ。0?F","[UNTRANSLATED]","I pray, grant me this power!",byId,1.00
s_001933,Alshark (System disk).hdm,0x07E256,"生ｲ立ﾁｯﾃﾅｧ、聞ｲﾀｺﾄがﾅｶｯﾀﾅ。@ﾓｼ良ｶｯﾀﾗ、聞ｶｾﾃｸﾚﾔ0_4$","[UNTRANSLATED]","You know, I never asked about your past. Care to share?",byId,1.00
s_001934,Alshark (System disk).hdm,0x07E2F5,"だ。@ｲﾂｶﾊ、話ｻﾈばﾅﾗﾅｲﾄ@思ｯﾃｲﾀ。@だｶﾗ、聞ｲﾃｸﾚ。0_6$","[UNTRANSLATED]","I knew I'd have to talk about it someday. So, listen up.",byId,1.00
s_001935,Alshark (System disk).hdm,0x07EB95,"言ｯﾃﾝでｽｶ。@ｲざｯﾃ時ﾆﾊ、ﾐﾝﾅが助ｹﾃｸﾚﾏｽﾖ。0_4$","[UNTRANSLATED]","Don't say that! We'll all help you out.",byId,1.00
s_001936,Alshark (System disk).hdm,0x07EEF2,"君、ｲﾛｲﾛ迷惑ｦｶｹﾃｼﾏｯﾀﾖｳだﾈ。@本当ﾆｽﾏﾅｲｺﾄｦｼﾀ。0_4$","[UNTRANSLATED]","I've been a real burden. Please, forgive me.",byId,1.00
s_001945,Alshark (System disk).hdm,0x0809A6,"マント、@ｽごｸ似合ｯﾃﾙﾜﾖ。0_4$","[UNTRANSLATED]","That cape looks great on you.",byId,1.00
s_001950,Alshark (System disk).hdm,0x081440,"チッ、ｳﾙｾｪﾝだﾖ！@ｺﾉクソ爺ｲ！！0_4$","[UNTRANSLATED]","Tch, shut your trap, you old coot",byId,1.00
s_001958,Alshark (System disk).hdm,0x01734F,"恒星名@所属国@敵戦力@惑星数  >衛星数","[UNTRANSLATED]","STAR / NATION / ENEMY / PLANETS >MOONS",byId,1.00
s_001959,Alshark (System disk).hdm,0x0175CE,"じｬｱ、@>>>>>>>>>ｦ格納庫ﾆ@ｼﾏｯﾃｵｸぞ。","[UNTRANSLATED]","Alright, >>>>>>>>> goes in the hangar.",byId,1.00
s_001960,Alshark (System disk).hdm,0x0176E8,"造ｯﾀ>>>>>>>>>ﾊ、@格納庫ﾆｼﾏｯﾃｵｸぞ！","[UNTRANSLATED]","Your new >>>>>>>>> is in the hangar!",byId,1.00
s_001965,Alshark (System disk).hdm,0x051212,"喜ぶだﾛｳ。0@じｬｱ、行ｯﾃｸﾙﾖ。0?I","[UNTRANSLATED]","She's gonna love this. See ya.",byId,1.00
s_001968,Alshark (System disk).hdm,0x052725,"バｰテン5何ｶ、ｵ飲ﾐﾆﾅﾘﾏｽｶ？?N","[UNTRANSLATED]","What'll it be?",byId,1.00
s_001975,Alshark (System disk).hdm,0x056F73,"間ﾆ、戦力ｦ蓄ｴﾙｺﾄだ。0?C","[UNTRANSLATED]","We must build our power.",byId,1.00
s_001979,Alshark (System disk).hdm,0x058385,"思念が6強ｸ語ﾘｶｹﾃｷﾀ。0_4$","[UNTRANSLATED]","A powerful mental cry...",byId,1.00
s_001981,Alshark (System disk).hdm,0x058443,"が、精神ｦ集中ｽﾙ。0?I","[UNTRANSLATED]","Focusing my mind...",byId,1.00
s_001993,Alshark (System disk).hdm,0x05D69D,"何ｼﾛ、奴ﾗﾊ軍事国家だｶﾗﾅ0ｲｶﾆ、科学力でマｰズが勝ﾙﾄﾊ言ｯﾃﾓ、総合的ﾅ戦闘力でﾊﾏだﾏだ・・・0_4$","[UNTRANSLATED]","They're a military state. Our tech is better, but their war machine is something else...",byId,1.00
s_001995,Alshark (System disk).hdm,0x05E16B,"悪ｲが、ｺｺで死ﾝでﾓﾗｵｳ。0?F","[UNTRANSLATED]","Sorry, but you die now.",byId,1.00
s_001996,Alshark (System disk).hdm,0x05E3D4,"連中、ﾅﾝで@ｵ嬢ﾁｬﾝｦｻﾗｯﾀﾝだ？0_4$","[UNTRANSLATED]","Why'd they snatch the girl?",byId,1.00
s_001997,Alshark (System disk).hdm,0x05E454,"ゾリアスだｯﾃ？！@ｯﾃｺﾄﾊ、ﾓｼｶｼﾃ0_4$","[UNTRANSLATED]","Zolius?! Wait a sec... could it be?",byId,1.00
s_002001,Alshark (System disk).hdm,0x05F7B7,"惑星ザジル@惑星ステア@惑星ジュｰク@ﾔﾒﾙ","[UNTRANSLATED]","Zajil, Stea, Juke... Cancel",byId,1.00
s_002004,Alshark (System disk).hdm,0x06097A,"で@6抵抗ｽﾙｺﾄがでｷﾅｶｯﾀ。0_6$","[UNTRANSLATED]","Resistance was futile.",byId,1.00
s_002005,Alshark (System disk).hdm,0x060B88,"だ、ｿﾉ声が@6聞ｺｴ続ｹﾃｲﾀ。0_$","[UNTRANSLATED]","But the voice wouldn't stop.",byId,1.00
s_002006,Alshark (System disk).hdm,0x060BA6,"悲ｼﾝじｬｲｹﾅｲ。@私ﾊ、ｲﾂﾓｱﾅﾀﾄ一緒ﾆｲﾙﾜ‥‥0_4$","[UNTRANSLATED]","Don't be sad. I'm always with you...",byId,1.00
s_002007,Alshark (System disk).hdm,0x060D9A,"今ﾖ！@カｰマｦ封じﾙﾉﾖ！0_4$","[UNTRANSLATED]","Do it now! Seal Karma!",byId,1.00
s_002012,Alshark (System disk).hdm,0x0619B2,"がｺｺﾛ打ﾁ拉がﾚﾃｲﾙ6ﾉｦ知ﾘﾅがﾗﾓ、父親ﾉ無事ｦ6知ｯﾀﾄｷ、思ﾜず駆ｹ出ｼﾃｼ6ﾏｯﾀ$","[UNTRANSLATED]","Heartbroken, but knowing Dad was safe... I had to run to him.",byId,1.00
s_002017,Alshark (System disk).hdm,0x062C14,"秘密ｦ知ﾗﾚﾀ以上、ﾎｯﾃﾊ@ｵｹﾏｾﾝﾈ。0_4$","[UNTRANSLATED]","You know too much to be left alive.",byId,1.00
s_002018,Alshark (System disk).hdm,0x062C87,"達ﾊ、目ｦﾂぶｯﾃ、駆ｹ6出ｼﾀ。0_6$","[UNTRANSLATED]","We shut our eyes and bolted.",byId,1.00
s_002020,Alshark (System disk).hdm,0x063B78,"が頭ｦ押ｻｴﾃ@6苦ｼﾐﾊじﾒﾀ。0_4$","[UNTRANSLATED]","His head... a sudden agony!",byId,1.00
s_002022,Alshark (System disk).hdm,0x0643FD,"でﾊ、ごﾕｯｸﾘｵ過ごｼ@下ｻｲ。0?C","[UNTRANSLATED]","Enjoy your stay.",byId,1.00
s_002028,Alshark (System disk).hdm,0x065811,"次ﾉ試練ﾍﾄ導ｲﾃｸﾚﾙでｼｮｳ。0?C","[UNTRANSLATED]","Your next trial awaits.",byId,1.00
s_002030,Alshark (System disk).hdm,0x0659B4,"俺ﾊｺﾚ以上、進ﾑ@ｺﾄﾊでｷﾝ！0_4$","[UNTRANSLATED]","This is as far as I go!",byId,1.00
s_002031,Alshark (System disk).hdm,0x065AFD,"でﾊﾜｶﾗﾈｪが、@ｺｲﾂｦ止ﾒﾁﾏｴば、ｲｲﾝだﾛｳ。0_4$","[UNTRANSLATED]","I dunno the details. Just gotta stop it.",byId,1.00
s_002033,Alshark (System disk).hdm,0x065C54,"本当だ。@ｱﾚ？ｺｲﾂ取ﾚﾅｲぞ‥‥‥0_4$","[UNTRANSLATED]","You're right. What? It's stuck!",byId,1.00
s_002035,Alshark (System disk).hdm,0x06692B,"サｰトス老師ｺｿ、@遺志ｦ継ぐ者ｦドゥムナ老師ﾉ元ﾍﾄ導ｲﾃｸだｻﾙｺﾄでｼｮｳ0_4$","[UNTRANSLATED]","Master Satos will lead the one who carries the will to We-Dumnah.",byId,1.00
s_002037,Alshark (System disk).hdm,0x067804,"だｼ、ｱﾅﾀが、ｼばﾗｸｼﾃ戻ﾗﾅｶｯﾀﾄｷﾊ、私ﾓ@ｲｷﾏｽｶﾗﾈ。0_4$","[UNTRANSLATED]","And if you're not back soon, I'm coming for you.",byId,1.00
s_002039,Alshark (System disk).hdm,0x068286,"ば、ｿﾁ達ﾉ素性ｦ@聞ｶｾﾃﾊﾓﾗｴﾇｶ。0_4$","[UNTRANSLATED]","And who might you be?",byId,1.00
s_002042,Alshark (System disk).hdm,0x069CC4,"待ｯﾃｸﾚ。@ｺｺﾊ、ﾜｼﾗﾉ負ｹじｬｲ。@好ｷﾆｽﾙがｲｲ。0_4$","[UNTRANSLATED]","All right, you win. Just get it over with.",byId,1.00
s_002045,Alshark (System disk).hdm,0x06AAD7,"バｰツ、ｱﾘがﾄﾖ。@恩ﾆｷﾙぜ。0?C","[UNTRANSLATED]","Thanks, pal. I owe ya.",byId,1.00
s_002046,Alshark (System disk).hdm,0x06ACD5,"何ﾄｶｳﾏｸｲｯﾀぜ。@じｬｱ、頑張ﾚﾖ。0?I","[UNTRANSLATED]","Looks like it worked. Good luck.",byId,1.00
s_002050,Alshark (System disk).hdm,0x06CAD0,"艦載大型砲塔@艦載小型砲塔@フレｰム@エンジン@店ｦ出ﾙ","[UNTRANSLATED]","Heavy Cannon Small Cannon Frame Engine Exit",byId,1.00
s_002053,Alshark (System disk).hdm,0x06DB14,"謁見ﾊｽﾝだﾉｶ。@ﾅﾗ、早ｸ行ｹ。0?I","[UNTRANSLATED]","Finished? Then get a move on.",byId,1.00
s_002054,Alshark (System disk).hdm,0x06E16C,"ザｰテｦｶ？0_4$
5左様で。0_4$","[UNTRANSLATED]","Zaate, you say? / That's right.",byId,1.00
s_002055,Alshark (System disk).hdm,0x06E679,"目配ｾｻﾚ、6前ﾆ進ﾐ出ﾀ。0_4$","[UNTRANSLATED]","He was signaled forward.",byId,1.00
s_002059,Alshark (System disk).hdm,0x06FF0B,"次第ﾆ発揮@ｻﾚﾃｲｸｺﾄじｬﾛｳ。0_6$","[UNTRANSLATED]","It will manifest in due time.",byId,1.00
s_002064,Alshark (System disk).hdm,0x0714F7,"デュｰクｦ知ｯﾃｲﾙﾉｶ。@ﾖｼ、通ｼﾃﾔﾙ。0?I","[UNTRANSLATED]","You know Duke? All right, pass.",byId,1.00
s_002067,Alshark (System disk).hdm,0x071639,"帝国軍ﾉ最近ﾉ動向@近辺惑星ﾉ敵軍戦力@惑星サｰタリアﾉ謎@新兵器ﾆ関ｽﾙ情報@特ﾆﾅｼ","[UNTRANSLATED]","Zolius movements Regional forces About Sartaria New weapons Ask later",byId,1.00
s_002069,Alshark (System disk).hdm,0x0735A9,"安ｲ酒ｦ頼ﾑ@高ｲ酒ｦ頼ﾑ@世間話ｦｽﾙ@帝国ﾉ情報ｦ聞ｸ@何ﾓ頼ﾏﾅｲ","[UNTRANSLATED]","Cheap Drink / Top Shelf / Gossip / Empire Intel / Leave",byId,1.00
s_002075,Alshark (System disk).hdm,0x0743E8,"どﾝﾅデｰタが残ｻﾚﾃｲﾙｶｲﾉｫ。0?C","[UNTRANSLATED]","Let's see what data's here.",byId,1.00
s_002076,Alshark (System disk).hdm,0x0744DA,"が改造ｻﾚﾙｺﾄﾆﾅｯﾀｷｯｶｹﾊ、演習中ﾉ@事故で胸ｶﾗ下ｦ吹ｷ飛ばｻﾚﾀﾄｲｳｺﾄﾆﾅｯﾄﾙﾗｼｲが…0_4$","[UNTRANSLATED]","Rumor is he was in a training accident. Got blown in half below the chest.",byId,1.00
s_002079,Alshark (System disk).hdm,0x076121,"帝国宙軍ﾉ総司令室でｱﾙ@6ラッセルガイヤｰﾉ第１艦橋で、6$","[UNTRANSLATED]","On the bridge of the Russelgaia, Zolius High Command...",byId,1.00
s_002080,Alshark (System disk).hdm,0x0767A1,"ボルアﾉキｰ6ｦ手ﾆｲﾚﾀ！0_4$","[UNTRANSLATED]","You got the Borua Key!",byId,1.00
s_002081,Alshark (System disk).hdm,0x076B3A,"玉座ﾓﾛﾄﾓ、空中ﾆ浮ｲﾃ6ｲﾀ。0_4$","[UNTRANSLATED]","He floated, throne and all.",byId,1.00
s_002083,Alshark (System disk).hdm,0x0770DB,"Ｚ・ブラスタｰ@ザイザｰキャノン@ザイザｰシｰルド@ザイザｰフレｰム@ザイザｰスパｰク","[UNTRANSLATED]","Z-Blaster / Zaiser Cannon / Zaiser Shield / Zaiser Frame / Zaiser Spark",byId,1.00
s_002096,Alshark (System disk).hdm,0x07C938,"第１艦橋ﾆ@ｲﾙﾊずだ。0_4$","[UNTRANSLATED]","He's on the main bridge.",byId,1.00
s_002105,Alshark (System disk).hdm,0x07E32D,"達ﾆ向ｷ直ﾙ6ﾄ、ｱﾗﾀﾒﾃ口ｦ開ｲﾀ。0_4$","[UNTRANSLATED]","Turning to them, he spoke again.",byId,1.00
s_002106,Alshark (System disk).hdm,0x07EA7D,"じｬｲ。@ｲﾂｶﾗｿﾝﾅ心配症ﾆﾅｯﾀﾝじｬｲ。0_4$","[UNTRANSLATED]","Since when'd you get so jumpy?",byId,1.00
s_002108,Alshark (System disk).hdm,0x07ED15,"じｬﾛ、ｿｳじｬﾛｫ。@ｵﾏｴﾓ大人ﾆﾅｯﾀﾗ、ﾜｼﾉﾖｳﾆﾅﾗﾝﾄｲｶﾝぞ。0_4$","[UNTRANSLATED]","That's right, kid. You'd better grow up to be like me.",byId,1.00
s_002112,Alshark (System disk).hdm,0x07FB6D,"どｳﾅﾝだ？@ｿﾉ珠ｦ持ﾂﾄ、ﾅﾝｶでｷｿｳﾅﾉｶ？0_4$","[UNTRANSLATED]","So? Can you do anything with that orb?",byId,1.00
s_002113,Alshark (System disk).hdm,0x07FB9A,"だ、ぼｸﾆｺﾚｦ使ｲ@ｺﾅｽ力ﾊﾅｲﾖｳでｽ。0_4$","[UNTRANSLATED]","I... I can't wield this thing.",byId,1.00
s_002114,Alshark (System disk).hdm,0x07FBF8,"宝珠ｦ手ﾆ入ﾚﾊｼﾀｹﾚど、@私ﾀﾁﾉ力だｹでﾊどｳｼﾖｳﾓﾅｲ部分がｱﾙｼ、ｲｯﾀﾝ、@イｰル王ﾉ元ﾆ戻ｯﾃﾐﾏｼｮｳ0_4$","[UNTRANSLATED]","We've got the orb, but we're at a dead end. We should report back to King Eele-Kose.",byId,1.00
s_002120,Alshark (System disk).hdm,0x080865,"だ？！@ショｰコ、どｳｶｼﾀﾉｶ？0_4$","[UNTRANSLATED]","Shoko! Are you all right?",byId,1.00
s_002122,Alshark (System disk).hdm,0x080E89,"が野暮ｯﾀｿｳﾆ6口ｦ開ｲﾀ。0_4$","[UNTRANSLATED]","He spoke gruffly.",byId,1.00
s_002129,Alshark (System disk).hdm,0x08181A,"惑星ビュｰトﾊ、ｵﾏｴﾗが住ﾝでｲﾀ惑星ホムﾉｱﾙ恒星系@Ｍ８６１ﾆｱﾙ植民惑星ﾉｺﾄだ0_4$","[UNTRANSLATED]","Vyute is a colony world in the M861 system, same as your home planet Hom.",byId,1.00
s_002147,Alshark (System disk).hdm,0x0B4E14,"跏觚跏g跏ﾇBBﾚﾅ跚W跏詒詒W鈬g絽g觚跏跏bcdg跏詁","[UNTRANSLATED]","*KZZT*...trans...mission...*BZZT*...lost...",byId,1.00
s_002148,Alshark (System disk).hdm,0x0B8F1F,"モモモヱ髄垂モモモモモモモモモヱ00 0
 0","[UNTRANSLATED]","...the...minds...they...scream...",byId,1.00
s_002171,Alshark (System disk).hdm,0x0E11BF,"尨栢ｭ穴滑剄麹麹麹麹腰uu剄麹麹麹麹麹麹麹麹麹麹麹麹騎R","[UNTRANSLATED]","Mars Federation Colony: Hom",byId,1.00
s_002189,Alshark (System disk).hdm,0x12C9FF,"寞11111122寫麹麹麹麹麹麹麹麹麹麹麹麹朽","[UNTRANSLATED]","Raysword",byId,1.00
s_002190,Alshark (System disk).hdm,0x12CA7D,"瑞寞11111122寫麹麹麹麹麹麹麹麹麹麹麹麹朽","[UNTRANSLATED]","PRICE: 12000 CREDIT",byId,1.00
s_002191,Alshark (System disk).hdm,0x12CABD,"瑞寞00000022寫麹麹麹麹麹麹麹麹麹麹麹麹朽","[UNTRANSLATED]","YOURS: 850 CREDIT",byId,1.00
s_002200,Alshark (System disk).hdm,0x12E0BB,"眠ｴｸ磽雎ｱ≒璢聽聽聽聽聽聽聽聽聽聽瞶ｾssrﾖ/j9KMKM9j/厨","[UNTRANSLATED]","The signal's gone! What happened?",byId,1.00
s_003255,Alshark (System disk).hdm,0x06962E,"でﾊ、ごﾕｯｸﾘｵ過ごｼ下ｻｲ0?C","[UNTRANSLATED]","Enjoy your stay.",byFuzzy,0.895
s_005195,Alshark (Opening disk).hdm,0x0D0AC3,"でﾓ‥‥だｯﾃ‥‥‥@! ﾁｮｯﾄ、シオン。 何ﾄｶﾅﾝﾅｲﾉ？@! ｺﾉﾏﾏじｬｱ、ｱﾅﾀﾉｵ父ｻﾝﾓ   @ 一緒ﾆ殺ｻﾚﾁｬｳﾉﾖ！！」!_","[UNTRANSLATED]","But... Sion! You've got to do something! If we don't, your father will be killed too!",byId,1.00
s_005197,Alshark (Opening disk).hdm,0x0D0EF9,"急げ！！@! アルシャークﾊ、ｿｳ遠ｸﾍﾊ行ｯﾃｲﾅｲﾊずだ」!#O#DA+","[UNTRANSLATED]","Hurry! The Alshark can't have gotten far!",byId,1.00
s_005198,Alshark (Opening disk).hdm,0x0D1A97,"急げ！！@!アルシャークﾊ、ｿｳ遠ｸﾍﾊ行ｯﾃｲﾅｲﾊずだ」!#DA+","[UNTRANSLATED]","Hurry! The Alshark can't have gotten far!",byId,1.00
s_005201,Alshark (Opening disk).hdm,0x0D07CC,"シオンﾄショーコﾊ、   @岩陰ﾆ身ｦﾋｿﾒﾃ様子ｦｳｶがｯﾀ。!@ ２人ﾉ父親ﾀﾁｦ含ﾑ調査隊ﾉ面々ﾓ @ｿﾉ現場ﾍ来ﾃｲﾙﾊずだｯﾀ。!_","[UNTRANSLATED]","Sion and Shoko took cover. The survey team—including both their fathers—was supposed to be here.",byId,1.00
s_005209,Alshark (Opening disk).hdm,0x0D0DF2,"マモン！!#OB どｳｼﾀﾝだ？」!#L","[UNTRANSLATED]","Commander! What's wrong?!",byId,1.00
s_005220,Alshark (Opening disk).hdm,0x0D0C51,"ゾリアス指揮官ﾊ、ﾓﾝどﾘｳｯﾃ倒ﾚ込ﾝだ。@! ｿｼﾃ、ｿﾉ手ﾆ握ﾗﾚﾀ銃ｦ奪ｵｳﾄ  @ペンローズ博士が駆ｹ込ﾝだ。!#L","[UNTRANSLATED]","The Zolius commander staggered and fell. Dr. Penrose saw his chance and lunged for the gun",byId,1.00
s_005221,Alshark (Opening disk).hdm,0x0D0CB7,"ペンローズ博士がｿﾉ銃ﾆ触ﾚﾀ瞬間、  異変が起ｺｯﾀ！!#C#Z^#F","[UNTRANSLATED]","Dr. Penrose touched the gun... and it went haywire!!",byId,1.00
s_005241,Alshark (Opening disk).hdm,0x09E017,"払*JT物#GO睡9","[UNTRANSLATED]","SYSTEM FAIL",byId,1.00
s_005250,Alshark (Opening disk).hdm,0x00414D,"データ表示@ステｰタス@アイテム@作戦@装備変更@特殊能力@システム","[UNTRANSLATED]","Data / Status / Items / Tactics / Equip / Skills / System",byId,1.00
s_005251,Alshark (Opening disk).hdm,0x0042D7,"システム〉@セｰブ@ロｰド@メッセｰジ@UDフォｰマット","[UNTRANSLATED]","System> Save / Load / Message / Format",byId,1.00
s_005252,Alshark (Opening disk).hdm,0x0043F8,"アタック@特殊能力@アイテム@装備変更@ステータス@戦闘離脱","[UNTRANSLATED]","Attack / Skills / Item / Equip / Status / Flee",byId,1.00
s_005253,Alshark (Opening disk).hdm,0x004430,"ファイアー@応急修理@データ表示@戦闘離脱","[UNTRANSLATED]","Fire / Repair / Scan / Escape",byId,1.00
s_005254,Alshark (Opening disk).hdm,0x004478,"格納庫@武装変更@応急修理@兵器開発@兵器解体@上陸ｽﾙ@離陸ｽﾙ","[UNTRANSLATED]","Hangar / Outfit / Repair / Craft / Scrap / Land / Launch",byId,1.00
s_005256,Alshark (Opening disk).hdm,0x00472B,"ャeスト＞@マップ@ビットON@スクロール@戦闘@アイテム@参加@ｵ金@戦闘能力@効果音@音楽@","[UNTRANSLATED]","Opt.> Map / Display / Scroll / Battle / Item / Party / Money / Stats / SFX / Music",byId,1.00
s_005257,Alshark (Opening disk).hdm,0x00477D,"恒星間移動@宇宙マップ@データ表示@応急修理@コクピット","[UNTRANSLATED]","Jump / Star Map / Scan / Repair / Bridge",byId,1.00
s_005258,Alshark (Opening disk).hdm,0x004849,"操作設定@修復設定@データ表示@ファイター@戦闘離脱","[UNTRANSLATED]","Config  Repair  Data  Fighter  Escape",byId,1.00
s_005259,Alshark (Opening disk).hdm,0x0048C6,"格納庫@武装変更@応急修理@兵器開発@兵器解体@システム","[UNTRANSLATED]","Hangar  Equip  Repair  Develop  Scrap  System",byId,1.00
s_006278,Alshark (Ending disk).hdm,0x003D57,"シオン\「さあA‥‥!俺にも分からなBCいよ。\!!　思いつくままにやっBCてみたんだしA‥‥」!!!","[UNTRANSLATED]","Heh, I dunno. I just kinda went for it!",byId,1.00
s_006279,Alshark (Ending disk).hdm,0x003DB2,"マモン\「ジョー、!!ウェルダ、!!シオンA、!!ショーコ。\!!　そして、カル。\!!!　ついにやったようだな」!!!","[UNTRANSLATED]","Joe... Werda... Sion... Shoko. And you too, Kal. You actually pulled it off!",byId,1.00
s_006283,Alshark (Ending disk).hdm,0x003BCB,"シオン\「ABそうか！！」!!!","[UNTRANSLATED]","So that's it!",byId,1.00
s_006285,Alshark (Ending disk).hdm,0x00367F,"ルシア\「‥‥シオンC‥‥私たちは、とんでもない間違いを\犯してしまったかもしれないC」!!!","[UNTRANSLATED]","Sion... I'm afraid we've made a terrible mistake.",byId,1.00
s_006286,Alshark (Ending disk).hdm,0x003B39,"シオン\「母さん、そんCなこと言っても‥‥\　こんなでっかい広間をどうやって‥‥」!!!","[UNTRANSLATED]","But Mom... how can we? This hall is enormous!",byId,1.00
s_006290,Alshark (Ending disk).hdm,0x003E96,"マモン\「いや、!申し訳ない。\!!　連邦の頭の固いおA偉方を相手にしていたもんでね。!!!\　しかし、!やっとわかってもらえたよ。\!!　今日からA、!私がチャウスノーミュの司令官だ」!!!","[UNTRANSLATED]","My apologies. I was tied up with the blockheads in Federation command. But I finally got them to see reason. As of today, I'm the new commander of Chausunomyu.",byId,1.00
s_006301,Alshark (Ending disk).hdm,0x003A93,"シオンは、あまりに強いその精神波動に、意識を\失いそうになった。\!!　明らかに、ルシアの精神が増幅されていた。\!!　何か、得体の知れない力が、それに関与していた。!!!","[UNTRANSLATED]","The psychic wave was so strong, Sion nearly blacked out. It was his mother's power, amplified... by some other, unknown force.",byId,1.00
s_006303,Alshark (Ending disk).hdm,0x0040E8,"一つの戦いが終わりを告げた。!!\　シオンは誓った。!!\　父に、!母に、!そしてドゥムナの遺志に。!!\　そう、!彼は知っていた。!!\　これが、!真の闘いへの序章に過ぎぬことを。!!!\","[UNTRANSLATED]","The battle was over. Sion made a vow: to his father, his mother, and to the legacy of We-Dumnah. For he knew this was only the prelude to the true war to come.",byId,1.00
s_006306,Alshark (Ending disk).hdm,0x00370B,"ルシア\「それが何だったのかC‥‥!Dああ、!思い出せない‥‥」\!!!","[UNTRANSLATED]","What was that...? Ugh, I can't remember...",byId,1.00
s_006308,Alshark (Ending disk).hdm,0x003F86,"マモン\「まあ、!ずいぶんと問題の多い上官だったようだからねA!!　今ごろは、A!どこか植民惑星のシェリフにでもなってる　んじゃないかな」!!!","[UNTRANSLATED]","He was a real handful, that commander. I'll bet he's been busted down to sheriff on some backwater colony by now.",byId,1.00
s_006319,Alshark (Ending disk).hdm,0x086C3A,"挌(ﾋ:隊ﾑ@o&k#A径","[UNTRANSLATED]","Fight",byId,1.00
s_006322,Alshark (Ending disk).hdm,0x0DADCC,"触""""賃ｨﾀｲ@ｺ!@<ﾁ-磊?","[UNTRANSLATED]","What's this...?",byId,1.00
s_013606,Alshark (Visual disk).hdm,0x004258,"だﾒAだ、シオン！！!@ ｺﾉ扉ﾊ、核爆発でﾓびｸﾄﾓｼﾈｪぜ。@! ｼｶﾓ、ｱﾉ野郎、中ｶﾗロックｼﾔがｯﾀ」!#O_","[UNTRANSLATED]","No use, Sion! A nuke couldn't scratch this door. And the jerk locked it from the inside!",byId,1.00
s_013608,Alshark (Visual disk).hdm,0x00435B,"シオン#SAB‥‥シオン‥‥‥‥‥！！」!#L","[UNTRANSLATED]","Sion... Sion... answer me...!",byId,1.00
s_013613,Alshark (Visual disk).hdm,0x0012BE,"私は、ラルアの戦士、アルAシャーク。!@ この宇宙へのカーマのB侵攻を阻止するため@ やってきました」!_","[UNTRANSLATED]","I am Al-Shark. I will not allow Karma to invade this universe.",byId,1.00
s_013614,Alshark (Visual disk).hdm,0x001403,"我が力は、我の遺志を継ぐ者に伝えよう。!@ その印をもって、我が棺にふれたまえ」!#C#L","[UNTRANSLATED]","My power I grant to the one who carries my will. Touch my sarcophagus with the sign.",byId,1.00
s_013616,Alshark (Visual disk).hdm,0x001857,"秘力は、奥義なくしては、@ カーマを打ち倒すことはできぬ。!@ ラミューを捜せ！！」!#L","[UNTRANSLATED]","The secret power is useless against Karma without the final technique. Find Ramue!!",byId,1.00
s_013622,Alshark (Visual disk).hdm,0x000DF0,"印をまとう者。!@ すなわちドゥムナのマントをまとったシオンが、@パネル上に銀の粉で彩られた手のひらをのせた。!#L","[UNTRANSLATED]","Sion, bearer of We-Dumnah's mantle, placed his silver-dusted palm on the panel.",byId,1.00
s_013623,Alshark (Visual disk).hdm,0x000EDD,"と、シオン達の立っている手前の床から、一線の光がもれ始める。!@A#F","[UNTRANSLATED]","A line of light streamed from the floor before them.",byId,1.00
s_013625,Alshark (Visual disk).hdm,0x001528,"シオンは、すさまじいエネルギーの流入に恐怖した。! まさか、遺志を継ぐ者というのは‥‥‥。@! 不吉な思いが思考を駆けめぐる。@! だが、吸いつけられたように、棺から手を離すことはできなかった。!#L","[UNTRANSLATED]","A terrifying power surged into Sion! 'Is this... the price of inheritance?' An awful premonition seized him. But he couldn't pull his hand from the coffin; it was fused to the lid!",byId,1.00
s_013626,Alshark (Visual disk).hdm,0x0016FD,"シオンの身体全体から、燐光が発したかと思うと、@次の瞬間に、全てがはじけ飛び、再び棺の上に@ドゥムナの遺影が戻った。A!_","[UNTRANSLATED]","A phosphorescent light flared from Sion's body, then vanished in a flash. We-Dumnah's image reappeared above the coffin.",byId,1.00
s_013627,Alshark (Visual disk).hdm,0x0018B7,"シオンは立ち上がった。!@ この瞬間から、シオンは、本当の意味での@遺志を継ぐ者となったのだ。A#C!!!","[UNTRANSLATED]","Sion rose to his feet. From this moment on, he was the true heir to We-Dumnah's legacy.",byId,1.00
s_013629,Alshark (Visual disk).hdm,0x0040B6,"シオンﾊ、走ｯﾀ。@! ｼｶｼ、ドアﾏでﾉﾀｯﾀ１０メートル足ﾗずが、@無限ﾆ感じﾗﾚﾀ。@! 足が鉛ﾆでﾓﾅｯﾀﾖｳﾆ、ﾏﾙで前ﾆ進ﾑｺﾄが@でｷﾅｶｯﾀ。!#L","[UNTRANSLATED]","Sion ran. But the door, only ten meters away, felt like a mile. His legs were lead; he couldn't move.",byId,1.00
s_013631,Alshark (Visual disk).hdm,0x004509,"シオンﾊ、雄叫びﾄ共ﾆ、後方ｶﾗ迫ﾘｸﾙ@ゾリアス兵ﾍ突ｯ込ﾝでｲｯﾀ。@! 遅ﾚﾃ、ウェルダ達がｿﾉ後ﾆ続ｲﾀ。#L","[UNTRANSLATED]","Sion let out a roar and charged the Zolius soldiers! Werda and the others quickly followed.",byId,1.00
s_013632,Alshark (Visual disk).hdm,0x003BD2,"困ｯﾀｺﾄﾆﾅｯﾀぞ。@! ｺﾚじｬｱ、爆弾ｦ仕掛ｹﾃﾓ@ ｼｮｳがﾈｪじｬﾈｴｶ！」!#L","[UNTRANSLATED]","Blast it! At this rate, the bomb's useless!",byId,1.00
s_013639,Alshark (Visual disk).hdm,0x00132E,"すでに、ゾリAアス帝国は、カーマの手に落ち、@ ウィスペラードは戦火のB渦に巻き込まれようと@ しています」!_","[UNTRANSLATED]","The Zolius Empire has already fallen to Karma. Soon, all of Whisperard will be consumed by the flames of war.",byId,1.00
s_013640,Alshark (Visual disk).hdm,0x0013A5,"どうAか、カーマを打ち倒すため、@ Bその秘力をお授けください」!#L","[UNTRANSLATED]","Please, grant me your power to defeat Karma!",byId,1.00
s_013643,Alshark (Visual disk).hdm,0x003E38,"仕方がﾅｲ。!引ｷ返ｿｳ」!#OB!CD!#L","[UNTRANSLATED]","It's no use. We have to go back.",byId,1.00
s_013644,Alshark (Visual disk).hdm,0x0041A5,"シオンﾊ、完全ﾆ閉じﾗﾚﾃｼﾏｯﾀ扉ﾆ剣ｦ@切ﾘﾂｹﾀ。@!#Z5#T","[UNTRANSLATED]","Sion struck the sealed door with his blade.",byId,1.00
s_013647,Alshark (Visual disk).hdm,0x000E69,"遺志を継ぐ者を確認しました」#O#Z(#F","[UNTRANSLATED]","Heir confirmed.",byId,1.00
s_013648,Alshark (Visual disk).hdm,0x003C4B,"チッ、ﾓｳ#Z6B#SB少#Z6B#SBｼﾉﾄｺﾛｦ‥‥‥！」#Z6B#SB #Z6B#SB #Z6B#SB#O!#L","[UNTRANSLATED]","Gah! So close... I almost had them!",byId,1.00
s_013650,Alshark (Visual disk).hdm,0x0042BE,"父ｻﾝ、#O!B父ｻーﾝ！！」!#L","[UNTRANSLATED]","Father! FATHER!!",byId,1.00
s_013657,Alshark (Visual disk).hdm,0x003D3C,"１ﾂだｹ方法がｱﾙ」CD!#L","[UNTRANSLATED]","There's only one way.",byId,1.00
s_013663,Alshark (Visual disk).hdm,0x001092,"あまりの緊張に、声を発する者はなかった。!@ 棺全体を覆ったその青白い燐光は、@しだいに強く発光するようになってきた。@!#L","[UNTRANSLATED]","No one dared speak. The coffin's pale glow grew ever brighter.",byId,1.00
s_013664,Alshark (Visual disk).hdm,0x001198,"激しく立ち上る光の束は、落ちつきを取り戻し、@#SDE人の形をとりはじめる。!_","[UNTRANSLATED]","The torrent of light calmed, taking on a human form.",byId,1.00
s_013669,Alshark (Visual disk).hdm,0x00112C,"そして、その光が、頂点に達したとき、A棺の中央に@Bそれらが集中したかと思うと、#SBCD光子の束が天井を貫いた!_","[UNTRANSLATED]","The light peaked, converging on the coffin—then a beam shot through the ceiling.",byId,1.00